has_gps_data,registration_number,horse_name,pp_track,pp_race_date,pp_race_number,pp_country,race_type,grade,distance_id,about_distance_indicator,distance,surface,post_position,position_at_point_of_call_1,position_at_point_of_call_2,position_at_point_of_call_3,position_at_point_of_call_4,position_at_point_of_call_5,official_position,length_behind_at_poc_1,length_behind_at_poc_2,length_behind_at_poc_3,length_behind_at_poc_4,length_behind_at_poc_5,length_behind_at_finish,length_ahead_at_poc_1,length_ahead_at_poc_2,length_ahead_at_poc_3,length_ahead_at_poc_4,length_ahead_at_poc_5,length_ahead_at_finish,post_time_odds,field_size,purse,pp_id
 ,22017307,A Cozy Thing,MED,2025-10-10,4,USA,AOC, ,5.0, ,5F,T,11,9,9,0,0,5,3,810,780,0,0,750,325,100,200,0,0,10,100,144,11,53550,22017307_MED_2025-10-10_4
 ,22017307,A Cozy Thing,CT ,2025-10-30,1,USA,CLM, ,6.5, ,6 1/2F,D,4,6,5,0,0,4,3,770,700,0,0,650,460,300,200,0,0,300,50,27,7,21500,22017307_CT_2025-10-30_1
X,22017307,A Cozy Thing,LRL,2025-11-28,2,USA,SOC, ,8.0, ,1M,D,4,5,7,6,0,5,4,170,420,570,0,810,575,100,200,150,0,400,500,208,8,25740,22017307_LRL_2025-11-28_2
X,21003092,A P M Notion,LRL,2025-10-25,7,USA,CLM, ,6.0, ,6F,D,6,6,4,0,0,4,4,520,410,0,0,550,975,150,100,0,0,250,50,84,8,25700,21003092_LRL_2025-10-25_7
X,21003092,A P M Notion,LRL,2025-11-15,10,USA,CLM, ,5.5, ,5 1/2F,D,4,6,6,0,0,7,6,560,800,0,0,1100,1525,250,150,0,0,0,50,181,7,23220,21003092_LRL_2025-11-15_10
X,21003092,A P M Notion,LRL,2025-12-07,1,USA,CLM, ,6.0, ,6F,D,8,6,6,0,0,5,4,460,1160,0,0,850,625,10,50,0,0,200,100,830,8,23390,21003092_LRL_2025-12-07_1
X,21003092,A P M Notion,LRL,2025-12-28,6,USA,CLM, ,7.0, ,7F,D,5,3,2,0,0,4,8,300,100,0,0,550,2225,10,100,0,0,150,275,606,9,24550,21003092_LRL_2025-12-28_6
X,21003092,A P M Notion,LRL,2026-01-09,5,USA,CLM, ,6.0, ,6F,D,7,6,9,0,0,9,9,510,870,0,0,1460,3325,10,0,0,0,0,0,961,9,19910,21003092_LRL_2026-01-09_5
X,23002277,Above the Norm,GP ,2025-11-01,5,USA,MSW, ,8.0, ,1M,D,7,3,4,7,0,8,8,150,200,1000,0,1660,4725,10,50,150,0,0,0,66,8,70000,23002277_GP_2025-11-01_5
X,23002277,Above the Norm,LRL,2025-12-21,3,USA,MCL, ,6.0, ,6F,D,1,1,1,0,0,3,3,0,0,0,0,350,700,300,10,0,0,150,175,7,9,28400,23002277_LRL_2025-12-21_3
X,22018737,Ade,LRL,2025-11-16,5,USA,CLM, ,6.0, ,6F,D,5,3,4,0,0,3,3,150,600,0,0,600,375,10,10,0,0,100,5,72,9,24550,22018737_LRL_2025-11-16_5
X,22018737,Ade,LRL,2025-11-28,2,USA,SOC, ,8.0, ,1M,D,5,2,4,4,0,3,2,50,160,270,0,410,425,10,200,100,0,300,25,118,8,25740,22018737_LRL_2025-11-28_2
X,22018737,Ade,LRL,2025-12-07,5,USA,CLM, ,8.0, ,1M,D,1,3,4,2,0,2,1,200,210,10,0,10,0,150,50,50,0,300,5,17,8,26030,22018737_LRL_2025-12-07_5
X,22018737,Ade,LRL,2025-12-26,3,USA,CLM, ,8.5, ,1 1/16M,D,3,4,5,4,0,2,2,310,310,210,0,50,200,150,150,10,0,250,425,12,6,24700,22018737_LRL_2025-12-26_3
X,20012355,Admit Nothing,LRL,2025-09-21,2,USA,CLM, ,8.5, ,1 1/16M,D,6,4,4,4,0,2,3,450,350,260,0,350,600,150,50,150,0,50,25,62,6,20400,20012355_LRL_2025-09-21_2
 ,20012355,Admit Nothing,CT ,2025-10-03,8,USA,CLM, ,8.5, ,1 1/16M,D,5,2,2,2,0,1,2,50,50,50,0,0,50,100,50,10,0,10,250,31,8,16300,20012355_CT_2025-10-03_8
X,20012355,Admit Nothing,LRL,2025-11-16,10,USA,CLM, ,8.0, ,1M,D,5,7,7,7,0,5,3,1200,1300,810,0,1010,1025,250,500,1500,0,150,100,61,8,21030,20012355_LRL_2025-11-16_10
X,20012355,Admit Nothing,LRL,2025-12-14,1,USA,CLM, ,8.5, ,1 1/16M,D,4,2,5,7,0,7,7,800,1260,1350,0,1700,3200,10,100,0,0,0,0,201,7,22400,20012355_LRL_2025-12-14_1
 ,22009792,Aeronyx,FP ,2025-07-22,3,USA,MCL, ,5.5, ,5 1/2F,D,2,2,1,0,0,1,2,150,0,0,0,0,75,50,50,0,0,50,5,14,5,12000,22009792_FP_2025-07-22_3
 ,22009792,Aeronyx,FP ,2025-09-27,7,USA,MSW, ,6.0, ,6F,D,1,2,3,0,0,2,2,50,250,0,0,600,1350,10,100,0,0,150,350,13,7,15000,22009792_FP_2025-09-27_7
 ,22009792,Aeronyx,FP ,2025-10-14,3,USA,MSW, ,6.0, ,6F,D,4,2,2,0,0,2,3,500,700,0,0,600,575,50,400,0,0,250,900,72,6,15000,22009792_FP_2025-10-14_3
X,22004135,Aggro,CD ,2025-10-29,6,USA,CLM, ,8.0, ,1M,D,12,2,2,1,0,1,2,50,50,0,0,0,200,100,100,200,0,50,200,52,12,58000,22004135_CD_2025-10-29_6
X,22004135,Aggro,CD ,2025-11-22,7,USA,CLM, ,8.5, ,1 1/16M,D,1,2,2,2,0,5,5,150,150,250,0,610,1200,10,50,200,0,300,25,88,9,63000,22004135_CD_2025-11-22_7
X,22004135,Aggro,TP ,2025-12-04,3,USA,CLM, ,6.0, ,6F,D,1,6,7,0,0,7,7,520,680,0,0,470,505,150,10,0,0,200,25,352,9,43500,22004135_TP_2025-12-04_3
X,21013063,Albert Finnigan,LRL,2025-10-05,3,USA,MCL, ,8.0, ,1M,T,7,9,9,10,0,10,10,1350,870,1860,0,3270,2905,150,150,0,0,0,0,919,10,32000,21013063_LRL_2025-10-05_3
X,21013063,Albert Finnigan,LRL,2025-11-02,3,USA,MCL, ,8.5, ,1 1/16M,D,7,5,5,5,0,5,5,500,1050,850,0,1100,1160,300,200,10,0,150,25,272,8,25700,21013063_LRL_2025-11-02_3
X,21013063,Albert Finnigan,LRL,2025-11-27,1,USA,MCL, ,8.0, ,1M,D,3,5,7,9,0,8,7,450,760,720,0,580,825,100,100,0,0,150,50,324,9,25870,21013063_LRL_2025-11-27_1
X,20014884,Alilnalot,LRL,2025-09-07,2,USA,CLM, ,8.0, ,1M,D,4,1,1,4,0,6,6,0,0,470,0,1270,2225,50,10,250,0,0,0,28,6,19620,20014884_LRL_2025-09-07_2
X,20014884,Alilnalot,LRL,2025-11-16,10,USA,CLM, ,8.0, ,1M,D,2,2,4,6,0,4,4,50,300,660,0,1000,1125,300,100,150,0,10,175,12,8,21030,20014884_LRL_2025-11-16_10
 ,20014884,Alilnalot,PRX,2025-12-09,1,USA,CLM, ,8.32, ,1M 70Y,D,7,1,2,1,0,1,1,0,10,0,0,0,0,10,250,50,0,10,75,62,11,18000,20014884_PRX_2025-12-09_1
X,22019160,All the Hardways,LRL,2025-10-11,11,USA,STK, ,9.0, ,1 1/8M,D,6,4,4,4,0,5,5,560,350,450,0,810,1300,100,100,100,0,250,700,374,6,150000,22019160_LRL_2025-10-11_11
X,22019160,All the Hardways,LRL,2025-10-31,9,USA,ALW, ,8.0, ,1M,D,1,3,3,4,0,3,3,250,400,500,0,800,1200,10,50,350,0,10,75,6,5,48000,22019160_LRL_2025-10-31_9
X,22019160,All the Hardways,LRL,2025-11-30,4,USA,ALW, ,6.0, ,6F,D,6,2,2,0,0,2,3,10,300,0,0,150,150,100,50,0,0,10,50,34,6,48000,22019160_LRL_2025-11-30_4
X,22019160,All the Hardways,LRL,2025-12-13,8,USA,ALW, ,8.0, ,1M,D,3,2,3,4,0,3,5,100,200,160,0,200,975,50,50,150,0,10,575,23,6,48000,22019160_LRL_2025-12-13_8
X,22019160,All the Hardways,LRL,2025-12-26,8,USA,ALW, ,5.5, ,5 1/2F,D,4,6,6,0,0,5,1,920,820,0,0,500,0,50,250,0,0,200,50,102,8,49000,22019160_LRL_2025-12-26_8
X,20015303,Alvy,LRL,2025-10-11,3,USA,SHP, ,7.0, ,7F,D,3,10,11,0,0,10,4,1200,1710,0,0,1170,400,250,0,0,0,300,25,84,11,40800,20015303_LRL_2025-10-11_3
X,20015303,Alvy,LRL,2025-10-31,9,USA,ALW, ,8.0, ,1M,D,3,5,4,5,0,5,5,360,450,850,0,1210,1450,0,10,0,0,0,0,57,5,48000,20015303_LRL_2025-10-31_9
X,20015303,Alvy,LRL,2025-11-29,5,USA,SOC, ,8.5, ,1 1/16M,D,2,9,9,8,0,7,4,910,980,1010,0,620,325,0,0,500,0,250,200,178,9,31370,20015303_LRL_2025-11-29_5
X,22009137,Amadea,LRL,2025-11-07,8,USA,MCL, ,8.0, ,1M,T,2,4,4,6,0,9,9,360,350,620,0,1010,980,150,50,10,0,0,0,675,9,43115,22009137_LRL_2025-11-07_8
X,22009137,Amadea,LRL,2025-11-29,1,USA,MCL, ,6.0, ,6F,D,8,7,8,0,0,8,6,710,1060,0,0,930,1175,50,300,0,0,200,50,89,10,26370,22009137_LRL_2025-11-29_1
 ,22009137,Amadea,CT ,2026-01-10,2,USA,MCL, ,7.0, ,7F,D,7,4,1,0,0,1,1,120,0,0,0,0,0,150,10,0,0,100,50,27,8,19100,22009137_CT_2026-01-10_2
X,22008443,Amazing Bernie,LRL,2025-10-18,7,USA,CLM, ,8.5, ,1 1/16M,D,7,8,8,4,0,1,1,720,870,460,0,0,0,500,700,200,0,10,350,17,9,25540,22008443_LRL_2025-10-18_7
X,22008443,Amazing Bernie,LRL,2025-11-23,5,USA,SOC, ,8.0, ,1M,D,8,5,4,7,0,7,8,450,200,760,0,1250,1630,50,100,200,0,100,5,191,9,26240,22008443_LRL_2025-11-23_5
X,22008443,Amazing Bernie,LRL,2025-12-06,5,USA,CLM, ,8.0, ,1M,D,2,4,4,5,0,5,4,400,400,360,0,760,925,50,100,150,0,50,50,175,9,23890,22008443_LRL_2025-12-06_5
X,22008443,Amazing Bernie,LRL,2025-12-27,9,USA,CLM, ,8.5, ,1 1/16M,D,5,7,6,6,0,5,5,910,720,800,0,710,1205,0,100,700,0,100,225,206,7,22560,22008443_LRL_2025-12-27_9
 ,22006616,American Litigator,FL ,2025-10-13,6,USA,MSW, ,6.0, ,6F,D,7,6,6,0,0,5,5,400,750,0,0,760,650,100,100,0,0,100,575,18,7,32600,22006616_FL_2025-10-13_6
 ,22006616,American Litigator,FL ,2025-11-03,6,USA,MSW, ,8.32, ,1M 70Y,D,8,8,7,5,0,4,1,1160,960,750,0,400,0,0,300,500,0,200,175,28,8,32600,22006616_FL_2025-11-03_6
 ,22006616,American Litigator,FL ,2025-11-19,8,USA,CLM, ,8.0, ,1M,D,5,4,3,6,0,6,6,250,200,270,0,500,950,10,10,100,0,400,775,85,7,17500,22006616_FL_2025-11-19_8
X,22006616,American Litigator,LRL,2026-01-09,1,USA,CLM, ,8.0, ,1M,D,4,8,7,9,0,9,9,470,600,780,0,1710,2585,10,10,0,0,0,0,90,9,25870,22006616_LRL_2026-01-09_1
X,22007910,And Sum,LRL,2025-11-22,9,USA,MSW, ,6.0, ,6F,D,6,1,1,0,0,1,1,0,0,0,0,0,0,10,10,0,0,400,675,53,8,54345,22007910_LRL_2025-11-22_9
X,22007910,And Sum,LRL,2025-12-26,8,USA,ALW, ,5.5, ,5 1/2F,D,5,1,2,0,0,2,6,0,10,0,0,150,335,10,300,0,0,200,175,26,8,49000,22007910_LRL_2025-12-26_8
X,21010411,Anita Beer,LRL,2025-09-07,4,USA,MCL, ,7.0, ,7F,D,5,1,1,0,0,1,1,0,0,0,0,0,0,100,50,0,0,50,10,12,8,25240,21010411_LRL_2025-09-07_4
 ,21010411,Anita Beer,DEL,2025-10-15,8,USA,CLM, ,5.5, ,5 1/2F,D,2,6,4,0,0,3,6,230,310,0,0,150,145,200,10,0,0,100,25,61,11,21000,21010411_DEL_2025-10-15_8
X,21010411,Anita Beer,LRL,2025-10-25,7,USA,CLM, ,6.0, ,6F,D,2,1,1,0,0,1,1,0,0,0,0,0,0,300,200,0,0,300,550,34,8,25700,21010411_LRL_2025-10-25_7
X,21010411,Anita Beer,LRL,2025-12-12,3,USA,SOC, ,6.0, ,6F,D,6,2,2,0,0,2,3,10,10,0,0,250,925,50,100,0,0,50,200,341,6,30450,21010411_LRL_2025-12-12_3
X,22007066,Anotherhope,LRL,2025-10-26,4,USA,CLM, ,6.0, ,6F,D,8,4,2,0,0,2,1,160,150,0,0,10,0,100,100,0,0,10,25,37,9,26530,22007066_LRL_2025-10-26_4
X,22007066,Anotherhope,LRL,2025-11-16,5,USA,CLM, ,6.0, ,6F,D,6,6,6,0,0,5,4,510,760,0,0,750,380,10,100,0,0,250,625,36,9,24550,22007066_LRL_2025-11-16_5
X,22007066,Anotherhope,LRL,2025-12-07,5,USA,CLM, ,8.0, ,1M,D,7,7,6,4,0,3,3,550,410,110,0,310,280,100,200,200,0,100,450,96,8,26030,22007066_LRL_2025-12-07_5
X,22007066,Anotherhope,LRL,2025-12-27,6,USA,SOC, ,6.0, ,6F,D,8,5,4,0,0,1,2,710,360,0,0,0,5,200,50,0,0,10,125,47,9,28760,22007066_LRL_2025-12-27_6
X,22006107,Apolaustic,LRL,2025-10-12,1,USA,MCL, ,8.5, ,1 1/16M,T,1,12,12,12,0,12,12,1760,1180,1240,0,1570,1560,0,0,0,0,0,0,271,12,29180,22006107_LRL_2025-10-12_1
X,22006107,Apolaustic,LRL,2025-11-09,3,USA,MCL, ,5.5, ,5 1/2F,T,8,10,10,0,0,10,8,920,860,0,0,690,255,0,0,0,0,0,100,540,10,28540,22006107_LRL_2025-11-09_3
X,22006107,Apolaustic,LRL,2025-11-30,6,USA,MCL, ,6.0, ,6F,D,8,8,8,0,0,8,7,1600,1650,0,0,1200,1230,100,10,0,0,50,200,308,10,25050,22006107_LRL_2025-11-30_6
X,23009535,Aqua Blaze,LRL,2025-12-19,7,USA,MCL, ,6.0, ,6F,D,2,4,3,0,0,3,3,460,200,0,0,210,525,200,600,0,0,800,425,60,7,42730,23009535_LRL_2025-12-19_7
X,21005837,Ariel Moon,LRL,2025-11-01,3,USA,SOC, ,5.5, ,5 1/2F,T,2,10,8,0,0,8,2,810,760,0,0,480,200,100,10,0,0,10,75,35,12,27740,21005837_LRL_2025-11-01_3
X,21005837,Ariel Moon,LRL,2025-11-22,1,USA,SOC, ,5.5, ,5 1/2F,T,7,8,7,0,0,6,6,420,570,0,0,660,475,100,150,0,0,250,200,30,9,28040,21005837_LRL_2025-11-22_1
X,21005837,Ariel Moon,LRL,2025-12-07,1,USA,CLM, ,6.0, ,6F,D,6,1,1,0,0,1,3,0,0,0,0,0,200,100,400,0,0,150,425,58,8,23390,21005837_LRL_2025-12-07_1
X,22007116,Arise My Love,LRL,2025-09-20,1,USA,SOC, ,9.0, ,1 1/8M,T,3,1,1,1,0,3,5,0,0,0,0,250,605,50,50,10,0,150,10,60,6,30450,22007116_LRL_2025-09-20_1
X,22007116,Arise My Love,LRL,2025-10-24,3,USA,CLM, ,9.0, ,1 1/8M,T,9,7,8,8,0,8,3,910,710,700,0,430,250,200,200,150,0,200,75,179,9,42100,22007116_LRL_2025-10-24_3
X,22007116,Arise My Love,LRL,2025-12-05,7,USA,ALW, ,8.5, ,1 1/16M,D,2,4,5,4,0,2,3,220,360,560,0,500,975,150,250,200,0,100,300,406,8,50735,22007116_LRL_2025-12-05_7
X,16011638,Armando R,LRL,2025-09-21,4,USA,SOC, ,8.5, ,1 1/16M,D,1,6,7,7,0,2,1,1160,920,720,0,150,0,150,0,0,0,10,225,19,7,30370,16011638_LRL_2025-09-21_4
X,16011638,Armando R,LRL,2025-10-18,2,USA,SOC, ,9.0, ,1 1/8M,D,4,6,6,6,0,2,1,900,850,750,0,250,0,0,0,0,0,100,125,23,6,29435,16011638_LRL_2025-10-18_2
X,16011638,Armando R,LRL,2025-11-29,5,USA,SOC, ,8.5, ,1 1/16M,D,3,7,8,7,0,6,1,660,880,860,0,420,0,50,100,150,0,200,50,18,9,31370,16011638_LRL_2025-11-29_5
 ,21007943,Arrow Speed,PRX,2025-09-03,5,USA,CLM, ,8.32, ,1M 70Y,D,2,1,1,2,0,2,2,0,0,50,0,150,350,100,50,250,0,500,325,6,5,32000,21007943_PRX_2025-09-03_5
 ,21007943,Arrow Speed,DEL,2025-09-25,3,USA,CLM, ,8.32, ,1M 70Y,D,4,7,5,4,0,3,3,550,310,160,0,100,50,0,50,50,0,10,200,52,7,30000,21007943_DEL_2025-09-25_3
X,21007943,Arrow Speed,LRL,2025-11-23,7,USA,SOC, ,8.0, ,1M,D,9,8,8,7,0,6,6,810,860,810,0,860,725,600,100,500,0,350,1175,56,10,39055,21007943_LRL_2025-11-23_7
X,22002517,Artist Mark,LRL,2025-09-27,11,USA,MCL, ,6.0, ,6F,D,7,6,3,0,0,1,1,450,20,0,0,0,0,250,10,0,0,10,175,9,9,24550,22002517_LRL_2025-09-27_11
X,22002517,Artist Mark,LRL,2025-10-31,2,USA,SOC, ,7.0, ,7F,D,5,2,1,0,0,2,2,10,0,0,0,200,675,200,10,0,0,100,200,34,6,26180,22002517_LRL_2025-10-31_2
X,22002517,Artist Mark,LRL,2025-11-14,2,USA,CLM, ,5.5, ,5 1/2F,D,6,5,4,0,0,4,5,600,650,0,0,650,600,300,100,0,0,200,75,23,9,23560,22002517_LRL_2025-11-14_2
X,22002517,Artist Mark,LRL,2025-12-21,4,USA,CLM, ,7.0, ,7F,D,2,2,1,0,0,1,1,150,0,0,0,0,0,100,10,0,0,500,275,28,7,23550,22002517_LRL_2025-12-21_4
X,23004276,As the Bell Toles,LRL,2025-10-10,5,USA,MSW, ,5.5, ,5 1/2F,T,6,2,7,0,0,7,7,100,760,0,0,1000,435,10,250,0,0,250,350,54,10,49000,23004276_LRL_2025-10-10_5
X,23004276,As the Bell Toles,LRL,2025-10-31,7,USA,MSW, ,5.5, ,5 1/2F,D,6,5,5,0,0,5,4,310,610,0,0,950,860,450,300,0,0,250,275,41,11,54435,23004276_LRL_2025-10-31_7
X,23004276,As the Bell Toles,LRL,2025-11-21,1,USA,MSW, ,5.5, ,5 1/2F,T,9,10,11,0,0,11,9,1150,1130,0,0,970,495,10,0,0,0,0,100,86,11,49500,23004276_LRL_2025-11-21_1
 ,23011865,Astrid,DEL,2025-09-13,5,USA,MCL, ,6.0, ,6F,D,4,4,3,0,0,4,4,70,300,0,0,200,385,100,100,0,0,200,5,81,10,30000,23011865_DEL_2025-09-13_5
 ,23011865,Astrid,PRX,2025-10-27,3,USA,MCL, ,8.0, ,1M,D,3,1,1,1,0,1,1,0,0,0,0,0,0,50,150,300,0,500,400,20,5,19000,23011865_PRX_2025-10-27_3
X,23011865,Astrid,LRL,2025-12-07,7,USA,AOC, ,8.5, ,1 1/16M,D,3,2,2,2,0,5,5,200,100,200,0,900,2100,200,150,10,0,1000,1925,234,6,49735,23011865_LRL_2025-12-07_7
X,21009929,Atlantic Cat,CD ,2024-09-20,10,USA,MCL, ,7.0, ,7F,D,5,7,5,0,0,8,9,760,800,0,0,720,1335,400,50,0,0,50,0,68,9,60000,21009929_CD_2024-09-20_10
X,20014281,Atlas Strong,LRL,2025-10-11,10,USA,STK, ,8.5, ,1 1/16M,T,8,4,5,6,0,6,5,400,560,570,0,420,550,50,10,10,0,150,125,133,8,125000,20014281_LRL_2025-10-11_10
X,20014281,Atlas Strong,LRL,2025-11-08,5,USA,SOC, ,8.0, ,1M,T,3,5,6,4,0,4,5,460,600,360,0,350,225,200,100,10,0,150,50,107,10,34045,20014281_LRL_2025-11-08_5
X,20014281,Atlas Strong,LRL,2025-11-30,3,USA,SOC, ,8.5, ,1 1/16M,D,4,5,4,3,0,3,3,350,450,400,0,210,525,200,200,700,0,700,975,38,7,29935,20014281_LRL_2025-11-30_3
X,21014582,Audibly,LRL,2025-09-28,8,USA,ALW, ,8.0, ,1M,D,4,6,6,6,0,5,4,720,860,670,0,800,675,0,0,0,0,250,50,104,6,50470,21014582_LRL_2025-09-28_8
X,21014582,Audibly,LRL,2025-10-31,8,USA,ALW, ,9.0, ,1 1/8M,D,4,6,6,6,0,5,2,900,750,860,0,550,300,0,0,0,0,300,25,293,6,53410,21014582_LRL_2025-10-31_8
X,21014582,Audibly,LRL,2025-12-05,7,USA,ALW, ,8.5, ,1 1/16M,D,8,8,8,7,0,3,2,1080,960,910,0,600,500,0,0,1200,0,100,475,228,8,50735,21014582_LRL_2025-12-05_7
X,21001939,Autumn in Vermont,LRL,2025-06-29,10,USA,MCL, ,6.0, ,6F,D,2,5,3,0,0,3,3,420,360,0,0,460,625,0,400,0,0,1200,1450,26,5,26760,21001939_LRL_2025-06-29_10
X,21001939,Autumn in Vermont,LRL,2025-11-08,10,USA,MCL, ,6.0, ,6F,D,9,5,5,0,0,4,4,360,370,0,0,710,1330,150,150,0,0,100,225,73,9,26200,21001939_LRL_2025-11-08_10
X,21001939,Autumn in Vermont,LRL,2025-11-29,1,USA,MCL, ,6.0, ,6F,D,5,9,7,0,0,6,5,1160,1050,0,0,680,900,450,10,0,0,100,275,145,10,26370,21001939_LRL_2025-11-29_1
 ,23006925,Awesome Andy,DEL,2025-10-09,3,USA,MSW, ,6.0, ,6F,D,3,1,2,0,0,1,3,0,10,0,0,0,235,10,10,0,0,10,75,65,7,45000,23006925_DEL_2025-10-09_3
X,23006925,Awesome Andy,LRL,2025-11-08,7,USA,MSW, ,6.0, ,6F,D,4,3,3,0,0,3,3,250,550,0,0,510,975,10,300,0,0,350,600,5,10,49000,23006925_LRL_2025-11-08_7
X,23006925,Awesome Andy,LRL,2025-11-29,3,USA,MSW, ,7.0, ,7F,D,6,3,4,0,0,3,2,410,1110,0,0,650,250,50,150,0,0,150,75,13,9,48500,23006925_LRL_2025-11-29_3
X,23006925,Awesome Andy,LRL,2025-12-20,3,USA,MSW, ,7.0, ,7F,D,3,5,4,0,0,2,1,900,650,0,0,150,0,50,10,0,0,100,250,10,7,47500,23006925_LRL_2025-12-20_3
X,23006925,Awesome Andy,LRL,2026-01-09,8,USA,AOC, ,5.5, ,5 1/2F,D,1,4,2,0,0,1,1,250,50,0,0,0,0,150,100,0,0,10,75,28,7,50235,23006925_LRL_2026-01-09_8
 ,19007054,Aztec,PRX,2025-10-21,8,USA,CLM, ,8.32, ,1M 70Y,D,7,2,2,2,0,2,2,50,50,50,0,250,425,50,150,50,0,10,25,33,8,28000,19007054_PRX_2025-10-21_8
 ,19007054,Aztec,PRX,2025-11-19,8,USA,CLM, ,8.32, ,1M 70Y,D,5,4,4,3,0,2,1,510,360,110,0,100,0,100,100,10,0,400,50,8,5,28000,19007054_PRX_2025-11-19_8
X,19007054,Aztec,AQU,2025-12-27,4,USA,CLM, ,8.0, ,1M,D,2,8,7,6,0,3,2,490,410,550,0,450,25,400,200,250,0,100,100,35,9,38000,19007054_AQU_2025-12-27_4
X,20006008,B West,LRL,2025-09-19,4,USA,CLM, ,6.0, ,6F,D,7,4,4,0,0,4,3,220,260,0,0,210,175,450,300,0,0,250,375,19,7,19180,20006008_LRL_2025-09-19_4
X,20006008,B West,LRL,2025-10-31,6,USA,SOC, ,6.0, ,6F,D,6,7,6,0,0,4,2,1060,600,0,0,300,75,150,50,0,0,100,250,54,8,27540,20006008_LRL_2025-10-31_6
X,20006008,B West,LRL,2025-11-21,2,USA,SOC, ,6.0, ,6F,D,8,7,8,0,0,5,1,920,1150,0,0,800,0,150,50,0,0,10,5,56,9,25520,20006008_LRL_2025-11-21_2
 ,23014027,Babble,DEL,2025-07-16,2,USA,MCL, ,5.5, ,5 1/2F,D,1,5,5,0,0,5,6,220,660,0,0,900,2700,600,400,0,0,200,0,199,6,28000,23014027_DEL_2025-07-16_2
X,23014027,Babble,LRL,2025-12-21,3,USA,MCL, ,6.0, ,6F,D,9,6,6,0,0,6,7,800,660,0,0,1100,1925,50,300,0,0,250,500,933,9,28400,23014027_LRL_2025-12-21_3
X,23014027,Babble,LRL,2026-01-09,6,USA,MCL, ,6.0, ,6F,D,5,10,10,0,0,7,8,1620,1620,0,0,480,855,800,300,0,0,400,175,937,11,24890,23014027_LRL_2026-01-09_6
X,20004641,Baby Sox,LRL,2025-10-12,2,USA,CLM, ,8.0, ,1M,D,4,4,4,2,0,2,2,200,260,150,0,300,200,10,10,50,0,800,425,7,5,18000,20004641_LRL_2025-10-12_2
X,20004641,Baby Sox,LRL,2025-11-27,5,USA,CLM, ,8.0, ,1M,D,3,8,8,6,0,7,7,770,670,610,0,1160,2130,700,600,10,0,250,175,40,9,21530,20004641_LRL_2025-11-27_5
X,20004641,Baby Sox,LRL,2025-12-05,8,USA,CLM, ,6.0, ,6F,D,7,5,5,0,0,7,7,950,1250,0,0,1400,1350,300,150,0,0,0,0,89,7,19450,20004641_LRL_2025-12-05_8
 ,21004573,Back Forty,PEN,2025-07-18,6,USA,AOC, ,6.0, ,6F,D,3,1,1,0,0,1,1,0,0,0,0,0,0,150,150,0,0,300,425,15,6,39000,21004573_PEN_2025-07-18_6
 ,21004573,Back Forty,PEN,2025-08-29,2,USA,AOC, ,6.0, ,6F,D,1,4,4,0,0,3,3,260,550,0,0,250,300,0,0,0,0,300,700,15,4,36000,21004573_PEN_2025-08-29_2
 ,21004573,Back Forty,PEN,2025-10-30,5,USA,CLM, ,6.0, ,6F,D,5,2,2,0,0,2,1,100,150,0,0,100,0,250,450,0,0,350,300,14,5,28000,21004573_PEN_2025-10-30_5
X,19002713,Backnthewoods,LRL,2025-10-12,4,USA,CLM, ,5.5, ,5 1/2F,D,6,1,1,0,0,1,1,0,0,0,0,0,0,100,200,0,0,100,25,8,7,18640,19002713_LRL_2025-10-12_4
X,19002713,Backnthewoods,LRL,2025-10-31,6,USA,SOC, ,6.0, ,6F,D,2,2,1,0,0,1,4,10,0,0,0,0,330,200,50,0,0,50,175,207,8,27540,19002713_LRL_2025-10-31_6
X,19002713,Backnthewoods,LRL,2025-12-06,1,USA,CLM, ,6.0, ,6F,D,6,5,2,0,0,4,4,310,250,0,0,410,475,300,10,0,0,500,700,30,6,18680,19002713_LRL_2025-12-06_1
X,19002713,Backnthewoods,LRL,2025-12-14,1,USA,CLM, ,8.5, ,1 1/16M,D,3,1,1,1,0,3,4,0,0,0,0,600,1375,800,1000,300,0,150,250,48,7,22400,19002713_LRL_2025-12-14_1
X,19002713,Backnthewoods,LRL,2025-12-26,1,USA,CLM, ,6.0, ,6F,D,11,1,1,0,0,1,5,0,0,0,0,0,375,150,300,0,0,10,10,70,11,23070,19002713_LRL_2025-12-26_1
X,21005178,Backstretch Rose,LRL,2025-09-28,8,USA,ALW, ,8.0, ,1M,D,6,5,5,3,0,1,1,420,410,160,0,0,0,300,450,150,0,200,200,79,6,50470,21005178_LRL_2025-09-28_8
X,21005178,Backstretch Rose,KEE,2025-10-25,1,USA,STR, ,8.5, ,1 1/16M,D,1,8,8,8,0,6,5,850,1000,900,0,530,435,100,200,300,0,100,150,90,9,69000,21005178_KEE_2025-10-25_1
X,21005178,Backstretch Rose,LRL,2025-11-09,9,USA,STK, ,8.5, ,1 1/16M,D,1,7,7,7,0,4,3,600,560,710,0,510,350,0,0,0,0,10,125,54,7,100000,21005178_LRL_2025-11-09_9
 ,20019117,Bad Connection,FL ,2025-11-13,1,USA,ALW, ,5.5, ,5 1/2F,D,5,1,2,0,0,3,4,0,10,0,0,410,1025,50,100,0,0,100,10,418,6,24500,20019117_FL_2025-11-13_1
 ,20019117,Bad Connection,CT ,2025-12-12,4,USA,SOC, ,4.5, ,4 1/2F,D,6,7,0,0,0,7,7,360,0,0,0,460,950,150,0,0,0,10,25,437,8,22700,20019117_CT_2025-12-12_4
 ,20019117,Bad Connection,CT ,2026-01-02,5,USA,CLM, ,4.5, ,4 1/2F,D,1,5,0,0,0,7,9,500,0,0,0,850,1100,10,0,0,0,50,600,195,10,15800,20019117_CT_2026-01-02_5
X,21017680,Bailintin,LRL,2025-06-27,8,USA,AOC, ,8.0, ,1M,T,1,8,10,10,0,10,10,1210,1780,1160,0,1130,1260,200,0,0,0,0,0,912,10,54200,21017680_LRL_2025-06-27_8
X,21017680,Bailintin,CNL,2025-07-16,7,USA,AOC, ,8.0, ,1M,D,2,4,4,3,0,2,1,200,210,110,0,10,0,50,10,10,0,50,25,445,7,74000,21017680_CNL_2025-07-16_7
X,21017680,Bailintin,LRL,2025-11-22,6,USA,STK, ,6.5, ,6 1/2F,D,3,4,4,0,0,5,5,560,660,0,0,810,1535,450,250,0,0,0,0,239,5,100000,21017680_LRL_2025-11-22_6
 ,23004610,Bala de Plata,PRX,2025-10-14,3,USA,MCL, ,8.0, ,1M,D,4,5,3,1,0,1,1,130,60,0,0,0,0,600,150,100,0,300,50,7,7,32000,23004610_PRX_2025-10-14_3
X,23004610,Bala de Plata,LRL,2025-11-02,9,USA,AOC, ,8.5, ,1 1/16M,D,7,1,1,1,0,1,1,0,0,0,0,0,0,150,250,250,0,400,250,69,7,50970,23004610_LRL_2025-11-02_9
X,23004610,Bala de Plata,LRL,2025-11-23,3,USA,AOC, ,8.0, ,1M,D,3,1,1,1,0,1,2,0,0,0,0,0,5,100,200,300,0,250,575,73,7,49500,23004610_LRL_2025-11-23_3
X,23008213,Ballinaclash,LRL,2025-11-08,7,USA,MSW, ,6.0, ,6F,D,6,4,5,0,0,4,4,260,860,0,0,860,1575,200,100,0,0,100,425,347,10,49000,23008213_LRL_2025-11-08_7
X,23008213,Ballinaclash,LRL,2025-12-20,3,USA,MSW, ,7.0, ,7F,D,1,2,2,0,0,1,2,200,150,0,0,0,250,200,150,0,0,150,325,81,7,47500,23008213_LRL_2025-12-20_3
X,20004494,Band Tour,LRL,2025-11-02,6,USA,MCL, ,8.0, ,1M,T,5,2,3,2,0,6,6,100,200,150,0,270,435,50,150,10,0,150,375,750,12,27020,20004494_LRL_2025-11-02_6
X,20004494,Band Tour,LRL,2025-11-09,3,USA,MCL, ,5.5, ,5 1/2F,T,10,3,5,0,0,9,10,150,400,0,0,680,365,50,100,0,0,10,0,221,10,28540,20004494_LRL_2025-11-09_3
X,20004494,Band Tour,LRL,2025-11-30,6,USA,MCL, ,6.0, ,6F,D,3,9,10,0,0,9,8,1700,1670,0,0,1250,1430,50,0,0,0,600,350,467,10,25050,20004494_LRL_2025-11-30_6
X,20004494,Band Tour,LRL,2025-12-26,6,USA,MCL, ,5.5, ,5 1/2F,D,1,11,11,0,0,11,11,1370,1710,0,0,1570,2000,0,0,0,0,0,0,1340,11,27200,20004494_LRL_2025-12-26_6
 ,22008556,Barbadian Runner,CT ,2025-08-22,9,USA,STK, ,7.0, ,7F,D,8,7,7,0,0,4,1,910,610,0,0,160,0,200,50,0,0,150,250,98,8,500000,22008556_CT_2025-08-22_9
X,22008556,Barbadian Runner,LRL,2025-10-11,11,USA,STK, ,9.0, ,1 1/8M,D,2,3,3,3,0,2,1,460,200,350,0,50,0,100,150,100,0,10,75,63,6,150000,22008556_LRL_2025-10-11_11
X,22008556,Barbadian Runner,LRL,2025-11-22,8,USA,STK, ,9.0, ,1 1/8M,D,5,4,4,3,0,1,1,460,560,300,0,0,0,600,700,300,0,50,425,4,6,100000,22008556_LRL_2025-11-22_8
X,23012748,Barbados Bulldog,LRL,2025-10-11,5,USA,STK, ,6.0, ,6F,D,6,3,3,0,0,6,9,60,160,0,0,610,1390,150,10,0,0,50,0,604,9,101000,23012748_LRL_2025-10-11_5
X,23012748,Barbados Bulldog,LRL,2025-10-31,5,USA,MSW, ,6.0, ,6F,D,5,4,4,0,0,3,5,250,160,0,0,400,1100,400,550,0,0,150,50,413,9,50615,23012748_LRL_2025-10-31_5
X,23012748,Barbados Bulldog,LRL,2025-11-22,3,USA,MCL, ,6.0, ,6F,D,9,5,4,0,0,3,6,410,650,0,0,550,1030,10,400,0,0,10,250,10,9,32400,23012748_LRL_2025-11-22_3
X,23012748,Barbados Bulldog,LRL,2025-12-14,6,USA,MCL, ,5.5, ,5 1/2F,D,6,3,2,0,0,1,1,20,10,0,0,0,0,150,10,0,0,200,225,25,7,33650,23012748_LRL_2025-12-14_6
X,20016773,Bay Street,LRL,2025-10-11,10,USA,STK, ,8.5, ,1 1/16M,T,5,6,4,5,0,8,7,550,460,420,0,620,775,250,100,150,0,0,10,198,8,125000,20016773_LRL_2025-10-11_10
X,20016773,Bay Street,LRL,2025-11-08,5,USA,SOC, ,8.0, ,1M,T,2,1,1,1,0,2,3,0,0,0,0,50,205,200,200,10,0,200,10,93,10,34045,20016773_LRL_2025-11-08_5
X,20016773,Bay Street,LRL,2025-11-30,3,USA,SOC, ,8.5, ,1 1/16M,D,5,4,3,4,0,5,5,250,350,1100,0,1110,2050,100,100,150,0,400,125,61,7,29935,20016773_LRL_2025-11-30_3
X,19010669,Be Better,LRL,2025-10-24,9,USA,AOC, ,8.5, ,1 1/16M,D,5,6,6,5,0,5,4,450,350,560,0,610,775,0,0,200,0,200,50,74,6,54590,19010669_LRL_2025-10-24_9
X,19010669,Be Better,LRL,2025-11-14,4,USA,AOC, ,8.5, ,1 1/16M,D,7,7,7,7,0,5,5,860,860,700,0,510,825,0,0,0,0,200,625,53,7,54295,19010669_LRL_2025-11-14_4
X,19010669,Be Better,LRL,2025-11-29,5,USA,SOC, ,8.5, ,1 1/16M,D,8,4,4,4,0,5,6,400,460,210,0,410,550,10,10,350,0,10,5,51,9,31370,19010669_LRL_2025-11-29_5
X,19010669,Be Better,LRL,2025-12-21,6,USA,CLM, ,8.0, ,1M,D,1,6,7,5,0,5,5,520,860,400,0,320,490,150,200,10,0,300,150,22,11,21450,19010669_LRL_2025-12-21_6
 ,21016215,Beach Cowboy,DEL,2025-07-04,2,USA,CLM, ,6.0, ,6F,D,2,1,1,0,0,2,1,0,0,0,0,10,0,10,10,0,0,600,5,10,5,19000,21016215_DEL_2025-07-04_2
 ,21016215,Beach Cowboy,TIM,2025-08-22,6,USA,CLM, ,6.5,A,6 1/2F,D,2,4,4,0,0,3,2,450,220,0,0,20,5,300,700,0,0,200,150,38,5,16050,21016215_TIM_2025-08-22_6
X,21016215,Beach Cowboy,LRL,2025-09-12,4,USA,CLM, ,6.0, ,6F,D,2,1,1,0,0,2,3,0,0,0,0,200,255,100,10,0,0,10,175,38,5,18180,21016215_LRL_2025-09-12_4
X,21016215,Beach Cowboy,LRL,2025-12-26,1,USA,CLM, ,6.0, ,6F,D,4,3,3,0,0,3,4,200,350,0,0,260,350,200,200,0,0,50,25,220,11,23070,21016215_LRL_2025-12-26_1
X,21016215,Beach Cowboy,LRL,2026-01-16,10,USA,CLM, ,7.0, ,7F,D,3,2,4,0,0,3,3,50,310,0,0,550,500,100,150,0,0,100,400,83,7,20600,21016215_LRL_2026-01-16_10
X,22001496,Beautiful McClean,LRL,2025-10-18,10,USA,MSW, ,5.5, ,5 1/2F,T,2,8,7,0,0,8,9,810,810,0,0,1420,1360,300,50,0,0,100,100,505,10,49000,22001496_LRL_2025-10-18_10
X,22001496,Beautiful McClean,LRL,2025-11-09,7,USA,MSW, ,6.0, ,6F,D,6,2,2,0,0,4,5,10,300,0,0,700,975,400,100,0,0,250,450,606,6,52640,22001496_LRL_2025-11-09_7
X,22001496,Beautiful McClean,LRL,2025-12-06,9,USA,MCL, ,7.0, ,7F,D,6,3,3,0,0,3,1,250,410,0,0,310,0,150,50,0,0,250,125,89,7,31850,22001496_LRL_2025-12-06_9
X,23003648,Beautiful Quality,LRL,2025-12-19,1,USA,MCL, ,5.5, ,5 1/2F,D,7,5,6,0,0,6,7,970,870,0,0,1010,1600,10,700,0,0,50,0,241,7,30950,23003648_LRL_2025-12-19_1
X,21002161,Bells Beach,AQU,2025-02-23,6,USA,AOC, ,8.0, ,1M,D,3,8,6,3,0,3,2,280,260,260,0,100,175,0,100,50,0,100,125,47,8,82000,21002161_AQU_2025-02-23_6
X,21002161,Bells Beach,AQU,2025-04-03,1,USA,AOC, ,9.0, ,1 1/8M,D,4,2,2,2,0,2,2,100,100,100,0,250,50,100,100,150,0,100,175,13,5,82000,21002161_AQU_2025-04-03_1
X,21002161,Bells Beach,BAQ,2025-05-15,2,USA,AOC, ,9.0, ,1 1/8M,D,1,3,3,3,0,3,3,150,250,250,0,400,475,50,50,650,0,1250,1525,12,5,88000,21002161_BAQ_2025-05-15_2
X,22018758,Beshareit,LRL,2025-09-06,3,USA,MCL, ,5.5, ,5 1/2F,T,5,7,7,0,0,7,7,1160,1360,0,0,1380,1500,0,0,0,0,0,0,580,7,44990,22018758_LRL_2025-09-06_3
X,22018758,Beshareit,LRL,2025-10-05,6,USA,MCL, ,8.5, ,1 1/16M,T,5,8,8,9,0,9,8,1110,960,970,0,1180,1695,150,150,0,0,0,525,680,9,46190,22018758_LRL_2025-10-05_6
X,23007671,Big Bolton,LRL,2025-11-08,3,USA,MSW, ,5.5, ,5 1/2F,T,6,2,2,0,0,1,1,10,10,0,0,0,0,150,200,0,0,150,225,101,10,54640,23007671_LRL_2025-11-08_3
X,23007671,Big Bolton,LRL,2025-12-06,6,USA,STK, ,7.0, ,7F,D,8,3,3,0,0,1,5,60,100,0,0,0,400,300,350,0,0,10,250,83,9,125000,23007671_LRL_2025-12-06_6
X,21014690,Big Earn,LRL,2025-10-18,5,USA,SOC, ,5.5, ,5 1/2F,T,4,6,2,0,0,1,1,460,150,0,0,0,0,50,50,0,0,10,100,18,9,28760,21014690_LRL_2025-10-18_5
X,21014690,Big Earn,LRL,2025-11-02,8,USA,ALW, ,5.5, ,5 1/2F,T,5,8,8,0,0,5,4,530,770,0,0,520,555,10,10,0,0,50,50,21,9,50500,21014690_LRL_2025-11-02_8
X,21014690,Big Earn,LRL,2025-11-23,6,USA,ALW, ,5.5, ,5 1/2F,T,8,5,5,0,0,4,4,360,270,0,0,350,175,50,10,0,0,10,25,63,10,51000,21014690_LRL_2025-11-23_6
X,21003545,Bigdaddysboy,LRL,2025-10-18,8,USA,ALW, ,5.5, ,5 1/2F,T,1,2,2,0,0,3,7,100,400,0,0,500,605,50,10,0,0,10,75,380,10,50000,21003545_LRL_2025-10-18_8
X,21003545,Bigdaddysboy,LRL,2025-11-15,9,USA,ALW, ,5.5, ,5 1/2F,T,4,7,8,0,0,8,6,460,560,0,0,670,535,100,0,0,0,0,25,265,8,49000,21003545_LRL_2025-11-15_9
X,21003545,Bigdaddysboy,LRL,2025-11-22,4,USA,SOC, ,5.5, ,5 1/2F,T,4,10,10,0,0,9,9,1430,1360,0,0,1260,890,0,0,0,0,150,875,154,10,26740,21003545_LRL_2025-11-22_4
X,22015089,Bigtonten,LRL,2025-11-14,1,USA,CLM, ,6.0, ,6F,D,3,6,6,0,0,4,2,170,460,0,0,450,300,10,50,0,0,200,10,82,9,23890,22015089_LRL_2025-11-14_1
X,22015089,Bigtonten,LRL,2025-11-23,5,USA,SOC, ,8.0, ,1M,D,3,8,7,6,0,6,9,710,450,710,0,1150,1635,50,400,50,0,100,0,338,9,26240,22015089_LRL_2025-11-23_5
X,22015089,Bigtonten,LRL,2025-12-06,5,USA,CLM, ,8.0, ,1M,D,5,2,2,1,0,1,1,200,50,0,0,0,0,100,100,10,0,400,275,93,9,23890,22015089_LRL_2025-12-06_5
X,23017809,Biker Baley,LRL,2025-11-14,10,USA,MCL, ,6.0, ,6F,D,4,1,1,0,0,1,1,0,0,0,0,0,0,50,500,0,0,1000,1525,16,9,28400,23017809_LRL_2025-11-14_10
X,22002009,Birravino Blvd,LRL,2025-10-18,7,USA,CLM, ,8.5, ,1 1/16M,D,9,7,5,3,0,3,3,710,560,210,0,110,550,10,10,250,0,150,175,37,9,25540,22002009_LRL_2025-10-18_7
 ,22002009,Birravino Blvd,PEN,2025-10-30,3,USA,CLM, ,8.32, ,1M 70Y,D,6,5,5,2,0,2,4,310,160,10,0,50,475,150,250,150,0,150,825,28,8,16000,22002009_PEN_2025-10-30_3
 ,22002009,Birravino Blvd,PEN,2025-12-04,4,USA,SOC, ,8.32, ,1M 70Y,D,6,4,4,2,0,1,1,450,260,50,0,0,0,10,250,50,0,50,200,61,6,20000,22002009_PEN_2025-12-04_4
X,22013748,Bjorn,LRL,2025-02-28,4,USA,AOC, ,8.0, ,1M,D,1,2,2,4,0,5,5,150,100,510,0,910,1455,350,100,50,0,700,1175,37,6,49000,22013748_LRL_2025-02-28_4
X,22013748,Bjorn,LRL,2025-05-03,9,USA,ALW, ,8.5, ,1 1/16M,T,3,3,4,4,0,5,5,300,300,350,0,870,1235,10,100,10,0,0,0,122,5,48000,22013748_LRL_2025-05-03_9
 ,22013748,Bjorn,DEL,2025-06-14,2,USA,SOC, ,8.5, ,1 1/16M,T,9,7,8,9,0,9,9,400,570,350,0,710,1820,100,200,0,0,0,0,456,9,44000,22013748_DEL_2025-06-14_2
 ,16022898,Black Candy,MNR,2025-10-19,6,USA,AOC, ,6.0, ,6F,D,5,4,2,0,0,2,3,500,250,0,0,100,150,100,10,0,0,10,150,71,5,20000,16022898_MNR_2025-10-19_6
 ,16022898,Black Candy,MNR,2025-11-04,5,USA,AOC, ,5.0, ,5F,D,6,4,3,0,0,2,1,610,450,0,0,400,0,10,10,0,0,50,50,31,6,20000,16022898_MNR_2025-11-04_5
 ,16022898,Black Candy,MNR,2025-11-25,7,USA,AOC, ,6.0, ,6F,D,1,6,5,0,0,6,5,560,260,0,0,410,580,500,10,0,0,200,350,64,7,20000,16022898_MNR_2025-11-25_7
X,23008752,Blind Love,LRL,2025-10-11,5,USA,STK, ,6.0, ,6F,D,9,4,7,0,0,7,7,210,570,0,0,660,940,10,250,0,0,200,350,550,9,101000,23008752_LRL_2025-10-11_5
X,23008752,Blind Love,LRL,2025-11-02,5,USA,CLM, ,6.0, ,6F,D,2,5,5,0,0,6,6,450,700,0,0,860,650,400,10,0,0,0,0,38,6,33600,23008752_LRL_2025-11-02_5
X,23008752,Blind Love,LRL,2025-12-05,1,USA,CLM, ,7.0, ,7F,D,3,7,6,0,0,7,6,1210,1010,0,0,1000,1335,300,50,0,0,600,250,128,8,28260,23008752_LRL_2025-12-05_1
 ,22003364,Blo by the Field,PEN,2025-10-29,7,USA,SOC, ,6.0, ,6F,D,3,3,3,0,0,1,1,150,20,0,0,0,0,10,100,0,0,150,325,24,8,20000,22003364_PEN_2025-10-29_7
 ,22003364,Blo by the Field,PEN,2025-11-20,6,USA,SOC, ,8.0, ,1M,D,2,4,3,3,0,3,3,300,250,200,0,250,350,150,10,200,0,250,175,32,6,21000,22003364_PEN_2025-11-20_6
 ,22003364,Blo by the Field,PEN,2025-12-18,2,USA,SOC, ,6.0, ,6F,D,2,6,6,0,0,4,2,520,320,0,0,310,200,0,0,0,0,50,50,48,6,21000,22003364_PEN_2025-12-18_2
X,22013102,Blo By'em,LRL,2025-10-05,2,USA,SOC, ,6.0, ,6F,D,2,6,6,0,0,6,5,370,720,0,0,1060,1400,0,0,0,0,0,75,144,6,30000,22013102_LRL_2025-10-05_2
X,22013102,Blo By'em,LRL,2025-10-31,2,USA,SOC, ,7.0, ,7F,D,2,5,6,0,0,5,6,410,670,0,0,750,1125,50,0,0,0,150,0,50,6,26180,22013102_LRL_2025-10-31_2
X,22013102,Blo By'em,LRL,2025-12-05,3,USA,SOC, ,7.0, ,7F,D,5,5,3,0,0,1,3,1000,510,0,0,0,550,100,50,0,0,10,475,121,7,27040,22013102_LRL_2025-12-05_3
X,22013102,Blo By'em,LRL,2025-12-21,4,USA,CLM, ,7.0, ,7F,D,1,6,6,0,0,4,2,760,670,0,0,660,275,50,150,0,0,50,400,18,7,23550,22013102_LRL_2025-12-21_4
X,22013102,Blo By'em,LRL,2026-01-10,2,USA,CLM, ,6.0, ,6F,D,3,5,6,0,0,6,6,510,700,0,0,1060,2125,150,0,0,0,0,0,12,6,24370,22013102_LRL_2026-01-10_2
 ,21010815,Blue Kingdom,DEL,2025-09-25,8,USA,STR, ,8.0, ,1M,D,1,1,1,1,0,1,1,0,0,0,0,0,0,200,100,200,0,500,700,10,5,32000,21010815_DEL_2025-09-25_8
X,21010815,Blue Kingdom,LRL,2025-10-11,11,USA,STK, ,9.0, ,1 1/8M,D,5,1,1,1,0,1,3,0,0,0,0,0,250,450,150,300,0,50,350,84,6,150000,21010815_LRL_2025-10-11_11
X,21010815,Blue Kingdom,AQU,2025-11-15,3,USA,ALW, ,7.0, ,7F,D,7,1,1,0,0,1,1,0,0,0,0,0,0,100,200,0,0,400,525,9,7,88000,21010815_AQU_2025-11-15_3
X,21010815,Blue Kingdom,LRL,2025-12-20,5,USA,STK, ,7.0, ,7F,D,4,1,1,0,0,5,5,0,0,0,0,800,1850,50,10,0,0,0,0,17,5,100000,21010815_LRL_2025-12-20_5
X,19003051,Bob Marco,LRL,2024-09-13,9,USA,AOC, ,8.5, ,1 1/16M,D,6,1,1,2,0,5,5,0,0,10,0,510,1625,350,600,100,0,600,1125,30,6,58520,19003051_LRL_2024-09-13_9
X,19003051,Bob Marco,LRL,2024-10-18,8,USA,AOC, ,8.0, ,1M,D,1,2,4,8,0,8,8,50,170,1310,0,1420,2125,100,50,0,0,0,0,122,8,61640,19003051_LRL_2024-10-18_8
X,19003051,Bob Marco,LRL,2025-12-07,4,USA,SOC, ,6.0, ,6F,D,5,5,6,0,0,6,6,310,900,0,0,1250,1625,150,10,0,0,300,1125,89,7,40830,19003051_LRL_2025-12-07_4
X,15000089,Bode's Maker,LRL,2025-10-04,9,USA,SOC, ,8.0, ,1M,T,9,7,7,7,0,3,1,1000,1150,720,0,300,0,250,200,10,0,50,100,36,9,25520,15000089_LRL_2025-10-04_9
X,15000089,Bode's Maker,LRL,2025-11-01,6,USA,SOC, ,8.5, ,1 1/16M,T,6,12,9,7,0,4,2,920,730,560,0,360,100,0,50,10,0,50,5,39,12,27020,15000089_LRL_2025-11-01_6
X,15000089,Bode's Maker,LRL,2025-11-22,2,USA,SOC, ,8.0, ,1M,T,7,10,8,7,0,9,4,1080,810,410,0,520,200,500,200,100,0,800,50,50,11,26520,15000089_LRL_2025-11-22_2
X,22013886,Bodybuilder,LRL,2025-09-21,7,USA,MCL, ,8.0, ,1M,T,7,8,5,5,0,5,5,1620,1210,660,0,460,310,0,100,150,0,100,175,59,8,25020,22013886_LRL_2025-09-21_7
X,22013886,Bodybuilder,LRL,2025-10-25,3,USA,MCL, ,7.0, ,7F,D,3,2,2,0,0,3,3,200,200,0,0,400,450,100,200,0,0,50,50,20,5,32100,22013886_LRL_2025-10-25_3
X,22013886,Bodybuilder,LRL,2025-11-02,6,USA,MCL, ,8.0, ,1M,T,9,9,9,7,0,8,8,760,630,480,0,620,885,150,200,10,0,150,5,101,12,27020,22013886_LRL_2025-11-02_6
X,22013479,Bold Diversion,LRL,2025-10-11,12,USA,STK, ,6.0, ,6F,D,2,7,6,0,0,5,4,480,760,0,0,700,500,10,150,0,0,10,150,184,8,100000,22013479_LRL_2025-10-11_12
X,22013479,Bold Diversion,LRL,2025-11-07,9,USA,ALW, ,6.0, ,6F,D,5,8,5,0,0,4,1,380,410,0,0,160,0,400,100,0,0,150,175,20,9,54910,22013479_LRL_2025-11-07_9
X,22013479,Bold Diversion,LRL,2025-11-29,8,USA,STK, ,7.0, ,7F,D,5,8,8,0,0,5,3,1350,1020,0,0,410,75,350,700,0,0,350,75,127,9,100000,22013479_LRL_2025-11-29_8
X,22013479,Bold Diversion,LRL,2025-12-20,5,USA,STK, ,7.0, ,7F,D,2,5,4,0,0,3,3,360,110,0,0,550,925,0,150,0,0,150,475,149,5,100000,22013479_LRL_2025-12-20_5
X,22013479,Bold Diversion,LRL,2026-01-09,9,USA,AOC, ,6.0, ,6F,D,3,5,2,0,0,2,1,370,200,0,0,200,0,450,50,0,0,10,50,20,6,57770,22013479_LRL_2026-01-09_9
X,16012148,Bold Endeavor,SAR,2025-08-22,4,USA,CLM, ,8.0, ,1M,D,4,3,4,4,0,6,5,300,260,750,0,950,925,10,10,100,0,450,5,27,8,34000,16012148_SAR_2025-08-22_4
X,16012148,Bold Endeavor,BAQ,2025-09-18,6,USA,CLM, ,9.0, ,1 1/8M,D,2,3,4,4,0,4,4,200,310,300,0,400,280,150,450,350,0,200,25,32,8,32000,16012148_BAQ_2025-09-18_6
 ,16012148,Bold Endeavor,PRX,2025-11-17,10,USA,CLM, ,8.32, ,1M 70Y,D,5,5,5,5,0,2,1,260,130,210,0,150,0,100,100,400,0,150,225,23,9,26000,16012148_PRX_2025-11-17_10
X,20003183,Bold Mirage,LRL,2025-02-23,4,USA,MCL, ,6.0, ,6F,D,1,5,6,0,0,6,6,510,860,0,0,860,1330,150,0,0,0,0,0,118,6,42230,20003183_LRL_2025-02-23_4
X,20003183,Bold Mirage,LRL,2025-06-08,1,USA,MSW, ,5.5, ,5 1/2F,T,6,8,8,0,0,8,8,1150,1260,0,0,1310,1175,0,0,0,0,0,0,563,8,51830,20003183_LRL_2025-06-08_1
X,20003183,Bold Mirage,LRL,2025-06-28,3,USA,MSW, ,8.5, ,1 1/16M,T,6,2,2,3,0,7,7,10,50,110,0,570,950,250,150,100,0,300,650,663,8,49650,20003183_LRL_2025-06-28_3
 ,21012932,Bolt Enoree,FE ,2025-10-20,6,CAN,ALW, ,6.5, ,6 1/2F,D,1,4,5,0,0,2,1,160,310,0,0,100,0,10,10,0,0,100,200,37,6,17868,21012932_FE_2025-10-20_6
X,21012932,Bolt Enoree,WO ,2025-11-08,9,CAN,STK,3,7.0, ,7F,D,7,6,8,0,0,5,9,300,430,0,0,270,470,10,50,0,0,100,200,1185,14,106787,21012932_WO_2025-11-08_9
 ,21012932,Bolt Enoree,MVR,2025-11-24,8,USA,STK, ,6.0, ,6F,D,3,4,4,0,0,4,3,160,260,0,0,510,600,0,0,0,0,0,400,249,4,100000,21012932_MVR_2025-11-24_8
X,21004579,Bond's Belle,LRL,2025-10-05,7,USA,CLM, ,6.0, ,6F,D,5,6,4,0,0,4,2,700,210,0,0,160,225,10,10,0,0,200,50,209,8,25700,21004579_LRL_2025-10-05_7
X,21004579,Bond's Belle,LRL,2025-10-26,4,USA,CLM, ,6.0, ,6F,D,1,5,4,0,0,1,2,260,350,0,0,0,25,150,10,0,0,10,100,119,9,26530,21004579_LRL_2025-10-26_4
X,21004579,Bond's Belle,LRL,2025-11-16,5,USA,CLM, ,6.0, ,6F,D,1,5,2,0,0,2,2,310,250,0,0,350,300,200,150,0,0,250,75,92,9,24550,21004579_LRL_2025-11-16_5
X,21004579,Bond's Belle,LRL,2025-12-13,3,USA,CLM, ,5.5, ,5 1/2F,D,6,3,3,0,0,3,2,110,160,0,0,450,475,400,450,0,0,250,250,73,6,24700,21004579_LRL_2025-12-13_3
X,23018806,Bonsai Warrior,MTH,2025-07-13,4,USA,MSW, ,5.0, ,5F,D,4,4,3,0,0,3,1,160,210,0,0,110,0,500,50,0,0,300,5,60,7,52500,23018806_MTH_2025-07-13_4
X,23018806,Bonsai Warrior,LRL,2025-10-26,6,USA,AOC, ,5.5, ,5 1/2F,D,6,3,3,0,0,5,7,400,400,0,0,1000,1535,50,50,0,0,150,0,47,7,50235,23018806_LRL_2025-10-26_6
X,23018806,Bonsai Warrior,LRL,2025-11-21,4,USA,AOC, ,6.0, ,6F,D,6,3,3,0,0,2,3,210,150,0,0,250,325,50,150,0,0,150,75,124,7,53910,23018806_LRL_2025-11-21_4
X,23007473,Boorada,LRL,2025-12-20,3,USA,MSW, ,7.0, ,7F,D,2,7,7,0,0,7,7,1300,1460,0,0,1560,2850,0,0,0,0,0,0,363,7,47500,23007473_LRL_2025-12-20_3
X,F0047810,Borletti (IRE),LRL,2025-10-12,3,USA,SOC, ,5.5, ,5 1/2F,T,6,8,6,0,0,6,5,450,460,0,0,330,315,100,50,0,0,10,150,191,10,26380,F0047810_LRL_2025-10-12_3
X,F0047810,Borletti (IRE),LRL,2025-11-01,8,USA,SOC, ,5.5, ,5 1/2F,T,4,7,7,0,0,8,8,560,750,0,0,780,495,50,10,0,0,10,50,392,11,26520,F0047810_LRL_2025-11-01_8
X,F0047810,Borletti (IRE),LRL,2025-11-21,5,USA,SOC, ,5.5, ,5 1/2F,T,8,9,9,0,0,7,6,1110,870,0,0,570,655,100,150,0,0,10,25,435,12,27380,F0047810_LRL_2025-11-21_5
X,23009996,Boss Lily,CNL,2025-07-11,2,USA,MOC, ,5.5, ,5 1/2F,D,5,6,6,0,0,8,8,660,710,0,0,1650,2175,200,50,0,0,100,75,413,9,55000,23009996_CNL_2025-07-11_2
X,23009996,Boss Lily,LRL,2025-10-25,5,USA,MCL, ,5.5, ,5 1/2F,D,4,10,9,0,0,7,5,670,820,0,0,670,375,800,300,0,0,400,100,391,11,29760,23009996_LRL_2025-10-25_5
X,23009996,Boss Lily,LRL,2025-11-28,1,USA,MCL, ,8.0, ,1M,D,4,2,2,4,0,6,6,10,50,160,0,330,435,50,10,10,0,500,375,45,12,29180,23009996_LRL_2025-11-28_1
X,23009996,Boss Lily,LRL,2025-12-19,6,USA,MCL, ,8.5, ,1 1/16M,D,4,5,5,5,0,5,4,560,510,420,0,650,550,50,100,10,0,10,5,113,8,25740,23009996_LRL_2025-12-19_6
X,23017670,Boss Mode,CNL,2025-08-02,1,USA,MOC, ,8.0, ,1M,T,5,10,10,10,0,10,9,1010,820,890,0,1370,2000,100,300,500,0,350,5,56,12,55000,23017670_CNL_2025-08-02_1
X,23017670,Boss Mode,LRL,2025-10-03,2,USA,MCL, ,8.0, ,1M,D,6,1,1,1,0,1,1,0,0,0,0,0,0,50,200,300,0,400,225,16,6,27260,23017670_LRL_2025-10-03_2
X,23017670,Boss Mode,LRL,2025-12-05,1,USA,CLM, ,7.0, ,7F,D,1,8,7,0,0,4,2,1510,1060,0,0,550,75,0,800,0,0,50,250,19,8,28260,23017670_LRL_2025-12-05_1
X,23017670,Boss Mode,LRL,2025-12-14,2,USA,AOC, ,8.5, ,1 1/16M,D,3,3,4,4,0,4,4,700,750,710,0,1050,2000,100,0,0,0,0,0,113,4,49000,23017670_LRL_2025-12-14_2
 ,22004645,Bourbon N Lace,DEL,2025-09-13,8,USA,CLM, ,8.32, ,1M 70Y,T,12,6,6,9,0,8,9,320,310,450,0,530,455,10,50,200,0,10,25,119,12,32000,22004645_DEL_2025-09-13_8
 ,22004645,Bourbon N Lace,DEL,2025-10-15,8,USA,CLM, ,5.5, ,5 1/2F,D,5,9,9,0,0,4,3,450,590,0,0,250,100,100,10,0,0,10,10,36,11,21000,22004645_DEL_2025-10-15_8
X,22004645,Bourbon N Lace,AQU,2025-11-12,2,USA,CLM, ,8.0, ,1M,D,3,6,6,6,0,6,5,320,320,660,0,700,610,200,100,400,0,1000,25,104,7,31000,22004645_AQU_2025-11-12_2
X,22004645,Bourbon N Lace,LRL,2025-12-12,1,USA,SOC, ,7.0, ,7F,D,7,7,7,0,0,2,1,610,1010,0,0,200,0,150,600,0,0,150,575,62,8,27900,22004645_LRL_2025-12-12_1
X,22004645,Bourbon N Lace,LRL,2025-12-27,6,USA,SOC, ,6.0, ,6F,D,7,9,8,0,0,6,4,1030,960,0,0,460,255,0,50,0,0,50,125,121,9,28760,22004645_LRL_2025-12-27_6
 ,22005270,Boutwell Time,PRX,2025-07-02,9,USA,AOC, ,7.0, ,7F,D,6,6,5,0,0,4,6,710,360,0,0,1000,2050,100,50,0,0,100,225,151,7,42000,22005270_PRX_2025-07-02_9
 ,22005270,Boutwell Time,PRX,2025-10-27,4,USA,SOC, ,6.5, ,6 1/2F,D,1,5,2,0,0,2,2,210,100,0,0,250,575,500,10,0,0,500,725,23,6,28000,22005270_PRX_2025-10-27_4
 ,22005270,Boutwell Time,PRX,2025-11-24,9,USA,SOC, ,6.5, ,6 1/2F,D,2,5,3,0,0,1,1,320,100,0,0,0,0,10,10,0,0,800,1150,30,9,28000,22005270_PRX_2025-11-24_9
X,22002372,Boys Go to Jupiter,CNL,2025-09-13,5,USA,MCL, ,8.5, ,1 1/16M,T,2,7,5,4,0,5,5,410,300,110,0,500,275,0,10,50,0,10,25,165,7,40000,22002372_CNL_2025-09-13_5
X,22002372,Boys Go to Jupiter,LRL,2025-10-17,10,USA,MCL, ,8.0, ,1M,D,8,5,5,1,0,1,1,460,320,0,0,0,0,10,300,300,0,700,1250,3,8,26030,22002372_LRL_2025-10-17_10
X,22002372,Boys Go to Jupiter,LRL,2025-11-23,4,USA,SOC, ,8.0, ,1M,T,2,9,8,9,0,6,2,1560,1760,1620,0,560,325,300,10,150,0,10,25,61,12,29900,22002372_LRL_2025-11-23_4
X,22002372,Boys Go to Jupiter,LRL,2025-12-14,8,USA,SOC, ,8.5, ,1 1/16M,D,5,6,6,4,0,5,5,770,700,400,0,1000,1725,0,0,100,0,600,1550,28,6,30900,22002372_LRL_2025-12-14_8
 ,21009228,Braquet,PEN,2025-09-17,3,USA,ALW, ,8.5, ,1 1/16M,T,2,7,7,6,0,7,7,800,750,500,0,950,1000,0,0,100,0,0,0,143,7,35000,21009228_PEN_2025-09-17_3
X,21009228,Braquet,LRL,2025-10-10,7,USA,SOC, ,7.0, ,7F,D,2,4,4,0,0,2,1,450,400,0,0,200,0,50,150,0,0,100,50,26,7,30370,21009228_LRL_2025-10-10_7
 ,21009228,Braquet,PEN,2025-11-05,6,USA,ALW, ,8.32, ,1M 70Y,D,1,6,6,1,0,1,1,700,600,0,0,0,0,0,0,50,0,600,625,18,6,35000,21009228_PEN_2025-11-05_6
X,21009228,Braquet,LRL,2025-12-19,8,USA,AOC, ,8.0, ,1M,D,2,6,6,6,0,4,5,650,560,470,0,550,435,150,200,250,0,200,350,73,8,55590,21009228_LRL_2025-12-19_8
 ,21009228,Braquet,PRX,2025-12-31,5,USA,SOC, ,6.5, ,6 1/2F,D,3,6,6,0,0,5,3,750,760,0,0,960,660,0,0,0,0,300,125,83,6,50000,21009228_PRX_2025-12-31_5
X,22002577,Breezing Up,LRL,2025-10-25,1,USA,SOC, ,5.5, ,5 1/2F,T,1,5,6,0,0,9,8,620,470,0,0,460,850,50,50,0,0,300,250,238,10,25520,22002577_LRL_2025-10-25_1
X,22002577,Breezing Up,LRL,2025-11-14,2,USA,CLM, ,5.5, ,5 1/2F,D,8,2,2,0,0,2,1,50,50,0,0,150,0,200,200,0,0,200,25,79,9,23560,22002577_LRL_2025-11-14_2
 ,22002577,Breezing Up,PEN,2025-12-04,1,USA,SOC, ,6.0, ,6F,D,5,2,2,0,0,5,5,50,10,0,0,410,1050,300,10,0,0,0,0,73,5,21000,22002577_PEN_2025-12-04_1
X,22002577,Breezing Up,LRL,2025-12-13,6,USA,SOC, ,6.0, ,6F,D,1,4,4,0,0,5,6,210,350,0,0,760,1075,10,150,0,0,50,600,634,7,27760,22002577_LRL_2025-12-13_6
X,23013382,Bresha,TP ,2025-12-26,1,USA,MSW, ,6.0, ,6F,D,4,1,1,0,0,1,1,0,0,0,0,0,0,200,200,0,0,250,175,151,12,48000,23013382_TP_2025-12-26_1
 ,22000770,Brightness,DEL,2025-08-08,2,USA,SOC, ,6.0, ,6F,D,4,6,6,0,0,5,3,180,230,0,0,270,375,0,0,0,0,10,175,47,6,25000,22000770_DEL_2025-08-08_2
 ,22000770,Brightness,DEL,2025-09-06,8,USA,ALW, ,8.0, ,1M,D,5,5,4,4,0,4,6,300,310,460,0,310,1125,300,10,10,0,100,0,90,6,46000,22000770_DEL_2025-09-06_8
 ,22000770,Brightness,DEL,2025-10-15,8,USA,CLM, ,5.5, ,5 1/2F,D,6,10,10,0,0,9,1,550,600,0,0,430,0,500,600,0,0,200,50,15,11,21000,22000770_DEL_2025-10-15_8
X,22000770,Brightness,LRL,2025-12-27,6,USA,SOC, ,6.0, ,6F,D,4,8,7,0,0,8,7,930,810,0,0,560,605,100,150,0,0,250,100,208,9,28760,22000770_LRL_2025-12-27_6
X,21008653,Brighty,LRL,2025-10-24,1,USA,SOC, ,8.0, ,1M,T,10,9,7,9,0,9,5,960,820,670,0,570,450,200,50,250,0,250,75,80,10,32000,21008653_LRL_2025-10-24_1
X,21008653,Brighty,LRL,2025-11-15,2,USA,SOC, ,7.0, ,7F,D,1,6,6,0,0,3,3,1020,860,0,0,550,730,100,550,0,0,100,600,63,7,30950,21008653_LRL_2025-11-15_2
X,21008653,Brighty,LRL,2025-12-05,3,USA,SOC, ,7.0, ,7F,D,7,3,2,0,0,4,4,750,500,0,0,260,1025,50,10,0,0,150,100,33,7,27040,21008653_LRL_2025-12-05_3
X,21008653,Brighty,LRL,2025-12-27,2,USA,SOC, ,8.0, ,1M,D,2,2,2,1,0,1,2,200,10,0,0,0,150,300,350,250,0,200,525,35,3,30000,21008653_LRL_2025-12-27_2
X,21013454,Brindano,LRL,2025-10-05,2,USA,SOC, ,6.0, ,6F,D,1,4,4,0,0,3,4,310,660,0,0,750,925,50,10,0,0,10,475,278,6,30000,21013454_LRL_2025-10-05_2
X,21013454,Brindano,LRL,2025-10-19,2,USA,CLM, ,6.0, ,6F,D,4,7,4,0,0,4,2,550,550,0,0,450,375,0,200,0,0,250,225,14,7,22560,21013454_LRL_2025-10-19_2
X,21013454,Brindano,LRL,2025-12-05,3,USA,SOC, ,7.0, ,7F,D,4,6,6,0,0,3,2,1100,710,0,0,110,275,10,600,0,0,150,275,129,7,27040,21013454_LRL_2025-12-05_3
X,21013454,Brindano,LRL,2026-01-10,1,USA,SOC, ,8.5, ,1 1/16M,D,1,4,4,5,0,6,5,210,310,320,0,280,850,200,10,10,0,300,50,148,7,27280,21013454_LRL_2026-01-10_1
X,23007154,Broadside Salvo,LRL,2025-10-25,9,USA,MSW, ,6.0, ,6F,D,3,9,9,0,0,9,9,9999,9999,0,0,9999,9999,9999,9999,0,0,9999,9999,1022,9,46500,23007154_LRL_2025-10-25_9
X,23007154,Broadside Salvo,LRL,2025-11-14,10,USA,MCL, ,6.0, ,6F,D,6,3,8,0,0,8,9,350,1700,0,0,3500,4980,10,1200,0,0,600,0,293,9,28400,23007154_LRL_2025-11-14_10
X,22008884,Brother Bobo,LRL,2025-10-25,3,USA,MCL, ,7.0, ,7F,D,1,3,3,0,0,2,5,300,400,0,0,350,625,50,100,0,0,50,0,38,5,32100,22008884_LRL_2025-10-25_3
X,22008884,Brother Bobo,LRL,2025-11-02,3,USA,MCL, ,8.5, ,1 1/16M,D,5,3,3,4,0,8,8,300,500,750,0,1950,3560,50,100,100,0,0,0,47,8,25700,22008884_LRL_2025-11-02_3
X,22008884,Brother Bobo,LRL,2025-11-30,6,USA,MCL, ,6.0, ,6F,D,2,4,4,0,0,2,3,650,400,0,0,200,300,200,350,0,0,50,450,122,10,25050,22008884_LRL_2025-11-30_6
X,22008884,Brother Bobo,LRL,2025-12-19,9,USA,MCL, ,8.5, ,1 1/16M,D,3,1,2,6,0,8,8,0,10,1900,0,3200,10450,10,200,100,0,0,0,87,8,23720,22008884_LRL_2025-12-19_9
X,19009621,Brother Conway,LRL,2025-10-12,8,USA,SOC, ,7.0, ,7F,D,2,1,1,0,0,2,2,0,0,0,0,200,650,50,10,0,0,250,200,13,7,29500,19009621_LRL_2025-10-12_8
X,19009621,Brother Conway,LRL,2025-10-31,6,USA,SOC, ,6.0, ,6F,D,4,4,5,0,0,5,6,310,450,0,0,400,705,350,150,0,0,10,150,16,8,27540,19009621_LRL_2025-10-31_6
X,19009621,Brother Conway,LRL,2025-11-29,9,USA,SOC, ,6.0, ,6F,D,6,4,4,0,0,4,3,250,750,0,0,360,750,100,150,0,0,550,125,29,8,30435,19009621_LRL_2025-11-29_9
X,22010064,Buckin' Right,LRL,2025-10-05,1,USA,SOC, ,8.5, ,1 1/16M,T,6,3,3,5,0,5,5,500,1000,410,0,570,550,150,150,50,0,250,150,183,8,34600,22010064_LRL_2025-10-05_1
X,22010064,Buckin' Right,LRL,2025-11-01,1,USA,SOC, ,8.0, ,1M,T,2,2,2,4,0,6,6,250,200,310,0,470,960,300,100,150,0,250,50,242,9,31950,22010064_LRL_2025-11-01_1
X,22010064,Buckin' Right,LRL,2025-11-22,1,USA,SOC, ,5.5, ,5 1/2F,T,4,9,8,0,0,9,9,520,720,0,0,1070,950,0,50,0,0,0,0,62,9,28040,22010064_LRL_2025-11-22_1
X,22010064,Buckin' Right,LRL,2025-12-12,1,USA,SOC, ,7.0, ,7F,D,1,1,1,0,0,1,2,0,0,0,0,0,575,100,350,0,0,200,50,44,8,27900,22010064_LRL_2025-12-12_1
X,22010064,Buckin' Right,LRL,2025-12-28,6,USA,CLM, ,7.0, ,7F,D,3,2,1,0,0,1,2,50,0,0,0,0,50,250,100,0,0,300,475,45,9,24550,22010064_LRL_2025-12-28_6
 ,22016324,Bugged Out,DEL,2025-10-16,2,USA,CLM, ,5.5, ,5 1/2F,D,2,2,2,0,0,2,2,100,100,0,0,250,25,10,10,0,0,300,500,57,7,16000,22016324_DEL_2025-10-16_2
 ,22016324,Bugged Out,PEN,2025-10-29,8,USA,CLM, ,6.0, ,6F,D,3,5,6,0,0,6,6,310,620,0,0,660,850,150,300,0,0,10,150,40,7,17000,22016324_PEN_2025-10-29_8
 ,22016324,Bugged Out,PEN,2025-11-19,8,USA,CLM, ,6.0, ,6F,D,3,3,4,0,0,4,3,110,160,0,0,160,150,100,10,0,0,100,600,83,6,17000,22016324_PEN_2025-11-19_8
X,22016324,Bugged Out,LRL,2025-12-13,3,USA,CLM, ,5.5, ,5 1/2F,D,4,4,5,0,0,5,4,510,660,0,0,710,775,10,250,0,0,250,100,121,6,24700,22016324_LRL_2025-12-13_3
X,22016324,Bugged Out,LRL,2025-12-26,3,USA,CLM, ,8.5, ,1 1/16M,D,4,6,6,6,0,5,5,560,460,420,0,800,1275,0,0,0,0,10,50,268,6,24700,22016324_LRL_2025-12-26_3
 ,22015422,Built by Khozan,TIM,2025-08-30,9,USA,MCL, ,4.0, ,4F,D,1,1,0,0,0,1,1,0,0,0,0,0,0,10,0,0,0,10,250,11,5,36360,22015422_TIM_2025-08-30_9
X,22015422,Built by Khozan,LRL,2025-10-19,1,USA,CLM, ,5.5, ,5 1/2F,T,4,2,2,0,0,2,3,50,10,0,0,200,350,200,250,0,0,200,125,90,9,41500,22015422_LRL_2025-10-19_1
X,22015422,Built by Khozan,LRL,2025-11-28,7,USA,ALW, ,6.0, ,6F,D,4,1,2,0,0,2,5,0,10,0,0,250,305,350,150,0,0,50,800,740,9,54910,22015422_LRL_2025-11-28_7
X,23009173,Bulma,LRL,2025-10-17,6,USA,MCL, ,6.0, ,6F,D,1,6,6,0,0,5,6,860,550,0,0,900,1475,50,50,0,0,200,275,157,10,32900,23009173_LRL_2025-10-17_6
X,23009173,Bulma,LRL,2025-10-31,3,USA,MCL, ,8.0, ,1M,D,3,7,8,6,0,5,5,470,720,950,0,1460,2275,250,0,200,0,250,550,347,8,33700,23009173_LRL_2025-10-31_3
X,23009173,Bulma,LRL,2025-11-29,6,USA,MCL, ,5.5, ,5 1/2F,D,7,4,3,0,0,4,6,750,610,0,0,660,1345,200,10,0,0,200,100,64,12,30260,23009173_LRL_2025-11-29_6
 ,20009045,Bump N Run,PRX,2025-09-20,15,USA,STK, ,6.5, ,6 1/2F,D,5,9,9,0,0,8,8,930,1020,0,0,910,680,0,0,0,0,800,1425,951,9,150000,20009045_PRX_2025-09-20_15
 ,20009045,Bump N Run,PRX,2025-10-29,9,USA,AOC, ,6.0, ,6F,D,5,5,5,0,0,4,3,320,360,0,0,550,650,10,50,0,0,50,200,264,6,55000,20009045_PRX_2025-10-29_9
 ,20009045,Bump N Run,PRX,2025-11-26,10,USA,STK, ,6.5, ,6 1/2F,D,3,4,5,0,0,6,5,210,260,0,0,630,1060,100,150,0,0,200,75,471,7,75000,20009045_PRX_2025-11-26_10
X,21011111,By the Glass,LRL,2025-03-21,1,USA,CLM, ,8.0, ,1M,D,3,2,2,2,0,2,1,100,100,150,0,200,0,100,10,200,0,350,25,38,6,30900,21011111_LRL_2025-03-21_1
X,21011111,By the Glass,LRL,2025-11-15,8,USA,ALW, ,8.5, ,1 1/16M,D,1,6,7,7,0,6,4,370,460,1100,0,1310,1560,350,0,0,0,10,550,399,7,49500,21011111_LRL_2025-11-15_8
X,21011111,By the Glass,LRL,2025-12-05,7,USA,ALW, ,8.5, ,1 1/16M,D,7,6,6,6,0,7,6,470,610,860,0,960,1725,10,100,50,0,2000,10,719,8,50735,21011111_LRL_2025-12-05_7
 ,23007621,C'est Chouette,DEL,2025-08-28,5,USA,MSW, ,7.5,A,7 1/2F,T,6,6,7,0,0,8,8,360,370,0,0,1120,785,100,150,0,0,0,0,88,8,45000,23007621_DEL_2025-08-28_5
 ,23007621,C'est Chouette,DEL,2025-10-01,4,USA,MCL, ,6.0, ,6F,D,8,1,1,0,0,1,1,0,0,0,0,0,0,50,100,0,0,500,425,11,8,28000,23007621_DEL_2025-10-01_4
 ,23007621,C'est Chouette,PRX,2025-11-26,9,USA,STK, ,6.0, ,6F,D,3,2,2,0,0,2,2,200,100,0,0,300,300,10,200,0,0,10,25,19,7,100000,23007621_PRX_2025-11-26_9
 ,18010641,Caerus,PEN,2025-08-14,5,USA,CLM, ,8.32, ,1M 70Y,D,3,2,2,2,0,1,1,50,10,150,0,0,0,200,300,250,0,10,225,54,4,13000,18010641_PEN_2025-08-14_5
 ,18010641,Caerus,TIM,2025-08-31,1,USA,CLM, ,8.0, ,1M,D,1,4,3,2,0,2,1,350,200,10,0,50,0,200,200,350,0,250,300,45,5,15000,18010641_TIM_2025-08-31_1
X,18010641,Caerus,LRL,2025-10-17,4,USA,CLM, ,8.0, ,1M,D,5,4,5,6,0,6,6,170,360,570,0,860,1200,100,10,300,0,250,450,95,9,21260,18010641_LRL_2025-10-17_4
X,22004906,Candycrumbs,LRL,2025-10-12,3,USA,SOC, ,5.5, ,5 1/2F,T,7,10,10,0,0,10,9,750,1060,0,0,790,875,0,0,0,0,0,0,172,10,26380,22004906_LRL_2025-10-12_3
X,22004906,Candycrumbs,LRL,2025-11-14,1,USA,CLM, ,6.0, ,6F,D,4,8,4,0,0,5,6,330,260,0,0,650,545,150,100,0,0,50,150,37,9,23890,22004906_LRL_2025-11-14_1
X,22004906,Candycrumbs,LRL,2025-12-05,6,USA,CLM, ,5.5, ,5 1/2F,D,6,8,8,0,0,7,6,1360,1320,0,0,960,585,100,100,0,0,100,500,58,9,25870,22004906_LRL_2025-12-05_6
X,22004906,Candycrumbs,LRL,2025-12-27,9,USA,CLM, ,8.5, ,1 1/16M,D,2,3,4,5,0,6,6,250,210,550,0,810,1430,10,10,250,0,800,2275,84,7,22560,22004906_LRL_2025-12-27_9
X,21013111,Cap Com,CNL,2025-07-09,7,USA,AOC, ,8.0, ,1M,D,7,5,6,7,0,6,6,260,420,520,0,760,1355,50,200,0,0,50,75,95,7,74000,21013111_CNL_2025-07-09_7
 ,21013111,Cap Com,TIM,2025-08-24,7,USA,AOC, ,8.0, ,1M,D,7,6,5,3,0,5,2,370,460,500,0,460,25,450,200,100,0,100,250,163,7,51800,21013111_TIM_2025-08-24_7
X,21013111,Cap Com,LRL,2025-11-14,6,USA,AOC, ,8.0, ,1M,D,3,5,5,8,0,8,8,500,360,880,0,1410,1280,10,10,0,0,0,0,285,8,57000,21013111_LRL_2025-11-14_6
X,21013111,Cap Com,LRL,2025-12-20,5,USA,STK, ,7.0, ,7F,D,5,4,3,0,0,4,4,210,60,0,0,700,1400,150,50,0,0,100,450,418,5,100000,21013111_LRL_2025-12-20_5
X,21013111,Cap Com,LRL,2025-12-28,7,USA,AOC, ,8.0, ,1M,D,4,3,4,4,0,4,4,460,350,360,0,660,1125,10,0,0,0,0,0,96,4,56000,21013111_LRL_2025-12-28_7
 ,23008409,Capos Sugar Kane,DEL,2025-08-14,2,USA,MCL, ,5.5, ,5 1/2F,D,2,2,1,0,0,1,1,10,0,0,0,0,0,100,50,0,0,200,275,68,6,28000,23008409_DEL_2025-08-14_2
 ,23008409,Capos Sugar Kane,DEL,2025-09-27,4,USA,AOC, ,6.0, ,6F,D,6,3,3,0,0,6,6,60,110,0,0,430,1080,50,10,0,0,200,125,622,10,72000,23008409_DEL_2025-09-27_4
 ,23008409,Capos Sugar Kane,PRX,2025-10-22,6,USA,AOC, ,6.0, ,6F,D,5,5,6,0,0,6,6,510,860,0,0,1350,2550,10,500,0,0,800,2350,270,7,42000,23008409_PRX_2025-10-22_6
 ,19000681,Captain Quint,DEL,2024-07-31,6,USA,SOC, ,6.0, ,6F,D,3,3,3,0,0,4,4,250,200,0,0,360,1000,100,10,0,0,300,75,281,6,28000,19000681_DEL_2024-07-31_6
X,19000681,Captain Quint,LRL,2025-01-18,6,USA,STK, ,8.0, ,1M,D,4,7,7,8,0,8,9,610,610,870,0,1520,1880,350,200,700,0,250,0,961,9,75000,19000681_LRL_2025-01-18_6
X,19000681,Captain Quint,LRL,2025-02-15,5,USA,AOC, ,6.0, ,6F,D,6,2,5,0,0,8,9,50,360,0,0,1250,1840,50,100,0,0,50,0,392,9,53900,19000681_LRL_2025-02-15_5
X,19000681,Captain Quint,LRL,2026-01-09,4,USA,SOC, ,5.5, ,5 1/2F,D,6,6,6,0,0,6,4,850,800,0,0,660,775,0,0,0,0,0,50,150,6,40885,19000681_LRL_2026-01-09_4
 ,19010610,Carvellian Quest,DEL,2025-08-27,8,USA,SOC, ,8.0, ,1M,D,5,2,2,2,0,1,3,100,200,10,0,0,475,10,100,100,0,10,250,67,7,27000,19010610_DEL_2025-08-27_8
X,19010610,Carvellian Quest,LRL,2025-09-14,7,USA,ALW, ,8.5, ,1 1/16M,T,2,2,2,2,0,7,8,200,100,300,0,1260,2850,100,100,10,0,250,0,80,8,49000,19010610_LRL_2025-09-14_7
X,19010610,Carvellian Quest,LRL,2025-10-18,9,USA,ALW, ,6.0, ,6F,D,1,3,3,0,0,4,4,260,400,0,0,450,600,50,100,0,0,400,200,40,8,49000,19010610_LRL_2025-10-18_9
 ,22002976,Casa Juanita,PEN,2025-11-12,1,USA,ALW, ,6.0, ,6F,D,7,3,2,0,0,2,2,150,50,0,0,200,200,50,50,0,0,150,50,9,7,39000,22002976_PEN_2025-11-12_1
 ,22002976,Casa Juanita,PEN,2025-11-20,6,USA,SOC, ,8.0, ,1M,D,3,2,2,2,0,2,2,50,150,100,0,50,150,50,100,100,0,200,200,15,6,21000,22002976_PEN_2025-11-20_6
 ,22002976,Casa Juanita,PEN,2025-12-18,2,USA,SOC, ,6.0, ,6F,D,3,4,3,0,0,3,4,320,110,0,0,260,700,150,100,0,0,50,125,13,6,21000,22002976_PEN_2025-12-18_2
 ,21000672,Catahoula Moon,DEL,2025-09-20,8,USA,AOC, ,5.5, ,5 1/2F,D,4,4,4,0,0,3,3,260,310,0,0,100,175,10,300,0,0,100,625,24,5,47000,21000672_DEL_2025-09-20_8
X,21000672,Catahoula Moon,LRL,2025-10-11,12,USA,STK, ,6.0, ,6F,D,1,6,7,0,0,6,5,470,910,0,0,710,650,10,10,0,0,300,275,124,8,100000,21000672_LRL_2025-10-11_12
X,21000672,Catahoula Moon,LRL,2025-11-09,8,USA,SOC, ,6.0, ,6F,D,5,2,2,0,0,1,4,50,100,0,0,0,175,100,150,0,0,50,25,14,7,32980,21000672_LRL_2025-11-09_8
X,21000672,Catahoula Moon,LRL,2025-12-20,4,USA,SOC, ,6.0, ,6F,D,4,7,8,0,0,7,6,910,1010,0,0,1250,1525,100,0,0,0,1500,125,96,8,32610,21000672_LRL_2025-12-20_4
X,21000672,Catahoula Moon,LRL,2026-01-09,2,USA,SOC, ,6.0, ,6F,D,4,3,3,0,0,3,4,210,550,0,0,650,450,50,400,0,0,150,425,17,6,24000,21000672_LRL_2026-01-09_2
X,19012610,Catatumbo,LRL,2025-10-18,2,USA,SOC, ,9.0, ,1 1/8M,D,3,4,4,4,0,5,5,300,250,500,0,1050,900,50,50,100,0,600,725,78,6,29435,19012610_LRL_2025-10-18_2
X,19012610,Catatumbo,LRL,2025-11-08,4,USA,CLM, ,8.5, ,1 1/16M,D,2,7,7,6,0,3,2,870,860,750,0,450,10,700,350,200,0,150,400,72,9,19640,19012610_LRL_2025-11-08_4
X,19012610,Catatumbo,LRL,2025-11-29,5,USA,SOC, ,8.5, ,1 1/16M,D,6,8,6,6,0,4,3,710,820,710,0,360,200,200,10,150,0,50,125,220,9,31370,19012610_LRL_2025-11-29_5
X,20013954,Cattivo Ragazzo,LRL,2025-10-18,9,USA,ALW, ,6.0, ,6F,D,6,6,4,0,0,3,3,660,500,0,0,300,500,300,150,0,0,150,100,19,8,49000,20013954_LRL_2025-10-18_9
X,20013954,Cattivo Ragazzo,LRL,2025-11-14,7,USA,ALW, ,6.0, ,6F,D,6,6,2,0,0,1,1,460,50,0,0,0,0,100,100,0,0,250,275,38,9,49500,20013954_LRL_2025-11-14_7
X,20013954,Cattivo Ragazzo,LRL,2025-11-28,7,USA,ALW, ,6.0, ,6F,D,9,5,1,0,0,1,1,600,0,0,0,0,0,150,10,0,0,250,5,13,9,54910,20013954_LRL_2025-11-28_7
X,23014050,Celtic Harp,LRL,2025-10-31,5,USA,MSW, ,6.0, ,6F,D,1,9,8,0,0,8,2,970,1160,0,0,960,525,0,250,0,0,1000,75,47,9,50615,23014050_LRL_2025-10-31_5
X,22000942,Celtic Prince,AQU,2025-01-17,3,USA,MCL, ,6.0, ,6F,D,4,4,4,0,0,5,5,350,400,0,0,460,1075,10,50,0,0,800,650,34,7,42000,22000942_AQU_2025-01-17_3
X,22000942,Celtic Prince,AQU,2025-02-14,8,USA,MCL, ,6.5, ,6 1/2F,D,7,3,2,0,0,2,1,150,10,0,0,50,0,500,250,0,0,350,100,143,9,42000,22000942_AQU_2025-02-14_8
X,22000942,Celtic Prince,AQU,2025-04-04,2,USA,CLM, ,6.0, ,6F,D,6,4,5,0,0,5,6,170,610,0,0,710,1225,150,450,0,0,100,0,255,6,44000,22000942_AQU_2025-04-04_2
X,22013670,Centsamilla,LRL,2025-11-01,2,USA,SOC, ,6.0, ,6F,D,5,1,1,0,0,1,2,0,0,0,0,0,175,150,150,0,0,100,150,29,6,24380,22013670_LRL_2025-11-01_2
X,22013670,Centsamilla,LRL,2025-11-27,4,USA,SOC, ,7.0, ,7F,D,5,1,1,0,0,4,5,0,0,0,0,410,975,100,200,0,0,200,825,62,7,30950,22013670_LRL_2025-11-27_4
X,22013670,Centsamilla,LRL,2025-12-07,1,USA,CLM, ,6.0, ,6F,D,4,2,2,0,0,3,2,100,400,0,0,250,100,100,10,0,0,300,100,59,8,23390,22013670_LRL_2025-12-07_1
X,20011797,Certified Loverboy,BAQ,2025-09-25,7,USA,AOC, ,9.0, ,1 1/8M,D,2,1,1,1,0,3,5,0,0,0,0,110,775,50,250,150,0,50,1825,8,7,90000,20011797_BAQ_2025-09-25_7
X,20011797,Certified Loverboy,AQU,2025-11-21,4,USA,AOC, ,9.0, ,1 1/8M,D,2,1,1,1,0,2,3,0,0,0,0,400,750,200,150,100,0,100,175,21,6,90000,20011797_AQU_2025-11-21_4
X,20011797,Certified Loverboy,AQU,2025-12-27,10,USA,AOC, ,8.0, ,1M,D,6,3,2,2,0,5,6,60,10,10,0,450,1025,50,50,250,0,200,150,212,11,90000,20011797_AQU_2025-12-27_10
 ,23006988,Chambourcin,KD ,2025-08-31,11,USA,STK, ,8.0, ,1M,T,4,4,4,9,0,10,10,170,200,530,0,870,950,50,50,150,0,0,0,602,10,1000000,23006988_KD_2025-08-31_11
X,23006988,Chambourcin,KEE,2025-10-10,2,USA,CLM, ,6.0, ,6F,D,8,5,4,0,0,4,3,400,450,0,0,600,375,100,200,0,0,200,150,35,8,58000,23006988_KEE_2025-10-10_2
 ,23006988,Chambourcin,PRX,2025-11-18,8,USA,AOC, ,6.0, ,6F,D,1,3,3,0,0,2,1,210,350,0,0,150,0,500,400,0,0,250,25,20,4,42000,23006988_PRX_2025-11-18_8
X,20002819,Chance,CD ,2025-09-14,5,USA,CLM, ,7.0, ,7F,D,7,10,10,0,0,6,6,1100,1070,0,0,760,775,0,0,0,0,100,300,73,10,76000,20002819_CD_2025-09-14_5
X,20002819,Chance,KEE,2025-10-11,2,USA,CLM, ,6.0, ,6F,D,5,10,11,0,0,9,8,620,1010,0,0,1020,1355,50,0,0,0,300,50,15,11,49000,20002819_KEE_2025-10-11_2
 ,20002819,Chance,PRX,2025-11-11,3,USA,SOC, ,7.0, ,7F,D,5,6,5,0,0,1,1,420,80,0,0,0,0,300,100,0,0,400,475,37,7,28000,20002819_PRX_2025-11-11_3
X,20002819,Chance,LRL,2025-12-13,1,USA,SOC, ,7.0, ,7F,D,3,6,6,0,0,4,2,1080,810,0,0,310,225,0,0,0,0,250,500,22,6,33150,20002819_LRL_2025-12-13_1
X,22017700,Change My World,LRL,2025-10-10,9,USA,ALW, ,6.0, ,6F,D,4,3,4,0,0,2,1,350,170,0,0,10,0,10,350,0,0,150,100,71,8,55880,22017700_LRL_2025-10-10_9
X,22017700,Change My World,LRL,2025-11-14,7,USA,ALW, ,6.0, ,6F,D,3,2,7,0,0,6,3,100,320,0,0,620,525,10,300,0,0,200,25,35,9,49500,22017700_LRL_2025-11-14_7
X,22017700,Change My World,LRL,2025-11-30,4,USA,ALW, ,6.0, ,6F,D,2,4,5,0,0,5,5,210,510,0,0,710,925,100,100,0,0,200,475,44,6,48000,22017700_LRL_2025-11-30_4
 ,22009165,Chipotle,DEL,2025-09-14,2,USA,ALW, ,6.0, ,6F,D,1,3,3,0,0,4,4,150,210,0,0,320,105,50,100,0,0,400,775,62,5,100000,22009165_DEL_2025-09-14_2
 ,22009165,Chipotle,DEL,2025-10-08,7,USA,AOC, ,6.0, ,6F,D,5,2,3,0,0,5,5,100,20,0,0,230,500,50,50,0,0,50,325,19,6,48000,22009165_DEL_2025-10-08_7
X,22009165,Chipotle,LRL,2025-11-29,8,USA,STK, ,7.0, ,7F,D,8,2,1,0,0,1,5,100,0,0,0,0,325,250,10,0,0,10,75,56,9,100000,22009165_LRL_2025-11-29_8
X,22009165,Chipotle,LRL,2025-12-21,8,USA,AOC, ,5.5, ,5 1/2F,D,2,1,1,0,0,1,1,0,0,0,0,0,0,150,100,0,0,10,25,44,8,57000,22009165_LRL_2025-12-21_8
X,22012513,Christmas Spirit,LRL,2025-10-12,6,USA,MCL, ,8.0, ,1M,D,4,7,6,4,0,4,3,530,520,550,0,800,1025,250,10,350,0,500,50,62,8,23390,22012513_LRL_2025-10-12_6
X,22012513,Christmas Spirit,LRL,2025-11-02,3,USA,MCL, ,8.5, ,1 1/16M,D,3,2,2,2,0,2,2,200,400,200,0,300,250,100,100,200,0,100,75,22,8,25700,22012513_LRL_2025-11-02_3
X,22012513,Christmas Spirit,LRL,2025-11-27,1,USA,MCL, ,8.0, ,1M,D,8,6,5,7,0,5,4,550,650,660,0,510,375,150,100,10,0,50,325,32,9,25870,22012513_LRL_2025-11-27_1
X,22012513,Christmas Spirit,LRL,2025-12-19,9,USA,MCL, ,8.5, ,1 1/16M,D,7,4,4,2,0,2,2,260,460,200,0,800,1625,100,10,500,0,150,600,12,8,23720,22012513_LRL_2025-12-19_9
X,21019287,Chublin,LRL,2025-10-19,7,USA,SOC, ,8.5, ,1 1/16M,T,6,1,1,1,0,2,8,0,0,0,0,10,680,100,50,50,0,100,75,341,11,27240,21019287_LRL_2025-10-19_7
 ,21019287,Chublin,CT ,2025-11-07,3,USA,CLM, ,7.0, ,7F,D,1,2,2,0,0,1,1,100,10,0,0,0,0,100,200,0,0,300,200,16,7,13600,21019287_CT_2025-11-07_3
X,21019287,Chublin,LRL,2025-11-28,5,USA,CLM, ,8.5, ,1 1/16M,D,8,6,4,5,0,6,8,1000,550,460,0,1100,2250,50,50,550,0,100,0,37,8,21300,21019287_LRL_2025-11-28_5
X,21010436,Churning Berni,CD ,2025-09-19,1,USA,MSW, ,8.0, ,1M,D,4,8,8,7,0,7,5,620,430,510,0,420,315,0,0,800,0,3500,400,50,8,92000,21010436_CD_2025-09-19_1
X,21010436,Churning Berni,LRL,2025-10-26,8,USA,MSW, ,8.0, ,1M,D,1,7,5,5,0,5,4,610,570,1050,0,1010,450,0,50,800,0,1200,75,14,7,47500,21010436_LRL_2025-10-26_8
 ,21010436,Churning Berni,PRX,2025-11-24,5,USA,MCL, ,8.32, ,1M 70Y,D,6,5,5,2,0,2,2,260,320,50,0,300,150,10,10,100,0,500,575,5,6,25000,21010436_PRX_2025-11-24_5
X,22006685,City Panda,LRL,2025-10-19,2,USA,CLM, ,6.0, ,6F,D,6,2,2,0,0,1,1,150,150,0,0,0,0,100,150,0,0,50,375,23,7,22560,22006685_LRL_2025-10-19_2
X,22006685,City Panda,LRL,2025-11-14,1,USA,CLM, ,6.0, ,6F,D,9,4,3,0,0,3,5,110,60,0,0,300,535,10,200,0,0,150,10,35,9,23890,22006685_LRL_2025-11-14_1
X,22006685,City Panda,LRL,2025-12-05,6,USA,CLM, ,5.5, ,5 1/2F,D,4,7,6,0,0,5,4,1060,1060,0,0,560,500,300,10,0,0,200,75,80,9,25870,22006685_LRL_2025-12-05_6
X,22006685,City Panda,LRL,2025-12-28,1,USA,CLM, ,6.0, ,6F,D,3,6,6,0,0,3,4,510,520,0,0,460,1100,100,10,0,0,50,675,139,8,24050,22006685_LRL_2025-12-28_1
X,22012576,Class and Sass,CNL,2025-07-12,1,USA,MCL, ,5.5, ,5 1/2F,T,9,9,10,0,0,10,10,1310,1320,0,0,1140,1835,200,0,0,0,0,0,320,10,45000,22012576_CNL_2025-07-12_1
X,22012576,Class and Sass,CNL,2025-09-10,3,USA,MCL, ,6.0, ,6F,D,2,4,6,0,0,6,6,310,460,0,0,750,975,10,150,0,0,900,925,305,8,28000,22012576_CNL_2025-09-10_3
X,22003142,Classic Martini,MTH,2025-08-23,5,USA,MCL, ,8.0, ,1M,T,2,5,5,5,0,5,5,360,220,220,0,210,320,300,100,250,0,300,150,101,7,18725,22003142_MTH_2025-08-23_5
 ,22003142,Classic Martini,MED,2025-09-19,6,USA,MCL, ,8.5, ,1 1/16M,T,8,5,5,2,0,2,2,550,660,250,0,350,225,50,100,50,0,300,175,187,9,18700,22003142_MED_2025-09-19_6
X,22003142,Classic Martini,LRL,2025-11-27,6,USA,MCL, ,8.5, ,1 1/16M,T,8,9,9,9,0,5,2,910,880,820,0,410,475,250,250,200,0,10,100,111,11,26520,22003142_LRL_2025-11-27_6
 ,23014066,Clearly Sophia,DEL,2025-10-08,1,USA,MSW, ,6.0, ,6F,D,4,2,4,0,0,6,7,100,310,0,0,650,805,100,10,0,0,500,650,65,8,45000,23014066_DEL_2025-10-08_1
X,23014066,Clearly Sophia,LRL,2025-11-21,1,USA,MSW, ,5.5, ,5 1/2F,T,5,2,2,0,0,2,2,100,100,0,0,50,25,150,50,0,0,100,10,49,11,49500,23014066_LRL_2025-11-21_1
X,23017289,Close the Gate,LRL,2025-12-19,1,USA,MCL, ,5.5, ,5 1/2F,D,4,7,7,0,0,7,2,1430,1570,0,0,1060,650,0,0,0,0,0,75,135,7,30950,23017289_LRL_2025-12-19_1
X,23017289,Close the Gate,LRL,2026-01-10,5,USA,MCL, ,7.0, ,7F,D,9,5,2,0,0,1,1,250,100,0,0,0,0,200,50,0,0,350,975,54,10,44230,23017289_LRL_2026-01-10_5
X,22016018,Close Up,LRL,2025-10-17,3,USA,MCL, ,8.5, ,1 1/16M,T,8,5,4,5,0,3,2,570,1200,1110,0,300,300,250,10,400,0,150,25,83,9,25520,22016018_LRL_2025-10-17_3
X,22016018,Close Up,LRL,2025-11-07,1,USA,MCL, ,8.0, ,1M,T,9,2,2,2,0,1,4,200,100,100,0,0,20,10,50,200,0,10,250,95,10,26020,22016018_LRL_2025-11-07_1
X,22016018,Close Up,LRL,2025-11-28,6,USA,MCL, ,8.0, ,1M,D,5,2,2,2,0,1,2,10,10,10,0,0,225,10,50,400,0,50,200,18,11,24560,22016018_LRL_2025-11-28_6
X,20011876,Coaches Meeting,TAM,2025-04-13,7,USA,CLM, ,8.0, ,1M,T,7,4,4,5,0,5,5,300,310,310,0,350,280,100,50,200,0,100,150,40,10,21000,20011876_TAM_2025-04-13_7
X,20011876,Coaches Meeting,TAM,2025-04-30,4,USA,CLM, ,8.18, ,1M 40Y,D,4,3,3,2,0,1,1,110,20,10,0,0,0,150,100,150,0,50,500,25,10,18000,20011876_TAM_2025-04-30_4
X,20011876,Coaches Meeting,LRL,2025-06-06,3,USA,SOC, ,8.0, ,1M,T,7,3,3,3,0,4,1,160,150,160,0,110,0,100,10,200,0,150,25,22,9,25980,20011876_LRL_2025-06-06_3
 ,22016262,Cocktail Humor,PRX,2025-11-18,1,USA,SOC, ,6.0, ,6F,D,7,1,1,0,0,1,3,0,0,0,0,0,150,150,300,0,0,150,200,6,7,26000,22016262_PRX_2025-11-18_1
 ,22016262,Cocktail Humor,PRX,2025-12-03,5,USA,SOC, ,6.0, ,6F,D,8,1,1,0,0,1,1,0,0,0,0,0,0,50,100,0,0,300,125,7,9,26000,22016262_PRX_2025-12-03_5
 ,22016262,Cocktail Humor,PEN,2025-12-18,2,USA,SOC, ,6.0, ,6F,D,5,1,1,0,0,1,3,0,0,0,0,0,250,10,10,0,0,10,450,19,6,21000,22016262_PEN_2025-12-18_2
X,23015288,Code of Silence,LRL,2025-10-11,9,USA,STK, ,6.0, ,6F,D,3,13,12,0,0,10,6,1590,1670,0,0,970,575,0,200,0,0,10,475,182,13,102040,23015288_LRL_2025-10-11_9
X,23015288,Code of Silence,LRL,2025-11-16,2,USA,MSW, ,6.0, ,6F,D,4,6,5,0,0,3,1,1020,850,0,0,360,0,0,50,0,0,50,275,17,6,45000,23015288_LRL_2025-11-16_2
X,23015288,Code of Silence,LRL,2025-12-06,6,USA,STK, ,7.0, ,7F,D,4,9,8,0,0,6,1,980,720,0,0,420,0,0,800,0,0,150,25,19,9,125000,23015288_LRL_2025-12-06_6
X,23015288,Code of Silence,LRL,2026-01-10,7,USA,AOC, ,8.0, ,1M,D,4,7,7,7,0,4,3,670,770,480,0,450,650,0,0,0,0,100,125,24,7,55615,23015288_LRL_2026-01-10_7
 ,20016120,Collection Day,PEN,2025-06-26,7,USA,ALW, ,8.0, ,1M,D,1,4,3,5,0,5,4,450,300,510,0,860,1100,150,10,0,0,0,450,13,5,35000,20016120_PEN_2025-06-26_7
 ,20016120,Collection Day,DEL,2025-07-09,4,USA,SOC, ,8.0, ,1M,D,6,6,6,6,0,5,5,310,270,420,0,710,1185,50,100,200,0,100,125,94,7,27000,20016120_DEL_2025-07-09_4
X,20016120,Collection Day,LRL,2025-11-16,8,USA,ALW, ,8.5, ,1 1/16M,D,4,7,8,8,0,8,8,400,1260,2060,0,2160,3480,200,0,0,0,0,0,455,8,50000,20016120_LRL_2025-11-16_8
X,20016120,Collection Day,LRL,2025-12-26,5,USA,SOC, ,8.0, ,1M,D,6,9,9,9,0,9,6,720,1000,1020,0,1080,1135,0,0,0,0,0,25,346,9,33110,20016120_LRL_2025-12-26_5
 ,23011598,Coloma,DEL,2025-08-30,4,USA,MSW, ,7.5,A,7 1/2F,T,3,5,5,0,0,4,4,310,350,0,0,70,375,10,50,0,0,100,300,44,8,45000,23011598_DEL_2025-08-30_4
 ,23011598,Coloma,DEL,2025-09-25,7,USA,MCL, ,6.0, ,6F,D,5,2,1,0,0,1,1,10,0,0,0,0,0,200,10,0,0,100,150,25,7,28000,23011598_DEL_2025-09-25_7
 ,23011598,Coloma,PEN,2025-10-30,4,USA,ALW, ,6.0, ,6F,D,2,3,6,0,0,6,6,250,420,0,0,750,1100,10,0,0,0,0,0,44,6,35000,23011598_PEN_2025-10-30_4
 ,20008666,Commingling,PEN,2025-09-04,6,USA,ALW, ,6.0, ,6F,D,7,7,7,0,0,4,1,370,370,0,0,300,0,0,0,0,0,10,100,66,7,35000,20008666_PEN_2025-09-04_6
 ,20008666,Commingling,PEN,2025-10-30,2,USA,SOC, ,6.0, ,6F,D,3,4,3,0,0,3,3,410,350,0,0,450,725,50,50,0,0,150,125,25,5,23000,20008666_PEN_2025-10-30_2
 ,20008666,Commingling,PEN,2025-12-04,7,USA,CLM, ,6.0, ,6F,D,4,3,4,0,0,5,4,350,250,0,0,310,625,10,100,0,0,100,75,49,7,22000,20008666_PEN_2025-12-04_7
 ,22008378,Complexity Jane,DEL,2025-06-14,9,USA,STK,3,8.5, ,1 1/16M,D,3,3,3,3,0,3,8,110,110,150,0,200,810,10,10,10,0,50,325,200,9,300000,22008378_DEL_2025-06-14_9
X,22008378,Complexity Jane,CNL,2025-08-09,6,USA,STK, ,7.0, ,7F,D,5,2,4,0,0,6,5,100,210,0,0,1200,1775,50,100,0,0,400,425,174,8,100000,22008378_CNL_2025-08-09_6
X,22008378,Complexity Jane,LRL,2025-11-09,9,USA,STK, ,8.5, ,1 1/16M,D,7,2,1,1,0,1,1,200,0,0,0,0,0,50,10,50,0,350,325,29,7,100000,22008378_LRL_2025-11-09_9
 ,21008503,Concrete Faze,PRX,2025-09-20,4,USA,SOC, ,8.32, ,1M 70Y,D,1,1,1,1,0,3,3,0,0,0,0,110,105,50,50,10,0,50,10,33,10,100000,21008503_PRX_2025-09-20_4
X,21008503,Concrete Faze,LRL,2025-10-11,10,USA,STK, ,8.5, ,1 1/16M,T,6,2,2,3,0,3,6,200,300,210,0,210,675,50,10,200,0,10,100,50,8,125000,21008503_LRL_2025-10-11_10
X,21008503,Concrete Faze,LRL,2025-11-14,9,USA,ALW, ,6.0, ,6F,D,3,4,4,0,0,4,3,210,250,0,0,460,550,150,10,0,0,150,125,10,7,48500,21008503_LRL_2025-11-14_9
X,22013268,Conquerthosewecan,CNL,2025-08-28,3,USA,AOC, ,6.0, ,6F,D,1,1,1,0,0,1,1,0,0,0,0,0,0,10,10,0,0,100,325,31,5,74000,22013268_CNL_2025-08-28_3
X,22013268,Conquerthosewecan,LRL,2025-09-20,8,USA,STK, ,6.0, ,6F,D,3,3,3,0,0,3,3,300,500,0,0,850,1400,100,200,0,0,600,550,46,5,100000,22013268_LRL_2025-09-20_8
X,22013268,Conquerthosewecan,LRL,2025-11-30,8,USA,AOC, ,6.0, ,6F,D,3,1,2,0,0,2,3,0,100,0,0,200,225,150,50,0,0,150,175,26,7,57340,22013268_LRL_2025-11-30_8
 ,21004468,Conquest Dancer,DEL,2025-08-23,2,USA,CLM, ,6.0, ,6F,D,1,4,3,0,0,4,3,110,150,0,0,110,110,50,10,0,0,10,275,21,6,21000,21004468_DEL_2025-08-23_2
 ,21004468,Conquest Dancer,DEL,2025-09-20,4,USA,SOC, ,5.0, ,5F,T,2,5,4,0,0,4,5,260,160,0,0,220,145,10,10,0,0,200,25,365,10,29000,21004468_DEL_2025-09-20_4
 ,21004468,Conquest Dancer,DEL,2025-10-04,5,USA,SOC, ,8.32, ,1M 70Y,T,4,3,2,1,0,1,5,110,50,0,0,0,575,100,250,10,0,10,100,288,8,29000,21004468_DEL_2025-10-04_5
X,23000452,Cosmic Fate,LRL,2025-11-14,10,USA,MCL, ,6.0, ,6F,D,5,9,9,0,0,9,8,1370,2900,0,0,4100,4975,0,0,0,0,0,5,178,9,28400,23000452_LRL_2025-11-14_10
X,22000284,Crab Daddy,LRL,2025-10-10,9,USA,ALW, ,6.0, ,6F,D,6,7,5,0,0,5,3,760,520,0,0,360,125,200,250,0,0,350,175,142,8,55880,22000284_LRL_2025-10-10_9
X,22000284,Crab Daddy,LRL,2025-11-07,9,USA,ALW, ,6.0, ,6F,D,4,7,6,0,0,5,4,370,510,0,0,310,275,10,250,0,0,10,200,86,9,54910,22000284_LRL_2025-11-07_9
X,22000284,Crab Daddy,LRL,2025-11-28,7,USA,ALW, ,6.0, ,6F,D,8,9,8,0,0,6,3,1310,630,0,0,570,80,0,500,0,0,150,100,83,9,54910,22000284_LRL_2025-11-28_7
X,22000284,Crab Daddy,LRL,2025-12-13,8,USA,ALW, ,8.0, ,1M,D,5,3,2,3,0,4,2,150,100,110,0,210,400,100,100,50,0,50,100,27,6,48000,22000284_LRL_2025-12-13_8
 ,19012229,Crossland,DEL,2025-10-02,8,USA,AOC, ,8.0, ,1M,D,1,3,3,4,0,4,5,200,210,260,0,260,550,50,10,10,0,50,10,91,6,47000,19012229_DEL_2025-10-02_8
X,19012229,Crossland,LRL,2025-10-24,9,USA,AOC, ,8.5, ,1 1/16M,D,1,1,2,2,0,2,2,0,50,300,0,300,400,50,50,100,0,200,175,125,6,54590,19012229_LRL_2025-10-24_9
X,19012229,Crossland,LRL,2025-11-14,4,USA,AOC, ,8.5, ,1 1/16M,D,5,2,2,3,0,4,3,150,300,400,0,210,250,50,50,100,0,300,400,59,7,54295,19012229_LRL_2025-11-14_4
X,23006099,Cupid's Choice,CNL,2025-09-12,3,USA,MOC, ,5.0, ,5F,D,1,2,2,0,0,1,2,350,150,0,0,0,175,200,100,0,0,10,350,78,8,55000,23006099_CNL_2025-09-12_3
X,23006099,Cupid's Choice,LRL,2025-10-31,5,USA,MSW, ,6.0, ,6F,D,2,1,3,0,0,4,7,0,110,0,0,550,1500,150,50,0,0,150,50,69,9,50615,23006099_LRL_2025-10-31_5
X,23005541,Curlene's Spirit,LRL,2025-10-24,4,USA,MCL, ,5.5, ,5 1/2F,D,4,3,3,0,0,2,2,60,20,0,0,50,25,10,300,0,0,10,175,10,8,25740,23005541_LRL_2025-10-24_4
X,23005541,Curlene's Spirit,LRL,2025-11-02,7,USA,MCL, ,6.0, ,6F,D,4,3,1,0,0,1,1,60,0,0,0,0,0,150,50,0,0,300,725,11,8,33700,23005541_LRL_2025-11-02_7
X,23005541,Curlene's Spirit,LRL,2025-11-23,2,USA,CLM, ,6.0, ,6F,D,4,6,3,0,0,2,1,410,110,0,0,10,0,0,50,0,0,100,10,31,6,34050,23005541_LRL_2025-11-23_2
X,19017987,D Hopper,LRL,2025-11-02,6,USA,MCL, ,8.0, ,1M,T,7,3,1,1,0,2,9,150,0,0,0,100,890,200,150,150,0,10,725,130,12,27020,19017987_LRL_2025-11-02_6
 ,19017987,D Hopper,CT ,2025-11-07,8,USA,MCL, ,4.5, ,4 1/2F,D,1,1,0,0,0,1,1,0,0,0,0,0,0,10,0,0,0,200,375,24,10,12400,19017987_CT_2025-11-07_8
X,19017987,D Hopper,LRL,2025-11-30,1,USA,CLM, ,6.0, ,6F,D,3,3,3,0,0,3,3,160,250,0,0,260,600,550,450,0,0,50,125,152,6,22660,19017987_LRL_2025-11-30_1
X,19017987,D Hopper,LRL,2025-12-21,4,USA,CLM, ,7.0, ,7F,D,5,1,2,0,0,2,4,0,10,0,0,500,900,150,150,0,0,10,225,131,7,23550,19017987_LRL_2025-12-21_4
 ,19017987,D Hopper,CT ,2026-01-03,6,USA,CLM, ,4.5, ,4 1/2F,D,3,5,0,0,0,5,3,350,0,0,0,370,500,50,0,0,0,100,5,49,9,12400,19017987_CT_2026-01-03_6
X,19017987,D Hopper,LRL,2026-01-10,2,USA,CLM, ,6.0, ,6F,D,6,1,1,0,0,3,4,0,0,0,0,310,925,150,50,0,0,100,1100,238,6,24370,19017987_LRL_2026-01-10_2
 ,22013926,Daguerre,CT ,2025-10-23,3,USA,MSW, ,8.5, ,1 1/16M,D,2,7,7,7,0,6,5,670,1360,1320,0,860,1135,0,0,0,0,100,675,586,7,31600,22013926_CT_2025-10-23_3
 ,22013926,Daguerre,CT ,2025-10-31,5,USA,MCL, ,7.0, ,7F,D,9,6,5,0,0,4,4,310,210,0,0,410,650,300,400,0,0,150,475,34,9,12400,22013926_CT_2025-10-31_5
 ,22013926,Daguerre,CT ,2025-12-05,2,USA,MSW, ,8.5, ,1 1/16M,D,5,4,3,3,0,4,4,350,200,210,0,360,825,10,10,10,0,100,450,589,6,31600,22013926_CT_2025-12-05_2
X,23016365,Dancing Denae,LRL,2025-10-10,2,USA,CLM, ,6.0, ,6F,D,3,4,4,0,0,4,3,310,400,0,0,500,750,0,0,0,0,0,275,45,4,30000,23016365_LRL_2025-10-10_2
X,23016365,Dancing Denae,LRL,2025-11-02,9,USA,AOC, ,8.5, ,1 1/16M,D,1,7,7,5,0,4,2,1460,1170,1250,0,660,250,0,0,800,0,300,275,606,7,50970,23016365_LRL_2025-11-02_9
X,23016365,Dancing Denae,LRL,2025-11-21,4,USA,AOC, ,6.0, ,6F,D,4,5,7,0,0,6,6,310,600,0,0,910,1005,100,0,0,0,50,425,578,7,53910,23016365_LRL_2025-11-21_4
X,23016365,Dancing Denae,LRL,2025-12-13,5,USA,CLM, ,8.0, ,1M,D,2,7,7,7,0,5,5,1260,910,280,0,800,1225,0,0,0,0,250,925,84,7,45300,23016365_LRL_2025-12-13_5
X,21002201,Dats My Pharaoh,LRL,2025-10-12,6,USA,MCL, ,8.0, ,1M,D,6,4,3,3,0,2,2,170,210,350,0,450,625,10,10,200,0,50,400,109,8,23390,21002201_LRL_2025-10-12_6
X,21002201,Dats My Pharaoh,LRL,2025-11-02,3,USA,MCL, ,8.5, ,1 1/16M,D,4,4,4,3,0,3,4,350,600,400,0,400,335,150,450,350,0,100,825,20,8,25700,21002201_LRL_2025-11-02_3
X,21002201,Dats My Pharaoh,LRL,2025-11-27,1,USA,MCL, ,8.0, ,1M,D,7,4,4,4,0,2,2,400,450,350,0,250,175,50,200,50,0,150,175,54,9,25870,21002201_LRL_2025-11-27_1
X,21002201,Dats My Pharaoh,LRL,2025-12-19,3,USA,MCL, ,8.5, ,1 1/16M,D,7,5,5,3,0,2,1,460,470,300,0,10,0,100,100,100,0,350,250,8,7,23550,21002201_LRL_2025-12-19_3
X,21002201,Dats My Pharaoh,LRL,2026-01-09,1,USA,CLM, ,8.0, ,1M,D,1,3,3,4,0,3,2,160,200,220,0,210,175,10,100,150,0,200,275,14,9,25870,21002201_LRL_2026-01-09_1
 ,19011495,Daufuskie Island,TIM,2025-08-29,4,USA,SOC, ,6.5,A,6 1/2F,D,1,4,5,0,0,4,4,310,350,0,0,460,470,50,50,0,0,10,250,30,6,29430,19011495_TIM_2025-08-29_4
X,19011495,Daufuskie Island,LRL,2025-10-26,2,USA,CLM, ,6.0, ,6F,D,5,1,1,0,0,1,1,0,0,0,0,0,0,150,200,0,0,500,575,7,6,20300,19011495_LRL_2025-10-26_2
X,19011495,Daufuskie Island,LRL,2025-11-09,8,USA,SOC, ,6.0, ,6F,D,2,1,1,0,0,2,7,0,0,0,0,50,625,50,100,0,0,10,0,35,7,32980,19011495_LRL_2025-11-09_8
X,19011495,Daufuskie Island,LRL,2025-12-12,8,USA,CLM, ,6.0, ,6F,D,4,2,1,0,0,3,5,50,0,0,0,160,600,150,10,0,0,100,1225,19,6,20700,19011495_LRL_2025-12-12_8
X,21008169,Davyjonz,LRL,2025-10-11,4,USA,STK, ,9.0, ,1 1/8M,T,1,3,3,3,0,3,5,250,400,200,0,600,600,200,100,10,0,150,300,476,8,125000,21008169_LRL_2025-10-11_4
X,21008169,Davyjonz,LRL,2025-10-31,9,USA,ALW, ,8.0, ,1M,D,5,1,1,2,0,2,2,0,0,50,0,300,625,150,200,250,0,500,575,55,5,48000,21008169_LRL_2025-10-31_9
X,21008169,Davyjonz,LRL,2025-11-27,8,USA,ALW, ,8.0, ,1M,T,3,2,2,2,0,1,1,200,150,100,0,0,0,300,200,250,0,50,300,22,7,48500,21008169_LRL_2025-11-27_8
X,21008169,Davyjonz,LRL,2025-12-20,2,USA,ALW, ,7.0, ,7F,D,4,5,5,0,0,4,4,650,610,0,0,510,525,150,50,0,0,100,5,95,7,53910,21008169_LRL_2025-12-20_2
X,22000184,Daytime Drama,SAR,2025-08-07,10,USA,MCL, ,8.5, ,1 1/16M,T,8,11,11,10,0,10,10,870,680,910,0,1820,2425,0,0,150,0,400,600,690,11,50000,22000184_SAR_2025-08-07_10
X,22000184,Daytime Drama,MTH,2025-08-31,1,USA,MCL, ,8.0, ,1M,T,2,11,11,11,0,8,7,1400,1120,890,0,1260,1275,0,0,0,0,100,50,1032,11,21525,22000184_MTH_2025-08-31_1
 ,22000184,Daytime Drama,MED,2025-10-11,2,USA,MCL, ,8.0, ,1M,T,3,8,8,6,0,5,3,960,480,260,0,210,200,300,250,10,0,100,25,806,10,20825,22000184_MED_2025-10-11_2
X,19016317,Dazzy,CNL,2025-08-08,4,USA,ALW, ,8.0, ,1M,D,2,7,6,5,0,4,4,650,480,350,0,500,400,10,10,10,0,50,175,90,9,72000,19016317_CNL_2025-08-08_4
 ,19016317,Dazzy,TIM,2025-08-30,8,USA,ALW, ,8.5, ,1 1/16M,D,2,4,3,3,0,3,3,160,150,160,0,210,375,100,10,350,0,450,975,16,5,45100,19016317_TIM_2025-08-30_8
 ,19016317,Dazzy,PRX,2025-11-11,9,USA,AOC, ,8.32, ,1M 70Y,D,7,4,4,4,0,4,3,160,110,310,0,750,975,300,100,100,0,400,25,65,8,50000,19016317_PRX_2025-11-11_9
X,21019222,Dead Sexy,CNL,2025-09-01,8,USA,ALW, ,8.5, ,1 1/16M,T,8,5,5,4,0,3,6,810,650,250,0,450,330,150,150,100,0,50,425,415,8,90000,21019222_CNL_2025-09-01_8
X,21019222,Dead Sexy,LRL,2025-09-28,9,USA,ALW, ,8.5, ,1 1/16M,T,7,2,2,2,0,3,6,10,10,10,0,60,575,200,250,250,0,150,125,136,7,50970,21019222_LRL_2025-09-28_9
X,21019222,Dead Sexy,LRL,2025-10-24,3,USA,CLM, ,9.0, ,1 1/8M,T,8,4,3,3,0,2,7,460,300,250,0,50,560,200,100,50,0,10,175,170,9,42100,21019222_LRL_2025-10-24_3
 ,19007915,Debit Card,PEN,2025-10-29,4,USA,AOC, ,6.0, ,6F,D,2,4,4,0,0,4,4,410,310,0,0,220,275,100,350,0,0,300,100,70,6,36000,19007915_PEN_2025-10-29_4
 ,19007915,Debit Card,PRX,2025-12-09,9,USA,CLM, ,6.0, ,6F,D,3,6,6,0,0,5,3,1070,610,0,0,500,375,0,0,0,0,100,100,52,6,35000,19007915_PRX_2025-12-09_9
 ,19007915,Debit Card,CT ,2026-01-10,7,USA,ALW, ,7.0, ,7F,D,5,5,5,0,0,6,6,700,1120,0,0,610,925,150,10,0,0,150,900,151,7,36200,19007915_CT_2026-01-10_7
X,22003414,Devastating,LRL,2025-10-03,7,USA,CLM, ,7.0, ,7F,D,4,3,4,0,0,4,4,150,160,0,0,610,1150,100,100,0,0,150,150,29,6,41800,22003414_LRL_2025-10-03_7
X,22003414,Devastating,LRL,2025-10-24,3,USA,CLM, ,9.0, ,1 1/8M,T,1,3,4,4,0,4,2,450,400,300,0,70,25,10,150,150,0,150,225,11,9,42100,22003414_LRL_2025-10-24_3
X,22003414,Devastating,LRL,2025-11-27,4,USA,SOC, ,7.0, ,7F,D,7,5,4,0,0,1,2,400,300,0,0,0,300,200,100,0,0,10,200,8,7,30950,22003414_LRL_2025-11-27_4
X,22003414,Devastating,LRL,2025-12-14,5,USA,SOC, ,6.0, ,6F,D,6,4,4,0,0,3,1,410,160,0,0,200,0,10,150,0,0,150,100,15,7,31850,22003414_LRL_2025-12-14_5
 ,20016866,Devil Pays in Gold,DEL,2025-10-04,8,USA,SOC, ,6.0, ,6F,D,4,3,1,0,0,1,1,110,0,0,0,0,0,10,10,0,0,100,10,38,7,29000,20016866_DEL_2025-10-04_8
X,20016866,Devil Pays in Gold,CD ,2025-10-29,1,USA,STR, ,5.5, ,5 1/2F,D,4,5,5,0,0,6,3,220,250,0,0,660,975,150,150,0,0,200,25,51,7,60000,20016866_CD_2025-10-29_1
X,20016866,Devil Pays in Gold,CD ,2025-11-26,7,USA,STR, ,6.0, ,6F,D,2,2,3,0,0,4,5,100,110,0,0,120,385,50,50,0,0,100,10,56,7,60000,20016866_CD_2025-11-26_7
 ,21018864,Dewy's Beast,DEL,2025-10-04,7,USA,ALW, ,5.0, ,5F,T,6,3,3,0,0,4,3,110,200,0,0,310,300,100,100,0,0,250,75,199,7,46000,21018864_DEL_2025-10-04_7
 ,21018864,Dewy's Beast,LRL,2025-11-07,6,USA,ALW, ,5.5, ,5 1/2F,T,1,7,7,0,0,6,5,800,760,0,0,370,280,10,50,0,0,10,10,75,12,53470,21018864_LRL_2025-11-07_6
X,21018864,Dewy's Beast,LRL,2025-11-28,7,USA,ALW, ,6.0, ,6F,D,2,3,6,0,0,4,2,450,470,0,0,310,5,100,150,0,0,250,75,385,9,54910,21018864_LRL_2025-11-28_7
X,21015936,Di's Surprise,LRL,2025-01-24,6,USA,AOC, ,7.0, ,7F,D,5,2,2,0,0,1,1,100,10,0,0,0,0,50,50,0,0,10,25,480,9,54695,21015936_LRL_2025-01-24_6
X,21015936,Di's Surprise,LRL,2025-04-19,7,USA,STK, ,8.0, ,1M,T,5,1,1,1,0,1,5,0,0,0,0,0,410,300,200,150,0,200,75,399,8,100000,21015936_LRL_2025-04-19_7
X,21015936,Di's Surprise,LRL,2025-11-09,9,USA,STK, ,8.5, ,1 1/16M,D,5,1,2,2,0,2,4,0,10,50,0,350,475,200,200,250,0,10,25,121,7,100000,21015936_LRL_2025-11-09_9
 ,23005659,Diamond N Dress,FP ,2025-09-27,1,USA,MSW, ,5.0, ,5F,D,7,1,1,0,0,1,1,0,0,0,0,0,0,200,400,0,0,500,1200,10,9,15000,23005659_FP_2025-09-27_1
X,23005659,Diamond N Dress,KEE,2025-10-10,2,USA,CLM, ,6.0, ,6F,D,7,6,7,0,0,7,7,500,950,0,0,1410,2400,100,450,0,0,600,700,336,8,58000,23005659_KEE_2025-10-10_2
X,23005659,Diamond N Dress,IND,2025-11-03,5,USA,ALW, ,5.0, ,5F,T,6,9,9,0,0,7,6,770,910,0,0,710,775,800,1000,0,0,150,200,829,10,34000,23005659_IND_2025-11-03_5
X,23005659,Diamond N Dress,LRL,2025-12-13,9,USA,CLM, ,6.0, ,6F,D,5,7,7,0,0,7,5,950,960,0,0,1100,1160,0,0,0,0,0,250,294,7,34550,23005659_LRL_2025-12-13_9
X,23005659,Diamond N Dress,LRL,2025-12-26,4,USA,CLM, ,5.5, ,5 1/2F,D,1,3,3,0,0,4,5,110,260,0,0,500,800,200,150,0,0,250,150,91,7,27760,23005659_LRL_2025-12-26_4
X,20015226,Diamond Sue,LRL,2025-10-03,7,USA,CLM, ,7.0, ,7F,D,5,6,6,0,0,5,5,310,410,0,0,760,1300,0,0,0,0,300,975,203,6,41800,20015226_LRL_2025-10-03_7
X,20015226,Diamond Sue,LRL,2025-11-01,1,USA,SOC, ,8.0, ,1M,T,1,5,5,8,0,9,9,760,460,530,0,1170,1445,250,50,200,0,0,0,489,9,31950,20015226_LRL_2025-11-01_1
X,20015226,Diamond Sue,LRL,2025-11-27,4,USA,SOC, ,7.0, ,7F,D,2,6,6,0,0,5,4,600,550,0,0,610,725,300,200,0,0,400,250,161,7,30950,20015226_LRL_2025-11-27_4
X,19014459,Disco Ebo,LRL,2025-04-12,7,USA,STK, ,6.0, ,6F,D,4,2,1,0,0,1,1,100,0,0,0,0,0,250,150,0,0,300,100,15,5,100000,19014459_LRL_2025-04-12_7
X,19014459,Disco Ebo,PIM,2025-05-17,6,USA,STK, ,6.0, ,6F,D,4,1,2,0,0,3,4,0,10,0,0,160,525,50,100,0,0,200,275,180,6,125000,19014459_PIM_2025-05-17_6
 ,19014459,Disco Ebo,PRX,2025-06-15,6,USA,STK, ,6.0, ,6F,D,5,6,6,0,0,4,4,760,750,0,0,750,650,0,0,0,0,300,250,30,6,100000,19014459_PRX_2025-06-15_6
X,23005289,Disney Belle,LRL,2025-10-10,6,USA,MSW, ,7.0, ,7F,D,11,3,3,0,0,11,11,110,160,0,0,1770,3445,50,10,0,0,1500,1525,411,12,50705,23005289_LRL_2025-10-10_6
X,23005289,Disney Belle,LRL,2025-10-31,3,USA,MCL, ,8.0, ,1M,D,8,4,5,4,0,4,3,160,360,400,0,660,725,100,10,200,0,800,50,97,8,33700,23005289_LRL_2025-10-31_3
X,23005289,Disney Belle,LRL,2025-12-07,8,USA,MCL, ,8.5, ,1 1/16M,D,4,2,2,2,0,3,4,50,50,10,0,700,1925,150,100,100,0,10,75,61,7,42115,23005289_LRL_2025-12-07_8
 ,20009517,Divine Grace,PRX,2025-11-11,2,USA,CLM, ,8.32, ,1M 70Y,D,6,1,1,1,0,2,2,0,0,0,0,250,350,10,50,10,0,300,700,22,7,26000,20009517_PRX_2025-11-11_2
X,20009517,Divine Grace,AQU,2025-12-04,6,USA,CLM, ,8.0, ,1M,D,7,4,5,7,0,5,4,610,550,710,0,750,805,50,50,0,0,100,50,18,7,28000,20009517_AQU_2025-12-04_6
 ,20009517,Divine Grace,PRX,2025-12-29,6,USA,CLM, ,8.32, ,1M 70Y,D,9,6,7,6,0,4,4,1060,770,1000,0,1300,1225,10,150,100,0,50,175,24,9,20000,20009517_PRX_2025-12-29_6
X,22003704,Divine Swagger,LRL,2025-06-08,7,USA,MCL, ,6.0, ,6F,D,1,7,6,0,0,6,2,1300,850,0,0,560,75,200,350,0,0,200,175,485,9,31800,22003704_LRL_2025-06-08_7
X,22003704,Divine Swagger,LRL,2025-06-29,4,USA,MSW, ,6.0, ,6F,D,2,6,6,0,0,6,5,460,720,0,0,860,960,250,50,0,0,300,25,254,7,48710,22003704_LRL_2025-06-29_4
X,22003704,Divine Swagger,CNL,2025-07-26,2,USA,MCL, ,6.0, ,6F,D,7,6,6,0,0,5,6,320,360,0,0,500,1500,150,450,0,0,50,650,116,7,40000,22003704_CNL_2025-07-26_2
X,23015815,Divot Digger,IND,2025-07-30,3,USA,MCL, ,7.5, ,7 1/2F,T,8,10,10,0,0,9,7,1060,1200,0,0,900,450,0,0,0,0,10,100,80,10,29000,23015815_IND_2025-07-30_3
X,23015815,Divot Digger,IND,2025-08-16,6,USA,MCL, ,8.32, ,1M 70Y,D,3,3,2,4,0,4,1,210,100,300,0,260,0,200,50,10,0,500,200,28,6,20500,23015815_IND_2025-08-16_6
X,23015815,Divot Digger,OP ,2025-12-27,10,USA,SOC, ,8.0, ,1M,D,5,7,7,9,0,10,10,430,520,1170,0,1560,1780,100,100,50,0,10,50,439,11,65000,23015815_OP_2025-12-27_10
 ,22015100,Do It for Michael,DEL,2025-08-06,8,USA,CLM, ,6.0, ,6F,D,3,2,2,0,0,2,4,200,300,0,0,300,600,50,10,0,0,10,475,6,6,34000,22015100_DEL_2025-08-06_8
 ,22015100,Do It for Michael,DEL,2025-10-01,8,USA,AOC, ,6.0, ,6F,D,5,6,6,0,0,6,5,230,230,0,0,420,555,100,50,0,0,10,150,13,8,46000,22015100_DEL_2025-10-01_8
X,22015100,Do It for Michael,LRL,2025-11-27,9,USA,SOC, ,6.0, ,6F,D,4,1,2,0,0,2,3,0,100,0,0,250,450,50,150,0,0,250,275,12,6,30450,22015100_LRL_2025-11-27_9
X,22015100,Do It for Michael,LRL,2025-12-13,6,USA,SOC, ,6.0, ,6F,D,6,1,1,0,0,2,2,0,0,0,0,10,100,100,50,0,0,250,475,4,7,27760,22015100_LRL_2025-12-13_6
X,22011518,Docsgotallthecandy,LRL,2025-04-04,1,USA,MCL, ,6.0, ,6F,D,5,2,2,0,0,2,2,350,150,0,0,100,275,50,200,0,0,200,150,20,7,23290,22011518_LRL_2025-04-04_1
X,22011518,Docsgotallthecandy,LRL,2025-04-27,10,USA,MCL, ,5.5, ,5 1/2F,D,3,1,1,0,0,1,1,0,0,0,0,0,0,10,10,0,0,400,650,1,7,24610,22011518_LRL_2025-04-27_10
 ,22011518,Docsgotallthecandy,DEL,2025-05-28,8,USA,CLM, ,6.0, ,6F,D,4,1,1,0,0,2,1,0,0,0,0,10,0,10,10,0,0,400,50,12,5,19000,22011518_DEL_2025-05-28_8
X,22011518,Docsgotallthecandy,LRL,2025-12-28,1,USA,CLM, ,6.0, ,6F,D,2,3,4,0,0,4,3,200,360,0,0,510,1000,100,150,0,0,50,100,164,8,24050,22011518_LRL_2025-12-28_1
 ,20001190,Doctor Abbie,PRX,2025-10-06,8,USA,AOC, ,6.0, ,6F,D,6,6,6,0,0,5,1,950,810,0,0,450,0,200,400,0,0,200,50,144,7,52000,20001190_PRX_2025-10-06_8
X,20001190,Doctor Abbie,LRL,2025-11-09,9,USA,STK, ,8.5, ,1 1/16M,D,6,6,4,5,0,7,2,550,260,460,0,630,325,50,150,100,0,0,25,75,7,100000,20001190_LRL_2025-11-09_9
 ,20001190,Doctor Abbie,PRX,2025-11-26,7,USA,STK, ,6.5, ,6 1/2F,D,9,9,9,0,0,7,7,1580,1260,0,0,1300,960,0,0,0,0,150,250,119,9,75000,20001190_PRX_2025-11-26_7
 ,21018223,Doctor's Orders,PEN,2025-10-29,2,USA,CLM, ,8.32, ,1M 70Y,D,7,6,6,4,0,5,6,560,410,260,0,750,1325,10,10,10,0,50,550,64,7,17000,21018223_PEN_2025-10-29_2
 ,21018223,Doctor's Orders,PEN,2025-11-28,5,USA,CLM, ,6.0, ,6F,D,5,5,5,0,0,4,3,850,560,0,0,550,575,150,300,0,0,500,50,23,6,17000,21018223_PEN_2025-11-28_5
 ,21018223,Doctor's Orders,PEN,2025-12-19,7,USA,CLM, ,6.0, ,6F,D,3,6,6,0,0,4,4,620,280,0,0,260,425,0,0,0,0,50,200,68,6,17000,21018223_PEN_2025-12-19_7
 ,19016807,Dolice Vita,TIM,2025-08-29,3,USA,SOC, ,8.0, ,1M,D,4,2,2,2,0,1,1,150,100,10,0,0,0,150,250,550,0,150,550,67,5,23870,19016807_TIM_2025-08-29_3
X,19016807,Dolice Vita,LRL,2025-10-11,3,USA,SHP, ,7.0, ,7F,D,9,7,5,0,0,3,2,850,750,0,0,210,200,150,50,0,0,50,75,51,11,40800,19016807_LRL_2025-10-11_3
X,19016807,Dolice Vita,LRL,2025-11-29,5,USA,SOC, ,8.5, ,1 1/16M,D,4,3,2,1,0,1,2,200,10,0,0,0,50,200,250,150,0,250,150,32,9,31370,19016807_LRL_2025-11-29_5
 ,22002084,Don't Fool With Me,DEL,2025-09-18,6,USA,CLM, ,6.0, ,6F,D,1,7,8,0,0,8,6,280,480,0,0,980,645,50,0,0,0,0,175,16,8,25000,22002084_DEL_2025-09-18_6
X,22002084,Don't Fool With Me,LRL,2025-10-24,2,USA,CLM, ,6.0, ,6F,D,5,2,4,0,0,5,3,50,400,0,0,600,335,200,150,0,0,10,10,94,7,45300,22002084_LRL_2025-10-24_2
X,22002084,Don't Fool With Me,LRL,2025-11-27,4,USA,SOC, ,7.0, ,7F,D,4,3,2,0,0,2,1,200,200,0,0,10,0,50,50,0,0,200,300,27,7,30950,22002084_LRL_2025-11-27_4
X,22002084,Don't Fool With Me,LRL,2025-12-12,3,USA,SOC, ,6.0, ,6F,D,5,5,6,0,0,6,6,560,610,0,0,1000,1475,50,0,0,0,0,0,41,6,30450,22002084_LRL_2025-12-12_3
X,21010285,Don't Tell Kelly,LRL,2025-09-19,3,USA,SOC, ,8.0, ,1M,T,8,9,9,6,0,6,4,1620,1660,960,0,500,325,50,150,100,0,10,10,55,10,31000,21010285_LRL_2025-09-19_3
X,21010285,Don't Tell Kelly,LRL,2025-10-26,7,USA,SOC, ,8.5, ,1 1/16M,T,6,5,4,3,0,5,7,500,500,300,0,300,265,50,10,200,0,10,5,77,10,26020,21010285_LRL_2025-10-26_7
X,21010285,Don't Tell Kelly,LRL,2025-11-28,5,USA,CLM, ,8.5, ,1 1/16M,D,1,3,3,3,0,4,6,700,450,400,0,800,1500,50,100,10,0,150,600,12,8,21300,21010285_LRL_2025-11-28_5
 ,22018747,Double Airo,PEN,2025-08-14,6,USA,ALW, ,6.0, ,6F,D,7,3,2,0,0,2,3,200,150,0,0,150,400,100,150,0,0,200,350,15,8,39000,22018747_PEN_2025-08-14_6
 ,22018747,Double Airo,PRX,2025-09-19,9,USA,STK, ,7.0, ,7F,D,5,4,3,0,0,4,4,120,110,0,0,1000,1675,300,10,0,0,200,425,21,6,100000,22018747_PRX_2025-09-19_9
 ,22018747,Double Airo,PEN,2025-10-30,1,USA,ALW, ,6.0, ,6F,D,6,3,2,0,0,1,1,20,10,0,0,0,0,500,100,0,0,50,175,48,6,39000,22018747_PEN_2025-10-30_1
X,21010483,Duration,SAR,2025-07-16,7,USA,MSW, ,7.0, ,7F,D,1,4,3,0,0,3,3,160,250,0,0,350,500,50,10,0,0,450,450,25,5,100000,21010483_SAR_2025-07-16_7
X,21010483,Duration,SAR,2025-09-01,2,USA,MSW, ,8.0, ,1M,D,2,5,5,4,0,4,3,300,310,460,0,560,900,750,1000,10,0,50,150,23,6,100000,21010483_SAR_2025-09-01_2
X,21010483,Duration,AQU,2025-12-28,5,USA,MSW, ,8.0, ,1M,D,1,4,3,4,0,2,2,120,150,210,0,100,150,150,10,150,0,250,25,63,7,85000,21010483_AQU_2025-12-28_5
 ,21012694,Dwelling Legacy,TIM,2025-08-29,8,USA,ALW, ,6.5,A,6 1/2F,D,5,1,1,0,0,1,1,0,0,0,0,0,0,10,350,0,0,200,50,40,5,44000,21012694_TIM_2025-08-29_8
 ,21012694,Dwelling Legacy,DEL,2025-10-09,8,USA,AOC, ,5.5, ,5 1/2F,D,4,6,6,0,0,5,6,360,270,0,0,220,535,400,300,0,0,100,75,81,7,47000,21012694_DEL_2025-10-09_8
X,21012694,Dwelling Legacy,LRL,2025-12-07,6,USA,AOC, ,5.5, ,5 1/2F,D,8,1,1,0,0,1,1,0,0,0,0,0,0,250,150,0,0,10,300,28,8,59565,21012694_LRL_2025-12-07_6
X,23006307,Eastcoastgirlsrhip,LRL,2025-12-19,7,USA,MCL, ,6.0, ,6F,D,5,3,4,0,0,6,6,110,800,0,0,1260,2850,350,250,0,0,2500,3475,164,7,42730,23006307_LRL_2025-12-19_7
X,22000626,Ecumenical,LRL,2025-10-04,10,USA,MCL, ,5.5, ,5 1/2F,D,8,5,5,0,0,6,7,450,420,0,0,860,835,250,250,0,0,100,2200,50,8,32350,22000626_LRL_2025-10-04_10
X,22000626,Ecumenical,LRL,2025-11-09,10,USA,MCL, ,6.0, ,6F,D,8,1,1,0,0,1,1,0,0,0,0,0,0,300,150,0,0,150,100,10,8,25370,22000626_LRL_2025-11-09_10
X,22000626,Ecumenical,LRL,2025-12-05,3,USA,SOC, ,7.0, ,7F,D,1,1,1,0,0,5,6,0,0,0,0,410,1825,700,500,0,0,50,2200,14,7,27040,22000626_LRL_2025-12-05_3
X,22000626,Ecumenical,LRL,2026-01-10,2,USA,CLM, ,6.0, ,6F,D,1,2,4,0,0,4,3,150,350,0,0,410,775,10,200,0,0,450,150,20,6,24370,22000626_LRL_2026-01-10_2
X,22010651,Edelweiss,LRL,2025-10-12,6,USA,MCL, ,8.0, ,1M,D,3,3,4,5,0,6,6,160,220,900,0,1500,2125,10,150,150,0,100,150,94,8,23390,22010651_LRL_2025-10-12_6
X,22010651,Edelweiss,LRL,2025-11-02,3,USA,MCL, ,8.5, ,1 1/16M,D,6,7,7,6,0,4,3,1050,1450,860,0,500,325,1200,1500,400,0,600,10,85,8,25700,22010651_LRL_2025-11-02_3
X,22010651,Edelweiss,LRL,2025-11-27,1,USA,MCL, ,8.0, ,1M,D,2,9,9,6,0,6,6,910,870,650,0,560,725,0,0,10,0,10,100,110,9,25870,22010651_LRL_2025-11-27_1
X,22010651,Edelweiss,LRL,2025-12-19,9,USA,MCL, ,8.5, ,1 1/16M,D,8,7,7,5,0,3,3,1760,1570,1100,0,950,2225,150,100,800,0,400,825,64,8,23720,22010651_LRL_2025-12-19_9
X,23004126,Eimear,LRL,2025-11-02,7,USA,MCL, ,6.0, ,6F,D,3,2,3,0,0,4,6,50,250,0,0,500,1650,10,10,0,0,100,50,265,8,33700,23004126_LRL_2025-11-02_7
X,23004126,Eimear,LRL,2025-11-22,5,USA,MSW, ,8.0, ,1M,T,12,6,6,7,0,10,10,460,460,810,0,1970,2400,50,200,150,0,200,200,1613,12,50000,23004126_LRL_2025-11-22_5
 ,23004126,Eimear,PEN,2025-12-11,3,USA,MCL, ,6.0, ,6F,D,4,6,4,0,0,4,4,330,650,0,0,600,410,10,50,0,0,200,225,112,9,21000,23004126_PEN_2025-12-11_3
X,21001500,El de Larry,BAQ,2025-10-11,11,USA,ALW, ,8.0, ,1M,T,5,5,5,3,0,1,2,470,760,350,0,0,150,150,50,50,0,10,50,14,9,81000,21001500_BAQ_2025-10-11_11
X,21001500,El de Larry,BAQ,2025-11-01,7,USA,ALW, ,8.5, ,1 1/16M,T,8,4,4,4,0,5,8,250,400,200,0,350,720,150,100,200,0,100,225,26,10,81000,21001500_BAQ_2025-11-01_7
X,21001500,El de Larry,LRL,2025-12-06,7,USA,ALW, ,8.5, ,1 1/16M,D,5,2,2,2,0,3,3,100,300,100,0,400,1350,600,700,300,0,400,25,69,8,54410,21001500_LRL_2025-12-06_7
X,21019628,El Divino Nino,LRL,2025-10-11,3,USA,SHP, ,7.0, ,7F,D,2,2,3,0,0,4,6,100,250,0,0,260,625,50,250,0,0,100,150,67,11,40800,21019628_LRL_2025-10-11_3
X,21019628,El Divino Nino,LRL,2025-11-14,7,USA,ALW, ,6.0, ,6F,D,8,3,4,0,0,8,9,110,160,0,0,870,1285,50,100,0,0,150,0,109,9,49500,21019628_LRL_2025-11-14_7
X,21019628,El Divino Nino,LRL,2025-11-29,9,USA,SOC, ,6.0, ,6F,D,7,1,1,0,0,1,2,0,0,0,0,0,100,100,250,0,0,10,650,65,8,30435,21019628_LRL_2025-11-29_9
X,21019628,El Divino Nino,LRL,2025-12-12,6,USA,SOC, ,7.0, ,7F,D,5,3,2,0,0,2,4,60,10,0,0,150,350,100,100,0,0,200,350,14,8,25020,21019628_LRL_2025-12-12_6
X,23017137,El Papacito,LRL,2025-09-28,2,USA,MCL, ,8.0, ,1M,D,2,1,1,3,0,7,7,0,0,650,0,2500,5125,150,150,10,0,0,0,173,7,47035,23017137_LRL_2025-09-28_2
X,23017137,El Papacito,LRL,2025-10-25,5,USA,MCL, ,5.5, ,5 1/2F,D,2,2,2,0,0,9,10,10,100,0,0,1570,1485,200,100,0,0,100,75,71,11,29760,23017137_LRL_2025-10-25_5
X,23017137,El Papacito,LRL,2025-11-30,5,USA,MCL, ,5.5, ,5 1/2F,D,6,1,1,0,0,3,6,0,0,0,0,400,1610,100,100,0,0,400,200,59,7,27400,23017137_LRL_2025-11-30_5
X,21007295,Electric Eel,LRL,2025-10-24,7,USA,SOC, ,6.0, ,6F,D,4,7,8,0,0,6,6,270,870,0,0,1300,1700,10,300,0,0,10,125,330,9,41830,21007295_LRL_2025-10-24_7
X,21007295,Electric Eel,LRL,2025-11-09,8,USA,SOC, ,6.0, ,6F,D,4,4,3,0,0,3,3,300,250,0,0,60,100,50,10,0,0,10,75,381,7,32980,21007295_LRL_2025-11-09_8
X,21007295,Electric Eel,LRL,2025-11-23,7,USA,SOC, ,8.0, ,1M,D,10,5,5,5,0,4,4,560,600,460,0,510,425,150,200,150,0,250,250,644,10,39055,21007295_LRL_2025-11-23_7
X,21007295,Electric Eel,LRL,2026-01-23,1,USA,SOC, ,7.0, ,7F,D,4,4,5,0,0,9,9,210,560,0,0,1100,1095,50,10,0,0,0,0,185,9,30935,21007295_LRL_2026-01-23_1
 ,22001373,Ellinger,CT ,2025-10-10,8,USA,CLM, ,4.5, ,4 1/2F,D,1,8,0,0,0,6,5,860,0,0,0,410,475,200,0,0,0,50,75,35,9,12400,22001373_CT_2025-10-10_8
X,22001373,Ellinger,LRL,2025-11-14,2,USA,CLM, ,5.5, ,5 1/2F,D,3,1,1,0,0,1,2,0,0,0,0,0,25,50,50,0,0,150,400,184,9,23560,22001373_LRL_2025-11-14_2
X,22001373,Ellinger,LRL,2025-11-30,1,USA,CLM, ,6.0, ,6F,D,1,2,1,0,0,2,4,10,0,0,0,10,725,150,100,0,0,250,200,35,6,22660,22001373_LRL_2025-11-30_1
X,22001373,Ellinger,LRL,2026-01-10,2,USA,CLM, ,6.0, ,6F,D,4,4,3,0,0,2,2,310,250,0,0,300,525,200,100,0,0,10,250,53,6,24370,22001373_LRL_2026-01-10_2
 ,23017176,Elusive Sionna,DEL,2025-09-25,5,USA,MCL, ,8.0, ,1M,D,2,3,3,1,0,1,1,110,110,0,0,0,0,100,300,400,0,400,150,7,5,18000,23017176_DEL_2025-09-25_5
X,19007141,Elusive Target,OP ,2025-03-23,7,USA,CLM, ,8.5, ,1 1/16M,D,4,6,7,6,0,6,6,550,560,660,0,1200,1280,10,400,150,0,250,50,98,9,65000,19007141_OP_2025-03-23_7
X,19007141,Elusive Target,CD ,2025-11-16,6,USA,CLM, ,8.5, ,1 1/16M,D,2,6,7,8,0,6,6,560,760,760,0,1050,1500,50,300,1000,0,150,575,154,9,78000,19007141_CD_2025-11-16_6
X,19007141,Elusive Target,TP ,2025-12-04,2,USA,CLM, ,8.0, ,1M,D,9,8,8,7,0,4,1,370,340,190,0,110,0,10,10,150,0,100,50,69,11,34500,19007141_TP_2025-12-04_2
 ,21010163,Elvis Himself,DEL,2025-09-14,9,USA,ALW, ,6.0, ,6F,D,2,3,4,0,0,5,4,110,250,0,0,350,400,50,100,0,0,100,5,72,9,72000,21010163_DEL_2025-09-14_9
X,21010163,Elvis Himself,LRL,2025-10-10,9,USA,ALW, ,6.0, ,6F,D,2,1,2,0,0,4,5,0,10,0,0,260,625,150,150,0,0,100,10,75,8,55880,21010163_LRL_2025-10-10_9
 ,21010163,Elvis Himself,LRL,2025-11-07,6,USA,ALW, ,5.5, ,5 1/2F,T,8,2,2,0,0,3,8,50,10,0,0,160,390,100,200,0,0,100,100,283,12,53470,21010163_LRL_2025-11-07_6
 ,23003171,Emma Mermaid,TIM,2025-08-24,4,USA,MSW, ,4.0, ,4F,D,1,7,0,0,0,7,7,1760,0,0,0,1760,1535,0,0,0,0,0,0,35,7,46710,23003171_TIM_2025-08-24_4
 ,22018661,English Daddy,PEN,2025-07-31,1,USA,CLM, ,5.0, ,5F,T,5,7,7,0,0,6,8,570,760,0,0,660,1285,150,150,0,0,50,0,54,8,16000,22018661_PEN_2025-07-31_1
 ,22018661,English Daddy,DEL,2025-08-16,4,USA,CLM, ,6.0, ,6F,D,6,1,1,0,0,1,1,0,0,0,0,0,0,100,200,0,0,300,675,37,10,15000,22018661_DEL_2025-08-16_4
 ,22018661,English Daddy,DEL,2025-09-18,2,USA,CLM, ,6.0, ,6F,D,1,3,3,0,0,4,5,300,300,0,0,800,1360,200,300,0,0,200,0,7,5,22000,22018661_DEL_2025-09-18_2
 ,23010927,Entitled Defense,CT ,2025-10-25,5,USA,MSW, ,4.5, ,4 1/2F,D,1,1,0,0,0,1,4,0,0,0,0,0,700,10,0,0,0,10,275,47,8,30600,23010927_CT_2025-10-25_5
 ,23010927,Entitled Defense,CT ,2025-11-26,5,USA,MSW, ,4.5, ,4 1/2F,D,7,4,0,0,0,7,10,220,0,0,0,910,1550,10,0,0,0,200,0,11,10,30600,23010927_CT_2025-11-26_5
X,22006002,Esroh,LRL,2025-09-12,2,USA,CLM, ,6.0, ,6F,D,5,1,1,0,0,1,1,0,0,0,0,0,0,150,50,0,0,250,500,38,6,45400,22006002_LRL_2025-09-12_2
X,22006002,Esroh,LRL,2025-10-11,7,USA,STK, ,7.0, ,7F,D,10,2,2,0,0,5,8,100,100,0,0,450,1175,200,150,0,0,200,150,514,12,102030,22006002_LRL_2025-10-11_7
X,22006002,Esroh,LRL,2025-11-14,9,USA,ALW, ,6.0, ,6F,D,6,3,2,0,0,5,5,60,50,0,0,610,775,150,100,0,0,300,25,27,7,48500,22006002_LRL_2025-11-14_9
X,23000425,Ever Yours,LRL,2025-10-17,6,USA,MCL, ,6.0, ,6F,D,6,9,9,0,0,7,5,1310,1100,0,0,1200,1225,0,0,0,0,50,250,310,10,32900,23000425_LRL_2025-10-17_6
X,23000425,Ever Yours,LRL,2025-10-31,3,USA,MCL, ,8.0, ,1M,D,1,2,1,5,0,6,6,10,0,600,0,1710,2825,100,10,350,0,350,350,494,8,33700,23000425_LRL_2025-10-31_3
X,23000425,Ever Yours,LRL,2025-11-29,6,USA,MCL, ,5.5, ,5 1/2F,D,8,7,9,0,0,11,8,1300,1380,0,0,1430,1495,10,10,0,0,1500,125,292,12,30260,23000425_LRL_2025-11-29_6
X,18007223,Excellent Timing,AQU,2025-04-06,7,USA,CLM, ,6.0, ,6F,D,8,1,1,0,0,1,6,0,0,0,0,0,590,250,300,0,0,100,50,53,8,40000,18007223_AQU_2025-04-06_7
 ,18007223,Excellent Timing,DEL,2025-05-22,4,USA,CLM, ,6.0, ,6F,D,6,2,4,0,0,6,6,50,370,0,0,750,875,200,50,0,0,0,0,26,6,21000,18007223_DEL_2025-05-22_4
X,18007223,Excellent Timing,LRL,2025-11-21,2,USA,SOC, ,6.0, ,6F,D,6,1,1,0,0,1,2,0,0,0,0,0,5,200,200,0,0,400,100,71,9,25520,18007223_LRL_2025-11-21_2
 ,22003519,Explosive Love,PEN,2025-10-22,1,USA,MSW, ,6.0, ,6F,D,5,3,3,0,0,3,4,200,400,0,0,500,425,50,150,0,0,50,675,35,5,34000,22003519_PEN_2025-10-22_1
 ,22003519,Explosive Love,PEN,2025-11-19,7,USA,MSW, ,6.0, ,6F,D,5,5,4,0,0,4,4,500,550,0,0,800,975,400,100,0,0,100,475,89,7,34000,22003519_PEN_2025-11-19_7
 ,22003519,Explosive Love,PEN,2025-12-18,6,USA,MSW, ,5.5, ,5 1/2F,D,7,7,4,0,0,3,2,480,600,0,0,400,125,0,10,0,0,100,400,97,7,34000,22003519_PEN_2025-12-18_6
 ,23015832,Expresso Bay,PID,2025-10-13,6,USA,AOC, ,6.0, ,6F,D,2,3,3,0,0,5,5,160,160,0,0,360,1160,10,10,0,0,0,0,17,5,38000,23015832_PID_2025-10-13_6
 ,23015832,Expresso Bay,PEN,2025-10-30,4,USA,ALW, ,6.0, ,6F,D,1,2,3,0,0,3,3,150,260,0,0,350,575,100,100,0,0,300,75,82,6,35000,23015832_PEN_2025-10-30_4
 ,23015832,Expresso Bay,PEN,2025-11-26,5,USA,STK, ,6.0, ,6F,D,3,7,7,0,0,10,9,290,750,0,0,840,950,150,100,0,0,0,100,491,10,50000,23015832_PEN_2025-11-26_5
X,22015126,Fabia,LRL,2025-10-05,1,USA,SOC, ,8.5, ,1 1/16M,T,1,8,8,8,0,8,8,1100,1950,1210,0,2220,2450,0,0,0,0,0,0,93,8,34600,22015126_LRL_2025-10-05_1
X,22015126,Fabia,LRL,2025-11-01,2,USA,SOC, ,6.0, ,6F,D,2,5,5,0,0,2,1,500,220,0,0,100,0,10,400,0,0,10,175,18,6,24380,22015126_LRL_2025-11-01_2
X,22015126,Fabia,LRL,2025-11-28,2,USA,SOC, ,8.0, ,1M,D,2,7,8,8,0,7,6,520,620,1020,0,1310,1275,10,0,0,0,250,1000,75,8,25740,22015126_LRL_2025-11-28_2
X,22015126,Fabia,LRL,2025-12-27,6,USA,SOC, ,6.0, ,6F,D,5,6,6,0,0,7,5,910,560,0,0,510,380,10,250,0,0,50,200,97,9,28760,22015126_LRL_2025-12-27_6
X,18003394,Fan Club,LRL,2025-05-25,6,USA,SOC, ,8.0, ,1M,D,6,7,6,6,0,6,6,330,560,1060,0,1160,725,100,100,300,0,250,75,64,8,32645,18003394_LRL_2025-05-25_6
X,18003394,Fan Club,LRL,2025-11-09,4,USA,SOC, ,8.5, ,1 1/16M,D,5,5,6,5,0,5,1,410,460,650,0,170,0,50,200,150,0,50,50,180,8,30000,18003394_LRL_2025-11-09_4
X,18003394,Fan Club,LRL,2025-11-23,7,USA,SOC, ,8.0, ,1M,D,8,6,7,8,0,8,7,710,810,1310,0,1610,1900,50,50,150,0,1000,50,216,10,39055,18003394_LRL_2025-11-23_7
X,18003394,Fan Club,LRL,2025-12-13,2,USA,SOC, ,9.0, ,1 1/8M,D,2,3,3,3,0,1,1,300,150,300,0,0,0,550,50,450,0,10,50,47,5,24000,18003394_LRL_2025-12-13_2
X,22007300,Farooq,LRL,2025-10-04,10,USA,MCL, ,5.5, ,5 1/2F,D,1,6,6,0,0,4,2,700,670,0,0,550,350,400,700,0,0,300,375,45,8,32350,22007300_LRL_2025-10-04_10
X,22007300,Farooq,LRL,2025-10-24,6,USA,MCL, ,6.0, ,6F,T,1,5,4,0,0,6,9,300,350,0,0,660,785,150,50,0,0,10,200,285,10,43615,22007300_LRL_2025-10-24_6
X,22007300,Farooq,LRL,2025-12-06,3,USA,MCL, ,6.0, ,6F,D,4,5,4,0,0,4,3,660,460,0,0,310,500,250,50,0,0,200,5,31,6,46535,22007300_LRL_2025-12-06_3
X,23008625,Fastfeld,LRL,2025-11-29,6,USA,MCL, ,5.5, ,5 1/2F,D,12,5,5,0,0,5,4,950,820,0,0,860,1260,50,350,0,0,200,10,238,12,30260,23008625_LRL_2025-11-29_6
X,23008625,Fastfeld,LRL,2025-12-20,9,USA,MCL, ,6.0, ,6F,D,4,4,5,0,0,5,3,500,560,0,0,700,625,10,150,0,0,250,5,74,6,24380,23008625_LRL_2025-12-20_9
 ,22006485,Fear Nothing,TIM,2025-08-24,2,USA,CLM, ,6.5,A,6 1/2F,D,1,3,3,0,0,2,1,510,200,0,0,200,0,50,250,0,0,300,25,26,6,23980,22006485_TIM_2025-08-24_2
X,22006485,Fear Nothing,LRL,2025-09-21,5,USA,SOC, ,5.5, ,5 1/2F,T,3,10,10,0,0,10,10,770,640,0,0,820,630,150,150,0,0,150,550,573,11,26880,22006485_LRL_2025-09-21_5
X,22006485,Fear Nothing,LRL,2025-10-04,8,USA,CLM, ,6.0, ,6F,D,3,4,4,0,0,2,1,300,210,0,0,10,0,100,200,0,0,150,75,11,7,24870,22006485_LRL_2025-10-04_8
X,22006485,Fear Nothing,LRL,2025-12-13,6,USA,SOC, ,6.0, ,6F,D,7,3,2,0,0,1,1,110,50,0,0,0,0,100,150,0,0,10,100,46,7,27760,22006485_LRL_2025-12-13_6
X,22006485,Fear Nothing,LRL,2025-12-26,8,USA,ALW, ,5.5, ,5 1/2F,D,1,5,5,0,0,3,3,620,420,0,0,350,60,300,400,0,0,50,100,94,8,49000,22006485_LRL_2025-12-26_8
X,22012789,Feel the Bolt,LRL,2025-11-07,1,USA,MCL, ,8.0, ,1M,T,7,4,3,4,0,7,9,410,150,350,0,810,905,200,150,250,0,10,575,854,10,26020,22012789_LRL_2025-11-07_1
X,22012789,Feel the Bolt,LRL,2025-11-29,1,USA,MCL, ,6.0, ,6F,D,4,4,4,0,0,4,4,500,650,0,0,520,875,100,150,0,0,10,25,1000,10,26370,22012789_LRL_2025-11-29_1
X,22012789,Feel the Bolt,LRL,2025-12-06,9,USA,MCL, ,7.0, ,7F,D,7,5,4,0,0,6,6,410,460,0,0,910,1400,150,400,0,0,600,1325,811,7,31850,22012789_LRL_2025-12-06_9
X,21008555,Feelin So Lucky,LRL,2025-04-27,2,USA,CLM, ,6.0, ,6F,D,3,4,4,0,0,5,4,270,410,0,0,300,350,300,100,0,0,0,0,154,5,38950,21008555_LRL_2025-04-27_2
X,21008555,Feelin So Lucky,LRL,2025-06-01,5,USA,CLM, ,6.0, ,6F,D,4,4,5,0,0,4,5,310,510,0,0,800,1075,10,500,0,0,150,750,70,6,45400,21008555_LRL_2025-06-01_5
 ,21008555,Feelin So Lucky,TIM,2025-09-01,4,USA,SOC, ,6.5,A,6 1/2F,D,3,4,4,0,0,3,4,550,360,0,0,550,525,100,150,0,0,150,475,70,5,29000,21008555_TIM_2025-09-01_4
X,21008555,Feelin So Lucky,LRL,2025-12-13,3,USA,CLM, ,5.5, ,5 1/2F,D,3,5,4,0,0,4,5,520,610,0,0,700,875,250,50,0,0,10,175,38,6,24700,21008555_LRL_2025-12-13_3
 ,20016574,Feeling Woozy,PRX,2025-09-24,8,USA,AOC, ,8.0, ,1M,D,5,1,1,1,0,1,1,0,0,0,0,0,0,100,100,100,0,300,100,34,7,52000,20016574_PRX_2025-09-24_8
 ,20016574,Feeling Woozy,PRX,2025-10-28,9,USA,AOC, ,8.0, ,1M,D,1,1,1,1,0,2,4,0,0,0,0,50,375,50,50,100,0,10,950,8,6,52000,20016574_PRX_2025-10-28_9
 ,20016574,Feeling Woozy,PRX,2025-11-25,9,USA,AOC, ,8.5, ,1 1/16M,D,3,2,3,5,0,7,7,150,250,610,0,1460,1800,10,150,50,0,400,125,43,8,52000,20016574_PRX_2025-11-25_9
X,20016574,Feeling Woozy,LRL,2025-12-12,2,USA,SOC, ,8.5, ,1 1/16M,D,2,1,1,1,0,1,1,0,0,0,0,0,0,200,200,400,0,550,1100,29,6,40885,20016574_LRL_2025-12-12_2
X,20016574,Feeling Woozy,AQU,2026-01-15,6,USA,SOC, ,8.0, ,1M,D,2,4,4,3,0,3,3,210,210,310,0,750,1375,250,150,10,0,150,125,69,6,62000,20016574_AQU_2026-01-15_6
 ,23014565,Feels So Right,TIM,2025-08-29,5,USA,MCL, ,6.5,A,6 1/2F,D,2,1,1,0,0,1,1,0,0,0,0,0,0,200,200,0,0,400,500,44,6,30940,23014565_TIM_2025-08-29_5
X,23014565,Feels So Right,LRL,2025-10-11,9,USA,STK, ,6.0, ,6F,D,13,4,5,0,0,7,11,210,360,0,0,610,1625,10,200,0,0,10,775,555,13,102040,23014565_LRL_2025-10-11_9
X,23014565,Feels So Right,LRL,2025-11-09,2,USA,CLM, ,6.0, ,6F,D,5,2,2,0,0,2,3,200,200,0,0,450,650,200,200,0,0,200,275,31,6,31350,23014565_LRL_2025-11-09_2
X,23014565,Feels So Right,LRL,2025-12-13,5,USA,CLM, ,8.0, ,1M,D,6,1,1,1,0,3,4,0,0,0,0,500,1150,50,50,10,0,150,75,35,7,45300,23014565_LRL_2025-12-13_5
X,23014565,Feels So Right,LRL,2025-12-28,5,USA,CLM, ,6.0, ,6F,D,5,2,4,0,0,5,5,200,500,0,0,610,1305,50,150,0,0,400,375,107,7,44700,23014565_LRL_2025-12-28_5
 ,19010112,Fenwick,FAI,2025-08-30,3,USA,STR, ,13.0,A,1 5/8M,T,7,4,4,5,6,2,2,900,550,400,410,10,175,350,200,50,100,50,25,66,8,20000,19010112_FAI_2025-08-30_3
 ,19010112,Fenwick,GRM,2025-10-25,7,USA,MOC, ,20.0,A,2 1/2M,T,6,3,3,3,7,7,7,200,350,250,1710,9999,9999,1300,200,50,0,9999,9999,55,7,30000,19010112_GRM_2025-10-25_7
 ,19010112,Fenwick,AIK,2025-11-22,3,USA,MSW, ,17.0, ,2 1/8M,T,5,7,7,8,9,9,9,960,1650,1380,9999,9999,9999,150,200,10,9999,9999,9999,0,10,30000,19010112_AIK_2025-11-22_3
X,23004974,Fiesta La Luna,LRL,2025-10-17,6,USA,MCL, ,6.0, ,6F,D,9,1,2,0,0,3,4,0,100,0,0,350,875,10,100,0,0,300,350,268,10,32900,23004974_LRL_2025-10-17_6
X,23004974,Fiesta La Luna,LRL,2025-11-09,5,USA,MCL, ,6.0, ,6F,D,7,2,2,0,0,1,1,100,100,0,0,0,0,250,600,0,0,50,775,37,7,27760,23004974_LRL_2025-11-09_5
X,23004974,Fiesta La Luna,LRL,2025-12-05,4,USA,CLM, ,5.5, ,5 1/2F,D,4,4,4,0,0,4,4,260,360,0,0,660,1375,0,0,0,0,0,0,52,4,41600,23004974_LRL_2025-12-05_4
 ,20002421,Fightertown,PEN,2025-10-22,6,USA,CLM, ,6.0, ,6F,D,6,3,3,0,0,3,4,100,150,0,0,250,250,200,150,0,0,150,275,59,8,22000,20002421_PEN_2025-10-22_6
 ,20002421,Fightertown,PEN,2025-11-13,8,USA,CLM, ,6.0, ,6F,D,2,5,5,0,0,6,6,300,650,0,0,1060,725,400,100,0,0,0,0,36,6,22000,20002421_PEN_2025-11-13_8
 ,20002421,Fightertown,PEN,2025-11-28,2,USA,CLM, ,8.0, ,1M,D,7,3,3,3,0,3,4,250,250,110,0,200,555,200,300,200,0,10,550,39,8,14000,20002421_PEN_2025-11-28_2
 ,22018734,Final Offer,CT ,2024-11-27,3,USA,MSW, ,4.5, ,4 1/2F,D,4,2,0,0,0,1,2,10,0,0,0,0,100,150,0,0,0,10,350,65,8,26500,22018734_CT_2024-11-27_3
 ,22018734,Final Offer,CT ,2024-12-11,3,USA,MSW, ,6.5, ,6 1/2F,D,8,2,1,0,0,2,3,100,0,0,0,100,575,150,10,0,0,200,175,13,9,26500,22018734_CT_2024-12-11_3
X,22018734,Final Offer,LRL,2025-11-30,6,USA,MCL, ,6.0, ,6F,D,6,3,3,0,0,5,9,350,350,0,0,500,1780,300,50,0,0,100,1875,52,10,25050,22018734_LRL_2025-11-30_6
X,19004608,Find Faith,LRL,2025-10-17,8,USA,SOC, ,6.0, ,6F,D,7,4,5,0,0,6,6,360,760,0,0,1110,1600,10,100,0,0,350,10,423,7,30500,19004608_LRL_2025-10-17_8
X,19004608,Find Faith,LRL,2025-11-14,1,USA,CLM, ,6.0, ,6F,D,5,2,2,0,0,2,3,10,50,0,0,150,310,50,10,0,0,150,200,191,9,23890,19004608_LRL_2025-11-14_1
X,19004608,Find Faith,LRL,2025-12-05,6,USA,CLM, ,5.5, ,5 1/2F,D,5,3,3,0,0,1,1,460,310,0,0,0,0,200,500,0,0,50,100,93,9,25870,19004608_LRL_2025-12-05_6
X,19004608,Find Faith,LRL,2026-01-16,10,USA,CLM, ,7.0, ,7F,D,7,5,3,0,0,6,6,300,300,0,0,850,1350,50,10,0,0,800,775,80,7,20600,19004608_LRL_2026-01-16_10
X,23014784,Finny,LRL,2025-10-25,5,USA,MCL, ,5.5, ,5 1/2F,D,10,8,6,0,0,6,4,570,370,0,0,660,350,50,50,0,0,10,25,480,11,29760,23014784_LRL_2025-10-25_5
X,23014784,Finny,LRL,2025-11-08,7,USA,MSW, ,6.0, ,6F,D,9,7,7,0,0,6,6,1010,1110,0,0,1110,2075,50,10,0,0,150,325,637,10,49000,23014784_LRL_2025-11-08_7
X,23014784,Finny,LRL,2025-11-28,9,USA,MCL, ,6.0, ,6F,D,7,3,1,0,0,1,2,20,0,0,0,0,250,100,200,0,0,10,625,104,7,31850,23014784_LRL_2025-11-28_9
X,23014784,Finny,LRL,2025-12-13,4,USA,MCL, ,8.0, ,1M,D,5,1,1,1,0,1,3,0,0,0,0,0,400,200,150,100,0,10,300,32,6,30450,23014784_LRL_2025-12-13_4
 ,22002704,Firmantown,DEL,2025-06-14,3,USA,SOC, ,5.5, ,5 1/2F,D,4,1,1,0,0,2,7,0,0,0,0,10,455,50,10,0,0,10,0,15,7,37500,22002704_DEL_2025-06-14_3
X,22002704,Firmantown,LRL,2025-10-19,1,USA,CLM, ,5.5, ,5 1/2F,T,3,1,1,0,0,1,2,0,0,0,0,0,25,50,10,0,0,200,325,61,9,41500,22002704_LRL_2025-10-19_1
X,22002704,Firmantown,LRL,2025-11-28,7,USA,ALW, ,6.0, ,6F,D,6,2,5,0,0,7,6,350,460,0,0,720,1105,100,10,0,0,400,125,325,9,54910,22002704_LRL_2025-11-28_7
X,22002704,Firmantown,LRL,2026-01-16,9,USA,ALW, ,5.5, ,5 1/2F,D,4,6,6,0,0,7,8,950,660,0,0,710,1210,50,250,0,0,200,0,548,8,54410,22002704_LRL_2026-01-16_9
 ,19016165,First Glimpse,DEL,2025-09-25,3,USA,CLM, ,8.32, ,1M 70Y,D,7,2,2,3,0,4,2,50,50,110,0,110,25,100,150,50,0,400,25,29,7,30000,19016165_DEL_2025-09-25_3
 ,19016165,First Glimpse,PRX,2025-10-15,9,USA,CLM, ,8.0, ,1M,D,4,3,3,5,0,5,5,60,100,400,0,310,880,50,10,300,0,250,275,74,6,35000,19016165_PRX_2025-10-15_9
X,19016165,First Glimpse,LRL,2025-11-09,4,USA,SOC, ,8.5, ,1 1/16M,D,1,2,2,3,0,4,5,200,200,250,0,120,375,10,10,50,0,50,50,51,8,30000,19016165_LRL_2025-11-09_4
 ,23000245,First Officer,DEL,2025-10-18,1,USA,MSW, ,8.0, ,1M,D,3,2,2,2,0,5,5,10,10,10,0,260,660,100,100,10,0,500,375,507,6,45000,23000245_DEL_2025-10-18_1
X,23000245,First Officer,LRL,2025-11-09,1,USA,MSW, ,8.5, ,1 1/16M,T,11,10,10,8,0,6,6,960,580,480,0,810,705,50,300,50,0,10,10,886,11,51615,23000245_LRL_2025-11-09_1
X,23000245,First Officer,LRL,2025-11-29,3,USA,MSW, ,7.0, ,7F,D,4,9,9,0,0,8,8,970,2270,0,0,2510,2875,0,0,0,0,800,1900,1259,9,48500,23000245_LRL_2025-11-29_3
 ,22014344,First Pearl,TIM,2025-08-30,3,USA,CLM, ,6.5,A,6 1/2F,D,1,2,2,0,0,3,3,350,350,0,0,650,605,50,10,0,0,0,0,19,3,22000,22014344_TIM_2025-08-30_3
X,22014344,First Pearl,LRL,2025-10-03,4,USA,CLM, ,8.0, ,1M,D,3,3,2,1,0,1,1,60,10,0,0,0,0,150,50,400,0,600,700,24,7,25200,22014344_LRL_2025-10-03_4
 ,22014344,First Pearl,PEN,2025-11-20,6,USA,SOC, ,8.0, ,1M,D,5,5,6,6,0,6,5,450,510,560,0,810,1250,50,0,0,0,0,425,77,6,21000,22014344_PEN_2025-11-20_6
 ,21006267,Firstlady Rosalynn,TIM,2025-08-24,6,USA,AOC, ,6.5,A,6 1/2F,D,4,3,2,0,0,3,3,210,450,0,0,610,575,400,200,0,0,400,550,28,5,47470,21006267_TIM_2025-08-24_6
 ,21006267,Firstlady Rosalynn,PEN,2025-10-30,5,USA,CLM, ,6.0, ,6F,D,3,3,3,0,0,5,5,350,600,0,0,810,1625,550,200,0,0,0,0,59,5,28000,21006267_PEN_2025-10-30_5
X,21006267,Firstlady Rosalynn,AQU,2025-11-28,3,USA,CLM, ,6.5, ,6 1/2F,D,3,5,5,0,0,5,5,350,230,0,0,1350,9999,0,0,0,0,0,9999,34,5,38000,21006267_AQU_2025-11-28_3
X,22012128,Fitness,LRL,2025-10-05,5,USA,SOC, ,8.5, ,1 1/16M,D,3,4,4,5,0,5,5,550,560,1000,0,1550,2625,200,100,0,0,0,0,304,5,24000,22012128_LRL_2025-10-05_5
X,22012128,Fitness,LRL,2025-10-26,4,USA,CLM, ,6.0, ,6F,D,7,3,3,0,0,4,5,110,250,0,0,170,280,50,100,0,0,200,175,118,9,26530,22012128_LRL_2025-10-26_4
X,22012128,Fitness,LRL,2025-12-07,5,USA,CLM, ,8.0, ,1M,D,2,1,1,1,0,1,2,0,0,0,0,0,5,50,100,10,0,10,275,292,8,26030,22012128_LRL_2025-12-07_5
X,22012128,Fitness,LRL,2025-12-26,3,USA,CLM, ,8.5, ,1 1/16M,D,2,1,1,1,0,1,1,0,0,0,0,0,0,100,100,50,0,50,200,22,6,24700,22012128_LRL_2025-12-26_3
 ,22000246,Fiveclocksomewhere,DEL,2025-10-09,7,USA,AOC, ,8.0, ,1M,D,5,5,5,4,0,4,4,220,170,550,0,900,1250,0,0,200,0,300,925,207,5,46000,22000246_DEL_2025-10-09_7
 ,22000246,Fiveclocksomewhere,MVR,2025-10-20,7,USA,ALW, ,8.0, ,1M,D,1,3,3,4,0,4,4,250,300,450,0,1060,1550,100,150,500,0,250,350,17,7,25900,22000246_MVR_2025-10-20_7
X,22000246,Fiveclocksomewhere,LRL,2025-11-27,4,USA,SOC, ,7.0, ,7F,D,6,2,3,0,0,7,7,100,250,0,0,1020,1950,100,50,0,0,0,0,188,7,30950,22000246_LRL_2025-11-27_4
X,23006366,Flatter My Dad,LRL,2025-09-14,3,USA,MSW, ,5.5, ,5 1/2F,T,3,2,3,0,0,2,2,50,160,0,0,10,125,150,150,0,0,250,350,53,8,50115,23006366_LRL_2025-09-14_3
X,23006366,Flatter My Dad,LRL,2025-11-08,3,USA,MSW, ,5.5, ,5 1/2F,T,9,4,3,0,0,3,4,360,210,0,0,300,425,250,10,0,0,10,150,119,10,54640,23006366_LRL_2025-11-08_3
X,23006366,Flatter My Dad,LRL,2025-11-28,3,USA,MSW, ,6.0, ,6F,D,1,5,5,0,0,6,4,400,660,0,0,760,1125,50,10,0,0,1500,200,118,7,45500,23006366_LRL_2025-11-28_3
 ,23001790,Flying Perfection,DEL,2025-10-15,1,USA,MCL, ,6.0, ,6F,D,1,7,7,0,0,7,6,570,370,0,0,570,950,0,0,0,0,0,25,683,7,20000,23001790_DEL_2025-10-15_1
X,23001790,Flying Perfection,LRL,2025-11-02,7,USA,MCL, ,6.0, ,6F,D,2,8,8,0,0,7,5,1060,860,0,0,900,1350,0,0,0,0,100,300,962,8,33700,23001790_LRL_2025-11-02_7
X,23001790,Flying Perfection,LRL,2025-11-29,6,USA,MCL, ,5.5, ,5 1/2F,D,4,6,6,0,0,8,10,1000,1170,0,0,1170,1670,300,10,0,0,200,50,803,12,30260,23001790_LRL_2025-11-29_6
X,23008262,Flying to Work,LRL,2025-11-30,5,USA,MCL, ,5.5, ,5 1/2F,D,4,7,7,0,0,7,4,2310,2250,0,0,1450,1275,0,0,0,0,0,10,83,7,27400,23008262_LRL_2025-11-30_5
X,23008262,Flying to Work,LRL,2026-01-09,6,USA,MCL, ,6.0, ,6F,D,4,7,7,0,0,4,5,920,670,0,0,220,280,100,350,0,0,10,75,57,11,24890,23008262_LRL_2026-01-09_6
X,23013965,For the Ladies,BAQ,2025-10-05,4,USA,MSW, ,6.0, ,6F,D,1,1,1,0,0,1,2,0,0,0,0,0,5,50,50,0,0,150,175,18,9,85000,23013965_BAQ_2025-10-05_4
X,23013965,For the Ladies,AQU,2025-11-29,1,USA,MSW, ,6.0, ,6F,D,1,1,1,0,0,1,1,0,0,0,0,0,0,100,250,0,0,600,725,13,4,85000,23013965_AQU_2025-11-29_1
X,23013965,For the Ladies,AQU,2026-01-10,2,USA,AOC, ,6.0, ,6F,D,2,1,1,0,0,1,3,0,0,0,0,0,650,10,50,0,0,50,0,6,3,83000,23013965_AQU_2026-01-10_2
X,21010862,Formal Affair,LRL,2025-10-11,3,USA,SHP, ,7.0, ,7F,D,1,11,10,0,0,5,1,1450,1460,0,0,360,0,0,250,0,0,10,200,89,11,40800,21010862_LRL_2025-10-11_3
X,21010862,Formal Affair,LRL,2025-11-09,8,USA,SOC, ,6.0, ,6F,D,6,7,5,0,0,5,1,600,410,0,0,80,0,0,50,0,0,10,50,42,7,32980,21010862_LRL_2025-11-09_8
X,21010862,Formal Affair,LRL,2025-11-22,8,USA,STK, ,9.0, ,1 1/8M,D,3,6,6,5,0,5,4,1210,1360,1050,0,950,1450,0,0,200,0,2000,25,458,6,100000,21010862_LRL_2025-11-22_8
X,21010862,Formal Affair,LRL,2025-12-13,8,USA,ALW, ,8.0, ,1M,D,6,5,4,2,0,5,3,260,250,100,0,260,500,150,250,10,0,600,50,44,6,48000,21010862_LRL_2025-12-13_8
X,21010862,Formal Affair,LRL,2025-12-20,2,USA,ALW, ,7.0, ,7F,D,6,7,7,0,0,6,6,950,1010,0,0,810,630,0,0,0,0,600,2625,56,7,53910,21010862_LRL_2025-12-20_2
 ,23005166,Fowl Mouth,DEL,2025-09-14,6,USA,STK, ,6.0, ,6F,D,2,1,2,0,0,3,6,0,100,0,0,250,1210,50,10,0,0,100,225,27,8,100000,23005166_DEL_2025-09-14_6
 ,23005166,Fowl Mouth,DEL,2025-09-28,2,USA,AOC, ,6.0, ,6F,D,3,8,7,0,0,7,6,400,420,0,0,610,925,0,10,0,0,50,75,74,8,72000,23005166_DEL_2025-09-28_2
X,23005166,Fowl Mouth,LRL,2025-11-09,2,USA,CLM, ,6.0, ,6F,D,3,5,5,0,0,3,2,850,810,0,0,650,500,50,250,0,0,10,150,10,6,31350,23005166_LRL_2025-11-09_2
X,23005166,Fowl Mouth,LRL,2025-12-13,5,USA,CLM, ,8.0, ,1M,D,7,3,2,4,0,7,7,300,50,210,0,1450,2475,300,100,50,0,0,0,29,7,45300,23005166_LRL_2025-12-13_5
X,21009540,Free Costs to Much,LRL,2025-12-06,3,USA,MCL, ,6.0, ,6F,D,2,6,6,0,0,6,6,910,1310,0,0,1310,1805,0,0,0,0,0,0,714,6,46535,21009540_LRL_2025-12-06_3
X,21009540,Free Costs to Much,LRL,2025-12-26,7,USA,MSW, ,6.0, ,6F,D,8,1,3,0,0,7,7,0,310,0,0,1220,3475,100,10,0,0,1200,1000,1087,8,49410,21009540_LRL_2025-12-26_7
 ,22001570,Freedom Glider,MED,2025-09-26,1,USA,MCL, ,8.5, ,1 1/16M,T,2,1,1,2,0,2,5,0,0,10,0,50,405,10,100,100,0,150,675,12,7,21100,22001570_MED_2025-09-26_1
X,22001570,Freedom Glider,LRL,2025-11-02,6,USA,MCL, ,8.0, ,1M,T,10,5,7,4,0,5,4,400,420,310,0,260,110,100,200,10,0,10,250,16,12,27020,22001570_LRL_2025-11-02_6
X,22001570,Freedom Glider,LRL,2025-11-16,3,USA,MCL, ,8.0, ,1M,T,6,3,3,4,0,7,4,160,200,120,0,380,300,10,50,100,0,500,25,47,9,34200,22001570_LRL_2025-11-16_3
 ,20020171,Freeze the Fire,TIM,2025-08-29,4,USA,SOC, ,6.5,A,6 1/2F,D,5,1,1,0,0,2,1,0,0,0,0,10,0,10,50,0,0,350,10,68,6,29430,20020171_TIM_2025-08-29_4
X,20020171,Freeze the Fire,LRL,2025-10-31,6,USA,SOC, ,6.0, ,6F,D,3,5,4,0,0,2,1,660,300,0,0,50,0,300,150,0,0,150,75,40,8,27540,20020171_LRL_2025-10-31_6
X,20020171,Freeze the Fire,LRL,2025-11-29,9,USA,SOC, ,6.0, ,6F,D,2,2,2,0,0,2,1,100,250,0,0,10,0,100,400,0,0,300,100,17,8,30435,20020171_LRL_2025-11-29_9
X,20020171,Freeze the Fire,LRL,2025-12-20,4,USA,SOC, ,6.0, ,6F,D,3,3,2,0,0,2,1,650,350,0,0,50,0,10,100,0,0,250,225,10,8,32610,20020171_LRL_2025-12-20_4
X,19013832,Fromanothamutha,BAQ,2025-09-26,2,USA,CLM, ,6.0, ,6F,D,1,3,2,0,0,1,1,60,10,0,0,0,0,400,150,0,0,100,175,42,5,55000,19013832_BAQ_2025-09-26_2
X,19013832,Fromanothamutha,BAQ,2025-10-18,2,USA,STR, ,6.0, ,6F,D,7,3,3,0,0,4,4,150,250,0,0,260,355,50,50,0,0,350,200,638,7,90000,19013832_BAQ_2025-10-18_2
X,19013832,Fromanothamutha,LRL,2025-11-07,9,USA,ALW, ,6.0, ,6F,D,6,6,7,0,0,7,7,320,760,0,0,570,635,50,100,0,0,100,75,51,9,54910,19013832_LRL_2025-11-07_9
 ,21013533,Frosty the Giant,CT ,2025-10-16,8,USA,ALW, ,6.5, ,6 1/2F,D,1,1,1,0,0,1,1,0,0,0,0,0,0,150,150,0,0,50,275,5,8,31700,21013533_CT_2025-10-16_8
 ,21013533,Frosty the Giant,PEN,2025-11-12,6,USA,AOC, ,8.0, ,1M,D,8,1,1,1,0,4,4,0,0,0,0,260,535,100,100,50,0,300,425,151,8,36000,21013533_PEN_2025-11-12_6
 ,21013533,Frosty the Giant,CT ,2025-12-11,8,USA,AOC, ,6.5, ,6 1/2F,D,4,3,2,0,0,7,9,150,100,0,0,560,1775,500,50,0,0,10,0,323,9,34000,21013533_CT_2025-12-11_8
 ,20005579,Full Moon Madness,PRX,2025-09-20,15,USA,STK, ,6.5, ,6 1/2F,D,1,7,6,0,0,4,2,280,370,0,0,160,150,50,100,0,0,50,25,47,9,150000,20005579_PRX_2025-09-20_15
X,20005579,Full Moon Madness,BAQ,2025-11-02,9,USA,STK,3,6.0, ,6F,D,5,5,4,0,0,4,3,310,150,0,0,160,300,200,100,0,0,350,100,26,8,175000,20005579_BAQ_2025-11-02_9
X,20005579,Full Moon Madness,AQU,2025-12-06,5,USA,STK,3,6.0, ,6F,D,2,5,4,0,0,4,5,170,210,0,0,450,725,0,10,0,0,100,0,36,5,250000,20005579_AQU_2025-12-06_5
X,22006112,Furious George,LRL,2025-10-19,4,USA,MCL, ,6.0, ,6F,D,7,8,8,0,0,7,7,1310,1310,0,0,670,1155,0,0,0,0,600,2775,25,8,25370,22006112_LRL_2025-10-19_4
X,22006112,Furious George,LRL,2025-11-09,10,USA,MCL, ,6.0, ,6F,D,6,4,4,0,0,4,4,510,1000,0,0,1300,1450,150,400,0,0,350,50,75,8,25370,22006112_LRL_2025-11-09_10
X,22006112,Furious George,LRL,2025-11-30,6,USA,MCL, ,6.0, ,6F,D,10,7,5,0,0,4,4,1100,750,0,0,450,750,500,50,0,0,50,125,40,10,25050,22006112_LRL_2025-11-30_6
X,22006112,Furious George,LRL,2025-12-26,6,USA,MCL, ,5.5, ,5 1/2F,D,7,6,5,0,0,7,6,660,550,0,0,720,925,50,50,0,0,150,50,230,11,27200,22006112_LRL_2025-12-26_6
 ,23015852,G Q Worthy,DEL,2025-10-11,9,USA,STK, ,8.0, ,1M,D,5,3,5,2,0,2,2,100,170,10,0,300,450,10,100,10,0,300,250,302,7,100000,23015852_DEL_2025-10-11_9
X,23015852,G Q Worthy,LRL,2025-11-02,9,USA,AOC, ,8.5, ,1 1/16M,D,3,3,2,3,0,5,5,350,250,550,0,960,2100,10,10,150,0,1500,625,63,7,50970,23015852_LRL_2025-11-02_9
X,23015852,G Q Worthy,LRL,2025-12-06,6,USA,STK, ,7.0, ,7F,D,1,8,7,0,0,5,2,830,620,0,0,320,25,150,100,0,0,100,50,265,9,125000,23015852_LRL_2025-12-06_6
 ,20010550,Game Keeper,CT ,2025-10-30,6,USA,AOC, ,8.5, ,1 1/16M,D,1,4,3,3,0,3,3,150,300,60,0,20,225,100,100,100,0,300,550,48,8,28700,20010550_CT_2025-10-30_6
 ,20010550,Game Keeper,CT ,2025-11-20,7,USA,AOC, ,8.5, ,1 1/16M,D,8,6,7,8,0,8,8,510,420,620,0,820,1400,50,300,100,0,50,600,59,9,28700,20010550_CT_2025-11-20_7
 ,20010550,Game Keeper,CT ,2025-12-11,4,USA,AOC, ,8.5, ,1 1/16M,D,2,6,6,7,0,5,5,360,460,510,0,800,1400,150,50,0,0,100,75,70,7,28700,20010550_CT_2025-12-11_4
 ,17011271,Gangly,PEN,2025-11-05,2,USA,CLM, ,8.0, ,1M,D,7,4,5,3,0,3,2,200,300,350,0,500,425,50,50,100,0,250,50,91,9,13000,17011271_PEN_2025-11-05_2
 ,17011271,Gangly,PEN,2025-11-28,1,USA,CLM, ,8.32, ,1M 70Y,D,4,2,1,1,0,1,1,10,0,0,0,0,0,100,10,10,0,150,225,20,6,13000,17011271_PEN_2025-11-28_1
 ,17011271,Gangly,PEN,2025-12-19,3,USA,CLM, ,6.0, ,6F,D,2,7,5,0,0,5,4,450,300,0,0,410,510,50,10,0,0,50,225,57,10,14000,17011271_PEN_2025-12-19_3
 ,17000068,Genghis,CT ,2025-11-14,5,USA,CLM, ,7.0, ,7F,D,4,3,3,0,0,3,3,300,400,0,0,400,175,50,200,0,0,400,575,10,7,14600,17000068_CT_2025-11-14_5
 ,17000068,Genghis,CT ,2025-12-06,8,USA,CLM, ,6.5, ,6 1/2F,D,7,7,7,0,0,7,6,600,660,0,0,620,1525,100,150,0,0,50,25,33,8,14600,17000068_CT_2025-12-06_8
 ,17000068,Genghis,PEN,2025-12-19,3,USA,CLM, ,6.0, ,6F,D,7,8,6,0,0,4,3,500,310,0,0,400,500,600,100,0,0,10,10,162,10,14000,17000068_PEN_2025-12-19_3
 ,20006400,Genieinabridle,TIM,2025-08-30,8,USA,ALW, ,8.5, ,1 1/16M,D,3,5,1,1,0,1,1,260,0,0,0,0,0,0,50,150,0,200,125,37,5,45100,20006400_TIM_2025-08-30_8
X,20006400,Genieinabridle,LRL,2025-10-31,10,USA,CLM, ,8.5, ,1 1/16M,D,1,1,1,1,0,1,1,0,0,0,0,0,0,100,100,50,0,200,325,15,7,19450,20006400_LRL_2025-10-31_10
X,20006400,Genieinabridle,LRL,2025-12-07,2,USA,SOC, ,9.0, ,1 1/8M,D,4,5,1,1,0,1,1,350,0,0,0,0,0,150,10,200,0,350,25,14,6,25100,20006400_LRL_2025-12-07_2
 ,20011779,Gluckstadt,PRM,2025-09-08,10,USA,ALW, ,6.0, ,6F,D,2,7,7,0,0,5,5,690,660,0,0,760,305,0,0,0,0,10,700,203,7,35500,20011779_PRM_2025-09-08_10
X,20011779,Gluckstadt,KEE,2025-10-12,8,USA,CLM, ,7.0, ,7F,D,2,7,7,0,0,4,6,670,430,0,0,260,410,200,300,0,0,100,475,85,9,51000,20011779_KEE_2025-10-12_8
X,20011779,Gluckstadt,LRL,2025-11-23,7,USA,SOC, ,8.0, ,1M,D,2,10,10,10,0,10,10,9999,9999,9999,0,9999,9999,9999,9999,9999,0,9999,9999,297,10,39055,20011779_LRL_2025-11-23_7
X,20011779,Gluckstadt,LRL,2025-12-20,2,USA,ALW, ,7.0, ,7F,D,3,3,3,0,0,3,3,300,60,0,0,160,300,200,200,0,0,350,225,134,7,53910,20011779_LRL_2025-12-20_2
X,23017975,God I Need a Favor,LRL,2025-10-31,3,USA,MCL, ,8.0, ,1M,D,6,5,4,1,0,1,1,260,260,0,0,0,0,200,100,50,0,350,75,74,8,33700,23017975_LRL_2025-10-31_3
X,23017975,God I Need a Favor,LRL,2025-11-23,2,USA,CLM, ,6.0, ,6F,D,1,5,5,0,0,4,2,260,170,0,0,260,10,150,100,0,0,100,325,72,6,34050,23017975_LRL_2025-11-23_2
X,23017975,God I Need a Favor,LRL,2025-12-07,7,USA,AOC, ,8.5, ,1 1/16M,D,4,3,4,3,0,3,3,400,300,210,0,550,1550,50,100,100,0,200,300,72,6,49735,23017975_LRL_2025-12-07_7
X,18007504,Gold Time Vixen,LRL,2025-10-10,4,USA,CLM, ,5.5, ,5 1/2F,D,6,7,7,0,0,7,6,580,620,0,0,1650,2375,0,0,0,0,0,150,692,7,21070,18007504_LRL_2025-10-10_4
X,18007504,Gold Time Vixen,LRL,2025-11-02,2,USA,CLM, ,6.0, ,6F,D,2,4,7,0,0,7,7,500,1160,0,0,1160,1475,100,0,0,0,0,0,1031,7,21070,18007504_LRL_2025-11-02_2
 ,18007504,Gold Time Vixen,CT ,2025-11-22,6,USA,CLM, ,6.5, ,6 1/2F,D,1,6,8,0,0,7,9,700,660,0,0,860,1250,100,150,0,0,100,1125,1259,10,14600,18007504_CT_2025-11-22_6
X,18007504,Gold Time Vixen,LRL,2025-12-19,5,USA,CLM, ,5.5, ,5 1/2F,D,1,5,5,0,0,5,6,800,700,0,0,650,875,600,600,0,0,600,825,833,7,18640,18007504_LRL_2025-12-19_5
X,20013475,Golden Charm,LRL,2025-10-10,7,USA,SOC, ,7.0, ,7F,D,3,5,5,0,0,4,5,500,550,0,0,600,950,50,250,0,0,10,150,124,7,30370,20013475_LRL_2025-10-10_7
X,20013475,Golden Charm,LRL,2025-11-02,2,USA,CLM, ,6.0, ,6F,D,7,5,5,0,0,5,6,600,660,0,0,910,1325,10,350,0,0,50,150,20,7,21070,20013475_LRL_2025-11-02_2
X,20013475,Golden Charm,LRL,2025-12-07,2,USA,SOC, ,9.0, ,1 1/8M,D,1,4,5,5,0,2,2,250,270,600,0,350,25,100,10,150,0,150,350,111,6,25100,20013475_LRL_2025-12-07_2
X,20013475,Golden Charm,LRL,2025-12-28,4,USA,SOC, ,8.5, ,1 1/16M,D,3,4,5,5,0,4,4,760,760,350,0,600,1375,150,10,800,0,150,600,44,6,24000,20013475_LRL_2025-12-28_4
 ,19013743,Golden Eib Micrphn,DEL,2025-10-18,7,USA,SOC, ,6.0, ,6F,D,3,5,2,0,0,2,2,260,150,0,0,200,125,0,100,0,0,100,200,44,5,20000,19013743_DEL_2025-10-18_7
 ,19013743,Golden Eib Micrphn,PEN,2025-11-06,2,USA,SOC, ,6.0, ,6F,D,5,8,8,0,0,5,2,570,580,0,0,360,75,0,0,0,0,10,5,26,8,23000,19013743_PEN_2025-11-06_2
 ,19013743,Golden Eib Micrphn,PEN,2025-11-28,3,USA,CLM, ,8.0, ,1M,D,3,3,4,3,0,3,1,110,260,160,0,250,0,50,10,50,0,150,200,76,8,22000,19013743_PEN_2025-11-28_3
 ,19001576,Golden Purchase,PRX,2025-10-07,6,USA,CLM, ,7.0, ,7F,D,5,4,4,0,0,4,4,220,170,0,0,900,925,300,600,0,0,800,1325,37,5,21000,19001576_PRX_2025-10-07_6
 ,19001576,Golden Purchase,PRX,2025-10-29,10,USA,CLM, ,8.32, ,1M 70Y,D,8,3,3,3,0,2,3,350,400,400,0,500,875,200,300,150,0,10,350,48,11,21000,19001576_PRX_2025-10-29_10
 ,19001576,Golden Purchase,PRX,2025-11-18,2,USA,CLM, ,8.32, ,1M 70Y,D,5,5,5,3,0,2,1,1060,700,110,0,10,0,400,500,150,0,300,575,13,7,21000,19001576_PRX_2025-11-18_2
X,19010023,Golden Rocket,BAQ,2025-10-25,9,USA,STK, ,8.5, ,1 1/16M,T,8,2,2,2,0,1,4,150,100,50,0,0,250,50,100,100,0,10,225,392,9,200000,19010023_BAQ_2025-10-25_9
X,19010023,Golden Rocket,AQU,2025-11-09,6,USA,AOC, ,6.0, ,6F,T,7,4,4,0,0,5,4,360,350,0,0,450,460,100,100,0,0,150,100,32,7,82000,19010023_AQU_2025-11-09_6
X,19010023,Golden Rocket,LRL,2025-11-21,7,USA,AOC, ,5.5, ,5 1/2F,T,6,5,4,0,0,4,5,550,450,0,0,410,185,200,50,0,0,50,50,57,9,54500,19010023_LRL_2025-11-21_7
X,23005943,Golden Sand,LRL,2025-09-28,2,USA,MCL, ,8.0, ,1M,D,4,7,7,1,0,1,1,1260,870,0,0,0,0,0,0,300,0,500,450,11,7,47035,23005943_LRL_2025-09-28_2
X,23005943,Golden Sand,LRL,2025-10-11,9,USA,STK, ,6.0, ,6F,D,7,9,10,0,0,9,7,740,1220,0,0,820,1050,200,400,0,0,150,25,195,13,102040,23005943_LRL_2025-10-11_9
X,23005943,Golden Sand,LRL,2025-11-23,3,USA,AOC, ,8.0, ,1M,D,6,6,6,6,0,5,5,650,700,1200,0,1400,1430,50,10,200,0,200,575,160,7,49500,23005943_LRL_2025-11-23_3
X,23000358,Gonna Make It,LRL,2025-10-19,6,USA,MCL, ,6.0, ,6F,D,1,8,8,0,0,8,8,1270,1950,0,0,2150,1780,0,0,0,0,0,0,144,8,34600,23000358_LRL_2025-10-19_6
X,23000358,Gonna Make It,LRL,2025-12-19,6,USA,MCL, ,8.5, ,1 1/16M,D,7,3,2,2,0,3,3,350,250,200,0,500,375,10,10,10,0,50,175,12,8,25740,23000358_LRL_2025-12-19_6
 ,23002053,Gonzalo,MVR,2025-11-05,1,USA,MCL, ,5.0, ,5F,D,1,4,5,0,0,5,3,260,310,0,0,320,310,100,0,0,0,0,25,16,5,15600,23002053_MVR_2025-11-05_1
X,23002053,Gonzalo,LRL,2025-11-14,10,USA,MCL, ,6.0, ,6F,D,1,8,4,0,0,4,3,820,1050,0,0,1550,1650,550,50,0,0,50,100,151,9,28400,23002053_LRL_2025-11-14_10
X,23002053,Gonzalo,LRL,2025-11-30,5,USA,MCL, ,5.5, ,5 1/2F,D,7,5,3,0,0,2,3,310,250,0,0,250,550,500,150,0,0,150,725,54,7,27400,23002053_LRL_2025-11-30_5
X,23002053,Gonzalo,LRL,2025-12-21,3,USA,MCL, ,6.0, ,6F,D,4,5,5,0,0,5,5,600,510,0,0,850,1275,200,150,0,0,250,550,144,9,28400,23002053_LRL_2025-12-21_3
X,21000715,Goodbye Note,LRL,2025-10-26,10,USA,AOC, ,7.0, ,7F,D,5,7,7,0,0,4,5,870,330,0,0,510,580,10,50,0,0,100,200,42,8,54000,21000715_LRL_2025-10-26_10
X,21000715,Goodbye Note,LRL,2025-11-14,4,USA,AOC, ,8.5, ,1 1/16M,D,4,1,1,1,0,1,4,0,0,0,0,0,650,150,300,300,0,150,175,182,7,54295,21000715_LRL_2025-11-14_4
X,21000715,Goodbye Note,LRL,2025-12-07,4,USA,SOC, ,6.0, ,6F,D,4,1,1,0,0,1,1,0,0,0,0,0,0,10,100,0,0,100,250,189,7,40830,21000715_LRL_2025-12-07_4
X,21000715,Goodbye Note,LRL,2025-12-28,7,USA,AOC, ,8.0, ,1M,D,3,2,2,2,0,3,3,10,50,10,0,160,900,450,200,200,0,500,225,79,4,56000,21000715_LRL_2025-12-28_7
 ,20017325,Gordian Knot,PRX,2025-11-11,7,USA,CLM, ,6.0, ,6F,D,2,3,4,0,0,3,2,150,220,0,0,300,325,10,50,0,0,100,150,21,7,35000,20017325_PRX_2025-11-11_7
 ,20017325,Gordian Knot,PRX,2025-11-28,9,USA,AOC, ,6.0, ,6F,D,8,6,7,0,0,9,9,370,610,0,0,1300,1700,50,50,0,0,200,50,65,10,42000,20017325_PRX_2025-11-28_9
 ,20017325,Gordian Knot,PRX,2025-12-24,6,USA,AOC, ,6.5, ,6 1/2F,D,7,6,4,0,0,3,2,180,300,0,0,700,325,250,10,0,0,50,125,82,9,42000,20017325_PRX_2025-12-24_6
X,21000940,Gourmet,LRL,2025-10-05,4,USA,SOC, ,8.5, ,1 1/16M,T,2,1,1,1,0,2,4,0,0,0,0,10,250,200,50,100,0,150,100,24,8,31000,21000940_LRL_2025-10-05_4
X,21000940,Gourmet,LRL,2025-10-26,5,USA,SOC, ,6.0, ,6F,T,8,5,6,0,0,8,8,660,570,0,0,800,450,10,100,0,0,200,250,418,10,32900,21000940_LRL_2025-10-26_5
 ,21000940,Gourmet,PEN,2025-11-13,5,USA,AOC, ,8.0, ,1M,D,3,3,3,2,0,5,5,250,260,500,0,820,1425,650,700,10,0,600,675,92,6,36000,21000940_PEN_2025-11-13_5
X,21000940,Gourmet,LRL,2025-12-12,3,USA,SOC, ,6.0, ,6F,D,2,3,4,0,0,4,4,60,260,0,0,600,1125,50,100,0,0,250,275,120,6,30450,21000940_LRL_2025-12-12_3
X,23015374,Grand Hall,LRL,2025-11-28,3,USA,MSW, ,6.0, ,6F,D,5,7,4,0,0,4,3,550,650,0,0,700,1100,0,10,0,0,50,25,65,7,45500,23015374_LRL_2025-11-28_3
 ,22013715,Grayson's Girl,TIM,2025-08-29,8,USA,ALW, ,6.5,A,6 1/2F,D,4,3,2,0,0,3,3,160,350,0,0,210,325,50,50,0,0,350,10,9,5,44000,22013715_TIM_2025-08-29_8
X,22013715,Grayson's Girl,LRL,2025-09-19,7,USA,ALW, ,6.0, ,6F,D,2,4,4,0,0,2,1,300,260,0,0,250,0,100,400,0,0,300,50,23,8,49000,22013715_LRL_2025-09-19_7
X,22013715,Grayson's Girl,LRL,2025-11-29,7,USA,STK, ,7.0, ,7F,D,4,6,5,0,0,3,1,460,520,0,0,100,0,50,400,0,0,150,225,58,7,100000,22013715_LRL_2025-11-29_7
X,20019378,Great Heavens,LRL,2025-10-18,8,USA,ALW, ,5.5, ,5 1/2F,T,9,9,8,0,0,4,2,850,860,0,0,510,300,100,50,0,0,150,75,40,10,50000,20019378_LRL_2025-10-18_8
X,20019378,Great Heavens,LRL,2025-11-14,7,USA,ALW, ,6.0, ,6F,D,7,8,6,0,0,2,2,610,310,0,0,250,275,200,10,0,0,200,250,24,9,49500,20019378_LRL_2025-11-14_7
X,20019378,Great Heavens,LRL,2025-11-30,4,USA,ALW, ,6.0, ,6F,D,3,5,3,0,0,3,4,310,350,0,0,160,200,100,150,0,0,200,725,24,6,48000,20019378_LRL_2025-11-30_4
X,20019378,Great Heavens,LRL,2025-12-26,8,USA,ALW, ,5.5, ,5 1/2F,D,8,8,8,0,0,6,5,1170,1120,0,0,700,185,0,0,0,0,250,150,20,8,49000,20019378_LRL_2025-12-26_8
X,20011903,Greek Heiress,ELP,2025-08-03,1,USA,SOC, ,6.5, ,6 1/2F,D,2,1,1,0,0,1,1,0,0,0,0,0,0,100,100,0,0,500,525,29,8,50000,20011903_ELP_2025-08-03_1
X,20011903,Greek Heiress,ELP,2025-08-24,6,USA,ALW, ,6.0, ,6F,D,5,2,1,0,0,4,6,10,0,0,0,400,1450,100,10,0,0,10,25,8,7,102000,20011903_ELP_2025-08-24_6
X,20011903,Greek Heiress,KEE,2025-10-15,4,USA,CLM, ,6.0, ,6F,D,5,4,4,0,0,5,5,460,600,0,0,1050,1525,200,350,0,0,250,225,34,7,69000,20011903_KEE_2025-10-15_4
 ,22009796,Green Eyed Monster,DEL,2025-08-09,5,USA,AOC, ,6.0, ,6F,D,7,4,2,0,0,2,2,250,10,0,0,300,400,100,10,0,0,100,175,87,7,46000,22009796_DEL_2025-08-09_5
 ,22009796,Green Eyed Monster,CT ,2025-09-26,7,USA,ALW, ,6.5, ,6 1/2F,D,2,1,1,0,0,1,1,0,0,0,0,0,0,150,100,0,0,100,250,10,8,31700,22009796_CT_2025-09-26_7
X,22009796,Green Eyed Monster,LRL,2025-10-11,7,USA,STK, ,7.0, ,7F,D,8,1,1,0,0,1,2,0,0,0,0,0,175,100,100,0,0,200,250,76,12,102030,22009796_LRL_2025-10-11_7
X,22009796,Green Eyed Monster,LRL,2025-12-20,7,USA,STK, ,6.0, ,6F,D,7,4,3,0,0,1,3,250,20,0,0,0,375,250,150,0,0,50,250,94,8,100000,22009796_LRL_2025-12-20_7
 ,21005285,Gregorian Solo,DEL,2025-08-23,5,USA,CLM, ,8.0,A,1M,T,3,3,4,5,0,5,6,200,360,300,0,460,805,100,50,100,0,200,10,284,8,22000,21005285_DEL_2025-08-23_5
 ,21005285,Gregorian Solo,DEL,2025-09-20,3,USA,CLM, ,6.0, ,6F,D,8,8,4,0,0,3,3,520,400,0,0,300,100,50,10,0,0,100,125,24,9,16000,21005285_DEL_2025-09-20_3
 ,21005285,Gregorian Solo,DEL,2025-10-15,3,USA,CLM, ,8.32, ,1M 70Y,D,9,8,8,7,0,5,9,470,680,470,0,130,0,100,50,200,0,100,10,34,9,16000,21005285_DEL_2025-10-15_3
X,23005168,Greyline Station,LRL,2025-10-19,6,USA,MCL, ,6.0, ,6F,D,4,6,5,0,0,5,4,1160,1250,0,0,1000,650,100,100,0,0,300,5,75,8,34600,23005168_LRL_2025-10-19_6
X,23005168,Greyline Station,LRL,2025-11-29,3,USA,MSW, ,7.0, ,7F,D,7,7,6,0,0,7,5,670,1410,0,0,1010,900,150,10,0,0,1500,50,326,9,48500,23005168_LRL_2025-11-29_3
X,23005168,Greyline Station,LRL,2025-12-13,4,USA,MCL, ,8.0, ,1M,D,2,6,5,3,0,2,2,600,270,150,0,10,50,0,50,100,0,100,350,31,6,30450,23005168_LRL_2025-12-13_4
 ,21014434,Group Ticket,DEL,2025-09-13,4,USA,STR, ,8.32, ,1M 70Y,D,8,4,5,2,0,1,1,300,320,100,0,0,0,100,200,200,0,100,200,31,9,50000,21014434_DEL_2025-09-13_4
 ,21014434,Group Ticket,PRX,2025-10-08,4,USA,SOC, ,8.0, ,1M,D,1,4,5,5,0,4,3,160,260,560,0,610,500,100,500,300,0,300,225,16,6,30000,21014434_PRX_2025-10-08_4
 ,21014434,Group Ticket,PRX,2025-11-04,9,USA,SOC, ,8.0, ,1M,D,6,4,2,4,0,3,4,360,150,160,0,200,375,150,10,100,0,100,275,21,7,30000,21014434_PRX_2025-11-04_9
X,21014434,Group Ticket,LRL,2025-12-27,3,USA,ALW, ,9.0, ,1 1/8M,D,1,4,4,3,0,2,2,210,160,300,0,200,300,150,100,100,0,250,750,20,6,49000,21014434_LRL_2025-12-27_3
 ,20019950,Guaponess,PRX,2025-10-28,3,USA,CLM, ,6.0, ,6F,D,1,3,2,0,0,1,1,60,200,0,0,0,0,50,50,0,0,50,200,26,5,32000,20019950_PRX_2025-10-28_3
 ,20019950,Guaponess,PRX,2025-11-19,9,USA,AOC, ,8.32, ,1M 70Y,D,7,2,2,1,0,1,1,200,100,0,0,0,0,150,100,100,0,400,125,32,7,50000,20019950_PRX_2025-11-19_9
 ,20019950,Guaponess,PRX,2025-12-30,7,USA,SOC, ,8.5, ,1 1/16M,D,6,1,1,1,0,5,5,0,0,0,0,950,1450,50,50,50,0,100,25,9,8,50000,20019950_PRX_2025-12-30_7
 ,21012793,Guardian Prince,PEN,2025-02-28,5,USA,ALW, ,6.0, ,6F,D,6,2,2,0,0,1,1,50,10,0,0,0,0,150,200,0,0,10,25,69,6,35000,21012793_PEN_2025-02-28_5
 ,21012793,Guardian Prince,CT ,2025-10-30,7,USA,ALW, ,4.5, ,4 1/2F,D,2,4,0,0,0,4,2,310,0,0,0,160,100,200,0,0,0,10,10,50,6,32800,21012793_CT_2025-10-30_7
 ,21012793,Guardian Prince,CT ,2025-11-26,7,USA,ALW, ,7.0, ,7F,D,3,3,4,0,0,5,7,150,160,0,0,400,825,50,100,0,0,100,775,68,8,32800,21012793_CT_2025-11-26_7
X,16013161,Gun It,SAR,2025-07-06,1,USA,AOC, ,6.0, ,6F,D,2,2,3,0,0,3,4,150,400,0,0,750,925,10,250,0,0,50,200,47,5,110000,16013161_SAR_2025-07-06_1
 ,16013161,Gun It,PRX,2025-10-28,3,USA,CLM, ,6.0, ,6F,D,3,2,3,0,0,3,3,50,250,0,0,400,575,10,300,0,0,500,550,18,5,32000,16013161_PRX_2025-10-28_3
 ,16013161,Gun It,PRX,2025-11-25,4,USA,CLM, ,6.0, ,6F,D,4,1,1,0,0,1,1,0,0,0,0,0,0,10,100,0,0,200,150,14,8,28000,16013161_PRX_2025-11-25_4
 ,23014779,Gurney Halleck,CT ,2025-09-20,7,USA,STK, ,4.5, ,4 1/2F,D,2,6,0,0,0,5,1,560,0,0,0,250,0,100,0,0,0,50,50,20,7,75000,23014779_CT_2025-09-20_7
 ,23014779,Gurney Halleck,CT ,2025-10-11,4,USA,STK, ,6.5, ,6 1/2F,D,3,3,3,0,0,2,2,250,160,0,0,200,300,200,1200,0,0,400,1275,3,6,75000,23014779_CT_2025-10-11_4
X,23014779,Gurney Halleck,LRL,2025-11-08,9,USA,STK, ,6.0, ,6F,D,2,7,8,0,0,7,3,820,1150,0,0,720,750,50,10,0,0,10,10,60,10,100000,23014779_LRL_2025-11-08_9
 ,21000568,Hagrid's Flame,PRX,2025-04-07,9,USA,AOC, ,8.32, ,1M 70Y,D,2,3,4,3,0,1,2,350,210,20,0,0,0,50,150,100,0,50,175,18,7,50000,21000568_PRX_2025-04-07_9
X,21000568,Hagrid's Flame,LRL,2025-11-14,4,USA,AOC, ,8.5, ,1 1/16M,D,2,4,3,5,0,3,1,210,350,550,0,200,0,150,50,100,0,10,225,19,7,54295,21000568_LRL_2025-11-14_4
X,21000568,Hagrid's Flame,LRL,2025-11-30,7,USA,AOC, ,8.5, ,1 1/16M,D,3,2,2,2,0,2,3,100,250,200,0,550,950,100,50,150,0,150,775,28,6,53000,21000568_LRL_2025-11-30_7
 ,21008059,Half a League,DEL,2025-08-13,3,USA,CLM, ,7.5,A,7 1/2F,T,1,7,8,0,0,6,5,510,510,0,0,330,525,100,0,0,0,10,50,61,8,21000,21008059_DEL_2025-08-13_3
 ,21008059,Half a League,DEL,2025-09-18,9,USA,CLM, ,6.0, ,6F,D,2,7,7,0,0,7,6,770,760,0,0,1000,1135,0,0,0,0,0,500,194,7,25000,21008059_DEL_2025-09-18_9
X,21008059,Half a League,LRL,2025-10-31,2,USA,SOC, ,7.0, ,7F,D,6,4,4,0,0,4,3,260,610,0,0,700,875,150,50,0,0,50,75,151,6,26180,21008059_LRL_2025-10-31_2
X,21004771,Happy Jaunt,LRL,2025-09-05,1,USA,SOC, ,8.0, ,1M,T,6,2,3,2,0,3,3,150,60,10,0,400,280,50,200,100,0,10,50,662,8,33300,21004771_LRL_2025-09-05_1
X,21004771,Happy Jaunt,LRL,2025-10-17,5,USA,SOC, ,8.5, ,1 1/16M,T,8,6,5,6,0,7,4,420,410,330,0,370,175,10,10,200,0,10,10,351,12,27020,21004771_LRL_2025-10-17_5
X,21004771,Happy Jaunt,LRL,2025-11-23,5,USA,SOC, ,8.0, ,1M,D,6,3,2,2,0,3,3,200,100,350,0,350,700,100,50,10,0,350,525,236,9,26240,21004771_LRL_2025-11-23_5
X,21004771,Happy Jaunt,LRL,2025-12-13,6,USA,SOC, ,6.0, ,6F,D,2,2,5,0,0,7,7,100,500,0,0,1210,1675,10,10,0,0,0,0,170,7,27760,21004771_LRL_2025-12-13_6
X,21004771,Happy Jaunt,LRL,2025-12-27,9,USA,CLM, ,8.5, ,1 1/16M,D,6,2,2,3,0,4,4,100,50,200,0,510,1180,150,150,50,0,200,25,51,7,22560,21004771_LRL_2025-12-27_9
X,23014262,Hardtoblame,IND,2025-10-23,2,USA,MSW, ,8.0, ,1M,D,1,4,4,4,0,3,3,450,400,300,0,500,775,300,400,450,0,150,200,35,7,32000,23014262_IND_2025-10-23_2
X,23014262,Hardtoblame,CD ,2025-11-23,2,USA,MCL, ,8.0, ,1M,D,7,5,5,2,0,1,1,210,500,150,0,0,0,200,10,50,0,100,125,9,8,57000,23014262_CD_2025-11-23_2
X,23014262,Hardtoblame,TP ,2025-12-27,7,USA,AOC, ,8.0, ,1M,D,9,5,5,6,0,8,8,360,510,370,0,460,905,150,10,150,0,50,50,249,10,102000,23014262_TP_2025-12-27_7
X,19008473,Hatch,MTH,2025-07-27,3,USA,CLM, ,5.5,A,5 1/2F,T,1,5,5,0,0,5,5,650,700,0,0,700,1025,0,0,0,0,0,0,152,5,26000,19008473_MTH_2025-07-27_3
X,19008473,Hatch,MTH,2025-08-17,8,USA,AOC, ,8.32, ,1M 70Y,D,2,1,1,4,0,7,7,0,0,850,0,1420,2750,50,50,10,0,400,925,118,8,55050,19008473_MTH_2025-08-17_8
 ,19008473,Hatch,PRX,2025-10-28,6,USA,CLM, ,6.0, ,6F,D,3,3,5,0,0,5,5,210,560,0,0,710,900,10,500,0,0,200,100,54,6,28000,19008473_PRX_2025-10-28_6
X,19008473,Hatch,LRL,2025-12-12,6,USA,SOC, ,7.0, ,7F,D,3,2,4,0,0,5,6,10,310,0,0,800,900,50,100,0,0,250,850,69,8,25020,19008473_LRL_2025-12-12_6
X,20018850,Hay Chief,LRL,2025-09-21,4,USA,SOC, ,8.5, ,1 1/16M,D,7,4,5,5,0,6,5,450,410,510,0,610,1005,10,500,10,0,250,125,56,7,30370,20018850_LRL_2025-09-21_4
X,20018850,Hay Chief,LRL,2025-11-08,4,USA,CLM, ,8.5, ,1 1/16M,D,3,8,8,8,0,6,3,1570,1210,960,0,710,410,200,200,500,0,50,10,41,9,19640,20018850_LRL_2025-11-08_4
X,20018850,Hay Chief,LRL,2025-11-29,2,USA,CLM, ,8.5, ,1 1/16M,D,7,7,7,5,0,3,2,770,760,710,0,550,825,0,0,500,0,200,5,25,8,19140,20018850_LRL_2025-11-29_2
X,21018895,Heard On Thestreet,LRL,2025-09-21,6,USA,AOC, ,6.0, ,6F,D,6,8,6,0,0,4,3,440,560,0,0,800,500,150,10,0,0,50,10,113,10,63880,21018895_LRL_2025-09-21_6
X,21018895,Heard On Thestreet,LRL,2025-10-11,12,USA,STK, ,6.0, ,6F,D,3,3,4,0,0,4,6,250,360,0,0,500,925,10,250,0,0,200,400,68,8,100000,21018895_LRL_2025-10-11_12
X,21018895,Heard On Thestreet,LRL,2025-11-27,7,USA,AOC, ,6.0, ,6F,D,5,4,4,0,0,2,2,460,550,0,0,350,800,50,200,0,0,10,175,41,8,55590,21018895_LRL_2025-11-27_7
X,23010330,Heat Check,LRL,2025-06-28,5,USA,MSW, ,5.5, ,5 1/2F,D,1,1,1,0,0,1,1,0,0,0,0,0,0,100,100,0,0,250,50,22,6,45000,23010330_LRL_2025-06-28_5
X,22015381,Hey Alexa,LRL,2024-12-08,7,USA,MSW, ,6.0, ,6F,D,4,7,7,0,0,7,7,1350,1000,0,0,1150,1600,0,0,0,0,0,0,277,7,48710,22015381_LRL_2024-12-08_7
X,22015381,Hey Alexa,LRL,2024-12-29,6,USA,MCL, ,7.0, ,7F,D,8,5,5,0,0,9,9,320,460,0,0,1220,2645,350,50,0,0,500,300,623,11,37965,22015381_LRL_2024-12-29_6
 ,23009795,Higher Sense,PRX,2025-10-29,6,USA,MSW, ,8.0, ,1M,D,1,2,3,2,0,2,2,50,110,50,0,50,250,10,100,150,0,500,500,588,8,50000,23009795_PRX_2025-10-29_6
 ,23009795,Higher Sense,PRX,2025-11-24,8,USA,MSW, ,8.0, ,1M,D,4,6,6,4,0,4,5,330,320,400,0,510,875,150,150,250,0,300,850,13,7,50000,23009795_PRX_2025-11-24_8
 ,23009795,Higher Sense,PRX,2025-12-30,8,USA,STK, ,7.0, ,7F,D,3,2,3,0,0,2,2,10,210,0,0,1200,1900,50,0,0,0,500,800,87,3,75000,23009795_PRX_2025-12-30_8
X,21012937,Hittheroadjak,LRL,2025-10-19,5,USA,AOC, ,8.0, ,1M,T,4,6,6,6,0,7,7,660,810,760,0,720,340,350,350,250,0,0,0,152,7,56500,21012937_LRL_2025-10-19_5
X,21012937,Hittheroadjak,LRL,2025-11-15,4,USA,AOC, ,8.5, ,1 1/16M,T,3,3,3,3,0,5,6,400,200,150,0,270,455,200,100,50,0,150,0,236,6,56000,21012937_LRL_2025-11-15_4
X,21012937,Hittheroadjak,LRL,2025-11-22,8,USA,STK, ,9.0, ,1 1/8M,D,1,1,1,1,0,2,3,0,0,0,0,50,550,200,250,250,0,300,900,37,6,100000,21012937_LRL_2025-11-22_8
X,21012937,Hittheroadjak,LRL,2025-12-20,8,USA,STK, ,8.5, ,1 1/16M,D,4,2,2,2,0,5,5,100,100,100,0,750,1975,100,300,100,0,0,0,165,5,100000,21012937_LRL_2025-12-20_8
X,21012937,Hittheroadjak,LRL,2026-01-17,7,USA,STK, ,8.0, ,1M,D,5,4,4,6,0,6,6,450,850,1400,0,1800,2205,10,100,100,0,200,625,129,7,100000,21012937_LRL_2026-01-17_7
X,23009978,Hixon,LRL,2025-12-05,5,USA,MSW, ,8.0, ,1M,D,3,4,3,2,0,1,1,210,160,150,0,0,0,10,10,10,0,50,300,40,7,51730,23009978_LRL_2025-12-05_5
X,21003826,Hockey,GP ,2025-02-20,5,USA,CLM, ,8.0, ,1M,T,2,5,6,6,0,7,7,460,260,260,0,570,1005,50,100,50,0,50,1275,107,8,41000,21003826_GP_2025-02-20_5
X,21003826,Hockey,GP ,2025-03-21,3,USA,CLM, ,5.5, ,5 1/2F,D,4,3,3,0,0,5,5,160,300,0,0,400,600,250,250,0,0,10,200,31,6,28000,21003826_GP_2025-03-21_3
X,21003826,Hockey,GP ,2025-04-11,3,USA,CLM, ,8.32, ,1M 70Y,D,4,1,1,3,0,4,6,0,0,20,0,160,800,250,50,50,0,50,100,56,8,26000,21003826_GP_2025-04-11_3
X,22010286,Hold Your Breath,LRL,2025-10-19,9,USA,AOC, ,8.0, ,1M,T,10,2,1,2,0,4,9,10,0,10,0,120,635,150,10,200,0,250,1100,60,10,59770,22010286_LRL_2025-10-19_9
 ,22010286,Hold Your Breath,PRX,2025-11-12,9,USA,AOC, ,6.5, ,6 1/2F,D,3,1,1,0,0,1,1,0,0,0,0,0,0,10,250,0,0,800,975,19,7,52000,22010286_PRX_2025-11-12_9
X,22010286,Hold Your Breath,AQU,2025-12-07,6,USA,STK, ,6.0, ,6F,D,7,1,1,0,0,1,1,0,0,0,0,0,0,100,100,0,0,10,200,30,7,150000,22010286_AQU_2025-12-07_6
 ,23013491,Hollywood Import,DEL,2025-10-09,3,USA,MSW, ,6.0, ,6F,D,2,7,6,0,0,4,1,620,180,0,0,170,0,0,200,0,0,150,10,56,7,45000,23013491_DEL_2025-10-09_3
X,23013491,Hollywood Import,LRL,2025-11-08,9,USA,STK, ,6.0, ,6F,D,8,10,7,0,0,8,2,1120,1050,0,0,730,525,0,100,0,0,100,225,63,10,100000,23013491_LRL_2025-11-08_9
X,23013491,Hollywood Import,LRL,2025-11-23,3,USA,AOC, ,8.0, ,1M,D,2,7,7,4,0,4,4,700,710,900,0,900,605,0,0,100,0,500,825,10,7,49500,23013491_LRL_2025-11-23_3
X,23013491,Hollywood Import,LRL,2025-12-27,8,USA,STK, ,7.0, ,7F,D,6,1,1,0,0,1,1,0,0,0,0,0,0,200,250,0,0,400,175,96,6,100000,23013491_LRL_2025-12-27_8
X,23004937,Holy Storm,LRL,2025-09-07,6,USA,MCL, ,5.5, ,5 1/2F,D,8,4,4,0,0,1,2,210,170,0,0,0,10,50,100,0,0,150,475,77,8,27480,23004937_LRL_2025-09-07_6
X,23004937,Holy Storm,LRL,2025-10-03,5,USA,MCL, ,6.0, ,6F,D,8,2,2,0,0,1,1,400,100,0,0,0,0,100,150,0,0,300,400,44,11,29400,23004937_LRL_2025-10-03_5
X,23004937,Holy Storm,LRL,2025-11-02,5,USA,CLM, ,6.0, ,6F,D,5,3,3,0,0,3,2,250,200,0,0,350,375,50,400,0,0,300,25,66,6,33600,23004937_LRL_2025-11-02_5
X,23004937,Holy Storm,LRL,2025-12-13,9,USA,CLM, ,6.0, ,6F,D,1,4,4,0,0,2,3,400,210,0,0,200,185,300,200,0,0,100,875,70,7,34550,23004937_LRL_2025-12-13_9
X,19002257,Holy Synchronicity,LRL,2025-10-26,10,USA,AOC, ,7.0, ,7F,D,1,2,4,0,0,8,8,50,170,0,0,680,960,150,10,0,0,0,0,113,8,54000,19002257_LRL_2025-10-26_10
X,19002257,Holy Synchronicity,LRL,2025-11-09,8,USA,SOC, ,6.0, ,6F,D,3,5,7,0,0,7,6,350,560,0,0,340,475,200,0,0,0,0,150,143,7,32980,19002257_LRL_2025-11-09_8
 ,19002257,Holy Synchronicity,CT ,2026-01-10,7,USA,ALW, ,7.0, ,7F,D,2,1,1,0,0,7,7,0,0,0,0,760,1825,50,10,0,0,0,0,235,7,36200,19002257_CT_2026-01-10_7
X,23009002,Honor Our Country,CNL,2025-09-10,2,USA,MSW, ,7.0, ,7F,D,6,3,3,0,0,3,3,150,250,0,0,550,880,10,50,0,0,10,50,79,7,70000,23009002_CNL_2025-09-10_2
X,23009002,Honor Our Country,LRL,2025-10-10,6,USA,MSW, ,7.0, ,7F,D,5,7,9,0,0,10,10,310,490,0,0,1470,2295,10,50,0,0,300,1150,83,12,50705,23009002_LRL_2025-10-10_6
X,23009002,Honor Our Country,LRL,2025-12-07,8,USA,MCL, ,8.5, ,1 1/16M,D,1,1,1,1,0,2,1,0,0,0,0,100,275,50,50,10,0,600,1250,21,7,42115,23009002_LRL_2025-12-07_8
 ,23011876,Honor Roll,PRX,2025-09-20,3,USA,MSW, ,6.5, ,6 1/2F,D,5,1,1,0,0,3,4,0,0,0,0,200,800,50,100,0,0,600,475,198,8,100000,23011876_PRX_2025-09-20_3
 ,23011876,Honor Roll,PRX,2025-10-15,4,USA,MSW, ,5.5, ,5 1/2F,D,3,1,1,0,0,1,1,0,0,0,0,0,0,150,300,0,0,500,275,21,6,50000,23011876_PRX_2025-10-15_4
 ,23011876,Honor Roll,PRX,2025-11-18,8,USA,AOC, ,6.0, ,6F,D,4,1,1,0,0,1,2,0,0,0,0,0,25,10,300,0,0,150,75,10,4,42000,23011876_PRX_2025-11-18_8
 ,20016074,Honor the Truth,TIM,2025-08-24,1,USA,CLM, ,8.0, ,1M,D,3,6,6,6,0,5,4,460,1000,1500,0,950,900,0,0,0,0,250,400,28,6,15000,20016074_TIM_2025-08-24_1
 ,20016074,Honor the Truth,DEL,2025-09-25,6,USA,CLM, ,8.0, ,1M,D,5,5,5,5,0,5,3,650,910,700,0,900,725,250,50,300,0,500,25,52,6,19000,20016074_DEL_2025-09-25_6
X,20016074,Honor the Truth,LRL,2025-11-28,5,USA,CLM, ,8.5, ,1 1/16M,D,4,8,8,8,0,5,2,1500,1550,1460,0,950,625,0,0,0,0,150,100,171,8,21300,20016074_LRL_2025-11-28_5
X,20016074,Honor the Truth,LRL,2025-12-21,9,USA,CLM, ,8.0, ,1M,D,8,6,5,4,0,3,2,720,1010,350,0,200,50,250,50,300,0,50,300,44,8,21300,20016074_LRL_2025-12-21_9
X,23013198,Honor Thy Cookie,LRL,2025-10-10,5,USA,MSW, ,5.5, ,5 1/2F,T,2,7,9,0,0,8,6,610,1060,0,0,1250,385,10,200,0,0,250,50,131,10,49000,23013198_LRL_2025-10-10_5
X,23013198,Honor Thy Cookie,LRL,2025-11-01,9,USA,MSW, ,8.0, ,1M,D,8,3,3,2,0,2,2,150,250,200,0,300,450,100,10,10,0,200,150,36,8,48705,23013198_LRL_2025-11-01_9
X,23013198,Honor Thy Cookie,LRL,2025-11-22,5,USA,MSW, ,8.0, ,1M,T,10,5,5,6,0,5,6,410,450,610,0,910,675,50,10,200,0,10,500,61,12,50000,23013198_LRL_2025-11-22_5
X,23002970,Hoof and Boots,LRL,2025-09-19,6,USA,MSW, ,8.0, ,1M,T,2,10,9,10,0,10,10,1350,1120,1200,0,2010,2675,0,10,0,0,0,0,57,10,49000,23002970_LRL_2025-09-19_6
X,23002970,Hoof and Boots,LRL,2025-10-17,6,USA,MCL, ,6.0, ,6F,D,3,8,8,0,0,4,3,1060,750,0,0,650,425,250,350,0,0,250,450,68,10,32900,23002970_LRL_2025-10-17_6
X,23002970,Hoof and Boots,LRL,2025-11-21,6,USA,MSW, ,6.0, ,6F,D,6,8,5,0,0,5,5,1010,750,0,0,950,1460,0,150,0,0,350,700,85,8,49410,23002970_LRL_2025-11-21_6
 ,22016072,Hot Rod Kitty,PEN,2025-08-13,3,USA,ALW, ,8.0, ,1M,D,1,3,4,4,0,4,3,350,700,700,0,900,1050,150,0,0,0,0,50,68,4,39000,22016072_PEN_2025-08-13_3
 ,22016072,Hot Rod Kitty,PRX,2025-09-19,11,USA,ALW, ,6.5, ,6 1/2F,D,6,6,7,0,0,7,7,710,870,0,0,1010,1060,10,0,0,0,0,0,626,7,70000,22016072_PRX_2025-09-19_11
 ,22016072,Hot Rod Kitty,PID,2025-10-16,7,USA,ALW, ,8.0, ,1M,D,6,3,5,5,0,5,4,250,260,410,0,770,825,10,200,200,0,400,550,158,6,38000,22016072_PID_2025-10-16_7
 ,23014256,Hotmessness,DEL,2025-10-15,1,USA,MCL, ,6.0, ,6F,D,5,3,4,0,0,3,1,110,210,0,0,60,0,10,10,0,0,100,225,34,7,20000,23014256_DEL_2025-10-15_1
X,23014256,Hotmessness,LRL,2025-11-02,5,USA,CLM, ,6.0, ,6F,D,3,4,4,0,0,5,5,300,600,0,0,850,500,150,100,0,0,10,150,24,6,33600,23014256_LRL_2025-11-02_5
X,23014256,Hotmessness,LRL,2025-11-23,2,USA,CLM, ,6.0, ,6F,D,3,4,4,0,0,5,4,250,160,0,0,360,535,10,10,0,0,450,300,102,6,34050,23014256_LRL_2025-11-23_2
X,20009759,How Sweet She Is,LRL,2025-09-28,9,USA,ALW, ,8.5, ,1 1/16M,T,5,4,3,4,0,7,7,220,260,270,0,560,700,150,100,150,0,0,0,47,7,50970,20009759_LRL_2025-09-28_9
X,20009759,How Sweet She Is,LRL,2025-10-31,8,USA,ALW, ,9.0, ,1 1/8M,D,5,2,2,2,0,3,5,100,100,50,0,200,425,100,50,10,0,150,1400,38,6,53410,20009759_LRL_2025-10-31_8
X,20009759,How Sweet She Is,LRL,2025-12-05,7,USA,ALW, ,8.5, ,1 1/16M,D,3,1,2,2,0,4,5,0,100,450,0,700,1525,10,150,10,0,150,200,93,8,50735,20009759_LRL_2025-12-05_7
X,22005320,Hysterics,CNL,2025-09-13,5,USA,MCL, ,8.5, ,1 1/16M,T,5,5,6,6,0,7,6,350,310,260,0,560,300,50,100,100,0,0,150,38,7,40000,22005320_CNL_2025-09-13_5
X,22005320,Hysterics,LRL,2025-10-10,3,USA,MCL, ,8.0, ,1M,T,2,7,7,5,0,5,6,760,610,310,0,360,380,300,150,150,0,50,175,234,11,32500,22005320_LRL_2025-10-10_3
X,22005320,Hysterics,LRL,2025-11-07,1,USA,MCL, ,8.0, ,1M,T,8,6,5,6,0,4,2,710,500,650,0,410,5,100,10,200,0,50,10,52,10,26020,22005320_LRL_2025-11-07_1
X,18013711,I Can Do It,LRL,2025-06-22,2,USA,SOC, ,7.0, ,7F,D,2,2,3,0,0,2,2,10,300,0,0,350,450,150,10,0,0,10,25,141,7,32780,18013711_LRL_2025-06-22_2
X,18013711,I Can Do It,LRL,2025-09-19,7,USA,ALW, ,6.0, ,6F,D,3,8,7,0,0,5,5,560,910,0,0,950,875,0,100,0,0,50,325,364,8,49000,18013711_LRL_2025-09-19_7
X,18013711,I Can Do It,LRL,2025-10-11,1,USA,SHP, ,7.0, ,7F,D,1,7,7,0,0,3,2,520,860,0,0,460,285,150,200,0,0,50,150,305,8,40000,18013711_LRL_2025-10-11_1
 ,21013781,I'd Rather Not,CT ,2025-10-25,2,USA,MSW, ,6.5, ,6 1/2F,D,8,2,2,0,0,4,6,50,100,0,0,350,1275,200,200,0,0,100,650,857,8,30600,21013781_CT_2025-10-25_2
 ,21013781,I'd Rather Not,CT ,2025-11-06,8,USA,MSW, ,4.5, ,4 1/2F,D,10,2,0,0,0,2,3,10,0,0,0,10,175,150,0,0,0,100,175,95,10,30600,21013781_CT_2025-11-06_8
 ,21013781,I'd Rather Not,CT ,2025-11-28,6,USA,MSW, ,4.5, ,4 1/2F,D,9,8,0,0,0,9,9,660,0,0,0,660,875,100,0,0,0,100,350,72,10,30600,21013781_CT_2025-11-28_6
X,21012026,I'm a Cutie Pie,LRL,2025-09-27,7,USA,AOC, ,5.5, ,5 1/2F,T,8,10,9,0,0,8,9,1200,870,0,0,860,450,0,100,0,0,10,200,388,10,59770,21012026_LRL_2025-09-27_7
X,21012026,I'm a Cutie Pie,LRL,2025-10-25,11,USA,AOC, ,7.0, ,7F,D,5,5,3,0,0,2,1,460,250,0,0,150,0,100,50,0,0,50,50,26,8,55590,21012026_LRL_2025-10-25_11
X,21012026,I'm a Cutie Pie,LRL,2025-11-30,8,USA,AOC, ,6.0, ,6F,D,7,7,5,0,0,6,5,660,650,0,0,860,950,0,150,0,0,550,100,58,7,57340,21012026_LRL_2025-11-30_8
X,21012026,I'm a Cutie Pie,LRL,2025-12-19,8,USA,AOC, ,8.0, ,1M,D,5,3,1,2,0,1,1,100,0,10,0,0,0,100,10,150,0,50,5,77,8,55590,21012026_LRL_2025-12-19_8
X,23008616,I'm a Lil Wicked,LRL,2025-09-20,2,USA,MCL, ,6.0, ,6F,D,5,7,7,0,0,7,7,850,1310,0,0,2110,3325,350,350,0,0,150,0,178,8,34600,23008616_LRL_2025-09-20_2
X,23008616,I'm a Lil Wicked,LRL,2025-10-03,5,USA,MCL, ,6.0, ,6F,D,5,8,8,0,0,8,7,760,710,0,0,860,1000,500,300,0,0,400,5,763,11,29400,23008616_LRL_2025-10-03_5
X,23008616,I'm a Lil Wicked,LRL,2025-11-09,5,USA,MCL, ,6.0, ,6F,D,4,5,5,0,0,3,3,460,810,0,0,650,780,100,150,0,0,10,10,229,7,27760,23008616_LRL_2025-11-09_5
X,23008616,I'm a Lil Wicked,LRL,2025-12-14,3,USA,MCL, ,6.0, ,6F,D,5,2,3,0,0,4,4,10,160,0,0,450,625,50,100,0,0,50,125,89,8,25700,23008616_LRL_2025-12-14_3
X,23001436,Iamdependingonyou,LRL,2025-10-31,3,USA,MCL, ,8.0, ,1M,D,5,1,2,7,0,8,8,0,10,1150,0,2310,3800,10,150,10,0,0,0,74,8,33700,23001436_LRL_2025-10-31_3
X,23001436,Iamdependingonyou,LRL,2025-11-22,3,USA,MCL, ,6.0, ,6F,D,4,6,5,0,0,7,7,420,1050,0,0,1210,1280,100,10,0,0,1000,1125,501,9,32400,23001436_LRL_2025-11-22_3
X,23001436,Iamdependingonyou,LRL,2025-12-07,8,USA,MCL, ,8.5, ,1 1/16M,D,5,6,5,5,0,5,3,560,600,760,0,860,1525,50,10,700,0,1000,400,676,7,42115,23001436_LRL_2025-12-07_8
X,23001436,Iamdependingonyou,LRL,2026-01-09,7,USA,MSW, ,8.0, ,1M,D,3,3,2,3,0,7,8,210,450,500,0,1360,2000,100,10,150,0,200,0,590,8,49410,23001436_LRL_2026-01-09_7
 ,23008967,Ihaveanappforthat,CT ,2025-08-23,3,USA,MSW, ,6.5, ,6 1/2F,D,7,2,2,0,0,2,2,150,100,0,0,500,600,50,100,0,0,150,75,135,8,30600,23008967_CT_2025-08-23_3
X,23008967,Ihaveanappforthat,CNL,2025-09-03,2,USA,MCL, ,6.0, ,6F,D,7,3,1,0,0,1,1,20,0,0,0,0,0,150,50,0,0,100,150,202,7,56000,23008967_CNL_2025-09-03_2
 ,23008967,Ihaveanappforthat,CT ,2025-10-11,4,USA,STK, ,6.5, ,6 1/2F,D,1,4,4,0,0,4,3,450,1360,0,0,1200,1575,500,10,0,0,50,75,260,6,75000,23008967_CT_2025-10-11_4
X,22013651,Imperial Spy,LRL,2025-06-06,6,USA,MCL, ,8.5, ,1 1/16M,T,9,8,9,6,0,7,5,1200,960,660,0,580,185,100,0,100,0,500,125,93,9,27060,22013651_LRL_2025-06-06_6
X,22013651,Imperial Spy,LRL,2025-06-28,12,USA,MCL, ,8.0, ,1M,T,1,7,7,6,0,4,3,1210,1060,570,0,360,175,10,10,10,0,10,300,24,10,25560,22013651_LRL_2025-06-28_12
 ,22013651,Imperial Spy,PRX,2026-01-05,3,USA,MCL, ,6.5, ,6 1/2F,D,6,7,6,0,0,2,2,450,310,0,0,400,300,250,100,0,0,50,150,20,9,22000,22013651_PRX_2026-01-05_3
X,23006295,Impressiveness,LRL,2025-11-01,4,USA,MSW, ,8.5, ,1 1/16M,D,5,1,1,2,0,3,6,0,0,10,0,750,2025,200,200,250,0,350,900,51,8,46000,23006295_LRL_2025-11-01_4
X,23006295,Impressiveness,LRL,2025-11-28,9,USA,MCL, ,6.0, ,6F,D,2,4,4,0,0,5,6,120,510,0,0,770,1975,200,10,0,0,200,1025,29,7,31850,23006295_LRL_2025-11-28_9
 ,23006295,Impressiveness,PRX,2026-01-05,6,USA,MCL, ,6.0, ,6F,D,3,3,4,0,0,3,2,150,160,0,0,260,250,50,200,0,0,200,475,52,11,26000,23006295_PRX_2026-01-05_6
 ,22000828,In My Memories,CT ,2025-10-18,6,USA,ALW, ,7.0, ,7F,D,6,2,2,0,0,1,1,150,50,0,0,0,0,150,200,0,0,200,1075,1,6,31700,22000828_CT_2025-10-18_6
X,22000828,In My Memories,LRL,2025-11-29,7,USA,STK, ,7.0, ,7F,D,2,1,2,0,0,4,6,0,10,0,0,250,1175,10,150,0,0,250,600,166,7,100000,22000828_LRL_2025-11-29_7
 ,22000828,In My Memories,CT ,2025-12-11,7,USA,AOC, ,7.0, ,7F,D,1,3,2,0,0,2,2,150,150,0,0,50,125,100,10,0,0,100,475,15,6,34000,22000828_CT_2025-12-11_7
 ,21008850,In the Dance,DEL,2025-08-13,1,USA,SOC, ,8.5, ,1 1/16M,D,4,4,4,3,0,2,1,350,200,150,0,10,0,100,50,100,0,10,50,67,7,29000,21008850_DEL_2025-08-13_1
 ,21008850,In the Dance,TIM,2025-09-01,7,USA,ALW, ,8.5, ,1 1/16M,D,3,4,4,3,0,3,2,500,450,250,0,410,550,0,0,100,0,250,125,29,4,44000,21008850_TIM_2025-09-01_7
 ,21008850,In the Dance,DEL,2025-09-27,6,USA,ALW, ,8.32, ,1M 70Y,D,7,9,9,5,0,3,1,870,620,220,0,60,0,0,0,50,0,100,5,166,9,72000,21008850_DEL_2025-09-27_6
X,21008850,In the Dance,LRL,2025-12-13,8,USA,ALW, ,8.0, ,1M,D,2,4,5,5,0,1,1,250,500,310,0,0,0,10,150,500,0,150,400,32,6,48000,21008850_LRL_2025-12-13_8
X,22014238,Indy Charges On,CD ,2025-09-19,8,USA,CLM, ,8.5, ,1 1/16M,D,2,1,1,1,0,3,2,0,0,0,0,60,100,50,50,10,0,250,125,41,6,63000,22014238_CD_2025-09-19_8
X,22014238,Indy Charges On,LRL,2025-11-23,5,USA,SOC, ,8.0, ,1M,D,9,1,1,1,0,1,1,0,0,0,0,0,0,50,100,350,0,300,600,18,9,26240,22014238_LRL_2025-11-23_5
X,22014238,Indy Charges On,LRL,2025-12-06,7,USA,ALW, ,8.5, ,1 1/16M,D,4,1,1,1,0,2,2,0,0,0,0,150,725,100,300,100,0,250,625,18,8,54410,22014238_LRL_2025-12-06_7
X,22010143,Infastuation,LRL,2025-09-28,3,USA,SOC, ,8.0, ,1M,T,8,3,4,4,0,11,11,350,310,350,0,1310,945,50,10,10,0,0,0,326,11,27600,22010143_LRL_2025-09-28_3
X,22010143,Infastuation,LRL,2025-10-25,7,USA,CLM, ,6.0, ,6F,D,3,2,3,0,0,3,3,300,400,0,0,500,800,10,10,0,0,50,175,30,8,25700,22010143_LRL_2025-10-25_7
X,22010143,Infastuation,LRL,2025-11-15,10,USA,CLM, ,5.5, ,5 1/2F,D,2,2,1,0,0,1,1,50,0,0,0,0,0,250,150,0,0,300,475,40,7,23220,22010143_LRL_2025-11-15_10
X,22010143,Infastuation,LRL,2025-12-13,3,USA,CLM, ,5.5, ,5 1/2F,D,2,6,6,0,0,6,6,770,910,0,0,960,1050,0,0,0,0,0,0,108,6,24700,22010143_LRL_2025-12-13_3
X,22010143,Infastuation,LRL,2026-01-09,10,USA,CLM, ,6.0, ,6F,D,1,3,2,0,0,1,1,60,10,0,0,0,0,200,50,0,0,10,125,68,8,23390,22010143_LRL_2026-01-09_10
 ,21007720,Intrepid's Legacy,DEL,2025-08-30,7,USA,AOC, ,5.5, ,5 1/2F,D,1,2,4,0,0,5,5,50,260,0,0,120,250,50,100,0,0,100,875,28,6,46000,21007720_DEL_2025-08-30_7
X,21007720,Intrepid's Legacy,LRL,2025-11-07,9,USA,ALW, ,6.0, ,6F,D,3,2,1,0,0,2,5,10,0,0,0,10,475,100,10,0,0,50,10,55,9,54910,21007720_LRL_2025-11-07_9
X,21007720,Intrepid's Legacy,LRL,2025-11-30,4,USA,ALW, ,6.0, ,6F,D,5,3,1,0,0,1,1,110,0,0,0,0,0,100,300,0,0,150,125,15,6,48000,21007720_LRL_2025-11-30_4
X,21007720,Intrepid's Legacy,LRL,2025-12-20,2,USA,ALW, ,7.0, ,7F,D,5,4,4,0,0,2,1,500,260,0,0,150,0,150,350,0,0,10,125,7,7,53910,21007720_LRL_2025-12-20_2
X,21007720,Intrepid's Legacy,LRL,2026-01-09,9,USA,AOC, ,6.0, ,6F,D,5,3,5,0,0,5,4,350,460,0,0,710,475,10,400,0,0,300,5,7,6,57770,21007720_LRL_2026-01-09_9
X,21006430,Irish Hero,LRL,2025-10-11,3,USA,SHP, ,7.0, ,7F,D,10,1,1,0,0,2,10,0,0,0,0,200,1475,100,100,0,0,10,300,93,11,40800,21006430_LRL_2025-10-11_3
 ,21006430,Irish Hero,CT ,2025-10-25,7,USA,ALW, ,4.5, ,4 1/2F,D,4,1,0,0,0,1,1,0,0,0,0,0,0,100,0,0,0,200,125,8,7,31700,21006430_CT_2025-10-25_7
X,21006430,Irish Hero,LRL,2025-11-21,2,USA,SOC, ,6.0, ,6F,D,2,2,2,0,0,2,8,200,200,0,0,400,430,300,350,0,0,100,100,197,9,25520,21006430_LRL_2025-11-21_2
 ,19008389,Isabella's Glory,CT ,2025-08-22,3,USA,SOC, ,7.0, ,7F,D,6,8,7,0,0,7,4,820,1260,0,0,950,1100,0,150,0,0,400,250,134,8,22700,19008389_CT_2025-08-22_3
X,19008389,Isabella's Glory,LRL,2025-11-27,5,USA,CLM, ,8.0, ,1M,D,1,9,9,8,0,5,3,1470,1270,870,0,1050,1125,0,0,500,0,10,5,53,9,21530,19008389_LRL_2025-11-27_5
X,19008389,Isabella's Glory,LRL,2025-12-07,2,USA,SOC, ,9.0, ,1 1/8M,D,3,3,4,4,0,5,4,200,260,450,0,610,400,50,10,150,0,500,75,87,6,25100,19008389_LRL_2025-12-07_2
X,19008389,Isabella's Glory,LRL,2025-12-21,9,USA,CLM, ,8.0, ,1M,D,1,8,8,7,0,5,1,1470,1910,860,0,550,0,0,0,500,0,350,50,33,8,21300,19008389_LRL_2025-12-21_9
X,19008389,Isabella's Glory,LRL,2026-01-23,4,USA,SOC, ,6.0, ,6F,D,2,6,6,0,0,3,2,1410,1100,0,0,950,900,0,0,0,0,50,425,320,6,27260,19008389_LRL_2026-01-23_4
X,20004769,Island d'Lite,LRL,2025-10-03,3,USA,SOC, ,5.5, ,5 1/2F,T,7,6,5,0,0,3,4,850,510,0,0,300,155,50,150,0,0,10,125,195,10,26020,20004769_LRL_2025-10-03_3
X,20004769,Island d'Lite,LRL,2025-10-31,4,USA,SOC, ,5.5, ,5 1/2F,D,9,6,6,0,0,6,5,770,810,0,0,860,525,10,200,0,0,50,5,56,11,26520,20004769_LRL_2025-10-31_4
X,20004769,Island d'Lite,LRL,2025-11-27,2,USA,CLM, ,6.0, ,6F,D,6,5,6,0,0,7,7,260,610,0,0,880,1930,50,150,0,0,0,0,123,7,18910,20004769_LRL_2025-11-27_2
X,22018416,It a Lee,AQU,2025-11-12,5,USA,MCL, ,6.0, ,6F,T,1,10,10,0,0,10,9,710,1020,0,0,1000,1200,0,0,0,0,0,100,237,10,48000,22018416_AQU_2025-11-12_5
X,18001544,It's Sizzling Time,LRL,2025-09-21,4,USA,SOC, ,8.5, ,1 1/16M,D,2,7,6,4,0,4,6,1310,910,500,0,210,1130,0,10,10,0,200,950,137,7,30370,18001544_LRL_2025-09-21_4
X,18001544,It's Sizzling Time,LRL,2025-11-07,4,USA,CLM, ,6.0, ,6F,D,5,3,3,0,0,3,2,450,550,0,0,500,725,100,10,0,0,300,475,38,8,20760,18001544_LRL_2025-11-07_4
 ,18001544,It's Sizzling Time,CT ,2025-12-04,6,USA,SOC, ,4.5, ,4 1/2F,D,7,7,0,0,0,5,3,470,0,0,0,270,500,0,0,0,0,10,100,143,7,22700,18001544_CT_2025-12-04_6
 ,18016073,It'sfiftyshadetime,BTP,2025-07-31,8,USA,SOC, ,8.32, ,1M 70Y,D,3,3,4,4,0,4,4,150,310,1600,0,1850,3525,10,100,300,0,900,2225,48,5,14000,18016073_BTP_2025-07-31_8
 ,18016073,It'sfiftyshadetime,TDN,2025-09-24,2,USA,SOC, ,6.0, ,6F,D,1,3,4,0,0,4,4,200,750,0,0,1200,1100,50,0,0,0,0,0,155,4,20000,18016073_TDN_2025-09-24_2
X,18016073,It'sfiftyshadetime,LRL,2025-10-31,10,USA,CLM, ,8.5, ,1 1/16M,D,2,6,6,3,0,4,4,560,760,750,0,850,1175,600,800,10,0,1200,1925,306,7,19450,18016073_LRL_2025-10-31_10
X,22004613,Ithadtobeblu,LRL,2025-11-21,3,USA,MCL, ,8.0, ,1M,T,10,8,7,7,0,8,8,760,580,510,0,610,525,10,50,150,0,150,325,619,10,32900,22004613_LRL_2025-11-21_3
 ,22009436,Itsamonstamash,DEL,2025-09-13,9,USA,ALW, ,6.0, ,6F,D,3,4,5,0,0,4,6,360,610,0,0,350,395,200,200,0,0,50,10,48,8,72000,22009436_DEL_2025-09-13_9
X,22009436,Itsamonstamash,LRL,2025-11-14,9,USA,ALW, ,6.0, ,6F,D,7,2,1,0,0,1,1,50,0,0,0,0,0,10,50,0,0,300,125,36,7,48500,22009436_LRL_2025-11-14_9
X,22009436,Itsamonstamash,LRL,2025-11-30,9,USA,CLM, ,6.0, ,6F,D,2,2,1,0,0,1,1,10,0,0,0,0,0,100,10,0,0,150,275,14,6,44800,22009436_LRL_2025-11-30_9
X,22009436,Itsamonstamash,LRL,2025-12-20,7,USA,STK, ,6.0, ,6F,D,8,6,4,0,0,3,2,510,170,0,0,60,100,300,50,0,0,150,275,545,8,100000,22009436_LRL_2025-12-20_7
X,22009436,Itsamonstamash,LRL,2026-01-10,9,USA,AOC, ,6.0, ,6F,D,4,4,4,0,0,3,2,400,220,0,0,300,200,50,250,0,0,300,350,27,7,55885,22009436_LRL_2026-01-10_9
 ,23014870,Itty Biddy City,PEN,2025-12-05,1,USA,MSW, ,6.0, ,6F,D,1,1,1,0,0,1,4,0,0,0,0,0,150,100,200,0,0,150,150,415,10,34000,23014870_PEN_2025-12-05_1
 ,21001063,J D Factor,DEL,2025-09-20,8,USA,AOC, ,5.5, ,5 1/2F,D,5,3,3,0,0,2,1,210,110,0,0,50,0,50,200,0,0,50,125,19,5,47000,21001063_DEL_2025-09-20_8
X,21001063,J D Factor,BAQ,2025-10-18,6,USA,STR, ,7.0, ,7F,D,3,1,1,0,0,2,3,0,0,0,0,50,155,50,10,0,0,100,25,33,9,75000,21001063_BAQ_2025-10-18_6
 ,21001063,J D Factor,PRX,2025-11-25,9,USA,AOC, ,8.5, ,1 1/16M,D,5,1,1,1,0,1,1,0,0,0,0,0,0,150,100,150,0,500,125,28,8,52000,21001063_PRX_2025-11-25_9
X,21001063,J D Factor,LRL,2025-12-28,7,USA,AOC, ,8.0, ,1M,D,2,1,1,1,0,2,2,0,0,0,0,150,475,10,50,10,0,10,425,7,4,56000,21001063_LRL_2025-12-28_7
X,23015894,J J Pacheco,LRL,2025-10-25,9,USA,MSW, ,6.0, ,6F,D,8,7,7,0,0,6,5,470,320,0,0,510,525,250,350,0,0,150,350,58,9,46500,23015894_LRL_2025-10-25_9
X,23015894,J J Pacheco,LRL,2025-11-09,1,USA,MSW, ,8.5, ,1 1/16M,T,10,6,3,5,0,7,9,410,200,270,0,820,840,100,10,50,0,10,350,161,11,51615,23015894_LRL_2025-11-09_1
X,23015894,J J Pacheco,LRL,2025-11-29,3,USA,MSW, ,7.0, ,7F,D,1,5,3,0,0,5,7,610,1100,0,0,950,1100,50,10,0,0,50,1775,327,9,48500,23015894_LRL_2025-11-29_3
 ,22005635,J. Belkin,FL ,2025-11-10,7,USA,MSW, ,6.0, ,6F,D,6,6,6,0,0,5,4,560,1300,0,0,1950,1475,0,0,0,0,400,175,65,6,32600,22005635_FL_2025-11-10_7
 ,22005635,J. Belkin,FL ,2025-11-19,6,USA,MSW, ,8.5, ,1 1/16M,D,6,5,6,7,0,7,7,560,650,950,0,1750,2260,10,50,0,0,0,0,134,7,32600,22005635_FL_2025-11-19_6
X,21014801,Joe the Jet,LRL,2025-06-08,8,USA,SOC, ,7.0, ,7F,D,6,1,1,0,0,1,1,0,0,0,0,0,0,50,200,0,0,550,325,28,7,33450,21014801_LRL_2025-06-08_8
X,21014801,Joe the Jet,LRL,2025-10-17,8,USA,SOC, ,6.0, ,6F,D,3,7,6,0,0,5,5,470,860,0,0,810,675,0,250,0,0,300,925,70,7,30500,21014801_LRL_2025-10-17_8
X,21014801,Joe the Jet,LRL,2025-12-06,2,USA,CLM, ,8.0, ,1M,D,6,2,2,1,0,1,1,50,50,0,0,0,0,150,300,200,0,300,275,34,7,44100,21014801_LRL_2025-12-06_2
X,20001085,Jolly by Golly,LRL,2024-09-28,2,USA,ALW, ,7.0, ,7F,D,7,5,6,0,0,8,6,310,360,0,0,970,1380,10,10,0,0,0,100,99,8,55480,20001085_LRL_2024-09-28_2
X,20001085,Jolly by Golly,LRL,2025-10-24,7,USA,SOC, ,6.0, ,6F,D,6,8,6,0,0,8,7,280,810,0,0,1360,1825,200,10,0,0,400,50,193,9,41830,20001085_LRL_2025-10-24_7
X,20001085,Jolly by Golly,LRL,2025-11-07,9,USA,ALW, ,6.0, ,6F,D,1,5,8,0,0,9,9,270,860,0,0,970,1085,50,10,0,0,0,0,468,9,54910,20001085_LRL_2025-11-07_9
X,20001085,Jolly by Golly,LRL,2025-12-12,6,USA,SOC, ,7.0, ,7F,D,1,5,5,0,0,3,2,210,410,0,0,350,100,300,100,0,0,300,200,74,8,25020,20001085_LRL_2025-12-12_6
X,20001085,Jolly by Golly,LRL,2025-12-26,5,USA,SOC, ,8.0, ,1M,D,9,5,5,5,0,5,5,350,400,260,0,520,685,250,100,250,0,300,450,69,9,33110,20001085_LRL_2025-12-26_5
X,22008704,Jose Can't Say,LRL,2025-10-19,4,USA,MCL, ,6.0, ,6F,D,6,6,7,0,0,6,4,1110,1160,0,0,520,850,150,150,0,0,150,5,227,8,25370,22008704_LRL_2025-10-19_4
X,22008704,Jose Can't Say,LRL,2025-11-09,10,USA,MCL, ,6.0, ,6F,D,4,3,3,0,0,3,5,500,850,0,0,950,1500,10,150,0,0,350,650,141,8,25370,22008704_LRL_2025-11-09_10
X,22008704,Jose Can't Say,LRL,2025-11-27,1,USA,MCL, ,8.0, ,1M,D,6,3,3,2,0,3,5,350,350,150,0,400,700,50,100,100,0,10,25,439,9,25870,22008704_LRL_2025-11-27_1
X,22008704,Jose Can't Say,LRL,2025-12-19,3,USA,MCL, ,8.5, ,1 1/16M,D,6,6,6,5,0,4,5,560,570,500,0,560,2000,200,450,500,0,300,450,134,7,23550,22008704_LRL_2025-12-19_3
X,22008704,Jose Can't Say,LRL,2026-01-09,3,USA,MCL, ,5.5, ,5 1/2F,D,3,7,7,0,0,6,3,1650,1560,0,0,660,325,10,400,0,0,200,475,299,10,24390,22008704_LRL_2026-01-09_3
 ,22015599,Judith's Cross,CT ,2025-10-31,4,USA,CLM, ,7.0, ,7F,D,4,1,2,0,0,4,8,0,10,0,0,550,1760,10,250,0,0,50,3425,243,9,14600,22015599_CT_2025-10-31_4
 ,22015599,Judith's Cross,CT ,2025-11-13,2,USA,CLM, ,7.0, ,7F,D,5,1,1,0,0,1,2,0,0,0,0,0,0,100,250,0,0,10,25,177,7,15800,22015599_CT_2025-11-13_2
X,22015599,Judith's Cross,LRL,2025-11-27,5,USA,CLM, ,8.0, ,1M,D,4,5,7,9,0,9,9,410,660,1370,0,2210,3455,100,10,0,0,0,0,402,9,21530,22015599_LRL_2025-11-27_5
X,22010120,Julia's a Fox,LRL,2025-10-18,3,USA,MCL, ,5.5, ,5 1/2F,T,11,6,6,0,0,5,5,460,370,0,0,500,475,100,150,0,0,150,100,130,12,30260,22010120_LRL_2025-10-18_3
X,22010120,Julia's a Fox,LRL,2025-11-08,6,USA,MCL, ,5.5, ,5 1/2F,T,7,6,7,0,0,7,6,510,810,0,0,920,525,250,200,0,0,100,10,150,12,28100,22010120_LRL_2025-11-08_6
X,22010120,Julia's a Fox,LRL,2025-11-28,6,USA,MCL, ,8.0, ,1M,D,6,6,6,5,0,4,5,570,760,810,0,650,475,350,400,150,0,250,100,148,11,24560,22010120_LRL_2025-11-28_6
X,22010120,Julia's a Fox,LRL,2025-12-20,1,USA,MCL, ,8.5, ,1 1/16M,D,7,7,7,6,0,4,1,1100,1120,720,0,210,0,100,300,600,0,100,25,72,9,26200,22010120_LRL_2025-12-20_1
X,21003964,Juniper Juice,LRL,2025-10-11,10,USA,STK, ,8.5, ,1 1/16M,T,7,5,6,4,0,5,2,450,570,410,0,270,250,100,100,10,0,150,50,53,8,125000,21003964_LRL_2025-10-11_10
X,21003964,Juniper Juice,LRL,2025-11-01,10,USA,ALW, ,8.5, ,1 1/16M,T,1,3,3,3,0,2,3,650,350,350,0,100,375,150,10,10,0,10,50,68,7,48000,21003964_LRL_2025-11-01_10
X,21003964,Juniper Juice,LRL,2025-11-27,8,USA,ALW, ,8.0, ,1M,T,2,4,4,5,0,3,2,650,450,550,0,350,300,100,50,150,0,50,50,37,7,48500,21003964_LRL_2025-11-27_8
 ,23000688,Juniper's Jubilee,DEL,2025-10-08,1,USA,MSW, ,6.0, ,6F,D,8,4,3,0,0,3,2,300,110,0,0,300,200,10,200,0,0,200,5,48,8,45000,23000688_DEL_2025-10-08_1
X,23000688,Juniper's Jubilee,LRL,2025-10-31,5,USA,MSW, ,6.0, ,6F,D,4,3,2,0,0,2,3,200,10,0,0,200,600,50,100,0,0,200,450,30,9,50615,23000688_LRL_2025-10-31_5
X,23000688,Juniper's Jubilee,LRL,2025-11-21,6,USA,MSW, ,6.0, ,6F,D,8,1,1,0,0,1,2,0,0,0,0,0,600,50,300,0,0,200,475,9,8,49410,23000688_LRL_2025-11-21_6
X,23000688,Juniper's Jubilee,LRL,2025-12-12,5,USA,MSW, ,7.0, ,7F,D,5,4,2,0,0,1,2,900,800,0,0,0,50,250,200,0,0,50,150,11,5,51700,23000688_LRL_2025-12-12_5
 ,23001038,Just a Click,FL ,2025-09-08,5,USA,MSW, ,5.5, ,5 1/2F,D,1,4,3,0,0,3,3,350,700,0,0,1200,875,50,250,0,0,600,650,34,6,32600,23001038_FL_2025-09-08_5
X,23001038,Just a Click,BAQ,2025-10-05,5,USA,MSW, ,6.0, ,6F,T,6,3,7,0,0,7,7,160,760,0,0,720,650,10,100,0,0,100,75,741,12,80000,23001038_BAQ_2025-10-05_5
X,23001038,Just a Click,BAQ,2025-11-02,11,USA,MSW, ,6.0, ,6F,T,12,6,6,0,0,8,7,410,270,0,0,660,745,10,100,0,0,250,100,361,12,80000,23001038_BAQ_2025-11-02_11
 ,22004627,Just for the Money,DEL,2025-10-18,9,USA,CLM, ,5.5, ,5 1/2F,D,3,1,1,0,0,1,1,0,0,0,0,0,0,200,300,0,0,200,100,13,7,22000,22004627_DEL_2025-10-18_9
X,22004627,Just for the Money,LRL,2025-11-14,7,USA,ALW, ,6.0, ,6F,D,4,7,8,0,0,7,6,560,620,0,0,820,1150,50,150,0,0,50,50,551,9,49500,22004627_LRL_2025-11-14_7
X,22004627,Just for the Money,LRL,2025-11-27,9,USA,SOC, ,6.0, ,6F,D,3,3,3,0,0,4,4,200,250,0,0,510,725,50,200,0,0,400,200,180,6,30450,22004627_LRL_2025-11-27_9
X,22004627,Just for the Money,LRL,2025-12-13,6,USA,SOC, ,6.0, ,6F,D,5,5,3,0,0,3,3,220,200,0,0,260,575,100,150,0,0,300,50,186,7,27760,22004627_LRL_2025-12-13_6
X,23015742,Just Philtored,BAQ,2025-10-02,5,USA,STK,3,6.0, ,6F,T,2,3,4,0,0,3,5,200,120,0,0,200,255,50,150,0,0,10,50,66,8,175000,23015742_BAQ_2025-10-02_5
X,23015742,Just Philtored,LRL,2025-11-08,8,USA,STK, ,6.0, ,6F,D,1,3,2,0,0,2,3,160,150,0,0,250,425,350,200,0,0,10,575,10,5,100000,23015742_LRL_2025-11-08_8
X,23015742,Just Philtored,LRL,2025-12-06,8,USA,STK, ,7.0, ,7F,D,5,2,2,0,0,1,1,100,50,0,0,0,0,150,100,0,0,150,175,20,5,125000,23015742_LRL_2025-12-06_8
 ,21011141,Just the Thing,TIM,2025-08-30,2,USA,CLM, ,6.5,A,6 1/2F,D,3,6,6,0,0,6,6,850,1150,0,0,760,1330,0,0,0,0,0,0,384,6,15225,21011141_TIM_2025-08-30_2
X,21011141,Just the Thing,LRL,2025-10-05,7,USA,CLM, ,6.0, ,6F,D,6,8,8,0,0,8,7,1260,920,0,0,810,975,0,0,0,0,0,125,621,8,25700,21011141_LRL_2025-10-05_7
X,21011141,Just the Thing,LRL,2025-11-16,5,USA,CLM, ,6.0, ,6F,D,8,4,5,0,0,7,8,160,610,0,0,1200,2230,150,150,0,0,50,100,840,9,24550,21011141_LRL_2025-11-16_5
 ,17017015,Karan's Notion,DEL,2025-10-08,5,USA,SOC, ,6.0, ,6F,D,3,6,4,0,0,4,4,410,310,0,0,160,250,500,10,0,0,50,50,131,7,32000,17017015_DEL_2025-10-08_5
X,17017015,Karan's Notion,LRL,2025-10-19,10,USA,AOC, ,6.0, ,6F,D,2,7,7,0,0,7,4,1260,960,0,0,860,675,0,0,0,0,0,75,304,7,56500,17017015_LRL_2025-10-19_10
X,17017015,Karan's Notion,LRL,2025-11-28,8,USA,AOC, ,6.0, ,6F,D,2,3,3,0,0,4,4,300,160,0,0,260,40,10,10,0,0,10,125,97,6,61040,17017015_LRL_2025-11-28_8
X,17017015,Karan's Notion,LRL,2025-12-21,8,USA,AOC, ,5.5, ,5 1/2F,D,5,7,6,0,0,6,7,760,600,0,0,630,940,200,50,0,0,50,700,219,8,57000,17017015_LRL_2025-12-21_8
X,22013966,Keen Surge,LRL,2025-10-26,3,USA,SOC, ,9.0, ,1 1/8M,T,2,7,7,6,0,5,4,510,430,610,0,410,300,200,150,10,0,200,25,67,10,27100,22013966_LRL_2025-10-26_3
X,22013966,Keen Surge,LRL,2025-11-07,7,USA,CLM, ,8.0, ,1M,D,4,6,5,3,0,2,2,460,410,300,0,100,50,600,150,200,0,100,225,7,8,25370,22013966_LRL_2025-11-07_7
X,22013966,Keen Surge,LRL,2025-11-16,1,USA,SOC, ,8.5, ,1 1/16M,T,5,8,8,8,0,8,6,980,1180,1270,0,1080,970,250,50,200,0,100,150,67,10,28540,22013966_LRL_2025-11-16_1
X,22013966,Keen Surge,LRL,2025-12-19,4,USA,CLM, ,8.5, ,1 1/16M,D,5,4,4,1,0,1,1,700,650,0,0,0,0,10,300,100,0,350,925,7,5,22000,22013966_LRL_2025-12-19_4
X,22013966,Keen Surge,LRL,2026-01-10,1,USA,SOC, ,8.5, ,1 1/16M,D,6,7,7,7,0,7,7,710,570,580,0,580,1150,0,0,0,0,0,0,72,7,27280,22013966_LRL_2026-01-10_1
 ,19014035,Keeping It Country,DEL,2025-10-16,8,USA,SOC, ,8.32, ,1M 70Y,D,4,5,5,4,0,3,4,260,350,160,0,250,535,100,100,150,0,10,75,96,9,25000,19014035_DEL_2025-10-16_8
 ,19014035,Keeping It Country,PEN,2025-11-06,6,USA,CLM, ,6.0, ,6F,D,9,6,5,0,0,4,2,220,220,0,0,260,200,400,350,0,0,300,125,15,9,14000,19014035_PEN_2025-11-06_6
X,19014035,Keeping It Country,LRL,2025-11-27,2,USA,CLM, ,6.0, ,6F,D,1,6,5,0,0,5,6,310,460,0,0,820,1155,350,150,0,0,10,775,54,7,18910,19014035_LRL_2025-11-27_2
X,19014035,Keeping It Country,LRL,2026-01-10,6,USA,CLM, ,6.0, ,6F,D,2,11,10,0,0,7,7,740,570,0,0,1050,895,0,800,0,0,10,200,153,11,21180,19014035_LRL_2026-01-10_6
X,22011173,Kerness K,LRL,2025-10-18,9,USA,ALW, ,6.0, ,6F,D,5,1,1,0,0,1,1,0,0,0,0,0,0,10,50,0,0,50,100,36,8,49000,22011173_LRL_2025-10-18_9
X,22011173,Kerness K,LRL,2025-11-28,7,USA,ALW, ,6.0, ,6F,D,7,4,3,0,0,5,7,550,160,0,0,560,1230,50,150,0,0,10,200,14,9,54910,22011173_LRL_2025-11-28_7
X,22011173,Kerness K,AQU,2025-12-31,6,USA,CLM, ,6.0, ,6F,D,4,3,3,0,0,5,7,20,20,0,0,260,1250,150,50,0,0,150,0,13,7,43000,22011173_AQU_2025-12-31_6
 ,21017747,Kilo Road,TIM,2025-08-24,6,USA,AOC, ,6.5,A,6 1/2F,D,2,5,4,0,0,2,2,620,660,0,0,600,25,0,350,0,0,10,550,15,5,47470,21017747_TIM_2025-08-24_6
X,21017747,Kilo Road,LRL,2025-10-25,11,USA,AOC, ,7.0, ,7F,D,3,2,2,0,0,1,2,200,150,0,0,0,50,10,100,0,0,150,325,62,8,55590,21017747_LRL_2025-10-25_11
X,21017747,Kilo Road,LRL,2025-12-07,6,USA,AOC, ,5.5, ,5 1/2F,D,4,8,8,0,0,8,5,1270,1120,0,0,1160,675,0,0,0,0,0,125,55,8,59565,21017747_LRL_2025-12-07_6
X,23016859,Kiss Me Mo,LRL,2025-10-10,6,USA,MSW, ,7.0, ,7F,D,1,2,4,0,0,2,2,100,170,0,0,500,925,10,10,0,0,250,100,70,12,50705,23016859_LRL_2025-10-10_6
X,23016859,Kiss Me Mo,LRL,2025-10-31,5,USA,MSW, ,6.0, ,6F,D,9,6,6,0,0,7,8,750,810,0,0,950,1550,10,100,0,0,10,3150,23,9,50615,23016859_LRL_2025-10-31_5
X,23016859,Kiss Me Mo,LRL,2025-11-21,6,USA,MSW, ,6.0, ,6F,D,4,3,4,0,0,4,3,350,500,0,0,650,1075,150,250,0,0,300,10,93,8,49410,23016859_LRL_2025-11-21_6
X,21007729,Kissedbyanangel,LRL,2024-12-21,6,USA,AOC, ,8.0, ,1M,D,5,4,4,4,0,5,4,400,210,500,0,750,600,350,500,100,0,200,100,29,8,59165,21007729_LRL_2024-12-21_6
X,21007729,Kissedbyanangel,LRL,2025-09-26,8,USA,AOC, ,6.0, ,6F,D,4,6,6,0,0,7,6,430,860,0,0,1150,1375,250,250,0,0,0,375,136,7,58180,21007729_LRL_2025-09-26_8
X,21007729,Kissedbyanangel,LRL,2025-10-11,7,USA,STK, ,7.0, ,7F,D,9,6,8,0,0,10,12,460,1060,0,0,1100,2750,100,10,0,0,200,0,859,12,102030,21007729_LRL_2025-10-11_7
X,21007729,Kissedbyanangel,LRL,2025-12-19,8,USA,AOC, ,8.0, ,1M,D,7,4,4,4,0,6,6,200,310,310,0,760,785,250,100,10,0,300,375,115,8,55590,21007729_LRL_2025-12-19_8
X,23010382,Kittyup,LRL,2025-09-13,3,USA,MSW, ,5.5, ,5 1/2F,T,3,2,2,0,0,3,3,100,100,0,0,400,585,10,10,0,0,200,10,160,7,49615,23010382_LRL_2025-09-13_3
X,23010382,Kittyup,LRL,2025-11-01,5,USA,MCL, ,5.5, ,5 1/2F,T,9,5,4,0,0,4,5,260,70,0,0,350,650,200,150,0,0,10,10,19,9,31950,23010382_LRL_2025-11-01_5
X,23010382,Kittyup,LRL,2025-11-22,3,USA,MCL, ,6.0, ,6F,D,2,3,3,0,0,4,5,210,500,0,0,560,730,100,150,0,0,150,300,85,9,32400,23010382_LRL_2025-11-22_3
X,23010382,Kittyup,LRL,2025-12-14,3,USA,MCL, ,6.0, ,6F,D,1,1,2,0,0,3,6,0,150,0,0,300,825,10,10,0,0,150,950,7,8,25700,23010382_LRL_2025-12-14_3
X,23012012,Knickoletta,LRL,2025-10-24,4,USA,MCL, ,5.5, ,5 1/2F,D,7,4,1,0,0,1,3,70,0,0,0,0,200,250,10,0,0,50,400,13,8,25740,23012012_LRL_2025-10-24_4
X,23012012,Knickoletta,LRL,2025-11-22,3,USA,MCL, ,6.0, ,6F,D,1,1,1,0,0,1,1,0,0,0,0,0,0,200,400,0,0,400,475,60,9,32400,23012012_LRL_2025-11-22_3
X,23012012,Knickoletta,LRL,2025-12-05,4,USA,CLM, ,5.5, ,5 1/2F,D,2,3,2,0,0,2,3,60,10,0,0,200,375,200,50,0,0,10,1000,24,4,41600,23012012_LRL_2025-12-05_4
 ,22012730,Krissi N,DEL,2025-05-21,6,USA,AOC, ,6.0, ,6F,D,4,7,7,0,0,5,4,570,870,0,0,1100,700,200,200,0,0,200,25,257,8,46000,22012730_DEL_2025-05-21_6
X,22012730,Krissi N,LRL,2025-06-21,4,USA,AOC, ,6.0, ,6F,D,6,6,5,0,0,6,5,270,220,0,0,410,420,50,50,0,0,600,75,140,7,55180,22012730_LRL_2025-06-21_4
X,22012730,Krissi N,LRL,2025-10-25,11,USA,AOC, ,7.0, ,7F,D,1,6,6,0,0,8,7,560,650,0,0,1050,1225,350,150,0,0,0,525,114,8,55590,22012730_LRL_2025-10-25_11
X,22012730,Krissi N,LRL,2025-12-19,8,USA,AOC, ,8.0, ,1M,D,1,1,2,5,0,8,8,0,10,320,0,1110,1335,50,100,150,0,0,0,398,8,55590,22012730_LRL_2025-12-19_8
X,23007699,Kuaga,LRL,2025-10-24,4,USA,MCL, ,5.5, ,5 1/2F,D,6,2,2,0,0,3,4,50,10,0,0,60,600,10,10,0,0,250,275,171,8,25740,23007699_LRL_2025-10-24_4
X,23007699,Kuaga,LRL,2025-11-01,5,USA,MCL, ,5.5, ,5 1/2F,T,3,3,3,0,0,3,7,160,20,0,0,250,1085,50,50,0,0,100,150,195,9,31950,23007699_LRL_2025-11-01_5
X,23007699,Kuaga,LRL,2025-11-29,6,USA,MCL, ,5.5, ,5 1/2F,D,5,2,2,0,0,1,1,200,10,0,0,0,0,500,600,0,0,500,1200,45,12,30260,23007699_LRL_2025-11-29_6
 ,21010309,Lachicafortequila,DEL,2025-09-04,5,USA,CLM, ,8.32,A,1M 70Y,T,3,5,7,7,0,7,7,270,460,750,0,910,1905,10,0,0,0,0,0,792,7,22000,21010309_DEL_2025-09-04_5
 ,21010309,Lachicafortequila,DEL,2025-10-09,1,USA,CLM, ,8.0, ,1M,D,6,6,7,6,0,8,4,550,750,600,0,620,735,10,50,10,0,200,325,41,10,16000,21010309_DEL_2025-10-09_1
X,21010309,Lachicafortequila,LRL,2025-11-28,5,USA,CLM, ,8.5, ,1 1/16M,D,2,5,6,6,0,7,5,950,850,1010,0,1200,1425,50,200,200,0,200,75,264,8,21300,21010309_LRL_2025-11-28_5
X,21010309,Lachicafortequila,LRL,2025-12-21,9,USA,CLM, ,8.0, ,1M,D,5,7,7,5,0,6,4,970,1660,650,0,900,550,500,250,10,0,350,10,157,8,21300,21010309_LRL_2025-12-21_9
X,21006724,Laddie Dance,LRL,2025-11-07,4,USA,CLM, ,6.0, ,6F,D,6,2,2,0,0,1,1,150,50,0,0,0,0,300,500,0,0,200,700,96,8,20760,21006724_LRL_2025-11-07_4
X,21006724,Laddie Dance,LRL,2025-11-21,2,USA,SOC, ,6.0, ,6F,D,3,5,5,0,0,7,7,810,700,0,0,860,355,10,150,0,0,100,75,29,9,25520,21006724_LRL_2025-11-21_2
X,21006724,Laddie Dance,LRL,2025-12-06,1,USA,CLM, ,6.0, ,6F,D,1,2,3,0,0,2,2,150,260,0,0,300,25,100,250,0,0,100,100,13,6,18680,21006724_LRL_2025-12-06_1
X,21006724,Laddie Dance,LRL,2025-12-26,1,USA,CLM, ,6.0, ,6F,D,6,7,7,0,0,5,2,660,910,0,0,510,250,10,150,0,0,50,25,34,11,23070,21006724_LRL_2025-12-26_1
 ,21005461,Lady Arwen,DEL,2025-10-16,2,USA,CLM, ,5.5, ,5 1/2F,D,7,6,5,0,0,6,6,220,220,0,0,850,1025,600,50,0,0,300,650,40,7,16000,21005461_DEL_2025-10-16_2
 ,21005461,Lady Arwen,PRX,2025-11-10,5,USA,CLM, ,6.5, ,6 1/2F,D,3,4,3,0,0,5,6,160,150,0,0,710,610,150,50,0,0,200,100,134,8,21000,21005461_PRX_2025-11-10_5
 ,21005461,Lady Arwen,PRX,2025-12-24,1,USA,CLM, ,6.5, ,6 1/2F,D,6,4,11,0,0,12,12,70,540,0,0,1300,1750,100,200,0,0,0,0,535,12,21000,21005461_PRX_2025-12-24_1
X,21016779,Lady Charlotte,LRL,2025-10-10,4,USA,CLM, ,5.5, ,5 1/2F,D,4,1,2,0,0,2,2,0,10,0,0,400,625,10,100,0,0,200,25,23,7,21070,21016779_LRL_2025-10-10_4
X,21016779,Lady Charlotte,LRL,2025-11-02,2,USA,CLM, ,6.0, ,6F,D,3,1,1,0,0,1,1,0,0,0,0,0,0,50,500,0,0,400,350,15,7,21070,21016779_LRL_2025-11-02_2
X,21016779,Lady Charlotte,LRL,2025-12-05,8,USA,CLM, ,6.0, ,6F,D,5,1,2,0,0,2,2,0,50,0,0,250,350,150,350,0,0,350,450,5,7,19450,21016779_LRL_2025-12-05_8
 ,21006298,Lady Sriracha,PRX,2025-09-15,5,USA,SOC, ,6.0, ,6F,D,7,6,5,0,0,3,3,610,370,0,0,400,550,700,400,0,0,10,200,41,7,26000,21006298_PRX_2025-09-15_5
 ,21006298,Lady Sriracha,PRX,2025-10-01,8,USA,SOC, ,6.5, ,6 1/2F,D,4,4,4,0,0,5,7,310,500,0,0,700,800,200,10,0,0,50,0,41,7,26000,21006298_PRX_2025-10-01_8
 ,21006298,Lady Sriracha,PRX,2025-10-20,2,USA,CLM, ,6.0, ,6F,D,7,6,5,0,0,4,2,270,360,0,0,400,150,10,10,0,0,100,50,54,8,23000,21006298_PRX_2025-10-20_2
 ,19004949,Lady Zeta,DEL,2025-09-20,4,USA,SOC, ,5.0, ,5F,T,10,4,7,0,0,5,7,250,380,0,0,420,180,10,100,0,0,10,75,32,10,29000,19004949_DEL_2025-09-20_4
X,19004949,Lady Zeta,LRL,2025-10-11,1,USA,SHP, ,7.0, ,7F,D,5,2,4,0,0,7,6,200,460,0,0,960,1610,100,250,0,0,500,125,83,8,40000,19004949_LRL_2025-10-11_1
X,19004949,Lady Zeta,LRL,2025-11-16,7,USA,SOC, ,5.5, ,5 1/2F,T,1,3,4,0,0,3,4,110,210,0,0,210,325,100,10,0,0,10,5,47,10,26380,19004949_LRL_2025-11-16_7
X,19004949,Lady Zeta,LRL,2026-01-23,4,USA,SOC, ,6.0, ,6F,D,3,2,3,0,0,4,3,150,550,0,0,1000,1325,10,250,0,0,250,125,43,6,27260,19004949_LRL_2026-01-23_4
X,22000676,Lannister,DMR,2025-07-18,5,USA,MSW, ,6.5, ,6 1/2F,D,2,5,4,0,0,6,6,220,500,0,0,750,1285,10,10,0,0,350,225,8,9,100000,22000676_DMR_2025-07-18_5
X,22000676,Lannister,LRL,2025-12-26,7,USA,MSW, ,6.0, ,6F,D,7,3,4,0,0,5,5,300,320,0,0,910,1700,10,100,0,0,300,425,10,8,49410,22000676_LRL_2025-12-26_7
 ,23012905,Last Gift,TIM,2025-08-22,9,USA,MCL, ,4.0, ,4F,D,2,2,0,0,0,2,1,50,0,0,0,10,0,150,0,0,0,300,250,30,7,32080,23012905_TIM_2025-08-22_9
X,23012905,Last Gift,LRL,2025-11-02,5,USA,CLM, ,6.0, ,6F,D,6,2,2,0,0,1,1,100,50,0,0,0,0,150,150,0,0,200,375,56,6,33600,23012905_LRL_2025-11-02_5
X,23012905,Last Gift,LRL,2025-11-23,2,USA,CLM, ,6.0, ,6F,D,2,1,1,0,0,3,5,0,0,0,0,110,835,50,10,0,0,150,550,19,6,34050,23012905_LRL_2025-11-23_2
X,23012905,Last Gift,LRL,2025-12-13,9,USA,CLM, ,6.0, ,6F,D,4,2,3,0,0,5,7,50,60,0,0,550,1535,150,150,0,0,250,0,59,7,34550,23012905_LRL_2025-12-13_9
 ,21018066,Lastchance Romance,DEL,2025-10-18,7,USA,SOC, ,6.0, ,6F,D,4,4,4,0,0,3,3,250,350,0,0,300,325,10,150,0,0,200,675,18,5,20000,21018066_DEL_2025-10-18_7
 ,21018066,Lastchance Romance,PEN,2025-10-30,7,USA,ALW, ,6.0, ,6F,D,1,2,4,0,0,2,1,100,320,0,0,250,0,50,200,0,0,300,50,59,5,35000,21018066_PEN_2025-10-30_7
X,21018066,Lastchance Romance,LRL,2025-11-14,9,USA,ALW, ,6.0, ,6F,D,1,7,7,0,0,7,6,1210,1210,0,0,1210,800,0,0,0,0,0,225,296,7,48500,21018066_LRL_2025-11-14_9
X,22018757,Late Nite Call,PIM,2025-05-09,8,USA,AOC, ,8.5, ,1 1/16M,D,4,1,1,1,0,2,1,0,0,0,0,10,0,100,200,100,0,450,50,21,5,49000,22018757_PIM_2025-05-09_8
 ,22018757,Late Nite Call,DEL,2025-06-14,9,USA,STK,3,8.5, ,1 1/16M,D,2,5,6,6,0,4,5,170,230,270,0,250,485,200,10,10,0,10,100,569,9,300000,22018757_DEL_2025-06-14_9
X,22018757,Late Nite Call,LRL,2025-11-29,7,USA,STK, ,7.0, ,7F,D,7,7,6,0,0,7,7,510,920,0,0,1150,1775,0,10,0,0,0,0,146,7,100000,22018757_LRL_2025-11-29_7
X,22018757,Late Nite Call,LRL,2025-12-20,6,USA,STK, ,9.0, ,1 1/8M,D,3,1,1,1,0,1,2,0,0,0,0,0,25,100,250,250,0,10,250,479,9,100000,22018757_LRL_2025-12-20_6
X,21013518,Le Gris,SAR,2025-08-31,3,USA,AOC, ,8.0, ,1M,D,6,3,3,6,0,5,4,200,100,610,0,410,400,50,100,500,0,50,375,164,7,115000,21013518_SAR_2025-08-31_3
X,21013518,Le Gris,BAQ,2025-10-18,10,USA,STR, ,8.5, ,1 1/16M,T,10,7,7,7,0,8,8,320,280,420,0,330,685,100,200,100,0,300,75,323,11,110000,21013518_BAQ_2025-10-18_10
X,21013518,Le Gris,LRL,2025-11-30,7,USA,AOC, ,8.5, ,1 1/16M,D,1,1,1,1,0,1,1,0,0,0,0,0,0,100,250,200,0,550,900,14,6,53000,21013518_LRL_2025-11-30_7
X,21009377,Leonardini,LRL,2025-10-19,4,USA,MCL, ,6.0, ,6F,D,1,3,3,0,0,3,6,850,400,0,0,260,905,100,10,0,0,100,250,54,8,25370,21009377_LRL_2025-10-19_4
X,21009377,Leonardini,LRL,2025-11-09,10,USA,MCL, ,6.0, ,6F,D,5,5,6,0,0,7,7,660,1600,0,0,2100,2475,300,200,0,0,1500,2225,217,8,25370,21009377_LRL_2025-11-09_10
X,23016656,Let Her Pass By,CNL,2025-09-12,8,USA,MOC, ,5.5, ,5 1/2F,T,1,1,1,0,0,1,3,0,0,0,0,0,300,10,10,0,0,10,200,36,9,55000,23016656_CNL_2025-09-12_8
X,23016656,Let Her Pass By,LRL,2025-10-10,1,USA,MSW, ,5.5, ,5 1/2F,T,4,7,7,0,0,4,3,460,370,0,0,460,400,150,250,0,0,10,175,119,10,51115,23016656_LRL_2025-10-10_1
X,23016656,Let Her Pass By,LRL,2025-11-01,5,USA,MCL, ,5.5, ,5 1/2F,T,2,2,2,0,0,1,3,150,10,0,0,0,275,10,10,0,0,50,325,22,9,31950,23016656_LRL_2025-11-01_5
 ,23015101,Let's Go Lando,DEL,2025-08-30,4,USA,MSW, ,7.5,A,7 1/2F,T,7,8,8,0,0,8,7,670,1300,0,0,870,1125,0,0,0,0,0,100,51,8,45000,23015101_DEL_2025-08-30_4
 ,23015101,Let's Go Lando,DEL,2025-10-18,1,USA,MSW, ,8.0, ,1M,D,2,1,1,3,0,2,2,0,0,20,0,10,225,10,10,100,0,50,10,17,6,45000,23015101_DEL_2025-10-18_1
X,23015101,Let's Go Lando,LRL,2025-11-01,4,USA,MSW, ,8.5, ,1 1/16M,D,8,4,2,1,0,1,1,410,200,0,0,0,0,50,10,10,0,450,825,8,8,46000,23015101_LRL_2025-11-01_4
X,23015101,Let's Go Lando,LRL,2025-12-14,2,USA,AOC, ,8.5, ,1 1/16M,D,2,4,3,3,0,3,3,800,500,310,0,450,325,0,250,400,0,600,1675,51,4,49000,23015101_LRL_2025-12-14_2
X,22006543,Let's Have a Party,LRL,2025-10-12,8,USA,SOC, ,7.0, ,7F,D,1,5,7,0,0,7,7,1000,860,0,0,1210,2425,10,0,0,0,0,0,248,7,29500,22006543_LRL_2025-10-12_8
X,22006543,Let's Have a Party,LRL,2025-11-01,11,USA,SOC, ,6.0, ,6F,D,6,5,5,0,0,6,5,370,520,0,0,610,1300,600,200,0,0,400,125,536,7,25600,22006543_LRL_2025-11-01_11
X,22006543,Let's Have a Party,LRL,2025-11-14,1,USA,CLM, ,6.0, ,6F,D,1,5,7,0,0,6,7,120,510,0,0,700,695,50,150,0,0,50,50,159,9,23890,22006543_LRL_2025-11-14_1
X,22006543,Let's Have a Party,LRL,2025-12-12,6,USA,SOC, ,7.0, ,7F,D,8,6,6,0,0,7,7,510,510,0,0,1150,1750,400,400,0,0,400,350,885,8,25020,22006543_LRL_2025-12-12_6
X,21004662,Likebelivingnmagic,LRL,2025-09-20,5,USA,SOC, ,8.0, ,1M,T,8,7,6,8,0,8,8,700,510,770,0,1570,2500,200,150,0,0,0,0,358,8,30000,21004662_LRL_2025-09-20_5
X,21004662,Likebelivingnmagic,LRL,2025-10-03,3,USA,SOC, ,5.5, ,5 1/2F,T,10,3,6,0,0,9,10,400,660,0,0,1220,1930,200,150,0,0,200,0,664,10,26020,21004662_LRL_2025-10-03_3
X,21004662,Likebelivingnmagic,LRL,2025-11-29,2,USA,CLM, ,8.5, ,1 1/16M,D,3,3,3,3,0,5,4,110,150,550,0,900,1330,150,10,10,0,600,50,192,8,19140,21004662_LRL_2025-11-29_2
X,21004662,Likebelivingnmagic,LRL,2025-12-14,4,USA,CLM, ,5.5, ,5 1/2F,D,6,7,7,0,0,7,5,1350,1510,0,0,910,635,0,0,0,0,0,225,281,7,19450,21004662_LRL_2025-12-14_4
X,21004662,Likebelivingnmagic,LRL,2025-12-21,6,USA,CLM, ,8.0, ,1M,D,10,7,8,9,0,10,9,670,1060,820,0,1230,1715,10,50,150,0,200,275,593,11,21450,21004662_LRL_2025-12-21_6
X,23017715,Lino's Fire,LRL,2025-10-04,6,USA,MCL, ,6.0, ,6F,D,6,9,6,0,0,5,2,920,710,0,0,550,5,1200,150,0,0,700,25,179,10,28180,23017715_LRL_2025-10-04_6
X,23017715,Lino's Fire,LRL,2025-10-17,2,USA,MSW, ,7.0, ,7F,D,2,5,5,0,0,6,6,360,520,0,0,710,1335,150,10,0,0,700,900,255,7,47500,23017715_LRL_2025-10-17_2
X,23017715,Lino's Fire,LRL,2025-11-23,9,USA,MCL, ,8.5, ,1 1/16M,D,9,5,5,5,0,4,3,400,570,960,0,370,100,100,150,100,0,50,175,134,9,32400,23017715_LRL_2025-11-23_9
X,21013577,Little Lance,LRL,2025-09-19,4,USA,CLM, ,6.0, ,6F,D,4,3,3,0,0,2,2,210,210,0,0,150,150,10,50,0,0,10,25,58,7,19180,21013577_LRL_2025-09-19_4
X,21013577,Little Lance,LRL,2025-10-11,3,USA,SHP, ,7.0, ,7F,D,5,5,6,0,0,11,11,700,800,0,0,1470,1775,100,200,0,0,0,0,149,11,40800,21013577_LRL_2025-10-11_3
X,21013577,Little Lance,LRL,2025-11-07,4,USA,CLM, ,6.0, ,6F,D,3,6,6,0,0,6,6,750,910,0,0,1250,1560,50,50,0,0,200,800,57,8,20760,21013577_LRL_2025-11-07_4
X,21013577,Little Lance,LRL,2025-12-14,4,USA,CLM, ,5.5, ,5 1/2F,D,3,3,3,0,0,3,2,300,650,0,0,250,175,250,150,0,0,350,275,18,7,19450,21013577_LRL_2025-12-14_4
X,23006721,Little Lino,LRL,2025-11-16,2,USA,MSW, ,6.0, ,6F,D,1,4,3,0,0,4,4,220,350,0,0,410,800,400,350,0,0,450,425,354,6,45000,23006721_LRL_2025-11-16_2
X,22018268,Lonesome Road,CNL,2025-07-16,2,USA,MSW, ,8.0, ,1M,T,1,8,8,7,0,7,7,470,580,460,0,810,600,0,0,10,0,150,325,61,8,87500,22018268_CNL_2025-07-16_2
X,22018268,Lonesome Road,CNL,2025-09-12,5,USA,MSW, ,5.5, ,5 1/2F,T,2,3,3,0,0,2,2,200,60,0,0,250,375,200,150,0,0,10,10,40,6,87500,22018268_CNL_2025-09-12_5
X,22018268,Lonesome Road,LRL,2025-12-26,7,USA,MSW, ,6.0, ,6F,D,5,2,1,0,0,1,1,100,0,0,0,0,0,200,300,0,0,550,850,43,8,49410,22018268_LRL_2025-12-26_7
 ,22014975,Lord's Lady,DEL,2025-06-12,3,USA,MCL, ,8.0, ,1M,D,7,8,7,3,0,1,1,1030,830,210,0,0,0,0,10,100,0,100,675,18,8,24000,22014975_DEL_2025-06-12_3
 ,22014975,Lord's Lady,PEN,2025-07-05,1,USA,SOC, ,8.0, ,1M,D,1,6,6,3,0,1,1,720,520,250,0,0,0,0,0,10,0,300,600,15,6,20000,22014975_PEN_2025-07-05_1
X,22014975,Lord's Lady,LRL,2025-10-05,5,USA,SOC, ,8.5, ,1 1/16M,D,2,5,5,4,0,3,3,750,660,750,0,700,1250,0,0,250,0,50,375,77,5,24000,22014975_LRL_2025-10-05_5
 ,22010453,Lost River,CT ,2025-10-01,1,USA,CLM, ,4.5, ,4 1/2F,D,4,2,0,0,0,2,1,10,0,0,0,10,0,50,0,0,0,10,150,30,6,21500,22010453_CT_2025-10-01_1
 ,22010453,Lost River,CT ,2025-10-24,6,USA,ALW, ,4.5, ,4 1/2F,D,4,4,0,0,0,4,4,150,0,0,0,350,675,100,0,0,0,150,125,46,5,31700,22010453_CT_2025-10-24_6
X,22010453,Lost River,LRL,2025-11-16,5,USA,CLM, ,6.0, ,6F,D,2,1,1,0,0,1,1,0,0,0,0,0,0,50,250,0,0,350,300,25,9,24550,22010453_LRL_2025-11-16_5
X,22010453,Lost River,LRL,2025-12-13,3,USA,CLM, ,5.5, ,5 1/2F,D,1,1,1,0,0,2,3,0,0,0,0,150,725,10,10,0,0,300,50,21,6,24700,22010453_LRL_2025-12-13_3
X,22018608,Lou's Birthday,LRL,2025-11-14,1,USA,CLM, ,6.0, ,6F,D,2,1,5,0,0,7,9,0,360,0,0,750,1070,10,100,0,0,100,0,175,9,23890,22018608_LRL_2025-11-14_1
X,22018608,Lou's Birthday,LRL,2025-12-05,6,USA,CLM, ,5.5, ,5 1/2F,D,3,5,4,0,0,3,2,710,810,0,0,400,100,300,50,0,0,10,225,163,9,25870,22018608_LRL_2025-12-05_6
 ,22018608,Lou's Birthday,PRX,2026-01-07,8,USA,SOC, ,6.5, ,6 1/2F,D,5,5,7,0,0,7,6,220,610,0,0,950,2050,100,250,0,0,200,2500,383,8,26000,22018608_PRX_2026-01-07_8
X,22003776,Love You More,WO ,2025-07-26,7,CAN,MSW, ,6.5, ,6 1/2F,D,1,10,9,0,0,7,6,690,800,0,0,1150,875,400,50,0,0,100,10,90,11,83999,22003776_WO_2025-07-26_7
X,22003776,Love You More,LRL,2025-09-20,6,USA,MSW, ,7.0, ,7F,D,4,7,5,0,0,2,2,420,410,0,0,300,500,700,550,0,0,150,525,63,8,48000,22003776_LRL_2025-09-20_6
X,22003776,Love You More,LRL,2025-10-26,8,USA,MSW, ,8.0, ,1M,D,4,1,2,1,0,1,1,0,10,0,0,0,0,10,350,150,0,450,200,25,7,47500,22003776_LRL_2025-10-26_8
X,22003776,Love You More,LRL,2025-12-14,7,USA,ALW, ,7.0, ,7F,D,1,1,1,0,0,1,1,0,0,0,0,0,0,10,10,0,0,250,25,17,6,49735,22003776_LRL_2025-12-14_7
X,20004104,Lucked In,LRL,2025-09-13,9,USA,CLM, ,7.0, ,7F,D,7,7,6,0,0,7,7,920,1060,0,0,1760,9999,0,400,0,0,0,9999,34,7,22560,20004104_LRL_2025-09-13_9
X,20004104,Lucked In,LRL,2025-11-07,7,USA,CLM, ,8.0, ,1M,D,3,8,7,5,0,4,1,1160,810,600,0,210,0,0,1000,50,0,400,50,86,8,25370,20004104_LRL_2025-11-07_7
X,20004104,Lucked In,LRL,2025-12-06,5,USA,CLM, ,8.0, ,1M,D,3,9,8,7,0,7,7,1310,1050,910,0,1210,1425,0,50,300,0,600,1200,70,9,23890,20004104_LRL_2025-12-06_5
X,22014247,Luminous Secret,LRL,2025-04-25,2,USA,CLM, ,7.0, ,7F,D,5,5,5,0,0,6,5,760,710,0,0,1400,1385,700,200,0,0,0,150,114,6,45305,22014247_LRL_2025-04-25_2
X,22014247,Luminous Secret,LRL,2025-11-01,1,USA,SOC, ,8.0, ,1M,T,3,8,8,9,0,7,5,1310,960,730,0,720,760,200,200,0,0,100,200,364,9,31950,22014247_LRL_2025-11-01_1
X,22014247,Luminous Secret,LRL,2025-11-23,4,USA,SOC, ,8.0, ,1M,T,3,12,12,11,0,9,7,2110,2470,1780,0,920,590,0,0,250,0,200,225,84,12,29900,22014247_LRL_2025-11-23_4
 ,23002714,Lundi Loot,DEL,2025-09-28,2,USA,AOC, ,6.0, ,6F,D,5,2,2,0,0,2,2,50,10,0,0,100,225,50,100,0,0,200,450,6,8,72000,23002714_DEL_2025-09-28_2
X,23002714,Lundi Loot,LRL,2025-10-11,9,USA,STK, ,6.0, ,6F,D,1,5,4,0,0,3,3,220,350,0,0,200,100,200,10,0,0,10,100,56,13,102040,23002714_LRL_2025-10-11_9
X,23002714,Lundi Loot,LRL,2025-11-08,9,USA,STK, ,6.0, ,6F,D,6,6,6,0,0,6,4,270,550,0,0,710,760,550,500,0,0,10,100,78,10,100000,23002714_LRL_2025-11-08_9
X,23002714,Lundi Loot,LRL,2025-12-12,4,USA,AOC, ,6.0, ,6F,D,3,4,4,0,0,2,3,300,270,0,0,250,75,350,350,0,0,200,775,12,5,53165,23002714_LRL_2025-12-12_4
X,20016744,Lute Warm,KEE,2024-10-18,4,USA,ALW, ,8.5, ,1 1/16M,T,7,7,7,8,0,6,5,610,750,770,0,650,205,150,100,0,0,50,600,9,8,140000,20016744_KEE_2024-10-18_4
 ,20016744,Lute Warm,FG ,2024-12-21,6,USA,STK, ,8.5, ,1 1/16M,T,1,3,5,6,0,6,6,300,260,350,0,510,725,50,200,0,0,0,0,14,6,100000,20016744_FG_2024-12-21_6
X,20016744,Lute Warm,LRL,2025-11-14,8,USA,AOC, ,8.0, ,1M,T,7,3,2,1,0,1,1,350,150,0,0,0,0,100,10,10,0,100,150,20,7,59020,20016744_LRL_2025-11-14_8
X,22013314,Maclean's Rook,LRL,2025-10-03,8,USA,ALW, ,8.5, ,1 1/16M,T,3,6,5,5,0,5,4,810,750,510,0,460,350,150,100,50,0,150,75,34,8,50000,22013314_LRL_2025-10-03_8
X,22013314,Maclean's Rook,LRL,2025-10-31,9,USA,ALW, ,8.0, ,1M,D,2,4,2,1,0,1,1,260,200,0,0,0,0,100,200,50,0,300,625,39,5,48000,22013314_LRL_2025-10-31_9
X,22013314,Maclean's Rook,LRL,2025-12-06,7,USA,ALW, ,8.5, ,1 1/16M,D,7,5,3,3,0,1,1,1000,1000,400,0,0,0,200,50,500,0,150,725,14,8,54410,22013314_LRL_2025-12-06_7
X,17007087,Magic Mule,LRL,2025-06-13,8,USA,AOC, ,8.0, ,1M,D,3,6,6,6,0,5,5,270,660,810,0,1310,1650,0,0,0,0,50,50,343,6,53795,17007087_LRL_2025-06-13_8
 ,17007087,Magic Mule,DEL,2025-07-18,7,USA,AOC, ,5.5, ,5 1/2F,D,1,5,4,0,0,4,4,300,300,0,0,450,460,0,10,0,0,10,50,311,5,47000,17007087_DEL_2025-07-18_7
X,17007087,Magic Mule,LRL,2025-10-26,10,USA,AOC, ,7.0, ,7F,D,3,8,8,0,0,5,4,880,380,0,0,610,455,0,0,0,0,10,125,600,8,54000,17007087_LRL_2025-10-26_10
X,17007087,Magic Mule,LRL,2025-12-13,7,USA,AOC, ,6.0, ,6F,D,6,6,5,0,0,5,5,650,700,0,0,800,850,0,100,0,0,250,750,282,6,53795,17007087_LRL_2025-12-13_7
X,17007087,Magic Mule,LRL,2025-12-21,7,USA,AOC, ,8.0, ,1M,D,2,2,1,1,0,6,7,100,0,0,0,660,1375,10,10,50,0,450,450,762,8,54000,17007087_LRL_2025-12-21_7
X,17007087,Magic Mule,LRL,2026-01-09,9,USA,AOC, ,6.0, ,6F,D,1,6,6,0,0,6,6,820,860,0,0,1010,755,0,0,0,0,0,0,625,6,57770,17007087_LRL_2026-01-09_9
X,18015442,Magic Spin,LRL,2025-10-24,7,USA,SOC, ,6.0, ,6F,D,8,4,3,0,0,3,3,160,310,0,0,500,550,50,250,0,0,150,225,148,9,41830,18015442_LRL_2025-10-24_7
X,18015442,Magic Spin,LRL,2025-11-09,8,USA,SOC, ,6.0, ,6F,D,7,3,4,0,0,6,5,150,260,0,0,90,200,150,150,0,0,250,275,49,7,32980,18015442_LRL_2025-11-09_8
X,18015442,Magic Spin,LRL,2025-11-29,9,USA,SOC, ,6.0, ,6F,D,5,7,7,0,0,5,5,610,1150,0,0,910,1100,200,250,0,0,150,700,79,8,30435,18015442_LRL_2025-11-29_9
X,18015442,Magic Spin,LRL,2025-12-12,6,USA,SOC, ,7.0, ,7F,D,6,7,8,0,0,6,5,910,960,0,0,1050,700,10,0,0,0,100,200,103,8,25020,18015442_LRL_2025-12-12_6
X,18015442,Magic Spin,LRL,2026-01-10,6,USA,CLM, ,6.0, ,6F,D,8,9,8,0,0,6,6,530,320,0,0,750,885,10,100,0,0,300,10,111,11,21180,18015442_LRL_2026-01-10_6
X,19016067,Magnolia Midnight,KEE,2025-10-18,1,USA,CLM, ,7.0,A,7F,D,4,1,1,0,0,7,6,0,0,0,0,920,1755,50,50,0,0,0,125,41,7,73000,19016067_KEE_2025-10-18_1
X,19016067,Magnolia Midnight,AQU,2025-12-27,10,USA,AOC, ,8.0, ,1M,D,10,1,3,6,0,9,10,0,60,370,0,1070,2250,10,50,100,0,50,225,463,11,90000,19016067_AQU_2025-12-27_10
X,19016067,Magnolia Midnight,AQU,2026-01-15,6,USA,SOC, ,8.0, ,1M,D,5,3,3,4,0,4,5,60,110,320,0,900,1800,150,100,50,0,10,625,289,6,62000,19016067_AQU_2026-01-15_6
 ,22004783,Maidstone,PID,2025-09-22,5,USA,ALW, ,6.0, ,6F,D,2,3,4,0,0,4,4,400,400,0,0,710,1525,50,0,0,0,0,0,35,4,38000,22004783_PID_2025-09-22_5
 ,22004783,Maidstone,PEN,2025-11-28,6,USA,ALW, ,6.0, ,6F,D,8,9,9,0,0,9,8,580,390,0,0,1170,1350,200,100,0,0,10,250,68,10,35000,22004783_PEN_2025-11-28_6
X,22004783,Maidstone,AQU,2026-01-02,8,USA,CLM, ,6.5, ,6 1/2F,D,2,2,2,0,0,5,4,100,350,0,0,750,300,100,100,0,0,50,5,151,8,41000,22004783_AQU_2026-01-02_8
X,21005927,Mainstream Sellout,LRL,2025-11-08,5,USA,SOC, ,8.0, ,1M,T,5,6,5,5,0,6,2,660,550,370,0,510,200,100,50,150,0,100,5,320,10,34045,21005927_LRL_2025-11-08_5
X,21005927,Mainstream Sellout,LRL,2025-11-15,7,USA,ALW, ,9.0, ,1 1/8M,T,10,3,3,3,0,10,10,200,110,210,0,920,1180,150,100,10,0,0,0,767,10,53205,21005927_LRL_2025-11-15_7
X,21005927,Mainstream Sellout,LRL,2025-11-27,5,USA,CLM, ,8.0, ,1M,D,8,2,1,2,0,3,4,10,0,150,0,550,1130,50,10,10,0,250,475,112,9,21530,21005927_LRL_2025-11-27_5
X,21005927,Mainstream Sellout,LRL,2025-12-27,5,USA,ALW, ,8.5, ,1 1/16M,D,5,4,2,5,0,6,6,70,300,760,0,1460,2060,150,10,150,0,0,0,462,6,55615,21005927_LRL_2025-12-27_5
X,20017096,Major Houlihan,LRL,2025-06-20,2,USA,CLM, ,8.0, ,1M,D,2,2,2,1,0,2,1,100,50,0,0,100,0,100,300,50,0,400,100,19,5,15655,20017096_LRL_2025-06-20_2
 ,20017096,Major Houlihan,DEL,2025-07-19,1,USA,CLM, ,8.0, ,1M,D,3,1,1,1,0,2,2,0,0,0,0,100,75,50,50,10,0,200,150,14,7,17000,20017096_DEL_2025-07-19_1
X,20017096,Major Houlihan,LRL,2025-11-28,5,USA,CLM, ,8.5, ,1 1/16M,D,7,2,2,2,0,2,3,200,250,100,0,350,725,500,200,300,0,350,325,78,8,21300,20017096_LRL_2025-11-28_5
X,23006394,Make It Quick,LRL,2025-11-16,2,USA,MSW, ,6.0, ,6F,D,5,3,6,0,0,6,6,210,900,0,0,1460,3325,10,0,0,0,0,0,37,6,45000,23006394_LRL_2025-11-16_2
 ,21017501,Maliblue,PRX,2025-11-10,10,USA,CLM, ,6.0, ,6F,D,4,4,5,0,0,8,8,160,210,0,0,9999,9999,100,50,0,0,9999,9999,84,8,21000,21017501_PRX_2025-11-10_10
 ,21017501,Maliblue,PEN,2025-12-19,10,USA,CLM, ,6.0, ,6F,D,5,2,2,0,0,1,1,100,10,0,0,0,0,150,100,0,0,100,125,76,7,12000,21017501_PEN_2025-12-19_10
 ,21017501,Maliblue,PRX,2026-01-14,10,USA,CLM, ,6.0, ,6F,D,1,2,2,0,0,1,1,50,10,0,0,0,0,100,50,0,0,100,300,122,10,21000,21017501_PRX_2026-01-14_10
X,18007346,Manor House,CNL,2025-09-05,3,USA,AOC, ,6.5, ,6 1/2F,D,6,3,3,0,0,4,3,60,60,0,0,110,225,150,50,0,0,100,5,399,6,74000,18007346_CNL_2025-09-05_3
X,18007346,Manor House,LRL,2025-10-26,10,USA,AOC, ,7.0, ,7F,D,8,1,1,0,0,2,2,0,0,0,0,10,5,50,10,0,0,150,200,41,8,54000,18007346_LRL_2025-10-26_10
X,18007346,Manor House,LRL,2025-11-14,4,USA,AOC, ,8.5, ,1 1/16M,D,6,3,4,4,0,7,7,200,400,500,0,720,1625,10,100,50,0,0,0,47,7,54295,18007346_LRL_2025-11-14_4
X,22009594,Manseeyasway,CNL,2025-09-04,3,USA,MSW, ,5.0, ,5F,T,4,6,7,0,0,8,8,420,460,0,0,660,805,10,200,0,0,0,0,493,8,70000,22009594_CNL_2025-09-04_3
 ,22009594,Manseeyasway,CT ,2025-09-19,4,USA,MSW, ,6.5, ,6 1/2F,D,7,3,2,0,0,3,3,150,50,0,0,110,525,50,100,0,0,200,100,85,8,30600,22009594_CT_2025-09-19_4
X,22009594,Manseeyasway,LRL,2025-11-22,9,USA,MSW, ,6.0, ,6F,D,7,3,4,0,0,5,6,160,170,0,0,560,1275,100,150,0,0,150,200,209,8,54345,22009594_LRL_2025-11-22_9
X,22009594,Manseeyasway,LRL,2025-12-21,5,USA,MCL, ,6.0, ,6F,D,3,3,3,0,0,2,3,160,110,0,0,250,675,250,350,0,0,10,75,151,7,30500,22009594_LRL_2025-12-21_5
 ,22009594,Manseeyasway,CT ,2026-01-14,5,USA,MSW, ,4.5, ,4 1/2F,D,7,4,0,0,0,3,3,160,0,0,0,250,475,10,0,0,0,10,250,24,8,30600,22009594_CT_2026-01-14_5
X,22000564,Map to the Moon,LRL,2025-10-25,2,USA,CLM, ,8.5, ,1 1/16M,D,1,6,3,5,0,5,5,410,110,610,0,700,1050,250,50,150,0,50,450,85,7,23220,22000564_LRL_2025-10-25_2
X,22000564,Map to the Moon,LRL,2025-11-15,10,USA,CLM, ,5.5, ,5 1/2F,D,3,7,7,0,0,6,4,810,950,0,0,1050,675,0,0,0,0,50,400,80,7,23220,22000564_LRL_2025-11-15_10
X,22000564,Map to the Moon,LRL,2025-12-07,3,USA,CLM, ,6.0, ,6F,D,1,5,5,0,0,5,4,400,900,0,0,710,800,50,10,0,0,50,350,117,8,24050,22000564_LRL_2025-12-07_3
X,22000564,Map to the Moon,LRL,2025-12-28,6,USA,CLM, ,7.0, ,7F,D,6,5,5,0,0,9,7,360,550,0,0,1270,1725,200,100,0,0,0,500,442,9,24550,22000564_LRL_2025-12-28_6
X,21002357,Margaret P,LRL,2025-09-21,9,USA,MCL, ,7.0, ,7F,D,4,3,3,0,0,2,1,400,300,0,0,50,0,300,10,0,0,350,275,15,7,34100,21002357_LRL_2025-09-21_9
X,21002357,Margaret P,LRL,2025-10-24,2,USA,CLM, ,6.0, ,6F,D,2,5,7,0,0,7,7,350,850,0,0,760,1005,100,0,0,0,0,0,290,7,45300,21002357_LRL_2025-10-24_2
X,21002357,Margaret P,LRL,2025-11-27,4,USA,SOC, ,7.0, ,7F,D,3,4,5,0,0,3,3,250,400,0,0,210,500,150,150,0,0,200,225,142,7,30950,21002357_LRL_2025-11-27_4
X,19006044,Margin of Air,SAR,2025-08-22,7,USA,CLM, ,9.0, ,1 1/8M,D,1,2,2,2,0,1,2,150,150,50,0,0,400,350,200,150,0,10,250,22,7,58000,19006044_SAR_2025-08-22_7
 ,19006044,Margin of Air,PRX,2025-10-27,8,USA,CLM, ,8.0, ,1M,D,3,2,2,2,0,1,1,100,50,50,0,0,0,200,200,200,0,400,475,50,5,35000,19006044_PRX_2025-10-27_8
 ,19006044,Margin of Air,PRX,2025-11-25,9,USA,AOC, ,8.5, ,1 1/16M,D,2,3,2,2,0,2,4,160,100,150,0,500,875,10,150,400,0,100,75,40,8,52000,19006044_PRX_2025-11-25_9
X,22005925,Market Watch,CD ,2024-09-25,5,USA,MSW, ,6.0, ,6F,D,6,10,10,0,0,8,7,720,970,0,0,950,980,150,450,0,0,250,25,296,11,92000,22005925_CD_2024-09-25_5
X,22005925,Market Watch,AQU,2026-01-10,1,USA,MOC, ,6.5, ,6 1/2F,D,1,6,6,0,0,6,3,460,670,0,0,600,425,0,0,0,0,0,150,39,6,75000,22005925_AQU_2026-01-10_1
 ,20013396,Martini Martin,DEL,2025-07-18,1,USA,CLM, ,8.32, ,1M 70Y,D,5,7,6,5,0,5,4,950,560,660,0,260,630,0,200,100,0,300,150,32,7,17000,20013396_DEL_2025-07-18_1
 ,20013396,Martini Martin,DEL,2025-08-21,6,USA,CLM, ,8.32, ,1M 70Y,D,7,7,7,7,0,7,4,520,570,710,0,630,460,0,0,0,0,0,100,62,7,19000,20013396_DEL_2025-08-21_6
X,20013396,Martini Martin,LRL,2025-11-08,4,USA,CLM, ,8.5, ,1 1/16M,D,4,9,9,9,0,9,8,1770,1410,1460,0,1610,1920,0,0,0,0,0,1050,415,9,19640,20013396_LRL_2025-11-08_4
X,20013396,Martini Martin,LRL,2025-12-28,8,USA,CLM, ,9.0, ,1 1/8M,D,6,6,6,6,0,5,5,850,1250,1410,0,1300,1375,0,0,0,0,500,1900,322,6,18410,20013396_LRL_2025-12-28_8
 ,21004220,Masakado,DEL,2025-10-04,1,USA,CLM, ,8.32, ,1M 70Y,D,8,1,2,1,0,2,3,0,10,0,0,100,300,10,250,10,0,100,25,30,9,21000,21004220_DEL_2025-10-04_1
X,21004220,Masakado,LRL,2025-10-17,4,USA,CLM, ,8.0, ,1M,D,7,2,2,5,0,4,4,150,150,170,0,160,575,10,10,400,0,200,450,34,9,21260,21004220_LRL_2025-10-17_4
X,21004220,Masakado,LRL,2025-11-29,2,USA,CLM, ,8.5, ,1 1/16M,D,1,1,1,1,0,1,1,0,0,0,0,0,0,10,100,450,0,450,825,28,8,19140,21004220_LRL_2025-11-29_2
X,21004220,Masakado,LRL,2025-12-13,2,USA,SOC, ,9.0, ,1 1/8M,D,4,1,1,1,0,3,3,0,0,0,0,20,775,100,50,50,0,600,275,14,5,24000,21004220_LRL_2025-12-13_2
X,22003263,Masayoshi,IND,2025-07-04,5,USA,ALW, ,8.5, ,1 1/16M,T,1,11,11,12,0,11,10,2060,2010,1660,0,1350,1275,150,50,0,0,200,75,123,12,34000,22003263_IND_2025-07-04_5
X,22003263,Masayoshi,LRL,2025-11-07,9,USA,ALW, ,6.0, ,6F,D,2,9,9,0,0,8,6,780,870,0,0,670,485,0,0,0,0,300,150,486,9,54910,22003263_LRL_2025-11-07_9
X,22003263,Masayoshi,LRL,2025-11-16,8,USA,ALW, ,8.5, ,1 1/16M,D,1,5,4,6,0,7,7,300,700,1310,0,1360,1980,50,10,50,0,800,1500,212,8,50000,22003263_LRL_2025-11-16_8
 ,F0047121,Masen (GB),DEL,2025-10-08,5,USA,SOC, ,6.0, ,6F,D,1,1,2,0,0,5,7,0,100,0,0,210,1125,50,10,0,0,10,0,292,7,32000,F0047121_DEL_2025-10-08_5
X,F0047121,Masen (GB),LRL,2025-10-25,12,USA,SOC, ,5.5, ,5 1/2F,T,4,2,3,0,0,10,10,100,100,0,0,780,1795,50,10,0,0,0,0,385,10,40110,F0047121_LRL_2025-10-25_12
X,F0047121,Masen (GB),LRL,2025-11-22,2,USA,SOC, ,8.0, ,1M,T,6,1,1,1,0,1,6,0,0,0,0,0,275,150,200,100,0,50,350,58,11,26520,F0047121_LRL_2025-11-22_2
X,20003449,Master of None,LRL,2025-10-18,2,USA,SOC, ,9.0, ,1 1/8M,D,1,3,3,3,0,4,3,250,200,350,0,550,500,50,50,150,0,500,350,138,6,29435,20003449_LRL_2025-10-18_2
X,20003449,Master of None,LRL,2025-11-09,4,USA,SOC, ,8.5, ,1 1/16M,D,3,7,7,7,0,6,6,660,660,850,0,220,425,150,150,50,0,400,875,231,8,30000,20003449_LRL_2025-11-09_4
X,20003449,Master of None,LRL,2025-11-29,5,USA,SOC, ,8.5, ,1 1/16M,D,1,6,7,5,0,8,8,460,830,560,0,870,705,200,50,150,0,2500,4425,164,9,31370,20003449_LRL_2025-11-29_5
X,20003449,Master of None,LRL,2025-12-13,2,USA,SOC, ,9.0, ,1 1/8M,D,3,5,5,5,0,4,4,900,250,760,0,620,1050,0,0,0,0,300,875,171,5,24000,20003449_LRL_2025-12-13_2
X,23014465,Master Schemer,LRL,2025-11-28,9,USA,MCL, ,6.0, ,6F,D,3,7,7,0,0,4,4,1270,970,0,0,760,925,0,0,0,0,10,650,217,7,31850,23014465_LRL_2025-11-28_9
X,23014465,Master Schemer,LRL,2025-12-13,4,USA,MCL, ,8.0, ,1M,D,6,4,4,2,0,4,4,400,260,100,0,460,700,100,10,50,0,10,150,128,6,30450,23014465_LRL_2025-12-13_4
X,23019680,Matthew's Ticket,LRL,2025-12-20,3,USA,MSW, ,7.0, ,7F,D,4,4,5,0,0,3,3,800,660,0,0,250,575,100,400,0,0,150,75,71,7,47500,23019680_LRL_2025-12-20_3
 ,22014043,Maupansant,PEN,2025-08-06,4,USA,MCL, ,8.5, ,1 1/16M,D,3,6,3,2,0,2,1,600,400,100,0,50,0,50,10,200,0,100,50,24,8,17000,22014043_PEN_2025-08-06_4
X,22014043,Maupansant,LRL,2025-11-16,1,USA,SOC, ,8.5, ,1 1/16M,T,3,5,5,5,0,7,2,520,620,810,0,1070,875,200,300,200,0,10,10,707,10,28540,22014043_LRL_2025-11-16_1
X,22014043,Maupansant,LRL,2025-11-30,2,USA,CLM, ,8.0, ,1M,D,6,7,7,5,0,4,4,820,1010,1110,0,760,625,0,0,10,0,10,325,46,7,25200,22014043_LRL_2025-11-30_2
X,22014043,Maupansant,LRL,2026-01-09,1,USA,CLM, ,8.0, ,1M,D,8,6,8,7,0,4,4,370,610,430,0,410,460,50,50,300,0,200,225,107,9,25870,22014043_LRL_2026-01-09_1
X,21009283,Maximo Madness,CNL,2025-08-15,8,USA,CLM, ,8.0, ,1M,T,5,5,5,4,0,4,4,500,460,550,0,550,325,100,10,150,0,150,200,97,11,25000,21009283_CNL_2025-08-15_8
X,21009283,Maximo Madness,LRL,2025-10-26,7,USA,SOC, ,8.5, ,1 1/16M,T,9,2,2,2,0,2,4,200,150,50,0,50,110,100,300,250,0,50,5,326,10,26020,21009283_LRL_2025-10-26_7
X,21009283,Maximo Madness,LRL,2025-11-28,5,USA,CLM, ,8.5, ,1 1/16M,D,3,4,5,4,0,3,4,750,600,410,0,700,1050,200,250,50,0,100,375,37,8,21300,21009283_LRL_2025-11-28_5
X,21018316,Medagooch,LRL,2025-10-10,9,USA,ALW, ,6.0, ,6F,D,7,2,1,0,0,1,4,150,0,0,0,0,300,200,10,0,0,10,325,44,8,55880,21018316_LRL_2025-10-10_9
X,21018316,Medagooch,LRL,2025-11-14,7,USA,ALW, ,6.0, ,6F,D,1,1,1,0,0,5,7,0,0,0,0,470,1200,100,50,0,0,150,10,197,9,49500,21018316_LRL_2025-11-14_7
X,21018316,Medagooch,LRL,2025-11-30,4,USA,ALW, ,6.0, ,6F,D,4,6,6,0,0,6,6,410,610,0,0,910,1400,0,0,0,0,0,0,136,6,48000,21018316_LRL_2025-11-30_4
 ,21012490,Meg,TIM,2025-08-30,8,USA,ALW, ,8.5, ,1 1/16M,D,5,3,4,2,0,2,2,150,160,150,0,200,125,10,200,10,0,10,250,23,5,45100,21012490_TIM_2025-08-30_8
X,21012490,Meg,LRL,2025-09-28,8,USA,ALW, ,8.0, ,1M,D,1,4,3,4,0,4,5,170,210,310,0,700,725,250,150,350,0,100,300,61,6,50470,21012490_LRL_2025-09-28_8
X,21012490,Meg,LRL,2025-10-11,7,USA,STK, ,7.0, ,7F,D,2,12,12,0,0,9,7,1470,1520,0,0,950,1000,0,0,0,0,150,175,868,12,102030,21012490_LRL_2025-10-11_7
 ,21009051,Melt With You,PRX,2025-10-22,10,USA,CLM, ,8.32, ,1M 70Y,D,4,3,3,2,0,1,4,310,250,10,0,0,535,50,200,100,0,200,150,26,10,26000,21009051_PRX_2025-10-22_10
 ,21009051,Melt With You,PEN,2025-11-13,1,USA,CLM, ,8.32, ,1M 70Y,D,1,4,4,2,0,1,1,250,200,50,0,0,0,400,250,300,0,300,900,12,7,18000,21009051_PEN_2025-11-13_1
 ,21009051,Melt With You,PEN,2025-11-28,8,USA,CLM, ,8.0, ,1M,D,4,5,5,5,0,3,2,220,310,400,0,200,200,10,150,100,0,150,10,33,9,22000,21009051_PEN_2025-11-28_8
X,23009267,Mezzo Soprano,LRL,2025-11-22,3,USA,MCL, ,6.0, ,6F,D,6,9,9,0,0,8,8,1120,1560,0,0,2210,2405,0,0,0,0,400,625,229,9,32400,23009267_LRL_2025-11-22_3
 ,23013020,Mickeymac,DEL,2025-10-11,6,USA,MSW, ,7.5,A,7 1/2F,T,1,7,8,0,0,7,7,430,460,0,0,770,1045,250,0,0,0,100,350,266,8,45000,23013020_DEL_2025-10-11_6
X,23013020,Mickeymac,LRL,2025-11-02,4,USA,MCL, ,8.5, ,1 1/16M,T,4,3,3,3,0,4,5,700,600,650,0,610,725,10,250,250,0,10,150,139,10,36050,23013020_LRL_2025-11-02_4
X,23013020,Mickeymac,LRL,2025-11-28,1,USA,MCL, ,8.0, ,1M,D,7,7,8,8,0,8,9,520,810,980,0,1630,2260,50,500,200,0,300,850,43,12,29180,23013020_LRL_2025-11-28_1
X,19002714,Mischief Motion,LRL,2025-09-06,2,USA,ALW, ,8.5, ,1 1/16M,D,3,3,5,5,0,5,5,250,360,1210,0,2400,3925,10,0,0,0,0,0,217,5,49000,19002714_LRL_2025-09-06_2
X,19002714,Mischief Motion,LRL,2025-09-26,1,USA,SOC, ,5.5, ,5 1/2F,T,6,8,8,0,0,6,7,870,760,0,0,960,950,200,200,0,0,50,275,347,9,31950,19002714_LRL_2025-09-26_1
X,19002714,Mischief Motion,LRL,2025-11-01,1,USA,SOC, ,8.0, ,1M,T,8,1,1,2,0,4,8,0,0,10,0,310,1020,250,200,200,0,150,425,677,9,31950,19002714_LRL_2025-11-01_1
X,19002714,Mischief Motion,LRL,2025-12-12,1,USA,SOC, ,7.0, ,7F,D,4,5,4,0,0,7,7,410,760,0,0,810,1200,100,50,0,0,600,575,100,8,27900,19002714_LRL_2025-12-12_1
 ,23013653,Miss Fulton Gal,DEL,2025-10-11,7,USA,STK, ,8.0, ,1M,D,2,6,7,8,0,8,5,270,430,920,0,1210,1125,10,100,100,0,200,150,65,9,100000,23013653_DEL_2025-10-11_7
X,23013653,Miss Fulton Gal,LRL,2025-11-15,5,USA,AOC, ,8.0, ,1M,D,7,4,4,5,0,2,2,650,350,270,0,150,300,10,10,150,0,50,150,24,8,54410,23013653_LRL_2025-11-15_5
X,23013653,Miss Fulton Gal,LRL,2025-12-07,7,USA,AOC, ,8.5, ,1 1/16M,D,6,6,5,5,0,4,4,800,400,710,0,750,1850,0,100,500,0,150,250,10,6,49735,23013653_LRL_2025-12-07_7
X,21012274,Miss Harriett,LRL,2025-04-27,9,USA,AOC, ,6.0, ,6F,D,3,1,1,0,0,3,3,0,0,0,0,60,525,100,50,0,0,300,225,37,5,56000,21012274_LRL_2025-04-27_9
 ,21012274,Miss Harriett,DEL,2025-05-31,6,USA,STK, ,6.0, ,6F,D,1,1,1,0,0,2,2,0,0,0,0,300,650,50,50,0,0,300,200,133,6,100000,21012274_DEL_2025-05-31_6
X,21012274,Miss Harriett,LRL,2025-11-22,6,USA,STK, ,6.5, ,6 1/2F,D,5,1,1,0,0,3,3,0,0,0,0,110,735,200,250,0,0,500,100,49,5,100000,21012274_LRL_2025-11-22_6
 ,23006398,Miss Mary Ann,PEN,2025-12-05,1,USA,MSW, ,6.0, ,6F,D,5,9,8,0,0,7,7,660,620,0,0,520,675,100,10,0,0,100,175,148,10,34000,23006398_PEN_2025-12-05_1
X,20001748,Miss Stones,CNL,2025-09-05,6,USA,CLM, ,5.5, ,5 1/2F,T,4,3,3,0,0,3,7,260,300,0,0,150,400,250,150,0,0,10,50,185,8,25000,20001748_CNL_2025-09-05_6
 ,20001748,Miss Stones,FL ,2025-10-14,2,USA,ALW, ,5.5, ,5 1/2F,D,6,1,1,0,0,1,2,0,0,0,0,0,5,50,100,0,0,350,200,72,8,24500,20001748_FL_2025-10-14_2
 ,20001748,Miss Stones,FL ,2025-11-26,8,USA,ALW, ,5.5, ,5 1/2F,D,4,1,1,0,0,1,1,0,0,0,0,0,0,150,100,0,0,200,250,12,8,24500,20001748_FL_2025-11-26_8
 ,21007664,Missy Boss,DEL,2025-10-15,3,USA,CLM, ,8.32, ,1M 70Y,D,2,1,1,3,0,6,5,0,0,200,0,230,1260,50,10,10,0,300,500,66,9,16000,21007664_DEL_2025-10-15_3
 ,21007664,Missy Boss,PEN,2025-11-13,2,USA,CLM, ,8.5, ,1 1/16M,D,2,1,1,1,0,1,1,0,0,0,0,0,0,150,150,200,0,500,875,70,6,12000,21007664_PEN_2025-11-13_2
X,21007664,Missy Boss,LRL,2025-11-28,5,USA,CLM, ,8.5, ,1 1/16M,D,6,1,1,1,0,1,1,0,0,0,0,0,0,200,250,100,0,350,625,96,8,21300,21007664_LRL_2025-11-28_5
X,21007664,Missy Boss,LRL,2025-12-28,4,USA,SOC, ,8.5, ,1 1/16M,D,2,1,1,2,0,5,6,0,0,100,0,750,3100,200,400,150,0,600,0,57,6,24000,21007664_LRL_2025-12-28_4
X,21012519,Mister Agent,LRL,2025-10-12,4,USA,CLM, ,5.5, ,5 1/2F,D,5,3,2,0,0,2,2,200,200,0,0,100,25,500,100,0,0,350,475,23,7,18640,21012519_LRL_2025-10-12_4
X,21012519,Mister Agent,LRL,2025-11-07,4,USA,CLM, ,6.0, ,6F,D,4,4,4,0,0,4,4,550,560,0,0,800,1225,50,250,0,0,200,325,24,8,20760,21012519_LRL_2025-11-07_4
X,21012519,Mister Agent,LRL,2025-11-16,10,USA,CLM, ,8.0, ,1M,D,7,4,2,3,0,3,5,400,50,160,0,850,1300,200,50,350,0,150,350,52,8,21030,21012519_LRL_2025-11-16_10
X,21012519,Mister Agent,LRL,2025-12-26,1,USA,CLM, ,6.0, ,6F,D,2,4,6,0,0,8,7,400,810,0,0,670,685,50,100,0,0,200,100,98,11,23070,21012519_LRL_2025-12-26_1
X,21002408,Mister Lincoln,LRL,2025-11-23,8,USA,AOC, ,5.5, ,5 1/2F,T,8,7,7,0,0,5,3,560,650,0,0,560,60,200,200,0,0,200,5,48,11,55500,21002408_LRL_2025-11-23_8
X,21002408,Mister Lincoln,LRL,2025-12-07,4,USA,SOC, ,6.0, ,6F,D,3,2,3,0,0,3,3,10,400,0,0,400,475,150,150,0,0,250,450,29,7,40830,21002408_LRL_2025-12-07_4
 ,21002408,Mister Lincoln,PRX,2025-12-29,7,USA,CLM, ,7.0, ,7F,D,2,5,6,0,0,6,6,160,470,0,0,1000,1060,50,10,0,0,100,550,18,10,32000,21002408_PRX_2025-12-29_7
X,23014975,Mister Roscoe,LRL,2025-09-14,3,USA,MSW, ,5.5, ,5 1/2F,T,4,4,4,0,0,6,6,250,310,0,0,570,850,100,10,0,0,350,175,106,8,50115,23014975_LRL_2025-09-14_3
X,23014975,Mister Roscoe,LRL,2025-09-27,8,USA,MCL, ,6.0, ,6F,D,7,4,2,0,0,1,1,160,10,0,0,0,0,200,50,0,0,200,625,19,8,34150,23014975_LRL_2025-09-27_8
X,23014975,Mister Roscoe,LRL,2025-10-10,2,USA,CLM, ,6.0, ,6F,D,2,3,3,0,0,2,2,60,250,0,0,250,225,250,150,0,0,150,525,23,4,30000,23014975_LRL_2025-10-10_2
X,23014975,Mister Roscoe,LRL,2025-12-13,5,USA,CLM, ,8.0, ,1M,D,5,4,4,5,0,6,6,600,250,260,0,1050,2150,10,10,10,0,400,325,122,7,45300,23014975_LRL_2025-12-13_5
 ,19016350,Mistical Curlin,DEL,2025-07-09,4,USA,SOC, ,8.0, ,1M,D,1,3,4,3,0,3,1,150,210,110,0,210,0,50,50,10,0,300,10,16,7,27000,19016350_DEL_2025-07-09_4
 ,19016350,Mistical Curlin,DEL,2025-10-02,8,USA,AOC, ,8.0, ,1M,D,3,4,4,5,0,5,4,250,220,270,0,310,525,50,50,100,0,150,25,23,6,47000,19016350_DEL_2025-10-02_8
 ,19016350,Mistical Curlin,PEN,2025-11-28,8,USA,CLM, ,8.0, ,1M,D,9,4,4,3,0,4,6,120,160,200,0,350,660,100,150,50,0,50,250,17,9,22000,19016350_PEN_2025-11-28_8
X,23005607,Mo Missile,LRL,2025-09-13,5,USA,MCL, ,5.5, ,5 1/2F,D,9,1,1,0,0,1,1,0,0,0,0,0,0,300,150,0,0,250,50,11,10,27100,23005607_LRL_2025-09-13_5
X,23005607,Mo Missile,LRL,2025-10-10,2,USA,CLM, ,6.0, ,6F,D,4,1,1,0,0,1,1,0,0,0,0,0,0,10,200,0,0,250,225,6,4,30000,23005607_LRL_2025-10-10_2
X,23005607,Mo Missile,LRL,2025-11-21,4,USA,AOC, ,6.0, ,6F,D,1,4,5,0,0,7,7,260,400,0,0,960,1430,50,150,0,0,0,0,93,7,53910,23005607_LRL_2025-11-21_4
X,23012790,Momaxie,LRL,2025-12-19,7,USA,MCL, ,6.0, ,6F,D,6,1,1,0,0,1,1,0,0,0,0,0,0,100,50,0,0,200,425,106,7,42730,23012790_LRL_2025-12-19_7
 ,17001959,Monday Morning Qb,CT ,2025-10-16,7,USA,AOC, ,6.5, ,6 1/2F,D,1,4,4,0,0,4,4,400,70,0,0,260,650,0,0,0,0,0,0,51,4,34000,17001959_CT_2025-10-16_7
X,17001959,Monday Morning Qb,LRL,2025-11-09,8,USA,SOC, ,6.0, ,6F,D,1,6,6,0,0,4,2,550,460,0,0,70,50,50,100,0,0,10,50,57,7,32980,17001959_LRL_2025-11-09_8
X,17001959,Monday Morning Qb,LRL,2025-11-29,9,USA,SOC, ,6.0, ,6F,D,4,5,3,0,0,3,4,350,650,0,0,310,875,10,100,0,0,50,225,38,8,30435,17001959_LRL_2025-11-29_9
X,23014809,Mose Smokin,LRL,2025-10-11,9,USA,STK, ,6.0, ,6F,D,9,7,7,0,0,6,8,430,570,0,0,510,1075,300,250,0,0,100,475,1559,13,102040,23014809_LRL_2025-10-11_9
X,23014809,Mose Smokin,LRL,2025-11-09,2,USA,CLM, ,6.0, ,6F,D,6,3,3,0,0,4,4,400,400,0,0,660,925,250,400,0,0,200,550,44,6,31350,23014809_LRL_2025-11-09_2
X,23014809,Mose Smokin,LRL,2025-12-05,1,USA,CLM, ,7.0, ,7F,D,4,3,3,0,0,2,1,550,260,0,0,50,0,50,350,0,0,250,75,50,8,28260,23014809_LRL_2025-12-05_1
X,23014809,Mose Smokin,LRL,2025-12-28,5,USA,CLM, ,6.0, ,6F,D,7,7,7,0,0,6,6,850,960,0,0,1010,1680,0,0,0,0,200,375,95,7,44700,23014809_LRL_2025-12-28_5
X,20020224,Mosler Time,LRL,2025-09-26,9,USA,AOC, ,8.5, ,1 1/16M,T,7,5,6,8,0,7,9,650,800,520,0,560,455,10,100,500,0,10,0,479,9,54500,20020224_LRL_2025-09-26_9
X,20020224,Mosler Time,LRL,2025-10-17,9,USA,SOC, ,8.5, ,1 1/16M,T,6,3,3,4,0,3,4,350,600,650,0,450,600,100,50,400,0,150,300,77,9,30500,20020224_LRL_2025-10-17_9
X,20020224,Mosler Time,LRL,2025-11-23,7,USA,SOC, ,8.0, ,1M,D,5,3,4,3,0,1,1,300,250,160,0,0,0,10,350,150,0,100,50,16,10,39055,20020224_LRL_2025-11-23_7
 ,17004170,Mr. Hustle,PRX,2025-10-21,6,USA,CLM, ,8.32, ,1M 70Y,D,6,4,4,4,0,2,2,160,600,560,0,500,650,100,10,10,0,10,10,41,6,20000,17004170_PRX_2025-10-21_6
X,17004170,Mr. Hustle,LRL,2025-11-08,4,USA,CLM, ,8.5, ,1 1/16M,D,7,5,4,4,0,5,6,610,400,500,0,610,645,10,10,200,0,100,375,50,9,19640,17004170_LRL_2025-11-08_4
X,17004170,Mr. Hustle,LRL,2025-11-29,2,USA,CLM, ,8.5, ,1 1/16M,D,6,5,4,2,0,2,3,270,160,450,0,450,830,200,100,100,0,100,500,34,8,19140,17004170_LRL_2025-11-29_2
X,21004504,Mr. Keys,LRL,2025-10-10,9,USA,ALW, ,6.0, ,6F,D,5,4,8,0,0,7,7,360,980,0,0,1510,2010,150,0,0,0,200,775,45,8,55880,21004504_LRL_2025-10-10_9
X,21004504,Mr. Keys,LRL,2025-10-25,8,USA,ALW, ,8.5, ,1 1/16M,T,10,2,1,1,0,1,5,250,0,0,0,0,130,100,10,50,0,100,5,136,10,56145,21004504_LRL_2025-10-25_8
X,21004504,Mr. Keys,LRL,2025-11-16,9,USA,ALW, ,9.0, ,1 1/8M,T,7,1,1,1,0,7,7,0,0,0,0,700,815,150,100,100,0,50,350,91,10,51000,21004504_LRL_2025-11-16_9
X,23013972,Mr. Supreme,LRL,2025-10-11,9,USA,STK, ,6.0, ,6F,D,2,6,6,0,0,4,5,420,560,0,0,210,275,10,10,0,0,150,300,1050,13,102040,23013972_LRL_2025-10-11_9
X,23013972,Mr. Supreme,LRL,2025-10-26,6,USA,AOC, ,5.5, ,5 1/2F,D,4,4,4,0,0,3,3,450,450,0,0,350,300,300,50,0,0,150,550,81,7,50235,23013972_LRL_2025-10-26_6
X,23013972,Mr. Supreme,LRL,2025-11-21,4,USA,AOC, ,6.0, ,6F,D,7,6,4,0,0,3,4,410,300,0,0,400,400,50,100,0,0,100,600,29,7,53910,23013972_LRL_2025-11-21_4
X,21011618,Mugatu,BAQ,2025-09-13,3,USA,CLM, ,8.0, ,1M,D,6,7,7,6,0,4,3,1320,1060,450,0,250,125,0,0,50,0,50,225,138,7,43000,21011618_BAQ_2025-09-13_3
X,21011618,Mugatu,LRL,2025-10-11,11,USA,STK, ,9.0, ,1 1/8M,D,1,6,6,6,0,6,6,670,460,650,0,1060,2000,0,0,0,0,0,0,409,6,150000,21011618_LRL_2025-10-11_11
X,21011618,Mugatu,LRL,2025-12-06,2,USA,CLM, ,8.0, ,1M,D,7,6,5,6,0,5,3,750,600,520,0,710,375,600,250,600,0,600,50,52,7,44100,21011618_LRL_2025-12-06_2
X,21011618,Mugatu,LRL,2026-01-10,1,USA,SOC, ,8.5, ,1 1/16M,D,5,6,5,4,0,4,3,660,320,220,0,120,100,50,50,100,0,10,375,35,7,27280,21011618_LRL_2026-01-10_1
X,22002156,Mun Mun Can Run,LRL,2025-10-10,3,USA,MCL, ,8.0, ,1M,T,3,5,5,7,0,8,7,500,550,610,0,610,555,250,50,200,0,150,50,18,11,32500,22002156_LRL_2025-10-10_3
X,22002156,Mun Mun Can Run,LRL,2025-11-08,6,USA,MCL, ,5.5, ,5 1/2F,T,12,5,4,0,0,3,1,410,600,0,0,550,0,100,10,0,0,200,75,24,12,28100,22002156_LRL_2025-11-08_6
X,22002156,Mun Mun Can Run,LRL,2025-11-22,1,USA,SOC, ,5.5, ,5 1/2F,T,9,6,9,0,0,7,7,360,770,0,0,910,675,50,0,0,0,150,100,40,9,28040,22002156_LRL_2025-11-22_1
X,19002805,Murray,CNL,2025-08-09,4,USA,AOC, ,7.0, ,7F,D,5,8,8,0,0,6,5,860,800,0,0,660,700,50,10,0,0,150,525,70,9,74000,19002805_CNL_2025-08-09_4
X,19002805,Murray,LRL,2025-10-03,1,USA,SOC, ,8.5, ,1 1/16M,T,8,8,8,8,0,9,8,1210,1000,960,0,1100,635,10,10,10,0,0,350,162,9,38500,19002805_LRL_2025-10-03_1
X,19002805,Murray,LRL,2025-11-23,7,USA,SOC, ,8.0, ,1M,D,6,9,9,6,0,5,5,1410,960,610,0,760,675,0,0,200,0,100,50,78,10,39055,19002805_LRL_2025-11-23_7
X,22005771,Musical Entourage,LRL,2025-10-12,1,USA,MCL, ,8.5, ,1 1/16M,T,3,2,2,1,0,1,3,10,10,0,0,0,35,200,200,10,0,150,25,352,12,29180,22005771_LRL_2025-10-12_1
X,22005771,Musical Entourage,LRL,2025-11-02,6,USA,MCL, ,8.0, ,1M,T,4,1,2,3,0,1,3,0,150,160,0,0,85,100,50,150,0,100,25,127,12,27020,22005771_LRL_2025-11-02_6
X,22005771,Musical Entourage,LRL,2025-11-27,6,USA,MCL, ,8.5, ,1 1/16M,T,2,1,1,2,0,9,9,0,0,10,0,670,1635,150,10,250,0,500,450,64,11,26520,22005771_LRL_2025-11-27_6
X,23002915,My Boy Bud,LRL,2025-10-03,2,USA,MCL, ,8.0, ,1M,D,4,4,3,3,0,3,3,210,210,700,0,1100,1450,10,50,100,0,400,625,63,6,27260,23002915_LRL_2025-10-03_2
X,23002915,My Boy Bud,LRL,2025-10-19,8,USA,MCL, ,8.0, ,1M,D,5,5,4,1,0,1,1,360,200,0,0,0,0,50,50,50,0,150,50,33,7,27760,23002915_LRL_2025-10-19_8
X,23002915,My Boy Bud,LRL,2025-12-05,1,USA,CLM, ,7.0, ,7F,D,6,6,8,0,0,8,7,1200,1860,0,0,1600,1585,10,0,0,0,0,100,326,8,28260,23002915_LRL_2025-12-05_1
X,22009607,My Dear Antonia,LRL,2025-09-12,2,USA,CLM, ,6.0, ,6F,D,4,4,3,0,0,4,4,210,350,0,0,800,1125,100,50,0,0,50,375,33,6,45400,22009607_LRL_2025-09-12_2
X,22009607,My Dear Antonia,LRL,2025-10-05,1,USA,SOC, ,8.5, ,1 1/16M,T,4,4,4,4,0,2,3,650,1150,360,0,300,325,50,100,50,0,10,175,29,8,34600,22009607_LRL_2025-10-05_1
X,22009607,My Dear Antonia,LRL,2025-11-01,1,USA,SOC, ,8.0, ,1M,T,9,9,9,7,0,2,2,1510,1160,480,0,250,375,0,0,50,0,50,150,75,9,31950,22009607_LRL_2025-11-01_1
X,22009607,My Dear Antonia,LRL,2025-12-14,8,USA,SOC, ,8.5, ,1 1/16M,D,2,5,5,1,0,1,1,470,500,0,0,0,0,300,200,100,0,350,525,11,6,30900,22009607_LRL_2025-12-14_8
 ,18017084,My Flicker,DEL,2025-10-09,8,USA,AOC, ,5.5, ,5 1/2F,D,3,5,5,0,0,4,7,350,260,0,0,210,610,10,10,0,0,10,0,63,7,47000,18017084_DEL_2025-10-09_8
 ,18017084,My Flicker,CT ,2025-10-31,7,USA,AOC, ,6.5, ,6 1/2F,D,6,4,3,0,0,1,1,350,60,0,0,0,0,250,100,0,0,200,175,77,7,34000,18017084_CT_2025-10-31_7
X,18017084,My Flicker,LRL,2025-12-07,6,USA,AOC, ,5.5, ,5 1/2F,D,5,2,2,0,0,3,4,250,150,0,0,260,500,10,50,0,0,150,175,120,8,59565,18017084_LRL_2025-12-07_6
X,23000894,My Girl Back Home,LRL,2025-11-21,6,USA,MSW, ,6.0, ,6F,D,1,2,2,0,0,3,4,50,300,0,0,400,1085,300,150,0,0,250,375,185,8,49410,23000894_LRL_2025-11-21_6
 ,22005862,My Military Hero,PRX,2024-11-25,7,USA,MSW, ,7.0, ,7F,D,3,8,8,0,0,3,3,530,330,0,0,450,750,100,200,0,0,50,125,233,12,50000,22005862_PRX_2024-11-25_7
 ,22005862,My Military Hero,PRX,2025-07-24,1,USA,MSW, ,6.0, ,6F,D,2,7,7,0,0,7,7,240,370,0,0,850,1285,200,50,0,0,300,800,424,8,50000,22005862_PRX_2025-07-24_1
 ,22005862,My Military Hero,PRX,2025-11-28,3,USA,MSW, ,6.5, ,6 1/2F,D,4,7,5,0,0,3,2,720,510,0,0,400,325,0,400,0,0,10,250,112,7,50000,22005862_PRX_2025-11-28_3
X,22008993,Nancy Mary,LRL,2025-10-03,7,USA,CLM, ,7.0, ,7F,D,3,4,5,0,0,3,2,250,260,0,0,310,250,10,150,0,0,300,125,68,6,41800,22008993_LRL_2025-10-03_7
X,22008993,Nancy Mary,LRL,2025-10-24,2,USA,CLM, ,6.0, ,6F,D,6,4,3,0,0,3,1,300,350,0,0,300,0,50,50,0,0,250,10,28,7,45300,22008993_LRL_2025-10-24_2
X,22008993,Nancy Mary,LRL,2025-11-14,9,USA,ALW, ,6.0, ,6F,D,5,5,5,0,0,2,2,360,260,0,0,300,125,250,250,0,0,150,425,117,7,48500,22008993_LRL_2025-11-14_9
X,22017709,Nancy's Notion,LRL,2025-05-04,1,USA,MCL, ,5.5, ,5 1/2F,D,3,8,8,0,0,8,8,1510,2010,0,0,1960,2850,0,0,0,0,0,0,536,8,31050,22017709_LRL_2025-05-04_1
X,22017709,Nancy's Notion,LRL,2025-05-24,3,USA,MCL, ,5.5, ,5 1/2F,T,6,4,8,0,0,11,11,350,770,0,0,1630,2310,10,10,0,0,0,0,1210,11,31500,22017709_LRL_2025-05-24_3
X,22017709,Nancy's Notion,LRL,2025-09-06,9,USA,MCL, ,5.5, ,5 1/2F,T,1,5,4,0,0,5,6,260,260,0,0,360,760,10,100,0,0,100,525,374,7,27180,22017709_LRL_2025-09-06_9
X,22008084,National Law,MTH,2025-07-19,12,USA,STK,1,9.0, ,1 1/8M,D,5,6,6,7,0,6,6,320,520,760,0,910,1350,350,100,10,0,10,325,523,8,1017500,22008084_MTH_2025-07-19_12
X,22008084,National Law,LRL,2025-11-14,4,USA,AOC, ,8.5, ,1 1/16M,D,3,6,6,2,0,2,2,460,510,300,0,150,225,400,350,100,0,50,25,20,7,54295,22008084_LRL_2025-11-14_4
X,22008084,National Law,TP ,2025-12-27,8,USA,STK, ,9.0, ,1 1/8M,D,4,4,4,4,0,7,7,260,560,250,0,340,855,50,200,150,0,0,0,303,7,125000,22008084_TP_2025-12-27_8
X,21005073,Navani,LRL,2025-09-26,4,USA,AOC, ,8.5, ,1 1/16M,D,7,4,4,2,0,2,2,550,410,450,0,250,225,150,200,10,0,700,800,145,7,59860,21005073_LRL_2025-09-26_4
X,21005073,Navani,LRL,2025-11-09,9,USA,STK, ,8.5, ,1 1/16M,D,4,4,5,6,0,6,7,400,410,560,0,530,725,50,50,150,0,100,0,55,7,100000,21005073_LRL_2025-11-09_9
X,21005073,Navani,LRL,2025-11-28,4,USA,AOC, ,8.5, ,1 1/16M,D,5,3,3,2,0,2,4,110,20,10,0,50,575,300,250,50,0,10,400,81,6,60155,21005073_LRL_2025-11-28_4
X,21005073,Navani,LRL,2025-12-19,8,USA,AOC, ,8.0, ,1M,D,6,5,5,3,0,3,4,450,410,160,0,350,285,200,150,150,0,200,150,80,8,55590,21005073_LRL_2025-12-19_8
X,23002365,Nemain,CNL,2025-08-16,2,USA,MCL, ,6.0, ,6F,D,1,3,2,0,0,1,1,200,200,0,0,0,0,100,150,0,0,250,25,77,7,40000,23002365_CNL_2025-08-16_2
X,23002365,Nemain,LRL,2025-11-02,5,USA,CLM, ,6.0, ,6F,D,1,6,6,0,0,4,3,850,710,0,0,650,400,0,0,0,0,200,50,29,6,33600,23002365_LRL_2025-11-02_5
X,23002365,Nemain,LRL,2025-11-23,2,USA,CLM, ,6.0, ,6F,D,6,3,6,0,0,6,6,100,270,0,0,810,1385,150,0,0,0,0,0,15,6,34050,23002365_LRL_2025-11-23_2
X,23002365,Nemain,LRL,2025-12-26,4,USA,CLM, ,5.5, ,5 1/2F,D,2,5,5,0,0,5,4,410,810,0,0,750,725,100,100,0,0,100,75,106,7,27760,23002365_LRL_2025-12-26_4
X,22018894,Neverworkedaday,LRL,2025-10-18,4,USA,MSW, ,6.0, ,6F,D,6,1,1,0,0,2,2,0,0,0,0,100,350,10,100,0,0,350,650,62,6,48410,22018894_LRL_2025-10-18_4
X,22018894,Neverworkedaday,LRL,2025-11-22,9,USA,MSW, ,6.0, ,6F,D,4,5,3,0,0,2,2,410,160,0,0,400,675,10,10,0,0,100,25,14,8,54345,22018894_LRL_2025-11-22_9
X,22018894,Neverworkedaday,LRL,2025-12-06,3,USA,MCL, ,6.0, ,6F,D,3,4,3,0,0,2,1,460,210,0,0,10,0,200,250,0,0,200,100,8,6,46535,22018894_LRL_2025-12-06_3
X,21007462,Next Girl,CNL,2025-09-13,7,USA,OCL, ,8.0, ,1M,T,7,2,2,2,0,4,4,100,150,50,0,260,250,100,150,50,0,200,125,25,8,40000,21007462_CNL_2025-09-13_7
X,21007462,Next Girl,LRL,2025-10-11,7,USA,STK, ,7.0, ,7F,D,6,10,9,0,0,8,6,820,1070,0,0,800,850,150,150,0,0,150,150,112,12,102030,21007462_LRL_2025-10-11_7
X,21007462,Next Girl,CD ,2025-11-15,7,USA,STR, ,8.0, ,1M,D,9,2,2,2,0,1,1,100,150,50,0,0,0,10,50,400,0,10,5,31,11,100000,21007462_CD_2025-11-15_7
X,21007462,Next Girl,LRL,2025-12-19,8,USA,AOC, ,8.0, ,1M,D,8,2,3,1,0,2,2,50,110,0,0,50,5,50,200,10,0,300,5,11,8,55590,21007462_LRL_2025-12-19_8
X,22013665,Night Preacher,LRL,2025-10-17,8,USA,SOC, ,6.0, ,6F,D,4,1,1,0,0,1,4,0,0,0,0,0,375,200,150,0,0,150,300,93,7,30500,22013665_LRL_2025-10-17_8
X,22013665,Night Preacher,LRL,2025-11-01,11,USA,SOC, ,6.0, ,6F,D,1,1,2,0,0,4,7,0,10,0,0,310,1725,50,250,0,0,250,0,18,7,25600,22013665_LRL_2025-11-01_11
X,22013665,Night Preacher,LRL,2025-11-27,3,USA,SOC, ,5.5, ,5 1/2F,T,1,2,2,0,0,5,8,10,10,0,0,120,920,100,100,0,0,100,600,180,9,31500,22013665_LRL_2025-11-27_3
X,21008863,Night Time Nap,LRL,2025-09-27,2,USA,SOC, ,8.5, ,1 1/16M,D,4,1,1,1,0,1,1,0,0,0,0,0,0,150,50,100,0,150,300,44,7,25600,21008863_LRL_2025-09-27_2
X,21008863,Night Time Nap,LRL,2025-10-18,2,USA,SOC, ,9.0, ,1 1/8M,D,5,2,2,2,0,1,2,150,50,50,0,0,125,100,150,300,0,250,375,10,6,29435,21008863_LRL_2025-10-18_2
X,21008863,Night Time Nap,LRL,2025-11-09,4,USA,SOC, ,8.5, ,1 1/16M,D,4,3,3,2,0,2,4,210,210,50,0,10,200,50,50,200,0,10,175,16,8,30000,21008863_LRL_2025-11-09_4
X,21008863,Night Time Nap,LRL,2025-12-27,3,USA,ALW, ,9.0, ,1 1/8M,D,4,3,3,2,0,3,3,110,60,50,0,450,1050,100,100,250,0,400,800,36,6,49000,21008863_LRL_2025-12-27_3
X,22002905,Nit Witness,LRL,2025-10-04,4,USA,MCL, ,5.5, ,5 1/2F,D,2,2,3,0,0,2,2,100,160,0,0,250,100,10,50,0,0,200,75,31,7,31850,22002905_LRL_2025-10-04_4
X,22002905,Nit Witness,LRL,2025-11-21,9,USA,MCL, ,6.0, ,6F,D,5,1,1,0,0,1,2,0,0,0,0,0,175,10,200,0,0,150,150,11,6,34050,22002905_LRL_2025-11-21_9
X,22002905,Nit Witness,LRL,2025-12-06,9,USA,MCL, ,7.0, ,7F,D,4,2,1,0,0,2,2,50,0,0,0,10,125,200,10,0,0,300,25,23,7,31850,22002905_LRL_2025-12-06_9
X,23015196,No More Calls,LRL,2025-09-13,5,USA,MCL, ,5.5, ,5 1/2F,D,8,5,3,0,0,4,4,650,450,0,0,450,600,100,50,0,0,500,600,559,10,27100,23015196_LRL_2025-09-13_5
X,23015196,No More Calls,LRL,2025-10-25,5,USA,MCL, ,5.5, ,5 1/2F,D,7,9,8,0,0,2,3,620,520,0,0,250,75,50,300,0,0,150,275,118,11,29760,23015196_LRL_2025-10-25_5
X,23015196,No More Calls,LRL,2025-11-14,10,USA,MCL, ,6.0, ,6F,D,7,4,2,0,0,2,2,360,500,0,0,1000,1525,200,400,0,0,400,125,24,9,28400,23015196_LRL_2025-11-14_10
X,23015196,No More Calls,LRL,2026-01-10,5,USA,MCL, ,7.0, ,7F,D,2,6,6,0,0,7,7,450,400,0,0,910,2075,100,150,0,0,400,375,424,10,44230,23015196_LRL_2026-01-10_5
X,22017992,Nobody's Girl,LRL,2025-09-27,3,USA,MCL, ,8.0, ,1M,T,7,8,8,8,0,8,8,1250,1050,960,0,1350,795,0,0,0,0,0,0,102,8,25020,22017992_LRL_2025-09-27_3
X,22017992,Nobody's Girl,LRL,2025-11-07,1,USA,MCL, ,8.0, ,1M,T,1,5,6,5,0,5,5,610,510,600,0,460,270,100,200,50,0,250,50,282,10,26020,22017992_LRL_2025-11-07_1
X,22017992,Nobody's Girl,LRL,2025-11-28,6,USA,MCL, ,8.0, ,1M,D,11,5,4,4,0,3,1,120,360,560,0,250,0,450,100,250,0,400,225,85,11,24560,22017992_LRL_2025-11-28_6
X,21003152,Nogradi,LRL,2025-09-12,7,USA,MCL, ,8.5, ,1 1/16M,T,4,2,2,2,0,2,3,100,50,100,0,300,850,150,50,450,0,550,400,25,6,41000,21003152_LRL_2025-09-12_7
X,21003152,Nogradi,LRL,2025-10-18,6,USA,MSW, ,9.0, ,1 1/8M,T,8,4,3,4,0,4,8,300,250,250,0,400,785,10,10,150,0,10,100,232,11,49500,21003152_LRL_2025-10-18_6
X,21003152,Nogradi,LRL,2025-11-16,3,USA,MCL, ,8.0, ,1M,T,1,1,1,1,0,2,7,0,0,0,0,10,530,10,50,10,0,100,150,47,9,34200,21003152_LRL_2025-11-16_3
X,22001189,Nola Boss,LRL,2025-10-12,3,USA,SOC, ,5.5, ,5 1/2F,T,2,5,7,0,0,7,7,280,510,0,0,340,600,10,200,0,0,100,50,24,10,26380,22001189_LRL_2025-10-12_3
X,22001189,Nola Boss,LRL,2025-11-01,11,USA,SOC, ,6.0, ,6F,D,5,2,1,0,0,2,3,50,0,0,0,10,825,300,10,0,0,150,50,24,7,25600,22001189_LRL_2025-11-01_11
X,22001189,Nola Boss,LRL,2025-12-05,6,USA,CLM, ,5.5, ,5 1/2F,D,1,2,1,0,0,2,3,10,0,0,0,50,325,450,10,0,0,350,175,13,9,25870,22001189_LRL_2025-12-05_6
 ,21007150,Northern Cardinal,TIM,2025-08-31,3,USA,MCL, ,4.0, ,4F,D,1,3,0,0,0,2,2,20,0,0,0,50,500,500,0,0,0,100,150,38,6,20000,21007150_TIM_2025-08-31_3
X,21007150,Northern Cardinal,LRL,2025-09-27,11,USA,MCL, ,6.0, ,6F,D,9,4,4,0,0,4,4,200,30,0,0,220,475,200,200,0,0,100,50,74,9,24550,21007150_LRL_2025-09-27_11
X,21007150,Northern Cardinal,LRL,2025-10-19,4,USA,MCL, ,6.0, ,6F,D,3,1,1,0,0,8,8,0,0,0,0,1270,3930,350,200,0,0,0,0,62,8,25370,21007150_LRL_2025-10-19_4
X,21007150,Northern Cardinal,LRL,2025-12-26,6,USA,MCL, ,5.5, ,5 1/2F,D,2,1,1,0,0,1,3,0,0,0,0,0,475,200,150,0,0,50,75,145,11,27200,21007150_LRL_2025-12-26_6
X,21004487,Northern Flame,MTH,2025-08-31,5,USA,STK, ,5.0, ,5F,D,3,2,2,0,0,2,3,100,100,0,0,300,475,100,50,0,0,10,100,65,5,100000,21004487_MTH_2025-08-31_5
X,21004487,Northern Flame,LRL,2025-09-07,8,USA,STK, ,8.0, ,1M,D,2,1,1,2,0,2,2,0,0,250,0,1000,1700,250,100,350,0,700,1400,135,3,100000,21004487_LRL_2025-09-07_8
X,21004487,Northern Flame,LRL,2025-11-28,8,USA,AOC, ,6.0, ,6F,D,5,1,2,0,0,2,2,0,10,0,0,100,5,200,150,0,0,150,25,47,6,61040,21004487_LRL_2025-11-28_8
X,20016031,Northern Glow,LRL,2025-02-16,7,USA,AOC, ,8.5, ,1 1/16M,D,1,1,1,2,0,3,4,0,0,10,0,160,450,100,10,100,0,150,100,53,7,54095,20016031_LRL_2025-02-16_7
X,20016031,Northern Glow,LRL,2025-04-13,7,USA,AOC, ,8.0, ,1M,D,1,9,9,7,0,5,4,1420,1160,920,0,1100,1375,0,0,150,0,150,50,191,9,60260,20016031_LRL_2025-04-13_7
X,20016031,Northern Glow,PIM,2025-05-11,8,USA,AOC, ,8.5, ,1 1/16M,D,3,3,2,1,0,1,1,200,50,0,0,0,0,550,50,200,0,300,200,34,4,57505,20016031_PIM_2025-05-11_8
X,20002436,Not So Holy,LRL,2025-10-19,2,USA,CLM, ,6.0, ,6F,D,1,1,1,0,0,2,4,0,0,0,0,50,610,150,150,0,0,300,75,66,7,22560,20002436_LRL_2025-10-19_2
 ,20002436,Not So Holy,CT ,2025-11-22,8,USA,CLM, ,4.5, ,4 1/2F,D,5,3,0,0,0,3,3,300,0,0,0,300,400,50,0,0,0,50,150,10,9,12400,20002436_CT_2025-11-22_8
 ,20002436,Not So Holy,CT ,2026-01-03,6,USA,CLM, ,4.5, ,4 1/2F,D,7,4,0,0,0,4,4,200,0,0,0,360,505,150,0,0,0,10,75,25,9,12400,20002436_CT_2026-01-03_6
X,23014695,Nothinglesswilldo,LRL,2025-10-10,6,USA,MSW, ,7.0, ,7F,D,10,12,12,0,0,9,3,1370,1550,0,0,1270,1025,0,0,0,0,200,275,601,12,50705,23014695_LRL_2025-10-10_6
X,23014695,Nothinglesswilldo,LRL,2025-11-01,9,USA,MSW, ,8.0, ,1M,D,5,6,4,4,0,3,3,550,260,360,0,500,600,200,500,500,0,200,325,28,8,48705,23014695_LRL_2025-11-01_9
 ,18006157,Ocala Dream,PEN,2025-10-22,7,USA,CLM, ,8.0, ,1M,D,5,4,2,1,0,1,2,170,50,0,0,0,10,250,100,10,0,150,475,24,8,18000,18006157_PEN_2025-10-22_7
 ,18006157,Ocala Dream,PEN,2025-11-05,5,USA,CLM, ,8.32, ,1M 70Y,D,10,1,1,1,0,2,5,0,0,0,0,10,425,50,100,50,0,100,275,20,10,22000,18006157_PEN_2025-11-05_5
 ,18006157,Ocala Dream,PEN,2025-11-28,8,USA,CLM, ,8.0, ,1M,D,2,3,3,4,0,7,8,110,150,250,0,800,1060,10,10,150,0,150,0,80,9,22000,18006157_PEN_2025-11-28_8
 ,21011854,Old Bay,DEL,2025-09-14,4,USA,ALW, ,6.0, ,6F,D,4,5,5,0,0,4,2,260,170,0,0,260,150,0,0,0,0,100,175,139,5,100000,21011854_DEL_2025-09-14_4
 ,21011854,Old Bay,DEL,2025-10-09,5,USA,ALW, ,5.5, ,5 1/2F,D,6,7,7,0,0,7,5,1110,1150,0,0,870,500,0,0,0,0,0,25,65,7,46000,21011854_DEL_2025-10-09_5
 ,21011854,Old Bay,CT ,2025-11-07,1,USA,ALW, ,6.5, ,6 1/2F,D,3,6,6,0,0,5,3,750,610,0,0,170,150,0,0,0,0,100,125,16,6,31700,21011854_CT_2025-11-07_1
X,21011854,Old Bay,LRL,2025-12-14,7,USA,ALW, ,7.0, ,7F,D,6,5,5,0,0,2,3,410,710,0,0,250,425,10,50,0,0,10,875,40,6,49735,21011854_LRL_2025-12-14_7
X,22000678,Oleg,LRL,2025-10-26,1,USA,SOC, ,5.5, ,5 1/2F,T,5,7,7,0,0,7,4,330,240,0,0,330,235,150,10,0,0,10,25,53,10,26380,22000678_LRL_2025-10-26_1
X,22000678,Oleg,LRL,2025-11-14,2,USA,CLM, ,5.5, ,5 1/2F,D,9,3,3,0,0,3,3,250,250,0,0,350,425,250,400,0,0,300,125,17,9,23560,22000678_LRL_2025-11-14_2
X,22000678,Oleg,LRL,2025-11-30,1,USA,CLM, ,6.0, ,6F,D,4,1,2,0,0,1,1,0,100,0,0,0,0,10,150,0,0,10,225,15,6,22660,22000678_LRL_2025-11-30_1
X,22000678,Oleg,LRL,2025-12-28,1,USA,CLM, ,6.0, ,6F,D,7,2,2,0,0,2,5,100,200,0,0,450,1775,100,150,0,0,10,100,63,8,24050,22000678_LRL_2025-12-28_1
 ,21006102,Ollie Boy,CT ,2025-10-10,5,USA,MCL, ,6.5, ,6 1/2F,D,5,3,3,0,0,2,1,20,150,0,0,100,0,10,250,0,0,100,75,57,8,12400,21006102_CT_2025-10-10_5
 ,21006102,Ollie Boy,CT ,2025-10-31,8,USA,CLM, ,6.5, ,6 1/2F,D,10,7,8,0,0,5,4,560,870,0,0,1210,1200,100,200,0,0,50,75,228,10,12400,21006102_CT_2025-10-31_8
 ,21006102,Ollie Boy,PEN,2025-12-04,6,USA,CLM, ,6.0, ,6F,D,6,5,3,0,0,2,2,170,310,0,0,400,575,400,400,0,0,150,250,145,6,11000,21006102_PEN_2025-12-04_6
X,22009085,Omaha Omaha,AQU,2025-04-05,12,USA,STK,2,9.0, ,1 1/8M,D,10,10,9,10,0,9,9,580,340,820,0,2110,2325,0,10,0,0,350,900,265,10,750000,22009085_AQU_2025-04-05_12
 ,22009085,Omaha Omaha,DEL,2025-06-14,8,USA,STK, ,8.5, ,1 1/16M,D,8,8,8,7,0,7,7,1020,680,370,0,760,1900,0,0,200,0,10,650,251,8,200000,22009085_DEL_2025-06-14_8
X,22009085,Omaha Omaha,LRL,2025-11-30,7,USA,AOC, ,8.5, ,1 1/16M,D,2,5,5,5,0,3,2,460,660,650,0,700,900,600,800,1200,0,200,50,84,6,53000,22009085_LRL_2025-11-30_7
X,22009085,Omaha Omaha,LRL,2025-12-21,7,USA,AOC, ,8.0, ,1M,D,4,8,7,7,0,5,3,470,610,600,0,560,625,0,400,400,0,100,50,68,8,54000,22009085_LRL_2025-12-21_7
X,22008315,On a Proud Note,CNL,2025-08-06,4,USA,CLM, ,6.0, ,6F,D,4,4,4,0,0,2,1,360,360,0,0,100,0,150,400,0,0,200,225,25,7,28000,22008315_CNL_2025-08-06_4
X,22008315,On a Proud Note,CNL,2025-09-12,2,USA,CLM, ,6.5, ,6 1/2F,D,1,1,1,0,0,1,1,0,0,0,0,0,0,50,10,0,0,10,75,19,8,28000,22008315_CNL_2025-09-12_2
X,22008315,On a Proud Note,LRL,2025-10-26,4,USA,CLM, ,6.0, ,6F,D,5,9,8,0,0,7,3,710,820,0,0,720,125,0,300,0,0,10,150,13,9,26530,22008315_LRL_2025-10-26_4
X,22008315,On a Proud Note,LRL,2025-12-13,3,USA,CLM, ,5.5, ,5 1/2F,D,5,2,2,0,0,1,1,10,10,0,0,0,0,100,150,0,0,150,475,13,6,24700,22008315_LRL_2025-12-13_3
X,20016522,On the Mark,LRL,2025-05-04,8,USA,AOC, ,5.5, ,5 1/2F,D,2,7,6,0,0,4,3,370,410,0,0,410,330,0,50,0,0,100,125,19,7,56300,20016522_LRL_2025-05-04_8
X,20016522,On the Mark,LRL,2025-06-06,8,USA,AOC, ,6.0, ,6F,D,4,5,3,0,0,2,1,220,160,0,0,10,0,150,50,0,0,100,10,100,6,57680,20016522_LRL_2025-06-06_8
 ,20016522,On the Mark,DEL,2025-07-11,6,USA,SOC, ,6.0, ,6F,D,3,2,2,0,0,2,3,100,200,0,0,300,475,200,100,0,0,50,375,39,5,32000,20016522_DEL_2025-07-11_6
X,20016522,On the Mark,LRL,2025-12-13,7,USA,AOC, ,6.0, ,6F,D,1,1,1,0,0,1,1,0,0,0,0,0,0,100,150,0,0,250,375,22,6,53795,20016522_LRL_2025-12-13_7
X,21013325,Oncourtcommentator,LRL,2024-10-27,8,USA,ALW, ,8.0, ,1M,D,5,5,4,2,0,2,2,400,310,250,0,500,400,100,50,10,0,50,150,9,7,48300,21013325_LRL_2024-10-27_8
X,21013325,Oncourtcommentator,LRL,2024-12-21,6,USA,AOC, ,8.0, ,1M,D,1,8,8,6,0,3,1,1210,1110,610,0,350,0,0,0,250,0,250,25,48,8,59165,21013325_LRL_2024-12-21_6
X,21013325,Oncourtcommentator,LRL,2025-01-18,4,USA,STK, ,8.0, ,1M,D,3,7,6,4,0,4,2,620,750,410,0,220,200,0,250,10,0,50,175,13,7,75000,21013325_LRL_2025-01-18_4
X,23010163,One Hit Wonder,LRL,2025-09-07,6,USA,MCL, ,5.5, ,5 1/2F,D,6,6,6,0,0,6,3,660,770,0,0,760,485,10,150,0,0,250,10,65,8,27480,23010163_LRL_2025-09-07_6
X,23010163,One Hit Wonder,LRL,2025-10-03,5,USA,MCL, ,6.0, ,6F,D,9,4,4,0,0,4,6,600,260,0,0,450,775,50,150,0,0,100,225,133,11,29400,23010163_LRL_2025-10-03_5
 ,23010163,One Hit Wonder,MNR,2025-10-21,1,USA,MSW, ,5.0, ,5F,D,3,2,2,0,0,2,1,100,100,0,0,50,0,10,50,0,0,300,50,8,4,17000,23010163_MNR_2025-10-21_1
 ,19016663,One More Scoop,PRX,2025-05-17,9,USA,AOC, ,7.0, ,7F,D,1,4,2,0,0,4,5,160,150,0,0,410,805,300,10,0,0,150,375,47,6,55000,19016663_PRX_2025-05-17_9
 ,19016663,One More Scoop,PRX,2025-06-17,7,USA,AOC, ,7.0, ,7F,D,2,2,2,0,0,2,4,50,100,0,0,150,180,200,250,0,0,50,325,33,5,55000,19016663_PRX_2025-06-17_7
 ,19016663,One More Scoop,PRX,2025-07-15,8,USA,AOC, ,6.5, ,6 1/2F,D,4,5,6,0,0,6,6,620,860,0,0,1510,3150,10,0,0,0,0,0,60,6,55000,19016663_PRX_2025-07-15_8
X,23014518,Only Maria,LRL,2025-10-12,5,USA,MSW, ,8.0, ,1M,T,4,6,6,5,0,6,7,410,330,570,0,960,1425,50,100,250,0,50,125,726,10,49000,23014518_LRL_2025-10-12_5
X,23014518,Only Maria,LRL,2025-11-01,5,USA,MCL, ,5.5, ,5 1/2F,T,7,9,9,0,0,9,8,1120,770,0,0,1160,1235,0,0,0,0,0,1950,443,9,31950,23014518_LRL_2025-11-01_5
X,23014518,Only Maria,LRL,2025-11-29,6,USA,MCL, ,5.5, ,5 1/2F,D,6,10,7,0,0,10,9,1410,1180,0,0,1420,1620,100,50,0,0,10,50,72,12,30260,23014518_LRL_2025-11-29_6
X,23014518,Only Maria,LRL,2025-12-14,3,USA,MCL, ,6.0, ,6F,D,6,4,1,0,0,1,1,260,0,0,0,0,0,50,150,0,0,250,225,83,8,25700,23014518_LRL_2025-12-14_3
 ,22009021,Onyx Ten,DEL,2025-09-14,4,USA,ALW, ,6.0, ,6F,D,3,3,2,0,0,1,1,60,10,0,0,0,0,50,50,0,0,200,150,26,5,100000,22009021_DEL_2025-09-14_4
X,22009021,Onyx Ten,LRL,2025-10-11,7,USA,STK, ,7.0, ,7F,D,3,7,5,0,0,3,1,560,410,0,0,250,0,100,50,0,0,150,175,66,12,102030,22009021_LRL_2025-10-11_7
X,22009021,Onyx Ten,LRL,2025-11-29,7,USA,STK, ,7.0, ,7F,D,3,2,1,0,0,1,3,10,0,0,0,0,275,50,10,0,0,50,400,6,7,100000,22009021_LRL_2025-11-29_7
X,23016039,Oscar Bound,BAQ,2025-09-11,1,USA,MSW, ,8.5, ,1 1/16M,T,4,2,2,2,0,3,6,50,50,50,0,160,650,150,100,150,0,50,400,74,7,85000,23016039_BAQ_2025-09-11_1
X,23016039,Oscar Bound,BAQ,2025-10-02,1,USA,MCL, ,6.0, ,6F,D,5,1,1,0,0,1,1,0,0,0,0,0,0,150,500,0,0,1200,1100,8,5,43000,23016039_BAQ_2025-10-02_1
 ,23016039,Oscar Bound,FL ,2025-11-10,4,USA,STK, ,6.0, ,6F,D,3,2,3,0,0,5,4,250,700,0,0,1500,2300,100,100,0,0,0,0,32,5,45000,23016039_FL_2025-11-10_4
X,23009922,Our Day Will Come,LRL,2025-11-02,9,USA,AOC, ,8.5, ,1 1/16M,D,6,2,3,2,0,2,4,150,260,250,0,400,550,200,250,300,0,250,1550,77,7,50970,23009922_LRL_2025-11-02_9
X,23009922,Our Day Will Come,LRL,2025-11-21,8,USA,AOC, ,5.5, ,5 1/2F,T,9,8,8,0,0,9,9,800,1000,0,0,1360,730,200,10,0,0,0,0,432,9,55645,23009922_LRL_2025-11-21_8
X,23009922,Our Day Will Come,LRL,2025-12-06,6,USA,STK, ,7.0, ,7F,D,9,4,5,0,0,8,7,360,460,0,0,870,660,100,150,0,0,1200,50,256,9,125000,23009922_LRL_2025-12-06_6
X,23009922,Our Day Will Come,LRL,2025-12-13,5,USA,CLM, ,8.0, ,1M,D,3,5,5,2,0,1,1,610,260,10,0,0,0,250,250,150,0,300,75,44,7,45300,23009922_LRL_2025-12-13_5
X,23009056,Our Ham Sandwich,LRL,2025-09-28,2,USA,MCL, ,8.0, ,1M,D,3,5,5,7,0,6,6,510,460,1060,0,2100,2800,200,10,0,0,400,2325,77,7,47035,23009056_LRL_2025-09-28_2
X,23009056,Our Ham Sandwich,LRL,2025-10-19,8,USA,MCL, ,8.0, ,1M,D,7,6,6,2,0,2,2,410,260,50,0,150,50,500,400,150,0,10,350,51,7,27760,23009056_LRL_2025-10-19_8
X,23009056,Our Ham Sandwich,LRL,2025-11-23,9,USA,MCL, ,8.5, ,1 1/16M,D,5,4,4,4,0,6,6,250,320,660,0,720,1100,150,250,300,0,800,1125,256,9,32400,23009056_LRL_2025-11-23_9
X,22004844,Over My Cents,LRL,2025-10-04,4,USA,MCL, ,5.5, ,5 1/2F,D,7,3,2,0,0,3,3,110,150,0,0,450,175,150,10,0,0,250,650,34,7,31850,22004844_LRL_2025-10-04_4
X,22004844,Over My Cents,LRL,2025-11-21,9,USA,MCL, ,6.0, ,6F,D,6,4,3,0,0,3,3,260,210,0,0,200,325,150,10,0,0,150,125,25,6,34050,22004844_LRL_2025-11-21_9
X,22004844,Over My Cents,LRL,2025-11-29,1,USA,MCL, ,6.0, ,6F,D,10,2,2,0,0,1,1,150,200,0,0,0,0,150,200,0,0,10,75,15,10,26370,22004844_LRL_2025-11-29_1
X,22004844,Over My Cents,LRL,2025-12-12,1,USA,SOC, ,7.0, ,7F,D,5,2,2,0,0,3,6,100,350,0,0,350,900,50,10,0,0,100,300,35,8,27900,22004844_LRL_2025-12-12_1
X,20002564,Oxford Union,LRL,2025-10-26,11,USA,MCL, ,8.5, ,1 1/16M,T,5,8,7,7,0,4,3,750,880,1010,0,560,100,500,10,150,0,10,50,55,9,31500,20002564_LRL_2025-10-26_11
X,20002564,Oxford Union,LRL,2025-11-16,3,USA,MCL, ,8.0, ,1M,T,2,7,7,8,0,8,8,630,520,580,0,880,680,150,50,450,0,800,1025,107,9,34200,20002564_LRL_2025-11-16_3
X,20002564,Oxford Union,LRL,2025-11-27,6,USA,MCL, ,8.5, ,1 1/16M,T,3,8,8,10,0,4,3,810,870,1020,0,360,575,100,10,800,0,50,75,51,11,26520,20002564_LRL_2025-11-27_6
 ,21011287,P J's Song,DEL,2025-09-13,2,USA,CLM, ,6.0, ,6F,D,5,4,2,0,0,2,1,320,100,0,0,150,0,200,150,0,0,300,225,41,9,24000,21011287_DEL_2025-09-13_2
X,21011287,P J's Song,LRL,2025-11-07,4,USA,CLM, ,6.0, ,6F,D,1,5,5,0,0,5,8,600,810,0,0,1000,700,150,100,0,0,250,25,27,8,20760,21011287_LRL_2025-11-07_4
X,21011287,P J's Song,LRL,2025-11-27,2,USA,CLM, ,6.0, ,6F,D,3,4,4,0,0,3,2,210,310,0,0,310,75,50,150,0,0,10,5,20,7,18910,21011287_LRL_2025-11-27_2
X,21011287,P J's Song,LRL,2025-12-21,6,USA,CLM, ,8.0, ,1M,D,11,9,6,7,0,4,4,690,810,510,0,270,315,50,50,300,0,50,175,59,11,21450,21011287_LRL_2025-12-21_6
X,21011287,P J's Song,LRL,2026-01-10,6,USA,CLM, ,6.0, ,6F,D,10,10,7,0,0,5,5,540,270,0,0,650,710,200,50,0,0,100,175,40,11,21180,21011287_LRL_2026-01-10_6
X,21009515,Paco the Taco Man,LRL,2025-10-10,9,USA,ALW, ,6.0, ,6F,D,8,8,6,0,0,6,6,960,770,0,0,710,635,0,10,0,0,800,1375,112,8,55880,21009515_LRL_2025-10-10_9
X,21009515,Paco the Taco Man,LRL,2025-10-18,9,USA,ALW, ,6.0, ,6F,D,7,2,2,0,0,2,2,10,50,0,0,50,100,250,350,0,0,250,400,48,8,49000,21009515_LRL_2025-10-18_9
X,21009515,Paco the Taco Man,LRL,2025-11-14,7,USA,ALW, ,6.0, ,6F,D,2,4,5,0,0,4,5,160,260,0,0,460,625,250,50,0,0,10,525,56,9,49500,21009515_LRL_2025-11-14_7
X,21009515,Paco the Taco Man,LRL,2025-12-26,8,USA,ALW, ,5.5, ,5 1/2F,D,7,2,1,0,0,1,2,10,0,0,0,0,50,350,10,0,0,150,10,39,8,49000,21009515_LRL_2025-12-26_8
X,23005429,Paid Vacation,LRL,2025-09-26,6,USA,MCL, ,5.5, ,5 1/2F,D,6,8,8,0,0,5,6,730,1060,0,0,1550,2100,500,250,0,0,50,100,441,10,44845,23005429_LRL_2025-09-26_6
X,23005429,Paid Vacation,LRL,2025-11-01,4,USA,MSW, ,8.5, ,1 1/16M,D,1,2,4,5,0,6,5,200,360,860,0,1250,1775,200,10,10,0,350,250,733,8,46000,23005429_LRL_2025-11-01_4
X,23005429,Paid Vacation,LRL,2025-11-23,9,USA,MCL, ,8.5, ,1 1/16M,D,2,1,1,2,0,3,5,0,0,250,0,360,300,50,10,10,0,10,800,295,9,32400,23005429_LRL_2025-11-23_9
X,23005429,Paid Vacation,LRL,2025-12-13,4,USA,MCL, ,8.0, ,1M,D,1,2,2,4,0,5,5,200,150,250,0,470,850,100,10,10,0,150,10,99,6,30450,23005429_LRL_2025-12-13_4
X,23008615,Paintmymasterpeace,LRL,2025-09-26,6,USA,MCL, ,5.5, ,5 1/2F,D,2,9,9,0,0,6,4,1230,1310,0,0,1600,1675,150,200,0,0,10,275,72,10,44845,23008615_LRL_2025-09-26_6
X,23008615,Paintmymasterpeace,LRL,2025-11-01,4,USA,MSW, ,8.5, ,1 1/16M,D,3,8,6,3,0,2,2,780,380,260,0,450,825,0,100,450,0,300,475,95,8,46000,23008615_LRL_2025-11-01_4
X,23008615,Paintmymasterpeace,LRL,2025-12-05,5,USA,MSW, ,8.0, ,1M,D,2,6,7,7,0,6,6,320,340,530,0,820,1710,500,0,0,0,400,800,36,7,51730,23008615_LRL_2025-12-05_5
X,23008615,Paintmymasterpeace,LRL,2025-12-20,3,USA,MSW, ,7.0, ,7F,D,5,6,6,0,0,6,4,950,1060,0,0,560,650,350,400,0,0,1000,275,176,7,47500,23008615_LRL_2025-12-20_3
 ,23008615,Paintmymasterpeace,CT ,2026-01-03,9,USA,MSW, ,6.5, ,6 1/2F,D,10,6,4,0,0,3,3,900,450,0,0,200,450,50,100,0,0,600,1450,13,10,30600,23008615_CT_2026-01-03_9
X,23019191,Palacios,LRL,2025-10-19,6,USA,MCL, ,6.0, ,6F,D,6,2,2,0,0,2,3,100,50,0,0,150,450,150,250,0,0,250,200,34,8,34600,23019191_LRL_2025-10-19_6
X,23019191,Palacios,LRL,2025-11-07,10,USA,MCL, ,5.5, ,5 1/2F,T,2,11,9,0,0,8,8,1270,1530,0,0,980,850,700,10,0,0,450,400,13,12,37050,23019191_LRL_2025-11-07_10
X,23019191,Palacios,LRL,2025-11-28,9,USA,MCL, ,6.0, ,6F,D,1,6,3,0,0,2,1,570,210,0,0,10,0,700,300,0,0,150,250,25,7,31850,23019191_LRL_2025-11-28_9
X,23019191,Palacios,LRL,2025-12-13,5,USA,CLM, ,8.0, ,1M,D,4,6,6,6,0,4,3,860,510,270,0,650,700,400,400,10,0,150,450,55,7,45300,23019191_LRL_2025-12-13_5
X,21002183,Paralegal,TAM,2025-01-11,1,USA,CLM, ,6.5, ,6 1/2F,D,3,1,1,0,0,1,1,0,0,0,0,0,0,50,50,0,0,150,200,11,9,18000,21002183_TAM_2025-01-11_1
X,21002183,Paralegal,TAM,2025-02-09,8,USA,AOC, ,6.5, ,6 1/2F,D,9,11,11,0,0,10,9,980,920,0,0,580,975,0,0,0,0,600,25,300,11,53000,21002183_TAM_2025-02-09_8
X,21002183,Paralegal,TAM,2025-02-21,8,USA,CLM, ,7.0, ,7F,D,4,1,2,0,0,10,10,0,10,0,0,1780,5675,10,100,0,0,0,0,109,10,21000,21002183_TAM_2025-02-21_8
 ,21016221,Party,DEL,2025-07-05,5,USA,STK,3,11.0,A,1 3/8M,T,2,3,3,4,5,5,5,150,110,200,400,320,410,100,50,50,0,0,0,302,5,250000,21016221_DEL_2025-07-05_5
 ,21016221,Party,DEL,2025-08-09,3,USA,AOC, ,6.0, ,6F,D,6,6,6,0,0,7,5,320,370,0,0,270,390,100,100,0,0,0,200,56,7,47000,21016221_DEL_2025-08-09_3
 ,21016221,Party,DEL,2025-09-13,3,USA,STR, ,8.5, ,1 1/16M,T,7,6,6,7,0,5,4,450,660,530,0,600,700,50,10,0,0,200,100,108,7,100000,21016221_DEL_2025-09-13_3
X,20014269,Party With Smarty,AQU,2025-11-06,5,USA,MCL, ,7.0, ,7F,D,6,7,8,0,0,6,3,560,620,0,0,370,155,150,650,0,0,200,125,120,9,35000,20014269_AQU_2025-11-06_5
X,20014269,Party With Smarty,AQU,2025-11-16,1,USA,MCL, ,8.0, ,1M,D,4,5,4,4,0,4,4,750,500,620,0,860,1175,0,50,350,0,500,1075,114,5,43000,20014269_AQU_2025-11-16_1
X,20014269,Party With Smarty,AQU,2025-12-26,10,USA,MCL, ,6.5, ,6 1/2F,D,7,12,10,0,0,4,1,960,1060,0,0,750,0,0,550,0,0,10,75,42,12,35000,20014269_AQU_2025-12-26_10
X,22010227,Passage East,CNL,2025-09-11,5,USA,AOC, ,7.0, ,7F,D,3,6,2,0,0,1,1,480,250,0,0,0,0,0,100,0,0,50,150,5,6,74000,22010227_CNL_2025-09-11_5
X,22010227,Passage East,BAQ,2025-10-18,1,USA,STR, ,6.5, ,6 1/2F,D,3,4,3,0,0,4,3,250,200,0,0,160,275,0,10,0,0,0,75,18,4,90000,22010227_BAQ_2025-10-18_1
X,22010227,Passage East,LRL,2025-11-30,8,USA,AOC, ,6.0, ,6F,D,6,4,1,0,0,1,1,250,0,0,0,0,0,200,100,0,0,200,125,6,7,57340,22010227_LRL_2025-11-30_8
X,22009309,Pay Billy,LRL,2025-04-19,11,USA,STK, ,9.0, ,1 1/8M,D,9,4,3,2,0,1,1,200,100,10,0,0,0,100,150,50,0,10,150,23,10,150000,22009309_LRL_2025-04-19_11
X,22009309,Pay Billy,PIM,2025-05-17,13,USA,STK,1,9.5, ,1 3/16M,D,5,7,7,8,0,8,7,510,660,1160,0,1230,1550,200,200,400,0,100,175,173,9,2000000,22009309_PIM_2025-05-17_13
X,22009309,Pay Billy,LRL,2025-11-29,8,USA,STK, ,7.0, ,7F,D,6,5,6,0,0,6,6,800,720,0,0,760,400,50,150,0,0,50,125,42,9,100000,22009309_LRL_2025-11-29_8
X,22009309,Pay Billy,LRL,2025-12-20,8,USA,STK, ,8.5, ,1 1/16M,D,5,3,3,4,0,4,3,200,400,250,0,650,1650,200,10,150,0,100,200,101,5,100000,22009309_LRL_2025-12-20_8
 ,23000400,Paynted Lion,DEL,2025-10-16,1,USA,MCL, ,8.0, ,1M,D,6,4,4,4,0,4,3,110,510,260,0,400,300,200,50,10,0,100,10,534,7,20000,23000400_DEL_2025-10-16_1
X,23000400,Paynted Lion,LRL,2025-11-08,2,USA,MCL, ,8.5, ,1 1/16M,D,6,6,5,3,0,2,2,1220,910,650,0,700,1275,400,700,100,0,200,300,121,7,27760,23000400_LRL_2025-11-08_2
X,23000400,Paynted Lion,LRL,2025-11-28,1,USA,MCL, ,8.0, ,1M,D,10,6,6,1,0,1,1,510,360,0,0,0,25,10,50,10,0,10,100,93,12,29180,23000400_LRL_2025-11-28_1
 ,23013445,Peach Tie,PID,2025-09-19,6,USA,STK, ,6.5, ,6 1/2F,D,4,7,4,0,0,3,3,230,160,0,0,150,330,50,10,0,0,10,250,60,10,100500,23013445_PID_2025-09-19_6
X,23013445,Peach Tie,KEE,2025-10-19,3,USA,STR, ,6.5, ,6 1/2F,D,7,5,4,0,0,1,1,320,170,0,0,0,0,50,250,0,0,400,250,27,8,63000,23013445_KEE_2025-10-19_3
X,23013445,Peach Tie,LRL,2025-11-14,3,USA,AOC, ,6.0, ,6F,D,4,3,2,0,0,1,1,200,10,0,0,0,0,150,250,0,0,150,425,1,4,49000,23013445_LRL_2025-11-14_3
X,23004092,Pencil Me In,LRL,2025-09-28,2,USA,MCL, ,8.0, ,1M,D,7,2,2,5,0,4,4,150,150,710,0,1700,2300,10,200,200,0,300,450,90,7,47035,23004092_LRL_2025-09-28_2
X,23004092,Pencil Me In,LRL,2025-11-01,4,USA,MSW, ,8.5, ,1 1/16M,D,4,5,3,6,0,7,7,460,210,870,0,1600,2925,10,150,100,0,400,575,219,8,46000,23004092_LRL_2025-11-01_4
X,23004092,Pencil Me In,LRL,2025-11-28,9,USA,MCL, ,6.0, ,6F,D,5,5,6,0,0,6,5,320,720,0,0,970,1575,250,250,0,0,150,400,146,7,31850,23004092_LRL_2025-11-28_9
X,23004092,Pencil Me In,LRL,2025-12-19,6,USA,MCL, ,8.5, ,1 1/16M,D,5,4,3,3,0,2,2,360,260,210,0,250,50,200,150,200,0,250,325,98,8,25740,23004092_LRL_2025-12-19_6
X,23004092,Pencil Me In,LRL,2026-01-10,4,USA,MCL, ,8.5, ,1 1/16M,D,2,3,1,1,0,1,1,20,0,0,0,0,0,50,100,250,0,200,375,20,6,24700,23004092_LRL_2026-01-10_4
 ,20019678,Penny Polka,DEL,2025-09-18,4,USA,CLM, ,8.0, ,1M,D,6,2,1,1,0,2,2,50,0,0,0,100,650,100,10,100,0,600,325,44,7,16000,20019678_DEL_2025-09-18_4
 ,20019678,Penny Polka,DEL,2025-10-09,1,USA,CLM, ,8.0, ,1M,D,7,2,2,1,0,2,3,150,100,0,0,200,730,50,150,50,0,100,5,26,10,16000,20019678_DEL_2025-10-09_1
 ,20019678,Penny Polka,PRX,2025-11-28,8,USA,CLM, ,8.32, ,1M 70Y,D,8,5,5,4,0,9,9,220,170,420,0,1660,2235,50,100,50,0,50,10,241,10,21000,20019678_PRX_2025-11-28_8
 ,21000328,Permed,MED,2025-09-20,3,USA,CLM, ,8.0, ,1M,T,7,1,1,1,0,1,3,0,0,0,0,0,75,50,50,100,0,150,100,102,9,25350,21000328_MED_2025-09-20_3
X,21000328,Permed,LRL,2025-11-15,6,USA,SOC, ,8.0, ,1M,T,1,1,1,1,0,2,5,0,0,0,0,10,450,150,150,50,0,250,125,142,10,26020,21000328_LRL_2025-11-15_6
X,21000328,Permed,LRL,2025-11-27,5,USA,CLM, ,8.0, ,1M,D,7,1,2,5,0,8,8,0,10,460,0,1410,2305,10,50,150,0,800,1150,61,9,21530,21000328_LRL_2025-11-27_5
X,22013360,Persian,LRL,2025-09-13,1,USA,MCL, ,5.5, ,5 1/2F,T,7,6,6,0,0,6,5,620,530,0,0,570,900,250,150,0,0,200,75,38,8,34150,22013360_LRL_2025-09-13_1
X,22013360,Persian,LRL,2025-09-20,6,USA,MSW, ,7.0, ,7F,D,6,3,3,0,0,3,4,150,200,0,0,450,1250,10,200,0,0,10,100,201,8,48000,22013360_LRL_2025-09-20_6
X,22013360,Persian,LRL,2025-11-21,9,USA,MCL, ,6.0, ,6F,D,1,3,2,0,0,2,1,210,200,0,0,150,0,50,10,0,0,50,175,33,6,34050,22013360_LRL_2025-11-21_9
 ,21006691,Petingas Twin,DEL,2025-08-20,6,USA,AOC, ,6.0, ,6F,D,1,4,3,0,0,2,4,160,150,0,0,50,275,250,10,0,0,50,150,44,5,48000,21006691_DEL_2025-08-20_6
X,21006691,Petingas Twin,LRL,2025-10-19,10,USA,AOC, ,6.0, ,6F,D,4,3,3,0,0,1,1,60,160,0,0,0,0,200,300,0,0,200,300,48,7,56500,21006691_LRL_2025-10-19_10
X,21006691,Petingas Twin,LRL,2025-11-22,7,USA,STK, ,6.0, ,6F,D,2,5,3,0,0,2,1,220,160,0,0,150,0,150,50,0,0,150,5,22,6,100000,21006691_LRL_2025-11-22_7
 ,22010639,Phlying Phyllis,DEL,2024-07-11,5,USA,MCL, ,5.0, ,5F,D,6,5,3,0,0,2,1,260,110,0,0,50,0,500,10,0,0,10,10,15,6,30000,22010639_DEL_2024-07-11_5
 ,22010639,Phlying Phyllis,DEL,2025-09-04,2,USA,STR, ,5.5, ,5 1/2F,D,4,2,3,0,0,3,2,200,100,0,0,300,475,50,10,0,0,100,50,34,5,29000,22010639_DEL_2025-09-04_2
 ,22010639,Phlying Phyllis,DEL,2025-10-01,2,USA,STR, ,6.0, ,6F,D,2,4,3,0,0,3,1,160,60,0,0,20,0,0,100,0,0,10,50,16,4,29000,22010639_DEL_2025-10-01_2
 ,23000766,Pichu,DEL,2025-07-26,1,USA,MCL, ,5.0, ,5F,D,2,1,1,0,0,1,1,0,0,0,0,0,0,10,50,0,0,350,675,38,6,20000,23000766_DEL_2025-07-26_1
X,23000766,Pichu,LRL,2025-10-10,2,USA,CLM, ,6.0, ,6F,D,1,2,2,0,0,3,4,10,200,0,0,400,1025,50,50,0,0,100,0,58,4,30000,23000766_LRL_2025-10-10_2
X,23000766,Pichu,LRL,2025-11-23,2,USA,CLM, ,6.0, ,6F,D,5,2,2,0,0,1,3,50,10,0,0,0,335,50,100,0,0,10,200,234,6,34050,23000766_LRL_2025-11-23_2
X,23000766,Pichu,LRL,2025-12-26,4,USA,CLM, ,5.5, ,5 1/2F,D,7,2,2,0,0,1,1,10,10,0,0,0,0,100,250,0,0,50,75,18,7,27760,23000766_LRL_2025-12-26_4
X,23002465,Pie Phi,SAR,2025-08-31,7,USA,MSW, ,6.0, ,6F,D,9,10,12,0,0,12,12,1080,1030,0,0,1370,2025,350,0,0,0,0,0,530,12,100000,23002465_SAR_2025-08-31_7
X,23002465,Pie Phi,LRL,2025-09-19,6,USA,MSW, ,8.0, ,1M,T,10,3,4,5,0,6,6,250,560,450,0,1060,1575,50,150,200,0,250,275,190,10,49000,23002465_LRL_2025-09-19_6
X,23002465,Pie Phi,LRL,2025-10-10,6,USA,MSW, ,7.0, ,7F,D,12,4,2,0,0,6,4,160,150,0,0,920,1300,50,10,0,0,150,10,879,12,50705,23002465_LRL_2025-10-10_6
X,19016196,Pit Stop Man,LRL,2025-10-26,2,USA,CLM, ,6.0, ,6F,D,2,4,4,0,0,4,4,310,550,0,0,760,800,150,250,0,0,50,25,36,6,20300,19016196_LRL_2025-10-26_2
X,19016196,Pit Stop Man,LRL,2025-11-21,2,USA,SOC, ,6.0, ,6F,D,7,6,6,0,0,4,3,820,850,0,0,700,105,100,200,0,0,100,75,260,9,25520,19016196_LRL_2025-11-21_2
X,19016196,Pit Stop Man,LRL,2025-12-06,1,USA,CLM, ,6.0, ,6F,D,2,4,4,0,0,3,3,300,510,0,0,400,125,10,300,0,0,10,350,35,6,18680,19016196_LRL_2025-12-06_1
 ,22004555,Platform,DEL,2025-08-27,6,USA,AOC, ,8.5, ,1 1/16M,D,1,1,1,2,0,2,5,0,0,50,0,10,800,50,10,10,0,10,25,144,7,46000,22004555_DEL_2025-08-27_6
 ,22004555,Platform,DEL,2025-10-01,8,USA,AOC, ,6.0, ,6F,D,8,7,4,0,0,4,4,330,120,0,0,120,180,500,100,0,0,200,375,234,8,46000,22004555_DEL_2025-10-01_8
X,22004555,Platform,AQU,2025-11-23,7,USA,CLM, ,7.0, ,7F,D,4,4,2,0,0,4,6,170,100,0,0,310,375,10,10,0,0,50,875,85,8,55000,22004555_AQU_2025-11-23_7
X,23004204,Play It Cool,CNL,2025-09-10,1,USA,MSW, ,8.0, ,1M,T,4,5,6,5,0,5,2,410,450,400,0,420,225,10,250,500,0,500,10,147,7,87500,23004204_CNL_2025-09-10_1
X,23004204,Play It Cool,LRL,2025-10-04,5,USA,MSW, ,8.0, ,1M,T,4,5,5,6,0,7,8,560,370,570,0,370,855,10,10,250,0,400,1850,40,9,48500,23004204_LRL_2025-10-04_5
X,23004204,Play It Cool,LRL,2025-10-18,1,USA,MSW, ,8.0, ,1M,T,10,7,7,7,0,5,4,720,610,610,0,800,750,50,150,200,0,10,10,54,10,53935,23004204_LRL_2025-10-18_1
X,23001371,Plenty On Tap,LRL,2025-09-26,6,USA,MCL, ,5.5, ,5 1/2F,D,7,7,7,0,0,9,8,680,1050,0,0,1870,2775,50,10,0,0,150,100,99,10,44845,23001371_LRL_2025-09-26_6
X,23001371,Plenty On Tap,LRL,2025-11-07,10,USA,MCL, ,5.5, ,5 1/2F,T,1,7,7,0,0,7,7,510,830,0,0,580,650,200,600,0,0,400,200,56,12,37050,23001371_LRL_2025-11-07_10
X,23001371,Plenty On Tap,LRL,2025-11-28,1,USA,MCL, ,8.0, ,1M,D,9,10,5,5,0,4,4,630,310,170,0,220,400,250,50,10,0,10,25,123,12,29180,23001371_LRL_2025-11-28_1
X,23001371,Plenty On Tap,LRL,2026-01-10,4,USA,MCL, ,8.5, ,1 1/16M,D,4,5,4,2,0,2,2,270,310,250,0,200,375,300,100,150,0,350,425,50,6,24700,23001371_LRL_2026-01-10_4
X,22004294,Pneumo Warrior,LRL,2025-06-29,2,USA,MSW, ,6.0, ,6F,D,4,6,3,0,0,2,3,560,210,0,0,250,425,0,100,0,0,10,75,135,6,47705,22004294_LRL_2025-06-29_2
X,22004294,Pneumo Warrior,LRL,2025-11-09,7,USA,MSW, ,6.0, ,6F,D,1,3,4,0,0,3,2,410,650,0,0,550,725,10,300,0,0,150,175,145,6,52640,22004294_LRL_2025-11-09_7
 ,22004294,Pneumo Warrior,CT ,2025-12-04,4,USA,MSW, ,4.5, ,4 1/2F,D,2,4,0,0,0,5,5,350,0,0,0,550,725,10,0,0,0,100,175,26,7,30600,22004294_CT_2025-12-04_4
 ,21003849,Point Dume,PRX,2025-10-21,9,USA,STK, ,8.0, ,1M,D,5,2,1,1,0,1,1,10,0,0,0,0,0,200,50,150,0,200,150,57,8,75000,21003849_PRX_2025-10-21_9
X,21003849,Point Dume,CD ,2025-11-15,10,USA,STR, ,9.0, ,1 1/8M,D,11,5,5,5,0,2,5,210,300,130,0,50,325,100,10,50,0,10,100,70,14,200000,21003849_CD_2025-11-15_10
 ,21003849,Point Dume,PRX,2025-12-31,7,USA,STK, ,8.5, ,1 1/16M,D,1,1,1,1,0,1,2,0,0,0,0,0,75,150,300,100,0,10,400,34,8,75000,21003849_PRX_2025-12-31_7
X,23017895,Poney Island,LRL,2025-11-02,7,USA,MCL, ,6.0, ,6F,D,1,1,4,0,0,8,8,0,260,0,0,1000,2950,50,150,0,0,0,0,202,8,33700,23017895_LRL_2025-11-02_7
X,23017895,Poney Island,LRL,2025-11-29,6,USA,MCL, ,5.5, ,5 1/2F,D,11,3,4,0,0,3,5,700,620,0,0,650,1270,50,200,0,0,10,75,334,12,30260,23017895_LRL_2025-11-29_6
X,23008719,Pont Aven,LRL,2025-10-25,9,USA,MSW, ,6.0, ,6F,D,6,2,1,0,0,2,3,50,0,0,0,50,150,10,10,0,0,100,50,11,9,46500,23008719_LRL_2025-10-25_9
X,23008719,Pont Aven,LRL,2025-11-29,3,USA,MSW, ,7.0, ,7F,D,3,8,5,0,0,4,4,820,1260,0,0,800,575,150,150,0,0,150,325,72,9,48500,23008719_LRL_2025-11-29_3
X,23008719,Pont Aven,LRL,2025-12-20,3,USA,MSW, ,7.0, ,7F,D,7,3,3,0,0,4,5,400,300,0,0,400,925,400,350,0,0,10,875,41,7,47500,23008719_LRL_2025-12-20_3
X,20008679,Post Time,LRL,2025-09-07,8,USA,STK, ,8.0, ,1M,D,3,3,2,1,0,1,1,260,100,0,0,0,0,0,100,250,0,1000,1700,0,3,100000,20008679_LRL_2025-09-07_8
X,20008679,Post Time,BAQ,2025-09-27,6,USA,STK,2,9.0, ,1 1/8M,D,1,3,3,3,0,3,3,450,400,210,0,400,425,0,0,0,0,0,0,35,3,300000,20008679_BAQ_2025-09-27_6
X,20008679,Post Time,LRL,2025-10-11,11,USA,STK, ,9.0, ,1 1/8M,D,4,5,5,5,0,3,2,660,450,550,0,60,75,10,10,100,0,250,175,1,6,150000,20008679_LRL_2025-10-11_11
 ,23013872,Power Grid,DEL,2025-09-20,2,USA,MSW, ,6.0, ,6F,D,2,4,3,0,0,2,2,210,200,0,0,300,550,100,100,0,0,200,525,8,6,45000,23013872_DEL_2025-09-20_2
X,23013872,Power Grid,LRL,2025-10-17,2,USA,MSW, ,7.0, ,7F,D,1,2,1,0,0,1,1,10,0,0,0,0,0,100,50,0,0,300,750,23,7,47500,23013872_LRL_2025-10-17_2
X,23013872,Power Grid,LRL,2025-11-23,3,USA,AOC, ,8.0, ,1M,D,7,4,3,3,0,2,1,400,300,350,0,250,0,150,100,550,0,200,5,18,7,49500,23013872_LRL_2025-11-23_3
X,21012759,Prado Road,LRL,2025-01-24,4,USA,ALW, ,6.0, ,6F,D,1,1,1,0,0,2,2,0,0,0,0,150,225,50,10,0,0,300,175,28,6,50470,21012759_LRL_2025-01-24_4
X,21012759,Prado Road,LRL,2025-02-23,7,USA,ALW, ,6.0, ,6F,D,1,2,4,0,0,3,1,150,260,0,0,160,0,10,100,0,0,350,150,36,7,48300,21012759_LRL_2025-02-23_7
X,21012759,Prado Road,LRL,2025-04-25,9,USA,ALW, ,6.0, ,6F,D,6,2,2,0,0,2,2,100,10,0,0,10,100,50,50,0,0,150,175,3,6,54880,21012759_LRL_2025-04-25_9
X,22013122,Preacha Meyers,LRL,2025-10-05,2,USA,SOC, ,6.0, ,6F,D,4,5,5,0,0,4,3,360,670,0,0,760,825,10,50,0,0,50,100,58,6,30000,22013122_LRL_2025-10-05_2
X,22013122,Preacha Meyers,LRL,2025-10-24,1,USA,SOC, ,8.0, ,1M,T,8,6,4,4,0,1,2,700,360,260,0,0,125,100,10,10,0,50,175,96,10,32000,22013122_LRL_2025-10-24_1
X,22013122,Preacha Meyers,LRL,2025-11-15,2,USA,SOC, ,7.0, ,7F,D,4,5,3,0,0,2,2,420,300,0,0,50,5,600,10,0,0,500,725,8,7,30950,22013122_LRL_2025-11-15_2
X,17011275,Prince Khozan,PIM,2025-05-10,7,USA,SOC, ,9.0, ,1 1/8M,T,1,9,9,8,0,7,3,1180,1360,760,0,470,335,250,200,100,0,10,10,118,10,82950,17011275_PIM_2025-05-10_7
X,17011275,Prince Khozan,LRL,2025-05-25,8,USA,SOC, ,8.5, ,1 1/16M,T,1,5,5,5,0,3,4,560,600,410,0,460,230,100,150,200,0,10,25,160,10,30635,17011275_LRL_2025-05-25_8
X,17011275,Prince Khozan,LRL,2025-06-27,1,USA,SOC, ,8.5, ,1 1/16M,T,7,7,7,7,0,5,5,660,430,480,0,660,430,0,0,0,0,100,225,49,7,24660,17011275_LRL_2025-06-27_1
X,17011275,Prince Khozan,LRL,2025-12-14,1,USA,CLM, ,8.5, ,1 1/16M,D,1,3,3,3,0,2,2,810,1050,450,0,500,600,10,200,300,0,100,750,427,7,22400,17011275_LRL_2025-12-14_1
X,17011275,Prince Khozan,LRL,2025-12-28,8,USA,CLM, ,9.0, ,1 1/8M,D,1,1,1,1,0,2,2,0,0,0,0,200,450,100,50,10,0,450,650,59,6,18410,17011275_LRL_2025-12-28_8
X,23010766,Prince of Darkness,LRL,2025-09-27,8,USA,MCL, ,6.0, ,6F,D,5,5,4,0,0,3,3,360,160,0,0,450,700,200,150,0,0,10,50,79,8,34150,23010766_LRL_2025-09-27_8
X,23010766,Prince of Darkness,LRL,2025-10-19,6,USA,MCL, ,6.0, ,6F,D,5,1,1,0,0,1,1,0,0,0,0,0,0,100,50,0,0,150,175,136,8,34600,23010766_LRL_2025-10-19_6
X,23010766,Prince of Darkness,LRL,2025-11-21,4,USA,AOC, ,6.0, ,6F,D,2,2,2,0,0,4,5,10,50,0,0,500,1000,200,100,0,0,10,5,163,7,53910,23010766_LRL_2025-11-21_4
X,23010766,Prince of Darkness,LRL,2025-12-12,4,USA,AOC, ,6.0, ,6F,D,5,3,3,0,0,5,4,250,260,0,0,510,850,50,10,0,0,0,425,135,5,53165,23010766_LRL_2025-12-12_4
X,20003972,Prince of Jericho,LRL,2025-01-18,8,USA,STK, ,6.5, ,6 1/2F,D,1,1,2,0,0,1,1,0,10,0,0,0,0,10,200,0,0,150,275,12,6,100000,20003972_LRL_2025-01-18_8
X,20003972,Prince of Jericho,LRL,2025-02-15,8,USA,STK, ,7.0, ,7F,D,5,1,1,0,0,2,3,0,0,0,0,250,825,10,10,0,0,200,325,22,6,200000,20003972_LRL_2025-02-15_8
X,20003972,Prince of Jericho,LRL,2025-11-22,7,USA,STK, ,6.0, ,6F,D,5,3,2,0,0,1,2,60,10,0,0,0,5,150,150,0,0,150,175,27,6,100000,20003972_LRL_2025-11-22_7
X,23003420,Princess Azara,SAR,2025-08-28,6,USA,MSW, ,6.0, ,6F,D,8,8,8,0,0,8,8,860,1570,0,0,2170,3950,900,1400,0,0,1250,2400,370,9,90000,23003420_SAR_2025-08-28_6
 ,23003420,Princess Azara,FL ,2025-09-24,2,USA,MSW, ,6.0, ,6F,D,3,1,1,0,0,1,2,0,0,0,0,0,150,100,350,0,0,300,425,30,5,32600,23003420_FL_2025-09-24_2
 ,23003420,Princess Azara,FL ,2025-10-20,6,USA,MSW, ,6.0, ,6F,D,7,2,1,0,0,1,2,10,0,0,0,0,475,250,10,0,0,150,275,24,9,32600,23003420_FL_2025-10-20_6
X,23005036,Princess Charming,LRL,2025-09-20,2,USA,MCL, ,6.0, ,6F,D,8,2,2,0,0,2,2,50,50,0,0,10,425,50,300,0,0,200,50,21,8,34600,23005036_LRL_2025-09-20_2
X,23005036,Princess Charming,LRL,2025-10-17,6,USA,MCL, ,6.0, ,6F,D,4,7,7,0,0,8,7,910,600,0,0,1250,1750,150,150,0,0,150,100,44,10,32900,23005036_LRL_2025-10-17_6
X,23005036,Princess Charming,LRL,2025-11-22,3,USA,MCL, ,6.0, ,6F,D,8,7,6,0,0,6,2,520,1060,0,0,810,475,200,150,0,0,400,50,127,9,32400,23005036_LRL_2025-11-22_3
X,23005036,Princess Charming,LRL,2025-12-19,7,USA,MCL, ,6.0, ,6F,D,1,7,7,0,0,7,7,2210,3650,0,0,3760,6325,0,0,0,0,0,0,55,7,42730,23005036_LRL_2025-12-19_7
X,21000753,Princess Lucia,LRL,2025-01-25,2,USA,CLM, ,8.5, ,1 1/16M,D,7,1,1,1,0,1,1,0,0,0,0,0,0,200,150,50,0,200,350,83,7,23290,21000753_LRL_2025-01-25_2
X,21000753,Princess Lucia,LRL,2025-02-21,3,USA,CLM, ,8.5, ,1 1/16M,D,1,1,1,2,0,3,3,0,0,10,0,360,950,200,50,250,0,350,100,18,6,22330,21000753_LRL_2025-02-21_3
X,21000753,Princess Lucia,LRL,2025-09-14,4,USA,CLM, ,5.5, ,5 1/2F,D,2,2,2,0,0,1,1,100,150,0,0,0,0,50,50,0,0,10,100,157,7,22560,21000753_LRL_2025-09-14_4
X,21000753,Princess Lucia,LRL,2025-12-12,7,USA,ALW, ,8.0, ,1M,D,2,2,3,4,0,3,3,50,300,350,0,700,875,10,100,300,0,100,325,209,5,48000,21000753_LRL_2025-12-12_7
 ,23008098,Probably Dreaming,DEL,2025-09-14,6,USA,STK, ,6.0, ,6F,D,6,2,1,0,0,1,1,50,0,0,0,0,0,100,100,0,0,50,225,24,8,100000,23008098_DEL_2025-09-14_6
 ,23008098,Probably Dreaming,DEL,2025-10-11,9,USA,STK, ,8.0, ,1M,D,6,6,6,3,0,1,1,170,270,20,0,0,0,250,200,100,0,300,450,1,7,100000,23008098_DEL_2025-10-11_9
X,23008098,Probably Dreaming,BAQ,2025-11-01,4,USA,STK, ,8.0, ,1M,D,2,4,4,3,0,2,2,160,160,160,0,50,350,1000,1000,10,0,250,725,18,5,150000,23008098_BAQ_2025-11-01_4
 ,22006170,Probale Ten,MNR,2025-07-08,5,USA,CLM, ,8.0, ,1M,D,1,1,1,2,0,2,1,0,0,10,0,150,0,10,10,100,0,300,75,6,6,7900,22006170_MNR_2025-07-08_5
 ,22006170,Probale Ten,MNR,2025-08-31,7,USA,CLM, ,5.5, ,5 1/2F,D,5,3,3,0,0,1,1,60,60,0,0,0,0,10,50,0,0,50,350,113,7,12200,22006170_MNR_2025-08-31_7
X,22006170,Probale Ten,KEE,2025-10-24,1,USA,CLM, ,6.5, ,6 1/2F,D,6,4,4,0,0,5,6,400,610,0,0,810,1285,300,50,0,0,50,0,258,6,72000,22006170_KEE_2025-10-24_1
X,23001495,Profound Change,LRL,2025-11-28,3,USA,MSW, ,6.0, ,6F,D,3,3,3,0,0,2,2,250,450,0,0,400,775,100,200,0,0,150,325,86,7,45500,23001495_LRL_2025-11-28_3
 ,21012195,Prom Knight,DEL,2025-10-16,6,USA,CLM, ,5.5, ,5 1/2F,D,9,9,10,0,0,12,8,560,620,0,0,590,695,10,10,0,0,100,50,84,13,19000,21012195_DEL_2025-10-16_6
X,21012195,Prom Knight,LRL,2025-11-07,4,USA,CLM, ,6.0, ,6F,D,8,8,8,0,0,8,7,1050,1460,0,0,2050,2360,0,0,0,0,0,0,268,8,20760,21012195_LRL_2025-11-07_4
X,21012195,Prom Knight,LRL,2025-11-27,2,USA,CLM, ,6.0, ,6F,D,4,1,1,0,0,2,3,0,0,0,0,10,80,100,10,0,0,300,250,335,7,18910,21012195_LRL_2025-11-27_2
X,21012195,Prom Knight,LRL,2025-12-14,4,USA,CLM, ,5.5, ,5 1/2F,D,2,5,5,0,0,5,3,900,1250,0,0,700,450,150,10,0,0,10,10,130,7,19450,21012195_LRL_2025-12-14_4
X,21012195,Prom Knight,LRL,2025-12-26,1,USA,CLM, ,6.0, ,6F,D,9,6,5,0,0,4,3,460,560,0,0,310,275,200,250,0,0,200,75,357,11,23070,21012195_LRL_2025-12-26_1
X,21012195,Prom Knight,LRL,2026-01-10,6,USA,CLM, ,6.0, ,6F,D,3,8,11,0,0,11,11,520,1370,0,0,2670,4570,10,0,0,0,0,0,263,11,21180,21012195_LRL_2026-01-10_6
 ,21004535,Proud Divi,TIM,2025-08-24,6,USA,AOC, ,6.5,A,6 1/2F,D,3,1,1,0,0,1,1,0,0,0,0,0,0,200,450,0,0,600,25,11,5,47470,21004535_TIM_2025-08-24_6
 ,21004535,Proud Divi,MED,2025-09-27,5,USA,SOC, ,5.0, ,5F,T,1,1,1,0,0,2,3,0,0,0,0,10,205,10,150,0,0,200,375,10,4,22000,21004535_MED_2025-09-27_5
X,21004535,Proud Divi,LRL,2025-11-07,2,USA,SOC, ,6.0, ,6F,D,3,7,7,0,0,7,7,9999,9999,0,0,9999,9999,9999,9999,0,0,9999,9999,32,7,30370,21004535_LRL_2025-11-07_2
X,19017159,Pudge Boy Palace,LRL,2025-10-26,2,USA,CLM, ,6.0, ,6F,D,6,3,3,0,0,2,2,300,300,0,0,500,575,10,250,0,0,10,175,109,6,20300,19017159_LRL_2025-10-26_2
X,19017159,Pudge Boy Palace,LRL,2025-11-16,10,USA,CLM, ,8.0, ,1M,D,1,3,1,1,0,2,2,350,0,0,0,250,775,50,50,10,0,600,250,106,8,21030,19017159_LRL_2025-11-16_10
X,19017159,Pudge Boy Palace,LRL,2025-11-27,2,USA,CLM, ,6.0, ,6F,D,5,2,2,0,0,1,1,100,10,0,0,0,0,10,200,0,0,10,75,9,7,18910,19017159_LRL_2025-11-27_2
X,19017159,Pudge Boy Palace,LRL,2025-12-12,8,USA,CLM, ,6.0, ,6F,D,6,5,4,0,0,4,1,550,360,0,0,260,0,10,250,0,0,150,100,23,6,20700,19017159_LRL_2025-12-12_8
X,19017159,Pudge Boy Palace,LRL,2026-01-16,10,USA,CLM, ,7.0, ,7F,D,2,4,5,0,0,5,5,200,460,0,0,800,1000,100,350,0,0,50,350,39,7,20600,19017159_LRL_2026-01-16_10
X,23008991,Q Got Hops,LRL,2025-11-14,10,USA,MCL, ,6.0, ,6F,D,8,7,5,0,0,7,7,810,1100,0,0,2000,2475,10,100,0,0,1500,2500,46,9,28400,23008991_LRL_2025-11-14_10
X,23008991,Q Got Hops,LRL,2025-12-19,6,USA,MCL, ,8.5, ,1 1/16M,D,6,8,6,7,0,7,7,670,610,1130,0,1460,1980,0,10,150,0,50,650,112,8,25740,23008991_LRL_2025-12-19_6
X,23008991,Q Got Hops,LRL,2026-01-09,6,USA,MCL, ,6.0, ,6F,D,6,9,9,0,0,9,7,1370,1320,0,0,930,655,250,300,0,0,700,200,550,11,24890,23008991_LRL_2026-01-09_6
 ,22004908,Quahog Republic,DEL,2025-08-06,3,USA,MCL, ,8.32,A,1M 70Y,T,2,7,7,8,0,7,8,650,920,810,0,810,885,50,10,600,0,100,300,1187,10,22000,22004908_DEL_2025-08-06_3
 ,22004908,Quahog Republic,DEL,2025-10-16,3,USA,MCL, ,6.0, ,6F,D,10,9,6,0,0,6,3,580,320,0,0,370,175,10,100,0,0,10,100,392,11,14000,22004908_DEL_2025-10-16_3
X,22004908,Quahog Republic,LRL,2025-11-09,3,USA,MCL, ,5.5, ,5 1/2F,T,5,8,7,0,0,7,9,470,510,0,0,520,355,200,50,0,0,10,10,125,10,28540,22004908_LRL_2025-11-09_3
X,22004908,Quahog Republic,LRL,2025-12-26,6,USA,MCL, ,5.5, ,5 1/2F,D,4,7,7,0,0,3,5,710,610,0,0,400,725,300,500,0,0,10,200,97,11,27200,22004908_LRL_2025-12-26_6
 ,22013759,Qualified Hire,DEL,2025-10-18,10,USA,SOC, ,8.32, ,1M 70Y,D,8,7,3,1,0,1,1,670,400,0,0,0,0,10,10,50,0,300,425,32,9,20000,22013759_DEL_2025-10-18_10
 ,22013759,Qualified Hire,PEN,2025-11-05,6,USA,ALW, ,8.32, ,1M 70Y,D,6,3,3,4,0,3,3,150,250,110,0,800,1200,50,50,150,0,50,200,60,6,35000,22013759_PEN_2025-11-05_6
 ,22013759,Qualified Hire,PEN,2025-12-11,1,USA,ALW, ,8.5, ,1 1/16M,D,1,4,6,4,0,4,4,250,430,250,0,450,1000,50,0,50,0,250,800,33,6,35000,22013759_PEN_2025-12-11_1
X,19004530,Quincannon,LRL,2025-10-17,4,USA,CLM, ,8.0, ,1M,D,4,1,1,1,0,5,5,0,0,0,0,360,1025,150,150,100,0,500,175,130,9,21260,19004530_LRL_2025-10-17_4
X,19004530,Quincannon,LRL,2025-11-07,4,USA,CLM, ,6.0, ,6F,D,2,7,7,0,0,7,5,800,960,0,0,1450,1550,250,500,0,0,600,10,188,8,20760,19004530_LRL_2025-11-07_4
X,19004530,Quincannon,LRL,2025-11-27,2,USA,CLM, ,6.0, ,6F,D,2,3,3,0,0,4,4,110,210,0,0,320,330,100,100,0,0,500,725,184,7,18910,19004530_LRL_2025-11-27_2
X,19004530,Quincannon,LRL,2025-12-21,6,USA,CLM, ,8.0, ,1M,D,5,4,4,2,0,3,2,310,410,50,0,20,300,200,100,50,0,250,10,600,11,21450,19004530_LRL_2025-12-21_6
X,21007291,Quint's Brew,LRL,2025-02-15,8,USA,STK, ,7.0, ,7F,D,2,2,2,0,0,1,1,10,10,0,0,0,0,50,150,0,0,250,550,8,6,200000,21007291_LRL_2025-02-15_8
X,21007291,Quint's Brew,AQU,2025-04-05,10,USA,STK,2,7.0, ,7F,D,2,3,3,0,0,1,2,110,60,0,0,0,25,50,100,0,0,150,250,23,7,300000,21007291_AQU_2025-04-05_10
X,21007291,Quint's Brew,BAQ,2025-05-04,9,USA,STK,3,8.0, ,1M,D,7,1,2,2,0,2,2,0,10,10,0,10,50,50,150,150,0,400,650,17,7,175000,21007291_BAQ_2025-05-04_9
X,21007291,Quint's Brew,LRL,2025-12-20,5,USA,STK, ,7.0, ,7F,D,1,3,5,0,0,2,2,200,260,0,0,250,300,10,0,0,0,300,625,7,5,100000,21007291_LRL_2025-12-20_5
 ,18022195,R Averie Lynn,DEL,2025-08-14,3,USA,SOC, ,5.5, ,5 1/2F,D,3,2,3,0,0,2,2,100,150,0,0,200,550,10,100,0,0,10,10,25,5,20000,18022195_DEL_2025-08-14_3
 ,18022195,R Averie Lynn,DEL,2025-09-25,2,USA,CLM, ,5.5, ,5 1/2F,D,5,1,1,0,0,2,2,0,0,0,0,100,500,10,10,0,0,100,100,45,6,22000,18022195_DEL_2025-09-25_2
 ,18022195,R Averie Lynn,DEL,2025-10-15,2,USA,CLM, ,6.0, ,6F,D,6,1,1,0,0,2,2,0,0,0,0,10,5,200,100,0,0,50,5,52,9,20000,18022195_DEL_2025-10-15_2
X,18022195,R Averie Lynn,LRL,2025-12-19,5,USA,CLM, ,5.5, ,5 1/2F,D,6,1,1,0,0,2,2,0,0,0,0,50,150,50,50,0,0,350,500,12,7,18640,18022195_LRL_2025-12-19_5
X,18022195,R Averie Lynn,LRL,2026-01-09,5,USA,CLM, ,6.0, ,6F,D,8,1,1,0,0,1,2,0,0,0,0,0,200,100,10,0,0,10,200,20,9,19910,18022195_LRL_2026-01-09_5
X,22001738,Radiant Tones,LRL,2025-10-18,3,USA,MCL, ,5.5, ,5 1/2F,T,3,9,7,0,0,4,3,770,520,0,0,400,325,350,10,0,0,100,50,74,12,30260,22001738_LRL_2025-10-18_3
 ,22001738,Radiant Tones,CT ,2025-11-12,3,USA,MSW, ,8.5, ,1 1/16M,D,2,2,2,1,0,2,3,50,100,0,0,300,1250,10,300,200,0,200,100,70,7,31600,22001738_CT_2025-11-12_3
 ,22001738,Radiant Tones,CT ,2025-12-10,2,USA,MSW, ,7.0, ,7F,D,7,1,2,0,0,2,4,0,10,0,0,700,1475,200,400,0,0,150,25,51,7,30600,22001738_CT_2025-12-10_2
X,19002312,Radical Right,CNL,2025-08-16,7,USA,AOC, ,6.0, ,6F,D,4,5,4,0,0,2,2,170,110,0,0,50,125,250,100,0,0,100,50,46,7,80000,19002312_CNL_2025-08-16_7
X,19002312,Radical Right,LRL,2025-09-21,6,USA,AOC, ,6.0, ,6F,D,1,4,3,0,0,3,5,120,350,0,0,600,560,100,50,0,0,200,150,101,10,63880,19002312_LRL_2025-09-21_6
X,19002312,Radical Right,LRL,2025-11-28,8,USA,AOC, ,6.0, ,6F,D,1,4,5,0,0,5,5,310,180,0,0,270,165,100,200,0,0,500,1275,49,6,61040,19002312_LRL_2025-11-28_8
X,19002312,Radical Right,LRL,2025-12-21,8,USA,AOC, ,5.5, ,5 1/2F,D,7,5,5,0,0,7,6,360,400,0,0,680,935,50,200,0,0,250,5,149,8,57000,19002312_LRL_2025-12-21_8
X,19002312,Radical Right,LRL,2026-01-09,9,USA,AOC, ,6.0, ,6F,D,4,2,3,0,0,4,3,200,250,0,0,360,425,150,10,0,0,350,50,56,6,57770,19002312_LRL_2026-01-09_9
X,22006600,Railroad Inn,LRL,2025-10-19,4,USA,MCL, ,6.0, ,6F,D,5,7,6,0,0,5,5,1260,960,0,0,510,855,50,200,0,0,10,50,31,8,25370,22006600_LRL_2025-10-19_4
X,22006600,Railroad Inn,LRL,2025-11-09,10,USA,MCL, ,6.0, ,6F,D,3,7,5,0,0,5,3,1010,1400,0,0,1650,1250,350,200,0,0,400,200,54,8,25370,22006600_LRL_2025-11-09_10
X,22006600,Railroad Inn,LRL,2025-11-27,1,USA,MCL, ,8.0, ,1M,D,5,7,8,8,0,9,9,700,860,670,0,730,950,200,10,50,0,0,0,82,9,25870,22006600_LRL_2025-11-27_1
X,22006600,Railroad Inn,LRL,2025-12-26,6,USA,MCL, ,5.5, ,5 1/2F,D,8,9,9,0,0,6,2,1160,1160,0,0,520,425,10,200,0,0,200,50,169,11,27200,22006600_LRL_2025-12-26_6
X,20007754,Raise Cain,KEE,2024-10-20,7,USA,AOC, ,9.0, ,1 1/8M,D,10,5,5,3,0,4,5,220,220,150,0,360,775,50,50,10,0,10,10,37,10,130000,20007754_KEE_2024-10-20_7
X,20007754,Raise Cain,OP ,2024-12-21,8,USA,AOC, ,8.0, ,1M,D,1,3,3,4,0,4,3,110,150,210,0,160,325,50,100,150,0,250,125,15,6,130000,20007754_OP_2024-12-21_8
X,20007754,Raise Cain,OP ,2025-01-25,7,USA,STK, ,8.0, ,1M,D,6,5,5,4,0,4,5,450,610,460,0,360,350,10,100,50,0,10,25,184,9,150000,20007754_OP_2025-01-25_7
X,21011564,Rampagius,LRL,2025-04-26,5,USA,ALW, ,8.0, ,1M,T,9,3,2,2,0,2,4,200,50,100,0,350,350,100,150,250,0,10,125,31,10,56080,21011564_LRL_2025-04-26_5
 ,21011564,Rampagius,DEL,2025-06-04,7,USA,ALW, ,8.5, ,1 1/16M,T,6,6,4,4,0,7,7,500,250,210,0,630,1045,400,100,150,0,0,0,87,7,46000,21011564_DEL_2025-06-04_7
X,21011564,Rampagius,CNL,2025-08-06,7,USA,CLM, ,8.0, ,1M,T,11,6,5,5,0,1,1,750,500,170,0,0,0,150,10,50,0,100,350,14,12,34500,21011564_CNL_2025-08-06_7
X,21016438,Rapidity,LRL,2025-06-20,4,USA,SOC, ,6.0, ,6F,D,4,6,6,0,0,6,6,620,860,0,0,850,800,250,150,0,0,200,225,105,7,34350,21016438_LRL_2025-06-20_4
X,21016438,Rapidity,CNL,2025-08-01,5,USA,CLM, ,5.5, ,5 1/2F,T,8,6,9,0,0,9,9,460,1120,0,0,1010,300,10,100,0,0,500,400,124,11,34500,21016438_CNL_2025-08-01_5
X,21016438,Rapidity,LRL,2025-11-01,11,USA,SOC, ,6.0, ,6F,D,7,4,3,0,0,3,2,360,260,0,0,160,675,10,10,0,0,150,150,50,7,25600,21016438_LRL_2025-11-01_11
X,21016438,Rapidity,LRL,2025-12-13,6,USA,SOC, ,6.0, ,6F,D,4,6,6,0,0,4,5,320,510,0,0,560,1050,600,300,0,0,200,25,83,7,27760,21016438_LRL_2025-12-13_6
X,21016438,Rapidity,LRL,2026-01-16,1,USA,SOC, ,6.0, ,6F,D,5,3,4,0,0,4,5,350,400,0,0,800,1450,150,350,0,0,200,0,40,5,26000,21016438_LRL_2026-01-16_1
X,22002328,Ready for Magic,LRL,2025-10-25,7,USA,CLM, ,6.0, ,6F,D,4,3,2,0,0,2,2,310,200,0,0,300,550,150,200,0,0,200,250,33,8,25700,22002328_LRL_2025-10-25_7
X,22002328,Ready for Magic,LRL,2025-11-01,2,USA,SOC, ,6.0, ,6F,D,1,2,4,0,0,3,3,150,210,0,0,110,325,50,10,0,0,200,650,67,6,24380,22002328_LRL_2025-11-01_2
X,22002328,Ready for Magic,LRL,2025-12-07,3,USA,CLM, ,6.0, ,6F,D,7,2,2,0,0,2,2,200,200,0,0,200,300,50,50,0,0,10,100,12,8,24050,22002328_LRL_2025-12-07_3
X,22002328,Ready for Magic,LRL,2025-12-14,5,USA,SOC, ,6.0, ,6F,D,3,7,6,0,0,6,5,630,360,0,0,550,355,0,10,0,0,500,550,114,7,31850,22002328_LRL_2025-12-14_5
 ,23001085,Rebel Prince,DEL,2025-10-18,5,USA,MCL, ,6.0, ,6F,D,3,6,6,0,0,5,4,300,180,0,0,220,180,10,10,0,0,200,550,86,7,28000,23001085_DEL_2025-10-18_5
X,23001085,Rebel Prince,LRL,2025-11-08,7,USA,MSW, ,6.0, ,6F,D,3,9,9,0,0,8,5,1660,1620,0,0,1270,2000,400,200,0,0,50,75,302,10,49000,23001085_LRL_2025-11-08_7
X,23001085,Rebel Prince,LRL,2025-11-28,3,USA,MSW, ,6.0, ,6F,D,2,6,6,0,0,5,6,450,670,0,0,750,1450,100,600,0,0,10,3050,352,7,45500,23001085_LRL_2025-11-28_3
 ,23010813,Red Zone Runner,PRX,2025-09-19,1,USA,MSW, ,5.5, ,5 1/2F,D,2,4,4,0,0,1,1,360,360,0,0,0,0,150,10,0,0,100,25,12,11,65000,23010813_PRX_2025-09-19_1
 ,23010813,Red Zone Runner,PEN,2025-10-30,4,USA,ALW, ,6.0, ,6F,D,4,4,2,0,0,2,2,260,250,0,0,300,175,100,10,0,0,50,400,4,6,35000,23010813_PEN_2025-10-30_4
 ,23010813,Red Zone Runner,PRX,2025-11-26,6,USA,STK, ,7.0, ,7F,D,2,5,3,0,0,3,3,260,250,0,0,400,575,50,10,0,0,700,1250,51,7,100000,23010813_PRX_2025-11-26_6
X,22011846,Rehoboth Avenue,LRL,2025-10-05,1,USA,SOC, ,8.5, ,1 1/16M,T,3,2,2,3,0,3,4,350,600,110,0,310,500,150,400,250,0,10,50,190,8,34600,22011846_LRL_2025-10-05_1
X,22011846,Rehoboth Avenue,LRL,2025-10-24,3,USA,CLM, ,9.0, ,1 1/8M,T,5,2,2,2,0,7,9,250,150,100,0,280,785,200,150,150,0,150,0,1369,9,42100,22011846_LRL_2025-10-24_3
X,22011846,Rehoboth Avenue,LRL,2025-11-23,4,USA,SOC, ,8.0, ,1M,T,5,5,6,6,0,7,4,1050,1510,1210,0,570,525,100,50,200,0,50,10,63,12,29900,22011846_LRL_2025-11-23_4
X,22011846,Rehoboth Avenue,LRL,2025-12-12,1,USA,SOC, ,7.0, ,7F,D,2,4,6,0,0,6,4,400,860,0,0,800,650,10,150,0,0,10,100,67,8,27900,22011846_LRL_2025-12-12_1
X,23009437,Rerun Table,LRL,2025-10-11,5,USA,STK, ,6.0, ,6F,D,5,2,2,0,0,3,5,10,10,0,0,200,740,50,150,0,0,10,150,86,9,101000,23009437_LRL_2025-10-11_5
X,23009437,Rerun Table,LRL,2025-11-14,3,USA,AOC, ,6.0, ,6F,D,1,2,3,0,0,3,3,50,260,0,0,450,775,150,600,0,0,800,1250,54,4,49000,23009437_LRL_2025-11-14_3
X,23009437,Rerun Table,LRL,2025-12-05,4,USA,CLM, ,5.5, ,5 1/2F,D,3,2,1,0,0,1,1,50,0,0,0,0,0,10,10,0,0,200,300,12,4,41600,23009437_LRL_2025-12-05_4
 ,21008045,Return Fire,DEL,2025-08-13,3,USA,CLM, ,7.5,A,7 1/2F,T,3,2,2,0,0,5,8,100,100,0,0,320,1375,100,100,0,0,10,0,212,8,21000,21008045_DEL_2025-08-13_3
X,21008045,Return Fire,LRL,2025-11-07,7,USA,CLM, ,8.0, ,1M,D,5,2,2,2,0,3,5,50,10,150,0,200,880,100,50,150,0,10,325,282,8,25370,21008045_LRL_2025-11-07_7
X,21008045,Return Fire,LRL,2025-11-30,2,USA,CLM, ,8.0, ,1M,D,4,4,4,4,0,5,6,70,410,760,0,770,1450,500,400,350,0,200,675,124,7,25200,21008045_LRL_2025-11-30_2
X,21008045,Return Fire,LRL,2026-01-09,1,USA,CLM, ,8.0, ,1M,D,5,1,1,1,0,2,3,0,0,0,0,10,450,10,50,200,0,200,10,140,9,25870,21008045_LRL_2026-01-09_1
 ,23009571,Rhodes,LRC,2025-09-20,4,USA,MSW, ,6.5, ,6 1/2F,D,1,1,2,0,0,4,4,0,10,0,0,560,1775,10,200,0,0,700,2000,38,7,45000,23009571_LRC_2025-09-20_4
X,23009571,Rhodes,SA ,2025-10-13,2,USA,MSW, ,8.0, ,1M,D,6,3,3,7,0,7,7,110,60,820,0,1750,7155,50,10,0,0,0,0,297,7,60000,23009571_SA_2025-10-13_2
X,23009571,Rhodes,LRL,2025-11-29,3,USA,MSW, ,7.0, ,7F,D,2,1,2,0,0,2,6,0,100,0,0,500,950,10,1000,0,0,150,150,69,9,48500,23009571_LRL_2025-11-29_3
 ,19019286,Right of Rush,BTP,2025-07-25,8,USA,CLM, ,8.0, ,1M,T,5,5,6,6,0,6,7,700,1110,900,0,620,925,100,10,100,0,10,150,187,10,10100,19019286_BTP_2025-07-25_8
X,19019286,Right of Rush,LRL,2025-10-18,7,USA,CLM, ,8.5, ,1 1/16M,D,4,3,3,2,0,4,4,200,200,200,0,260,725,50,10,10,0,600,475,522,9,25540,19019286_LRL_2025-10-18_7
X,19019286,Right of Rush,LRL,2025-11-07,7,USA,CLM, ,8.0, ,1M,D,2,4,4,6,0,6,6,350,360,650,0,860,1205,10,50,100,0,600,1075,308,8,25370,19019286_LRL_2025-11-07_7
X,19019286,Right of Rush,LRL,2025-12-19,4,USA,CLM, ,8.5, ,1 1/16M,D,4,3,3,3,0,2,2,400,200,350,0,350,925,300,450,400,0,50,675,55,5,22000,19019286_LRL_2025-12-19_4
X,19019286,Right of Rush,LRL,2026-01-09,1,USA,CLM, ,8.0, ,1M,D,2,7,6,6,0,6,6,420,550,380,0,710,1110,50,50,50,0,400,275,25,9,25870,19019286_LRL_2026-01-09_1
X,22008352,Rina Is Fire,LRL,2025-02-22,9,USA,MSW, ,6.0, ,6F,D,3,1,1,0,0,1,2,0,0,0,0,0,5,200,300,0,0,150,525,29,6,49115,22008352_LRL_2025-02-22_9
X,22008352,Rina Is Fire,LRL,2025-11-09,7,USA,MSW, ,6.0, ,6F,D,4,1,1,0,0,1,1,0,0,0,0,0,0,10,300,0,0,400,425,6,6,52640,22008352_LRL_2025-11-09_7
X,22008352,Rina Is Fire,LRL,2025-11-29,4,USA,ALW, ,5.5, ,5 1/2F,D,9,4,3,0,0,2,2,120,310,0,0,350,325,350,100,0,0,600,375,7,9,49500,22008352_LRL_2025-11-29_4
X,23017181,Rio Del Valle,LRL,2026-01-09,6,USA,MCL, ,6.0, ,6F,D,11,8,6,0,0,8,6,1020,520,0,0,880,355,350,150,0,0,50,300,293,11,24890,23017181_LRL_2026-01-09_6
 ,18012283,River Dog,PRX,2025-10-29,9,USA,AOC, ,6.0, ,6F,D,4,3,3,0,0,5,6,110,300,0,0,600,1100,10,10,0,0,100,0,131,6,55000,18012283_PRX_2025-10-29_9
 ,18012283,River Dog,PRX,2025-11-11,7,USA,CLM, ,6.0, ,6F,D,7,2,2,0,0,6,6,50,10,0,0,650,1400,100,10,0,0,200,100,90,7,35000,18012283_PRX_2025-11-11_7
 ,18012283,River Dog,PEN,2025-12-18,5,USA,CLM, ,6.0, ,6F,D,3,3,2,0,0,4,6,20,10,0,0,400,650,500,300,0,0,10,0,43,6,28000,18012283_PEN_2025-12-18_5
X,21004898,Riyadh Moon,SAR,2025-08-14,2,USA,CLM, ,7.0, ,7F,D,5,6,6,0,0,2,1,550,700,0,0,200,0,0,0,0,0,100,125,87,6,48000,21004898_SAR_2025-08-14_2
X,21004898,Riyadh Moon,BAQ,2025-10-11,2,USA,CLM, ,6.5, ,6 1/2F,D,2,6,6,0,0,5,2,850,910,0,0,820,600,0,0,0,0,50,100,80,6,60000,21004898_BAQ_2025-10-11_2
X,21004898,Riyadh Moon,LRL,2025-11-27,7,USA,AOC, ,6.0, ,6F,D,1,5,5,0,0,6,5,510,750,0,0,960,1725,10,10,0,0,100,175,27,8,55590,21004898_LRL_2025-11-27_7
 ,17003226,Rob the Rich,PEN,2025-10-22,4,USA,CLM, ,8.5, ,1 1/16M,D,5,2,2,1,0,1,1,200,50,0,0,0,0,10,100,50,0,500,625,17,7,12000,17003226_PEN_2025-10-22_4
 ,17003226,Rob the Rich,PRX,2025-11-12,5,USA,CLM, ,8.32, ,1M 70Y,D,2,1,1,1,0,1,1,0,0,0,0,0,0,100,100,150,0,150,150,7,3,20000,17003226_PRX_2025-11-12_5
 ,17003226,Rob the Rich,PEN,2025-12-05,2,USA,CLM, ,8.5, ,1 1/16M,D,4,7,6,6,0,3,1,770,660,310,0,110,0,0,100,300,0,100,100,20,7,18000,17003226_PEN_2025-12-05_2
X,22004324,Robert's Moon,LRL,2025-10-24,1,USA,SOC, ,8.0, ,1M,T,9,4,3,3,0,5,4,300,160,110,0,310,425,200,200,150,0,50,25,443,10,32000,22004324_LRL_2025-10-24_1
X,22004324,Robert's Moon,LRL,2025-11-16,6,USA,SOC, ,8.5, ,1 1/16M,T,1,1,1,1,0,2,3,0,0,0,0,10,200,200,250,200,0,200,75,30,10,26740,22004324_LRL_2025-11-16_6
X,22004324,Robert's Moon,LRL,2025-12-05,3,USA,SOC, ,7.0, ,7F,D,6,2,4,0,0,6,5,700,560,0,0,460,1125,50,100,0,0,1500,700,22,7,27040,22004324_LRL_2025-12-05_3
X,22004324,Robert's Moon,LRL,2025-12-27,2,USA,SOC, ,8.0, ,1M,D,3,1,1,2,0,3,3,0,0,250,0,450,675,200,10,50,0,0,0,48,3,30000,22004324_LRL_2025-12-27_2
 ,22004733,Roll On Jesse,DEL,2025-09-25,8,USA,STR, ,8.0, ,1M,D,4,4,4,4,0,4,3,400,350,500,0,900,1125,500,200,150,0,100,500,117,5,32000,22004733_DEL_2025-09-25_8
X,22004733,Roll On Jesse,LRL,2025-10-31,9,USA,ALW, ,8.0, ,1M,D,4,2,5,3,0,4,4,150,460,300,0,810,1275,100,0,200,0,400,175,76,5,48000,22004733_LRL_2025-10-31_9
X,22004733,Roll On Jesse,LRL,2025-12-06,2,USA,CLM, ,8.0, ,1M,D,3,5,6,5,0,3,4,550,850,510,0,550,425,200,550,10,0,150,50,67,7,44100,22004733_LRL_2025-12-06_2
X,20009044,Rowsie Express,LRL,2025-09-28,8,USA,ALW, ,8.0, ,1M,D,5,1,1,1,0,2,2,0,0,0,0,200,200,150,10,10,0,100,150,51,6,50470,20009044_LRL_2025-09-28_8
X,20009044,Rowsie Express,LRL,2025-10-31,8,USA,ALW, ,9.0, ,1 1/8M,D,1,1,1,1,0,1,1,0,0,0,0,0,0,100,100,50,0,150,50,46,6,53410,20009044_LRL_2025-10-31_8
X,20009044,Rowsie Express,LRL,2025-11-30,3,USA,SOC, ,8.5, ,1 1/16M,D,3,3,5,5,0,4,4,200,650,1250,0,910,1500,50,50,10,0,200,550,27,7,29935,20009044_LRL_2025-11-30_3
X,20003013,Royal Seamstress,MTH,2025-07-11,6,USA,CLM, ,5.5, ,5 1/2F,D,1,6,5,0,0,6,6,470,610,0,0,1010,1100,0,10,0,0,0,0,106,6,19450,20003013_MTH_2025-07-11_6
X,20003013,Royal Seamstress,LRL,2025-10-10,4,USA,CLM, ,5.5, ,5 1/2F,D,1,6,5,0,0,3,3,530,410,0,0,600,650,50,10,0,0,400,600,41,7,21070,20003013_LRL_2025-10-10_4
X,20003013,Royal Seamstress,LRL,2025-11-02,2,USA,CLM, ,6.0, ,6F,D,4,6,3,0,0,2,2,610,600,0,0,400,350,300,50,0,0,450,650,51,7,21070,20003013_LRL_2025-11-02_2
X,20003013,Royal Seamstress,LRL,2025-12-26,9,USA,CLM, ,6.0, ,6F,D,7,4,4,0,0,6,6,550,360,0,0,760,1700,50,50,0,0,200,25,29,7,20260,20003013_LRL_2025-12-26_9
 ,21015050,Rumint,FL ,2025-10-27,2,USA,CLM, ,8.0, ,1M,D,5,3,3,3,0,3,4,300,250,300,0,500,350,100,100,200,0,10,150,11,5,18100,21015050_FL_2025-10-27_2
 ,21015050,Rumint,FL ,2025-11-12,4,USA,CLM, ,8.32, ,1M 70Y,D,4,1,1,1,0,1,1,0,0,0,0,0,0,100,150,200,0,400,775,10,7,14000,21015050_FL_2025-11-12_4
 ,21015050,Rumint,FL ,2025-11-25,9,USA,CLM, ,5.5, ,5 1/2F,D,1,3,3,0,0,1,1,150,150,0,0,0,0,400,200,0,0,10,225,6,4,14000,21015050_FL_2025-11-25_9
X,23016735,Runaway Rooster,LRL,2025-10-04,6,USA,MCL, ,6.0, ,6F,D,4,6,7,0,0,8,8,560,860,0,0,1600,1805,200,50,0,0,200,50,341,10,28180,23016735_LRL_2025-10-04_6
X,23016735,Runaway Rooster,LRL,2025-11-14,10,USA,MCL, ,6.0, ,6F,D,3,2,3,0,0,3,5,50,900,0,0,1400,1975,300,150,0,0,150,150,301,9,28400,23016735_LRL_2025-11-14_10
X,23016735,Runaway Rooster,LRL,2025-11-28,1,USA,MCL, ,8.0, ,1M,D,12,3,3,3,0,5,5,60,60,110,0,230,425,200,150,50,0,100,10,211,12,29180,23016735_LRL_2025-11-28_1
X,23016735,Runaway Rooster,LRL,2025-12-19,6,USA,MCL, ,8.5, ,1 1/16M,D,8,7,7,6,0,4,5,660,620,430,0,550,555,10,50,700,0,100,425,204,8,25740,23016735_LRL_2025-12-19_6
X,23016735,Runaway Rooster,LRL,2026-01-10,4,USA,MCL, ,8.5, ,1 1/16M,D,5,4,3,6,0,6,6,70,300,950,0,1400,3200,200,10,0,0,0,0,32,6,24700,23016735_LRL_2026-01-10_4
X,20011403,Running River,LRL,2025-09-13,2,USA,CLM, ,8.5, ,1 1/16M,D,2,2,2,3,0,3,2,10,50,500,0,1100,1750,200,200,1200,0,300,100,31,5,18450,20011403_LRL_2025-09-13_2
X,20011403,Running River,LRL,2025-10-17,4,USA,CLM, ,8.0, ,1M,D,3,6,8,8,0,8,9,320,570,1320,0,1610,2850,10,300,200,0,200,0,115,9,21260,20011403_LRL_2025-10-17_4
X,20011403,Running River,LRL,2025-11-29,2,USA,CLM, ,8.5, ,1 1/16M,D,5,2,2,4,0,4,5,10,100,560,0,750,1380,100,50,150,0,150,1575,186,8,19140,20011403_LRL_2025-11-29_2
 ,22001067,Runsweetly,DEL,2025-09-18,6,USA,CLM, ,6.0, ,6F,D,4,6,4,0,0,3,3,270,160,0,0,310,160,10,100,0,0,10,200,168,8,25000,22001067_DEL_2025-09-18_6
X,22001067,Runsweetly,LRL,2025-10-24,2,USA,CLM, ,6.0, ,6F,D,1,7,5,0,0,4,6,500,550,0,0,550,405,0,150,0,0,50,600,116,7,45300,22001067_LRL_2025-10-24_2
X,22001067,Runsweetly,LRL,2025-11-27,4,USA,SOC, ,7.0, ,7F,D,1,7,7,0,0,6,6,900,750,0,0,1010,1800,0,0,0,0,10,150,95,7,30950,22001067_LRL_2025-11-27_4
X,22007924,Rylnnslookinglucky,LRL,2025-02-16,6,USA,MCL, ,6.0, ,6F,D,8,6,7,0,0,7,5,1350,1650,0,0,1000,950,400,300,0,0,800,25,342,9,27680,22007924_LRL_2025-02-16_6
X,22007924,Rylnnslookinglucky,LRL,2025-10-04,4,USA,MCL, ,5.5, ,5 1/2F,D,1,6,6,0,0,6,6,370,860,0,0,1350,1350,350,400,0,0,300,225,372,7,31850,22007924_LRL_2025-10-04_4
X,22007924,Rylnnslookinglucky,LRL,2025-10-17,10,USA,MCL, ,8.0, ,1M,D,3,2,1,3,0,3,3,10,0,450,0,900,1700,50,10,50,0,100,225,157,8,26030,22007924_LRL_2025-10-17_10
X,20018257,S S Sinatra,LRL,2025-09-21,6,USA,AOC, ,6.0, ,6F,D,4,9,8,0,0,6,4,590,670,0,0,900,510,300,250,0,0,10,50,72,10,63880,20018257_LRL_2025-09-21_6
X,20018257,S S Sinatra,LRL,2025-10-19,10,USA,AOC, ,6.0, ,6F,D,5,2,2,0,0,2,5,10,150,0,0,200,750,50,10,0,0,10,10,38,7,56500,20018257_LRL_2025-10-19_10
X,20018257,S S Sinatra,LRL,2025-11-28,8,USA,AOC, ,6.0, ,6F,D,6,2,1,0,0,1,1,200,0,0,0,0,0,100,10,0,0,100,5,14,6,61040,20018257_LRL_2025-11-28_8
 ,22004260,Safe Trust,DEL,2025-07-17,6,USA,STK, ,6.0, ,6F,D,1,2,2,0,0,2,3,10,100,0,0,200,850,50,100,0,0,150,0,81,3,125000,22004260_DEL_2025-07-17_6
X,22004260,Safe Trust,LRL,2025-09-26,8,USA,AOC, ,6.0, ,6F,D,5,5,4,0,0,4,5,420,360,0,0,500,850,10,350,0,0,300,525,106,7,58180,22004260_LRL_2025-09-26_8
X,22004260,Safe Trust,LRL,2025-10-11,7,USA,STK, ,7.0, ,7F,D,5,3,4,0,0,6,9,300,260,0,0,650,1325,10,150,0,0,100,900,281,12,102030,22004260_LRL_2025-10-11_7
X,22010701,Salty Lime,CNL,2025-08-22,5,USA,MCL, ,5.0, ,5F,T,3,8,8,0,0,7,7,810,700,0,0,950,1200,0,0,0,0,150,50,641,8,32000,22010701_CNL_2025-08-22_5
X,22010701,Salty Lime,CNL,2025-09-03,8,USA,MCL, ,5.5, ,5 1/2F,T,5,4,5,0,0,7,7,160,460,0,0,1410,1885,200,100,0,0,1200,1075,551,8,40000,22010701_CNL_2025-09-03_8
X,20018653,Salvo Trigger,LRL,2025-10-04,7,USA,SOC, ,6.0, ,6F,T,7,9,9,0,0,9,9,2150,2110,0,0,1280,1280,0,0,0,0,0,0,779,9,26240,20018653_LRL_2025-10-04_7
X,20018653,Salvo Trigger,LRL,2025-10-26,1,USA,SOC, ,5.5, ,5 1/2F,T,8,9,9,0,0,8,8,680,400,0,0,340,410,50,100,0,0,200,550,501,10,26380,20018653_LRL_2025-10-26_1
X,20018653,Salvo Trigger,TP ,2025-12-12,4,USA,CLM, ,8.5, ,1 1/16M,D,8,10,10,10,0,2,3,670,530,390,0,200,350,50,300,3000,0,100,50,593,11,26800,20018653_TP_2025-12-12_4
X,20018653,Salvo Trigger,LRL,2026-01-09,1,USA,CLM, ,8.0, ,1M,D,7,4,5,5,0,5,5,170,350,370,0,610,685,100,200,10,0,100,425,201,9,25870,20018653_LRL_2026-01-09_1
 ,21018352,Same Day as L J,LRL,2025-11-07,6,USA,ALW, ,5.5, ,5 1/2F,T,9,1,1,0,0,5,11,0,0,0,0,360,815,50,10,0,0,10,1075,1052,12,53470,21018352_LRL_2025-11-07_6
X,21018352,Same Day as L J,LRL,2025-11-15,9,USA,ALW, ,5.5, ,5 1/2F,T,3,2,3,0,0,4,4,50,150,0,0,300,235,50,10,0,0,200,25,426,8,49000,21018352_LRL_2025-11-15_9
X,21018352,Same Day as L J,LRL,2025-11-27,3,USA,SOC, ,5.5, ,5 1/2F,T,3,1,1,0,0,3,7,0,0,0,0,60,395,10,10,0,0,10,525,65,9,31500,21018352_LRL_2025-11-27_3
 ,19001706,Sapphire Beauty,TIM,2025-08-30,4,USA,STR, ,8.0, ,1M,D,3,2,6,6,0,6,6,150,520,1600,0,2360,3655,50,0,0,0,0,0,155,6,24310,19001706_TIM_2025-08-30_4
 ,19001706,Sapphire Beauty,CT ,2025-10-30,4,USA,SOC, ,6.5, ,6 1/2F,D,8,5,6,0,0,7,8,310,760,0,0,610,1400,100,10,0,0,10,0,692,8,22700,19001706_CT_2025-10-30_4
 ,19001706,Sapphire Beauty,CT ,2025-11-13,2,USA,CLM, ,7.0, ,7F,D,2,2,4,0,0,6,6,100,410,0,0,960,1375,10,10,0,0,200,1150,271,7,15800,19001706_CT_2025-11-13_2
X,19001706,Sapphire Beauty,LRL,2025-12-19,5,USA,CLM, ,5.5, ,5 1/2F,D,4,4,4,0,0,4,4,550,500,0,0,500,675,250,200,0,0,150,100,386,7,18640,19001706_LRL_2025-12-19_5
X,19001706,Sapphire Beauty,LRL,2026-01-09,5,USA,CLM, ,6.0, ,6F,D,9,3,3,0,0,5,7,110,110,0,0,560,1025,100,300,0,0,200,150,533,9,19910,19001706_LRL_2026-01-09_5
X,23016206,Sassy Senorita,LRL,2025-10-03,5,USA,MCL, ,6.0, ,6F,D,11,9,9,0,0,10,9,1260,1010,0,0,1560,1530,100,10,0,0,200,150,457,11,29400,23016206_LRL_2025-10-03_5
X,22004675,Schrader,CNL,2025-09-13,3,USA,STR, ,7.0, ,7F,D,6,2,2,0,0,2,6,100,200,0,0,400,550,50,200,0,0,500,450,84,6,40000,22004675_CNL_2025-09-13_3
 ,22004675,Schrader,DEL,2025-09-28,9,USA,ALW, ,8.5, ,1 1/16M,D,4,2,3,2,0,2,2,100,250,100,0,10,175,10,10,10,0,10,100,170,8,72000,22004675_DEL_2025-09-28_9
X,22004675,Schrader,LRL,2025-11-27,9,USA,SOC, ,6.0, ,6F,D,1,6,6,0,0,6,5,360,760,0,0,920,925,0,0,0,0,0,25,27,6,30450,22004675_LRL_2025-11-27_9
X,22004675,Schrader,LRL,2025-12-13,1,USA,SOC, ,7.0, ,7F,D,6,2,2,0,0,2,3,10,10,0,0,10,725,800,500,0,0,150,400,34,6,33150,22004675_LRL_2025-12-13_1
X,23006633,Sculcos Folly,SAR,2025-07-06,2,USA,MSW, ,5.5, ,5 1/2F,D,5,8,8,0,0,8,8,870,1660,0,0,2620,4665,0,0,0,0,0,0,68,8,90000,23006633_SAR_2025-07-06_2
X,23006633,Sculcos Folly,MTH,2025-07-26,2,USA,MCL, ,5.0, ,5F,D,2,2,2,0,0,1,1,300,10,0,0,0,0,100,100,0,0,100,250,26,3,22000,23006633_MTH_2025-07-26_2
X,23006633,Sculcos Folly,LRL,2025-11-09,2,USA,CLM, ,6.0, ,6F,D,2,1,1,0,0,1,1,0,0,0,0,0,0,200,200,0,0,450,500,128,6,31350,23006633_LRL_2025-11-09_2
X,22006627,Seaside Road,LRL,2025-10-03,7,USA,CLM, ,7.0, ,7F,D,1,1,1,0,0,2,3,0,0,0,0,10,375,50,100,0,0,300,775,34,6,41800,22006627_LRL_2025-10-03_7
X,22006627,Seaside Road,LRL,2025-10-24,2,USA,CLM, ,6.0, ,6F,D,3,3,1,0,0,1,2,250,0,0,0,0,10,50,100,0,0,200,325,22,7,45300,22006627_LRL_2025-10-24_2
X,22006627,Seaside Road,LRL,2025-11-14,5,USA,ALW, ,5.5, ,5 1/2F,T,6,8,7,0,0,6,6,1080,660,0,0,510,310,200,150,0,0,300,225,171,9,49500,22006627_LRL_2025-11-14_5
X,23002688,Secret Oaks,LRL,2025-12-14,3,USA,MCL, ,6.0, ,6F,D,2,8,6,0,0,6,3,710,660,0,0,600,525,0,10,0,0,350,100,39,8,25700,23002688_LRL_2025-12-14_3
 ,23002688,Secret Oaks,PRX,2026-01-05,1,USA,MCL, ,8.32, ,1M 70Y,D,1,6,5,3,0,3,1,500,360,800,0,650,0,10,200,50,0,300,10,49,9,19000,23002688_PRX_2026-01-05_1
 ,21004312,Secret Zipper,TIM,2025-08-24,7,USA,AOC, ,8.0, ,1M,D,4,3,2,4,0,4,5,160,200,600,0,410,535,10,50,50,0,50,5,59,7,51800,21004312_TIM_2025-08-24_7
X,21004312,Secret Zipper,LRL,2025-09-14,8,USA,AOC, ,8.5, ,1 1/16M,D,3,1,1,1,0,1,3,0,0,0,0,0,750,350,500,500,0,150,10,57,6,58520,21004312_LRL_2025-09-14_8
X,21004312,Secret Zipper,LRL,2025-11-22,8,USA,STK, ,9.0, ,1 1/8M,D,6,2,2,2,0,4,5,200,250,250,0,700,1475,250,300,50,0,250,4500,62,6,100000,21004312_LRL_2025-11-22_8
X,17020018,Self Taught,LRL,2025-10-12,8,USA,SOC, ,7.0, ,7F,D,4,6,6,0,0,6,6,1010,660,0,0,1010,1475,10,200,0,0,200,950,52,7,29500,17020018_LRL_2025-10-12_8
X,17020018,Self Taught,LRL,2025-11-01,7,USA,SOC, ,8.0, ,1M,D,10,8,6,3,0,4,6,510,810,450,0,500,550,150,100,10,0,10,200,94,10,26020,17020018_LRL_2025-11-01_7
X,17020018,Self Taught,LRL,2025-11-29,5,USA,SOC, ,8.5, ,1 1/16M,D,9,5,5,2,0,2,5,410,470,150,0,250,525,50,350,10,0,100,25,393,9,31370,17020018_LRL_2025-11-29_5
X,17020018,Self Taught,LRL,2025-12-12,6,USA,SOC, ,7.0, ,7F,D,4,8,7,0,0,4,3,920,910,0,0,650,300,0,50,0,0,150,50,70,8,25020,17020018_LRL_2025-12-12_6
X,20010035,Seven's Eleven,LRL,2025-04-12,8,USA,STK, ,7.0, ,7F,D,6,2,2,0,0,2,3,50,10,0,0,100,425,300,250,0,0,150,200,171,6,100000,20010035_LRL_2025-04-12_8
X,20010035,Seven's Eleven,LRL,2025-11-14,6,USA,AOC, ,8.0, ,1M,D,2,6,7,6,0,7,7,510,670,530,0,1310,1275,50,10,200,0,100,5,95,8,57000,20010035_LRL_2025-11-14_6
X,20010035,Seven's Eleven,LRL,2025-11-27,7,USA,AOC, ,6.0, ,6F,D,6,8,8,0,0,7,7,870,920,0,0,1060,1975,0,0,0,0,150,425,92,8,55590,20010035_LRL_2025-11-27_7
X,20010035,Seven's Eleven,LRL,2025-12-20,4,USA,SOC, ,6.0, ,6F,D,1,5,6,0,0,4,5,760,560,0,0,600,900,100,150,0,0,50,625,93,8,32610,20010035_LRL_2025-12-20_4
X,20010035,Seven's Eleven,LRL,2026-01-10,6,USA,CLM, ,6.0, ,6F,D,7,2,3,0,0,3,4,100,110,0,0,300,585,10,50,0,0,50,125,17,11,21180,20010035_LRL_2026-01-10_6
X,21018249,Shadow Surge,BAQ,2025-11-01,1,USA,CLM, ,6.0, ,6F,D,1,1,1,0,0,2,2,0,0,0,0,10,50,50,100,0,0,50,175,13,7,41000,21018249_BAQ_2025-11-01_1
X,21018249,Shadow Surge,AQU,2025-11-23,7,USA,CLM, ,7.0, ,7F,D,5,6,8,0,0,7,7,280,710,0,0,1010,1250,50,0,0,0,1000,0,13,8,55000,21018249_AQU_2025-11-23_7
X,21018249,Shadow Surge,AQU,2025-12-04,3,USA,CLM, ,6.0, ,6F,D,4,1,1,0,0,1,1,0,0,0,0,0,0,100,300,0,0,500,250,19,7,41000,21018249_AQU_2025-12-04_3
X,22006185,She's a Bombshell,MTH,2025-08-24,3,USA,AOC, ,6.0, ,6F,D,8,1,1,0,0,1,1,0,0,0,0,0,0,50,250,0,0,350,550,66,8,68750,22006185_MTH_2025-08-24_3
X,22006185,She's a Bombshell,MTH,2025-09-13,8,USA,STK, ,5.0, ,5F,T,1,4,4,0,0,5,8,210,210,0,0,500,935,50,150,0,0,10,50,312,11,93500,22006185_MTH_2025-09-13_8
X,22006185,She's a Bombshell,BAQ,2025-09-25,3,USA,SOC, ,6.0, ,6F,D,6,4,5,0,0,7,8,300,560,0,0,1260,1755,100,100,0,0,700,0,208,8,65000,22006185_BAQ_2025-09-25_3
X,22006185,She's a Bombshell,LRL,2025-12-12,3,USA,SOC, ,6.0, ,6F,D,3,4,5,0,0,5,5,110,360,0,0,850,1400,450,250,0,0,150,75,189,6,30450,22006185_LRL_2025-12-12_3
X,23016487,She's a Good Girl,LRL,2025-10-31,5,USA,MSW, ,6.0, ,6F,D,7,5,5,0,0,5,4,650,710,0,0,700,1050,100,100,0,0,150,50,330,9,50615,23016487_LRL_2025-10-31_5
X,23016487,She's a Good Girl,LRL,2025-11-22,3,USA,MCL, ,6.0, ,6F,D,7,4,2,0,0,2,3,310,400,0,0,400,525,100,100,0,0,150,5,81,9,32400,23016487_LRL_2025-11-22_3
X,22018034,She's No Uncle,LRL,2025-10-18,5,USA,SOC, ,5.5, ,5 1/2F,T,9,1,1,0,0,2,2,0,0,0,0,10,100,200,150,0,0,300,175,30,9,28760,22018034_LRL_2025-10-18_5
X,22018034,She's No Uncle,LRL,2025-11-07,3,USA,SOC, ,5.5, ,5 1/2F,T,1,1,1,0,0,1,1,0,0,0,0,0,0,200,150,0,0,50,75,15,11,29760,22018034_LRL_2025-11-07_3
X,22018034,She's No Uncle,LRL,2025-11-29,4,USA,ALW, ,5.5, ,5 1/2F,D,8,1,4,0,0,8,8,0,410,0,0,1260,1125,10,200,0,0,150,150,224,9,49500,22018034_LRL_2025-11-29_4
X,22002945,She's Not a Lad,LRL,2025-11-21,9,USA,MCL, ,6.0, ,6F,D,2,5,5,0,0,4,4,410,320,0,0,350,450,250,300,0,0,300,225,99,6,34050,22002945_LRL_2025-11-21_9
X,22002945,She's Not a Lad,LRL,2025-12-06,9,USA,MCL, ,7.0, ,7F,D,5,1,2,0,0,1,3,0,10,0,0,0,150,50,400,0,0,10,25,59,7,31850,22002945_LRL_2025-12-06_9
X,21004097,Sheilahs Warcloud,LRL,2025-10-11,7,USA,STK, ,7.0, ,7F,D,7,8,6,0,0,4,4,660,460,0,0,400,575,10,400,0,0,50,100,59,12,102030,21004097_LRL_2025-10-11_7
X,21004097,Sheilahs Warcloud,LRL,2025-11-09,9,USA,STK, ,8.5, ,1 1/16M,D,3,3,3,3,0,3,5,250,210,300,0,360,500,150,50,150,0,150,75,19,7,100000,21004097_LRL_2025-11-09_9
X,21004097,Sheilahs Warcloud,LRL,2025-11-28,4,USA,AOC, ,8.5, ,1 1/16M,D,2,5,4,4,0,5,3,420,270,360,0,270,400,200,10,250,0,500,175,45,6,60155,21004097_LRL_2025-11-28_4
X,23011140,Shenadoah Sunrise,LRL,2025-10-24,4,USA,MCL, ,5.5, ,5 1/2F,D,5,5,4,0,0,4,1,320,320,0,0,310,0,500,200,0,0,600,25,357,8,25740,23011140_LRL_2025-10-24_4
X,23011140,Shenadoah Sunrise,LRL,2025-11-14,3,USA,AOC, ,6.0, ,6F,D,3,4,4,0,0,4,4,350,860,0,0,1250,2025,0,0,0,0,0,0,161,4,49000,23011140_LRL_2025-11-14_3
X,23011140,Shenadoah Sunrise,LRL,2025-12-13,9,USA,CLM, ,6.0, ,6F,D,2,6,6,0,0,6,4,850,560,0,0,800,1060,100,400,0,0,300,100,94,7,34550,23011140_LRL_2025-12-13_9
 ,20007029,Sheriff Ronnie,DEL,2025-10-08,5,USA,SOC, ,6.0, ,6F,D,6,5,5,0,0,6,3,400,320,0,0,220,150,10,10,0,0,100,100,42,7,32000,20007029_DEL_2025-10-08_5
X,20007029,Sheriff Ronnie,LRL,2025-10-24,7,USA,SOC, ,6.0, ,6F,D,5,6,4,0,0,4,4,220,560,0,0,650,775,50,200,0,0,50,200,14,9,41830,20007029_LRL_2025-10-24_7
X,20007029,Sheriff Ronnie,LRL,2025-11-27,7,USA,AOC, ,6.0, ,6F,D,2,2,2,0,0,3,3,250,300,0,0,360,975,10,100,0,0,250,400,110,8,55590,20007029_LRL_2025-11-27_7
X,20007029,Sheriff Ronnie,LRL,2025-12-13,7,USA,AOC, ,6.0, ,6F,D,2,2,3,0,0,4,4,100,200,0,0,500,775,100,100,0,0,300,75,84,6,53795,20007029_LRL_2025-12-13_7
X,20007029,Sheriff Ronnie,LRL,2026-01-09,4,USA,SOC, ,5.5, ,5 1/2F,D,5,5,5,0,0,5,5,300,400,0,0,650,825,550,400,0,0,10,75,31,6,40885,20007029_LRL_2026-01-09_4
 ,19018657,Shigeko,DEL,2025-10-18,10,USA,SOC, ,8.32, ,1M 70Y,D,2,4,4,4,0,3,3,460,410,300,0,500,450,100,10,200,0,200,350,32,9,20000,19018657_DEL_2025-10-18_10
 ,19018657,Shigeko,PEN,2025-11-20,3,USA,CLM, ,6.0, ,6F,D,2,4,4,0,0,2,1,310,250,0,0,10,0,200,500,0,0,50,125,24,5,18000,19018657_PEN_2025-11-20_3
 ,19018657,Shigeko,PEN,2025-11-28,3,USA,CLM, ,8.0, ,1M,D,4,6,3,4,0,4,7,410,250,210,0,400,895,10,10,10,0,150,50,43,8,22000,19018657_PEN_2025-11-28_3
X,21003877,Shine On Moon,LRL,2025-09-28,9,USA,ALW, ,8.5, ,1 1/16M,T,4,3,4,3,0,2,2,210,360,260,0,10,25,10,150,10,0,50,50,85,7,50970,21003877_LRL_2025-09-28_9
X,21003877,Shine On Moon,LRL,2025-10-24,5,USA,ALW, ,8.5, ,1 1/16M,T,2,5,4,6,0,5,4,260,310,810,0,800,600,200,10,250,0,100,25,75,8,50000,21003877_LRL_2025-10-24_5
X,21003877,Shine On Moon,LRL,2025-11-15,7,USA,ALW, ,9.0, ,1 1/8M,T,2,1,1,2,0,2,4,0,0,10,0,150,675,50,10,200,0,50,25,371,10,53205,21003877_LRL_2025-11-15_7
X,18019913,Shipman,CD ,2025-11-06,4,USA,CLM, ,6.5, ,6 1/2F,D,4,2,2,0,0,3,4,100,100,0,0,300,385,10,50,0,0,10,10,12,10,45000,18019913_CD_2025-11-06_4
X,18019913,Shipman,CD ,2025-11-23,5,USA,CLM, ,6.0, ,6F,D,7,6,6,0,0,4,2,610,710,0,0,410,25,10,350,0,0,100,25,42,11,45000,18019913_CD_2025-11-23_5
X,18019913,Shipman,TP ,2025-12-10,4,USA,CLM, ,6.5, ,6 1/2F,D,2,5,3,0,0,7,6,80,110,0,0,330,505,10,10,0,0,150,225,37,10,30800,18019913_TP_2025-12-10_4
X,22010973,Shkhara Fire,LRL,2025-10-11,7,USA,STK, ,7.0, ,7F,D,11,9,7,0,0,11,10,670,860,0,0,1300,2225,150,200,0,0,300,275,736,12,102030,22010973_LRL_2025-10-11_7
X,22010973,Shkhara Fire,LRL,2025-10-25,11,USA,AOC, ,7.0, ,7F,D,2,1,1,0,0,3,4,0,0,0,0,200,450,200,150,0,0,400,475,242,8,55590,22010973_LRL_2025-10-25_11
X,22010973,Shkhara Fire,LRL,2025-12-07,6,USA,AOC, ,5.5, ,5 1/2F,D,2,7,7,0,0,5,3,670,620,0,0,560,450,600,500,0,0,300,50,107,8,59565,22010973_LRL_2025-12-07_6
X,22008736,Shot for the Moon,LRL,2025-12-21,5,USA,MCL, ,6.0, ,6F,D,5,5,6,0,0,6,7,610,810,0,0,960,1050,400,400,0,0,150,0,59,7,30500,22008736_LRL_2025-12-21_5
X,22008736,Shot for the Moon,LRL,2026-01-09,3,USA,MCL, ,5.5, ,5 1/2F,D,6,5,4,0,0,2,1,1400,1200,0,0,250,0,100,10,0,0,10,250,47,10,24390,22008736_LRL_2026-01-09_3
 ,23016910,Shoulda Known,PEN,2025-11-12,3,USA,MCL, ,5.5, ,5 1/2F,D,8,8,8,0,0,6,5,1160,1110,0,0,670,250,150,200,0,0,100,250,811,10,21000,23016910_PEN_2025-11-12_3
X,23016910,Shoulda Known,LRL,2025-12-07,8,USA,MCL, ,8.5, ,1 1/16M,D,3,5,6,6,0,7,7,260,610,1460,0,1910,5625,300,200,150,0,0,0,118,7,42115,23016910_LRL_2025-12-07_8
X,22003918,Showpiece,LRL,2025-10-04,10,USA,MCL, ,5.5, ,5 1/2F,D,3,7,7,0,0,7,5,1100,1370,0,0,960,800,100,100,0,0,50,10,168,8,32350,22003918_LRL_2025-10-04_10
X,22003918,Showpiece,LRL,2025-10-25,3,USA,MCL, ,7.0, ,7F,D,4,4,4,0,0,4,4,350,500,0,0,450,500,50,100,0,0,150,125,23,5,32100,22003918_LRL_2025-10-25_3
X,22003918,Showpiece,LRL,2025-11-27,6,USA,MCL, ,8.5, ,1 1/16M,T,10,3,3,4,0,11,11,200,160,360,0,1470,2860,250,300,50,0,0,0,151,11,26520,22003918_LRL_2025-11-27_6
 ,21012546,Showstopper Copper,DEL,2025-09-28,6,USA,STK, ,6.0, ,6F,D,4,2,2,0,0,3,3,100,50,0,0,110,200,10,50,0,0,100,50,37,6,100000,21012546_DEL_2025-09-28_6
 ,21012546,Showstopper Copper,DEL,2025-10-08,7,USA,AOC, ,6.0, ,6F,D,2,3,2,0,0,1,3,150,10,0,0,0,50,100,10,0,0,200,375,31,6,48000,21012546_DEL_2025-10-08_7
X,21012546,Showstopper Copper,LRL,2025-11-22,7,USA,STK, ,6.0, ,6F,D,4,2,1,0,0,4,6,10,0,0,0,350,905,50,10,0,0,10,0,44,6,100000,21012546_LRL_2025-11-22_7
 ,23004968,Sin Sin,DEL,2025-10-02,4,USA,MCL, ,5.5, ,5 1/2F,D,7,5,4,0,0,3,4,250,110,0,0,250,385,50,100,0,0,100,225,15,7,20000,23004968_DEL_2025-10-02_4
 ,23004968,Sin Sin,DEL,2025-10-16,1,USA,MCL, ,8.0, ,1M,D,1,1,1,3,0,6,7,0,0,60,0,510,1585,50,50,200,0,50,0,119,7,20000,23004968_DEL_2025-10-16_1
X,23004968,Sin Sin,LRL,2025-11-14,10,USA,MCL, ,6.0, ,6F,D,2,6,7,0,0,6,4,610,1400,0,0,1750,1750,200,300,0,0,250,225,44,9,28400,23004968_LRL_2025-11-14_10
X,23004968,Sin Sin,LRL,2025-12-21,3,USA,MCL, ,6.0, ,6F,D,5,3,4,0,0,4,4,350,310,0,0,500,875,150,200,0,0,350,400,49,9,28400,23004968_LRL_2025-12-21_3
X,23004968,Sin Sin,LRL,2026-01-09,6,USA,MCL, ,6.0, ,6F,D,3,4,5,0,0,6,4,420,320,0,0,330,255,50,200,0,0,150,25,60,11,24890,23004968_LRL_2026-01-09_6
 ,21019882,Sincerito,DEL,2025-08-30,5,USA,CLM, ,8.0, ,1M,D,3,6,6,6,0,2,1,460,450,510,0,150,0,10,50,200,0,100,25,17,9,15000,21019882_DEL_2025-08-30_5
 ,21019882,Sincerito,PEN,2025-11-20,9,USA,CLM, ,6.0, ,6F,D,5,6,5,0,0,4,2,350,360,0,0,170,200,10,10,0,0,100,200,28,7,12000,21019882_PEN_2025-11-20_9
 ,21019882,Sincerito,PRX,2025-12-08,2,USA,CLM, ,6.0, ,6F,D,4,7,5,0,0,4,3,420,460,0,0,500,105,300,150,0,0,500,800,153,8,21000,21019882_PRX_2025-12-08_2
X,21019882,Sincerito,LRL,2025-12-28,1,USA,CLM, ,6.0, ,6F,D,1,8,8,0,0,5,2,1060,730,0,0,560,925,0,0,0,0,200,75,240,8,24050,21019882_LRL_2025-12-28_1
 ,21017739,Sippin' Time,DEL,2025-07-05,4,USA,SOC, ,6.0, ,6F,D,6,5,7,0,0,7,7,300,560,0,0,700,735,50,0,0,0,0,0,832,7,25000,21017739_DEL_2025-07-05_4
X,21017739,Sippin' Time,LRL,2025-10-25,7,USA,CLM, ,6.0, ,6F,D,5,7,8,0,0,8,6,670,720,0,0,1060,1500,50,0,0,0,0,50,201,8,25700,21017739_LRL_2025-10-25_7
X,21017739,Sippin' Time,LRL,2025-11-07,2,USA,SOC, ,6.0, ,6F,D,6,3,6,0,0,6,5,360,700,0,0,1250,1475,100,0,0,0,0,250,1325,7,30370,21017739_LRL_2025-11-07_2
X,21007744,Skip Thru Da Fire,LRL,2025-10-31,10,USA,CLM, ,8.5, ,1 1/16M,D,5,4,4,4,0,3,3,160,600,760,0,800,1150,250,150,150,0,50,25,36,7,19450,21007744_LRL_2025-10-31_10
X,21007744,Skip Thru Da Fire,LRL,2025-11-27,5,USA,CLM, ,8.0, ,1M,D,5,4,6,7,0,6,5,160,360,620,0,1060,1605,250,300,250,0,100,25,59,9,21530,21007744_LRL_2025-11-27_5
X,21007744,Skip Thru Da Fire,LRL,2025-12-05,8,USA,CLM, ,6.0, ,6F,D,4,6,7,0,0,5,3,1250,1550,0,0,1200,800,150,0,0,0,100,25,203,7,19450,21007744_LRL_2025-12-05_8
X,21007744,Skip Thru Da Fire,LRL,2025-12-26,9,USA,CLM, ,6.0, ,6F,D,3,3,3,0,0,2,1,450,310,0,0,10,0,100,50,0,0,100,25,75,7,20260,21007744_LRL_2025-12-26_9
X,22007555,Slam Notion,CNL,2025-07-30,8,USA,ALW, ,5.5, ,5 1/2F,T,4,8,7,0,0,7,7,610,470,0,0,370,430,0,150,0,0,500,475,48,8,74000,22007555_CNL_2025-07-30_8
X,22007555,Slam Notion,CNL,2025-09-10,7,USA,AOC, ,7.0, ,7F,D,3,3,4,0,0,2,1,200,200,0,0,50,0,10,50,0,0,50,225,49,7,80000,22007555_CNL_2025-09-10_7
X,22007555,Slam Notion,LRL,2025-10-11,12,USA,STK, ,6.0, ,6F,D,5,5,3,0,0,1,1,270,60,0,0,0,0,200,300,0,0,50,125,26,8,100000,22007555_LRL_2025-10-11_12
X,23005638,Slewperstitus,CNL,2025-08-23,3,USA,STK, ,5.5, ,5 1/2F,T,3,4,5,0,0,4,2,250,260,0,0,460,450,50,0,0,0,150,50,29,5,125000,23005638_CNL_2025-08-23_3
X,23005638,Slewperstitus,LRL,2025-10-11,5,USA,STK, ,6.0, ,6F,D,7,7,4,0,0,2,1,320,170,0,0,50,0,200,100,0,0,150,25,8,9,101000,23005638_LRL_2025-10-11_5
X,23005638,Slewperstitus,LRL,2025-12-06,8,USA,STK, ,7.0, ,7F,D,4,3,3,0,0,2,2,250,150,0,0,150,175,50,400,0,0,250,600,16,5,125000,23005638_LRL_2025-12-06_8
X,19007218,Smokin' Hot Kitty,AQU,2024-12-01,8,USA,AOC, ,8.0, ,1M,D,1,4,4,6,0,6,6,310,560,960,0,1060,1700,100,100,0,0,0,0,63,6,95000,19007218_AQU_2024-12-01_8
X,19007218,Smokin' Hot Kitty,AQU,2025-03-29,2,USA,STR, ,8.0, ,1M,D,5,6,5,3,0,1,2,320,210,20,0,0,225,100,10,150,0,50,300,57,8,85000,19007218_AQU_2025-03-29_2
X,19007218,Smokin' Hot Kitty,BAQ,2025-05-26,7,USA,SOC, ,8.0, ,1M,D,3,1,2,3,0,4,6,0,50,160,0,600,975,10,50,250,0,10,400,23,8,60000,19007218_BAQ_2025-05-26_7
 ,22015103,Snookie Bear,DEL,2025-09-27,9,USA,STK, ,9.0, ,1 1/8M,T,5,5,5,6,0,7,6,320,170,310,0,870,1505,50,10,10,0,200,525,79,9,150000,22015103_DEL_2025-09-27_9
X,22015103,Snookie Bear,BAQ,2025-11-01,10,USA,ALW, ,8.0, ,1M,T,4,9,9,10,0,10,8,1120,1060,910,0,1120,760,50,10,0,0,0,225,153,10,88000,22015103_BAQ_2025-11-01_10
 ,22015103,Snookie Bear,PRX,2025-11-25,5,USA,AOC, ,8.0, ,1M,D,6,4,4,3,0,5,5,170,210,110,0,550,525,10,10,50,0,600,525,12,6,42000,22015103_PRX_2025-11-25_5
X,21010064,Society Ball,LRL,2025-10-10,7,USA,SOC, ,7.0, ,7F,D,5,2,2,0,0,1,2,200,50,0,0,0,50,100,300,0,0,200,300,19,7,30370,21010064_LRL_2025-10-10_7
X,21010064,Society Ball,LRL,2025-11-07,2,USA,SOC, ,6.0, ,6F,D,5,6,5,0,0,4,4,770,650,0,0,800,825,0,50,0,0,300,650,48,7,30370,21010064_LRL_2025-11-07_2
X,21010064,Society Ball,LRL,2025-11-29,4,USA,ALW, ,5.5, ,5 1/2F,D,4,8,8,0,0,5,5,590,770,0,0,1100,800,200,250,0,0,10,200,61,9,49500,21010064_LRL_2025-11-29_4
X,19022004,Song Runner,LRL,2025-10-12,4,USA,CLM, ,5.5, ,5 1/2F,D,2,2,3,0,0,3,4,100,300,0,0,450,975,100,450,0,0,350,300,49,7,18640,19022004_LRL_2025-10-12_4
X,19022004,Song Runner,LRL,2025-11-07,4,USA,CLM, ,6.0, ,6F,D,7,1,1,0,0,2,3,0,0,0,0,200,1200,150,50,0,0,300,25,64,8,20760,19022004_LRL_2025-11-07_4
 ,19022004,Song Runner,CT ,2025-11-15,8,USA,CLM, ,4.5, ,4 1/2F,D,6,2,0,0,0,1,1,10,0,0,0,0,0,100,0,0,0,50,10,44,10,14600,19022004_CT_2025-11-15_8
 ,22013867,Soo Handsome,PEN,2025-10-30,8,USA,MCL, ,8.0, ,1M,D,4,4,5,3,0,2,2,450,560,250,0,150,250,100,400,10,0,100,550,101,8,15000,22013867_PEN_2025-10-30_8
 ,22013867,Soo Handsome,PEN,2025-11-19,2,USA,MCL, ,8.32, ,1M 70Y,D,8,3,2,2,0,2,2,150,300,150,0,200,750,50,50,300,0,400,125,31,8,15000,22013867_PEN_2025-11-19_2
 ,22013867,Soo Handsome,PEN,2025-12-05,9,USA,MCL, ,8.5, ,1 1/16M,D,6,3,3,4,0,3,3,250,150,300,0,260,625,10,50,50,0,200,350,66,8,15000,22013867_PEN_2025-12-05_9
X,19018229,South Pacific,LRL,2025-09-12,9,USA,CLM, ,6.0, ,6F,D,4,2,1,0,0,1,1,50,0,0,0,0,0,200,300,0,0,350,350,22,5,22000,19018229_LRL_2025-09-12_9
X,19018229,South Pacific,LRL,2025-10-05,7,USA,CLM, ,6.0, ,6F,D,4,5,7,0,0,7,8,600,420,0,0,760,1100,100,500,0,0,50,0,93,8,25700,19018229_LRL_2025-10-05_7
X,19018229,South Pacific,LRL,2025-11-16,5,USA,CLM, ,6.0, ,6F,D,4,7,7,0,0,6,6,520,860,0,0,1000,1155,10,200,0,0,200,175,440,9,24550,19018229_LRL_2025-11-16_5
X,F0046453,Southern Horse (ARG),LRL,2025-11-09,6,USA,SOC, ,8.0, ,1M,T,9,10,9,8,0,5,5,920,950,670,0,230,575,50,10,50,0,150,125,634,12,32000,F0046453_LRL_2025-11-09_6
X,F0046453,Southern Horse (ARG),LRL,2025-11-16,10,USA,CLM, ,8.0, ,1M,D,6,6,6,5,0,6,6,1100,600,610,0,1160,1650,100,700,50,0,200,200,66,8,21030,F0046453_LRL_2025-11-16_10
 ,F0046453,Southern Horse (ARG),CT ,2025-12-03,8,USA,SOC, ,6.5, ,6 1/2F,D,2,7,7,0,0,7,7,1200,1300,0,0,1060,2150,0,0,0,0,0,0,165,7,22700,F0046453_CT_2025-12-03_8
X,22003166,Speedy Alex,LRL,2025-10-04,2,USA,CLM, ,8.0, ,1M,D,2,4,4,2,0,2,3,350,310,200,0,150,185,100,200,250,0,100,475,290,7,24540,22003166_LRL_2025-10-04_2
X,22003166,Speedy Alex,LRL,2025-11-14,1,USA,CLM, ,6.0, ,6F,D,8,7,9,0,0,9,8,180,910,0,0,950,745,150,0,0,0,0,325,110,9,23890,22003166_LRL_2025-11-14_1
X,22003166,Speedy Alex,LRL,2025-12-06,5,USA,CLM, ,8.0, ,1M,D,6,8,7,6,0,6,5,810,650,510,0,810,975,500,400,400,0,400,25,136,9,23890,22003166_LRL_2025-12-06_5
X,22003166,Speedy Alex,LRL,2025-12-13,1,USA,SOC, ,7.0, ,7F,D,4,5,4,0,0,5,5,830,560,0,0,560,1275,250,50,0,0,400,675,487,6,33150,22003166_LRL_2025-12-13_1
X,20016233,Spencerian,LRL,2025-04-19,6,USA,AOC, ,6.0, ,6F,D,1,3,5,0,0,5,5,110,460,0,0,950,1230,150,150,0,0,100,10,23,8,55985,20016233_LRL_2025-04-19_6
X,20016233,Spencerian,LRL,2025-10-11,7,USA,STK, ,7.0, ,7F,D,4,11,11,0,0,7,5,970,1270,0,0,750,675,500,250,0,0,50,175,154,12,102030,20016233_LRL_2025-10-11_7
X,20016233,Spencerian,LRL,2025-11-28,4,USA,AOC, ,8.5, ,1 1/16M,D,6,1,2,3,0,3,5,0,10,60,0,60,975,100,10,300,0,10,125,30,6,60155,20016233_LRL_2025-11-28_4
X,23001383,Spidey Man,CNL,2025-09-13,2,USA,MOC, ,5.5, ,5 1/2F,T,8,3,2,0,0,1,1,60,50,0,0,0,0,100,50,0,0,150,10,73,9,55000,23001383_CNL_2025-09-13_2
X,23001383,Spidey Man,LRL,2025-12-12,4,USA,AOC, ,6.0, ,6F,D,2,2,1,0,0,1,1,50,0,0,0,0,0,200,10,0,0,250,50,9,5,53165,23001383_LRL_2025-12-12_4
X,21019445,Spirit and Truth,LRL,2025-06-08,4,USA,MCL, ,6.0, ,6F,D,7,3,4,0,0,4,5,400,850,0,0,900,925,10,250,0,0,50,575,26,7,27240,21019445_LRL_2025-06-08_4
X,21019445,Spirit and Truth,LRL,2025-09-28,4,USA,MCL, ,6.0, ,6F,D,8,2,3,0,0,4,5,100,260,0,0,650,950,250,10,0,0,350,200,121,8,23060,21019445_LRL_2025-09-28_4
 ,21019445,Spirit and Truth,CT ,2025-10-09,3,USA,MCL, ,4.5, ,4 1/2F,D,6,6,0,0,0,5,5,610,0,0,0,610,575,50,0,0,0,50,450,45,7,19100,21019445_CT_2025-10-09_3
 ,22009964,Spotafreeone,CT ,2025-07-19,7,USA,STK, ,7.0, ,7F,D,4,5,5,0,0,3,1,210,350,0,0,110,0,300,700,0,0,100,25,39,7,75000,22009964_CT_2025-07-19_7
 ,22009964,Spotafreeone,CT ,2025-10-11,6,USA,STK, ,7.0, ,7F,D,3,4,4,0,0,1,1,420,260,0,0,0,0,50,50,0,0,100,25,19,10,75000,22009964_CT_2025-10-11_6
X,22009964,Spotafreeone,LRL,2025-11-29,8,USA,STK, ,7.0, ,7F,D,2,9,9,0,0,9,7,1700,1720,0,0,1010,525,0,0,0,0,0,200,57,9,100000,22009964_LRL_2025-11-29_8
X,18001954,Spotted Bull,CD ,2025-11-15,4,USA,STR, ,6.0, ,6F,D,3,8,8,0,0,7,6,650,870,0,0,950,1085,0,0,0,0,10,275,860,8,100000,18001954_CD_2025-11-15_4
 ,18001954,Spotted Bull,PEN,2025-12-11,6,USA,SOC, ,6.0, ,6F,D,2,7,5,0,0,3,3,460,120,0,0,150,150,100,50,0,0,10,75,276,8,23000,18001954_PEN_2025-12-11_6
 ,18001954,Spotted Bull,PRX,2025-12-31,10,USA,SOC, ,6.5, ,6 1/2F,D,12,13,12,0,0,11,11,850,980,0,0,1620,2705,0,100,0,0,50,100,650,13,50000,18001954_PRX_2025-12-31_10
X,22013858,Spring Decision,LRL,2025-10-18,4,USA,MSW, ,6.0, ,6F,D,2,2,2,0,0,1,1,10,100,0,0,0,0,10,400,0,0,100,350,10,6,48410,22013858_LRL_2025-10-18_4
X,22013858,Spring Decision,LRL,2025-11-07,9,USA,ALW, ,6.0, ,6F,D,9,4,3,0,0,3,3,120,160,0,0,60,200,150,100,0,0,100,75,61,9,54910,22013858_LRL_2025-11-07_9
X,22013858,Spring Decision,LRL,2025-11-28,7,USA,ALW, ,6.0, ,6F,D,3,6,4,0,0,3,4,750,310,0,0,300,180,50,150,0,0,10,125,86,9,54910,22013858_LRL_2025-11-28_7
X,23015826,Spring Training,LRL,2025-11-09,5,USA,MCL, ,6.0, ,6F,D,3,7,6,0,0,4,2,860,960,0,0,660,775,0,10,0,0,200,5,109,7,27760,23015826_LRL_2025-11-09_5
X,23015826,Spring Training,LRL,2025-11-29,6,USA,MCL, ,5.5, ,5 1/2F,D,2,9,10,0,0,7,2,1360,1390,0,0,1160,1200,50,10,0,0,10,50,71,12,30260,23015826_LRL_2025-11-29_6
X,23017313,Springhawk,KEE,2025-10-15,5,USA,MCL, ,6.0, ,6F,D,11,2,1,0,0,1,1,50,0,0,0,0,0,200,100,0,0,400,475,77,12,53000,23017313_KEE_2025-10-15_5
X,23017313,Springhawk,LRL,2025-11-08,9,USA,STK, ,6.0, ,6F,D,10,4,4,0,0,5,10,210,300,0,0,610,1885,50,100,0,0,100,0,240,10,100000,23017313_LRL_2025-11-08_9
 ,23017313,Springhawk,MVR,2025-12-10,4,USA,ALW, ,6.0, ,6F,D,1,3,3,0,0,2,2,450,750,0,0,500,475,900,1000,0,0,350,425,4,4,25900,23017313_MVR_2025-12-10_4
 ,21009715,Square Slice,DEL,2025-08-06,8,USA,CLM, ,6.0, ,6F,D,6,6,5,0,0,5,3,510,370,0,0,510,525,0,400,0,0,500,75,88,6,34000,21009715_DEL_2025-08-06_8
 ,21009715,Square Slice,TIM,2025-08-31,7,USA,ALW, ,6.5,A,6 1/2F,D,5,6,5,0,0,5,5,900,550,0,0,760,550,0,10,0,0,600,2450,35,6,44000,21009715_TIM_2025-08-31_7
X,21009715,Square Slice,LRL,2025-10-18,9,USA,ALW, ,6.0, ,6F,D,8,7,7,0,0,5,5,960,910,0,0,850,800,150,150,0,0,100,275,124,8,49000,21009715_LRL_2025-10-18_9
X,21009715,Square Slice,LRL,2026-01-16,1,USA,SOC, ,6.0, ,6F,D,3,4,3,0,0,3,3,500,350,0,0,650,1000,250,50,0,0,150,50,45,5,26000,21009715_LRL_2026-01-16_1
X,22019572,Stanza,LRL,2025-09-28,6,USA,MCL, ,5.5, ,5 1/2F,T,6,9,9,0,0,6,2,1030,930,0,0,460,75,200,400,0,0,250,50,43,10,44230,22019572_LRL_2025-09-28_6
X,22019572,Stanza,LRL,2025-10-24,6,USA,MCL, ,6.0, ,6F,T,2,9,10,0,0,7,4,750,1050,0,0,670,525,50,0,0,0,100,100,49,10,43615,22019572_LRL_2025-10-24_6
X,22019572,Stanza,LRL,2025-11-22,9,USA,MSW, ,6.0, ,6F,D,2,8,5,0,0,4,3,820,320,0,0,550,700,0,150,0,0,10,425,52,8,54345,22019572_LRL_2025-11-22_9
X,22017349,Star Atlas,LRL,2025-09-28,6,USA,MCL, ,5.5, ,5 1/2F,T,8,8,8,0,0,7,6,880,920,0,0,710,185,150,10,0,0,50,100,301,10,44230,22017349_LRL_2025-09-28_6
X,22017349,Star Atlas,LRL,2025-10-24,6,USA,MCL, ,6.0, ,6F,T,4,3,5,0,0,8,8,150,400,0,0,770,735,100,100,0,0,10,50,74,10,43615,22017349_LRL_2025-10-24_6
X,21008895,States United,LRL,2025-10-12,8,USA,SOC, ,7.0, ,7F,D,6,7,5,0,0,4,5,1020,560,0,0,850,1100,0,100,0,0,10,375,121,7,29500,21008895_LRL_2025-10-12_8
X,21008895,States United,LRL,2025-11-01,7,USA,SOC, ,8.0, ,1M,D,8,4,2,5,0,5,4,200,300,470,0,510,200,100,100,500,0,500,325,133,10,26020,21008895_LRL_2025-11-01_7
X,21008895,States United,LRL,2025-11-08,4,USA,CLM, ,8.5, ,1 1/16M,D,1,4,3,3,0,2,4,310,250,400,0,400,420,300,150,100,0,50,200,27,9,19640,21008895_LRL_2025-11-08_4
 ,23015047,Sticktothesystem,TIM,2025-08-29,5,USA,MCL, ,6.5,A,6 1/2F,D,1,3,4,0,0,5,6,300,400,0,0,1100,1450,150,50,0,0,50,0,50,6,30940,23015047_TIM_2025-08-29_5
X,23015047,Sticktothesystem,LRL,2025-11-08,2,USA,MCL, ,8.5, ,1 1/16M,D,4,1,1,1,0,1,1,0,0,0,0,0,0,300,400,300,0,700,1275,7,7,27760,23015047_LRL_2025-11-08_2
X,23015047,Sticktothesystem,LRL,2025-12-05,1,USA,CLM, ,7.0, ,7F,D,8,1,1,0,0,1,3,0,0,0,0,0,325,300,250,0,0,50,10,16,8,28260,23015047_LRL_2025-12-05_1
X,23015047,Sticktothesystem,LRL,2025-12-28,5,USA,CLM, ,6.0, ,6F,D,2,5,6,0,0,7,7,600,950,0,0,1210,2055,100,10,0,0,0,0,400,7,44700,23015047_LRL_2025-12-28_5
 ,21005169,Stormy Irish Lass,DEL,2025-08-20,1,USA,CLM, ,5.5, ,5 1/2F,D,4,8,5,0,0,2,1,430,400,0,0,100,0,600,10,0,0,10,375,62,9,16000,21005169_DEL_2025-08-20_1
 ,21005169,Stormy Irish Lass,CT ,2025-10-22,8,USA,CLM, ,6.5, ,6 1/2F,D,6,7,5,0,0,7,7,510,450,0,0,1010,1950,500,150,0,0,300,725,21,8,15800,21005169_CT_2025-10-22_8
X,21005169,Stormy Irish Lass,LRL,2025-12-05,8,USA,CLM, ,6.0, ,6F,D,2,4,4,0,0,4,5,800,1100,0,0,1050,850,150,150,0,0,150,475,245,7,19450,21005169_LRL_2025-12-05_8
X,22016308,Straight to Water,LRL,2025-09-21,1,USA,SOC, ,5.5, ,5 1/2F,T,6,6,7,0,0,7,7,420,430,0,0,1010,1150,100,0,0,0,0,0,251,7,31400,22016308_LRL_2025-09-21_1
X,22016308,Straight to Water,LRL,2025-10-31,2,USA,SOC, ,7.0, ,7F,D,1,3,3,0,0,1,1,210,360,0,0,0,0,50,250,0,0,200,675,28,6,26180,22016308_LRL_2025-10-31_2
X,22016308,Straight to Water,LRL,2025-11-23,5,USA,SOC, ,8.0, ,1M,D,7,4,3,3,0,2,2,300,150,360,0,300,600,150,50,200,0,50,100,32,9,26240,22016308_LRL_2025-11-23_5
X,22016308,Straight to Water,LRL,2025-12-13,1,USA,SOC, ,7.0, ,7F,D,1,4,3,0,0,1,1,820,510,0,0,0,0,10,50,0,0,10,225,43,6,33150,22016308_LRL_2025-12-13_1
 ,22011224,Strategist,MVR,2025-11-05,7,USA,ALW, ,8.32, ,1M 70Y,D,6,7,7,8,0,8,8,430,520,1030,0,1260,1685,450,400,0,0,0,0,41,8,25900,22011224_MVR_2025-11-05_7
 ,22011224,Strategist,CT ,2025-11-20,6,USA,CLM, ,7.0, ,7F,D,8,3,3,0,0,2,2,60,110,0,0,150,25,200,200,0,0,200,400,19,8,13600,22011224_CT_2025-11-20_6
X,22011224,Strategist,LRL,2025-12-06,5,USA,CLM, ,8.0, ,1M,D,4,1,1,2,0,4,6,0,0,10,0,610,1000,200,50,200,0,150,425,26,9,23890,22011224_LRL_2025-12-06_5
X,22011224,Strategist,LRL,2025-12-27,9,USA,CLM, ,8.5, ,1 1/16M,D,1,1,1,1,0,2,2,0,0,0,0,10,450,100,50,100,0,250,5,18,7,22560,22011224_LRL_2025-12-27_9
 ,21007178,Stress Reliever,DEL,2025-08-07,5,USA,SOC, ,8.0, ,1M,D,1,4,4,7,0,7,7,200,160,770,0,720,1680,50,10,0,0,0,0,38,7,26000,21007178_DEL_2025-08-07_5
 ,21007178,Stress Reliever,PRX,2025-10-08,2,USA,SOC, ,6.0, ,6F,D,3,5,5,0,0,4,3,130,370,0,0,620,650,0,0,0,0,700,200,29,5,28000,21007178_PRX_2025-10-08_2
X,21007178,Stress Reliever,BAQ,2025-10-23,4,USA,CLM, ,8.0, ,1M,D,7,3,2,2,0,4,3,110,150,100,0,110,225,100,10,100,0,150,175,141,10,33000,21007178_BAQ_2025-10-23_4
X,21007178,Stress Reliever,LRL,2025-12-12,3,USA,SOC, ,6.0, ,6F,D,1,1,1,0,0,3,2,0,0,0,0,300,825,10,10,0,0,300,100,44,6,30450,21007178_LRL_2025-12-12_3
 ,21008594,Striking Sparks,DEL,2025-09-14,8,USA,CLM, ,8.0, ,1M,D,5,2,2,3,0,4,5,10,50,60,0,320,555,10,50,200,0,300,150,14,7,32000,21008594_DEL_2025-09-14_8
 ,21008594,Striking Sparks,DEL,2025-10-04,1,USA,CLM, ,8.32, ,1M 70Y,D,1,2,1,2,0,1,4,10,0,10,0,0,325,200,10,100,0,100,125,47,9,21000,21008594_DEL_2025-10-04_1
 ,21008594,Striking Sparks,DEL,2025-10-18,4,USA,CLM, ,8.0, ,1M,D,6,3,3,2,0,2,3,250,110,10,0,100,225,50,100,100,0,150,200,27,10,21000,21008594_DEL_2025-10-18_4
X,21008594,Striking Sparks,LRL,2025-12-26,1,USA,CLM, ,6.0, ,6F,D,10,9,8,0,0,9,9,720,1060,0,0,870,810,100,150,0,0,10,75,155,11,23070,21008594_LRL_2025-12-26_1
X,23000429,Stroll Trippin,LRL,2025-05-03,2,USA,MSW, ,4.5, ,4 1/2F,D,6,5,0,0,0,4,4,500,0,0,0,1060,2175,700,0,0,0,50,800,73,6,51935,23000429_LRL_2025-05-03_2
X,23000429,Stroll Trippin,CNL,2025-07-12,3,USA,MOC, ,5.5, ,5 1/2F,D,5,8,8,0,0,6,5,1320,1320,0,0,910,455,0,0,0,0,150,100,178,8,55000,23000429_CNL_2025-07-12_3
X,23000429,Stroll Trippin,CNL,2025-08-06,5,USA,MSW, ,5.5, ,5 1/2F,T,3,10,10,0,0,10,10,1070,1420,0,0,1110,1010,0,0,0,0,0,0,354,10,70000,23000429_CNL_2025-08-06_5
X,23000429,Stroll Trippin,LRL,2025-12-14,6,USA,MCL, ,5.5, ,5 1/2F,D,2,6,6,0,0,3,3,570,530,0,0,550,775,450,250,0,0,250,475,259,7,33650,23000429_LRL_2025-12-14_6
X,23004717,Stylish Gem,LRL,2025-10-03,5,USA,MCL, ,6.0, ,6F,D,7,6,3,0,0,3,3,700,250,0,0,350,425,10,10,0,0,100,225,10,11,29400,23004717_LRL_2025-10-03_5
X,23004717,Stylish Gem,LRL,2025-11-02,7,USA,MCL, ,6.0, ,6F,D,5,4,2,0,0,2,2,210,50,0,0,300,725,200,200,0,0,150,200,46,8,33700,23004717_LRL_2025-11-02_7
X,23004717,Stylish Gem,LRL,2025-11-22,3,USA,MCL, ,6.0, ,6F,D,5,8,7,0,0,5,4,720,1210,0,0,710,530,400,200,0,0,100,200,54,9,32400,23004717_LRL_2025-11-22_3
X,23004717,Stylish Gem,LRL,2025-12-14,6,USA,MCL, ,5.5, ,5 1/2F,D,3,4,4,0,0,4,4,170,170,0,0,800,1250,50,10,0,0,300,700,71,7,33650,23004717_LRL_2025-12-14_6
 ,23000349,Sugar On Fire,DEL,2025-10-11,1,USA,MCL, ,6.0, ,6F,D,4,2,2,0,0,2,2,10,10,0,0,10,350,50,100,0,0,50,425,426,8,18000,23000349_DEL_2025-10-11_1
X,23000349,Sugar On Fire,LRL,2025-10-25,5,USA,MCL, ,5.5, ,5 1/2F,D,3,3,5,0,0,8,8,210,360,0,0,1070,950,50,10,0,0,500,10,179,11,29760,23000349_LRL_2025-10-25_5
X,23000349,Sugar On Fire,LRL,2025-11-30,5,USA,MCL, ,5.5, ,5 1/2F,D,1,4,5,0,0,4,2,300,650,0,0,800,425,10,400,0,0,300,125,110,7,27400,23000349_LRL_2025-11-30_5
X,23000349,Sugar On Fire,LRL,2025-12-21,3,USA,MCL, ,6.0, ,6F,D,7,2,3,0,0,2,2,300,60,0,0,200,500,50,250,0,0,150,200,39,9,28400,23000349_LRL_2025-12-21_3
X,23000349,Sugar On Fire,LRL,2026-01-09,6,USA,MCL, ,6.0, ,6F,D,1,1,1,0,0,3,3,0,0,0,0,20,250,10,10,0,0,200,5,40,11,24890,23000349_LRL_2026-01-09_6
X,19016903,Sultry Lass,ELP,2025-07-06,3,USA,AOC, ,6.5, ,6 1/2F,D,5,5,4,0,0,1,1,350,120,0,0,0,0,0,50,0,0,50,50,75,5,104000,19016903_ELP_2025-07-06_3
X,19016903,Sultry Lass,SAR,2025-07-23,2,USA,AOC, ,7.0, ,7F,D,3,3,3,0,0,4,4,300,300,0,0,850,1250,50,10,0,0,600,500,55,6,120000,19016903_SAR_2025-07-23_2
X,19016903,Sultry Lass,KEE,2025-10-05,3,USA,AOC, ,7.0,A,7F,D,1,6,7,0,0,3,3,400,660,0,0,510,250,50,350,0,0,100,25,27,8,130000,19016903_KEE_2025-10-05_3
X,22008047,Summer Vibes,LRL,2025-10-03,9,USA,SOC, ,6.0, ,6F,T,6,9,8,0,0,5,1,940,770,0,0,410,0,0,150,0,0,250,250,69,9,25520,22008047_LRL_2025-10-03_9
X,22008047,Summer Vibes,LRL,2025-11-01,8,USA,SOC, ,5.5, ,5 1/2F,T,3,10,9,0,0,9,3,820,910,0,0,790,235,300,100,0,0,50,100,42,11,26520,22008047_LRL_2025-11-01_8
X,22008047,Summer Vibes,LRL,2025-11-23,1,USA,SOC, ,8.5, ,1 1/16M,T,5,4,3,2,0,1,2,400,310,50,0,0,75,100,50,50,0,10,50,31,10,26380,22008047_LRL_2025-11-23_1
X,22008047,Summer Vibes,LRL,2025-12-13,6,USA,SOC, ,6.0, ,6F,D,3,7,7,0,0,6,4,920,810,0,0,810,625,0,0,0,0,400,425,71,7,27760,22008047_LRL_2025-12-13_6
X,22013799,Summerinthecountry,LRL,2025-04-19,3,USA,MSW, ,5.5, ,5 1/2F,T,8,6,8,0,0,10,10,560,1210,0,0,1970,1975,150,300,0,0,0,0,85,10,49610,22013799_LRL_2025-04-19_3
X,22013799,Summerinthecountry,LRL,2025-09-06,7,USA,MSW, ,6.0, ,6F,D,4,2,3,0,0,2,2,50,160,0,0,400,1125,350,600,0,0,50,900,35,6,45000,22013799_LRL_2025-09-06_7
X,22013799,Summerinthecountry,LRL,2025-12-06,3,USA,MCL, ,6.0, ,6F,D,6,2,1,0,0,1,2,10,0,0,0,0,100,350,200,0,0,10,400,61,6,46535,22013799_LRL_2025-12-06_3
X,22005591,Sunflower State,LRL,2024-06-01,3,USA,MCL, ,4.5, ,4 1/2F,D,6,7,0,0,0,7,5,1450,0,0,0,1050,1385,0,0,0,0,0,325,82,7,45605,22005591_LRL_2024-06-01_3
X,22005591,Sunflower State,LRL,2024-07-06,5,USA,MCL, ,5.0, ,5F,D,6,3,3,0,0,2,1,160,160,0,0,50,0,150,200,0,0,10,300,100,7,33795,22005591_LRL_2024-07-06_5
X,22005591,Sunflower State,CNL,2025-03-14,8,USA,ALW, ,5.5, ,5 1/2F,D,2,9,9,0,0,8,5,1160,870,0,0,800,425,0,0,0,0,250,5,661,9,100000,22005591_CNL_2025-03-14_8
X,22005591,Sunflower State,LRL,2025-12-14,5,USA,SOC, ,6.0, ,6F,D,5,2,5,0,0,7,7,250,310,0,0,1050,1505,10,50,0,0,0,0,49,7,31850,22005591_LRL_2025-12-14_5
X,20003831,Super Accelerate,LRL,2024-09-08,8,USA,ALW, ,6.0, ,6F,D,2,3,3,0,0,3,2,250,200,0,0,260,475,10,150,0,0,200,125,30,6,55615,20003831_LRL_2024-09-08_8
X,20003831,Super Accelerate,LRL,2025-10-10,9,USA,ALW, ,6.0, ,6F,D,1,5,7,0,0,8,8,510,780,0,0,1710,2785,50,200,0,0,0,0,52,8,55880,20003831_LRL_2025-10-10_9
X,20003831,Super Accelerate,LRL,2025-12-06,7,USA,ALW, ,8.5, ,1 1/16M,D,2,7,6,5,0,4,5,1800,1700,1350,0,800,1650,400,50,400,0,50,1700,107,8,54410,20003831_LRL_2025-12-06_7
X,20003831,Super Accelerate,LRL,2025-12-27,3,USA,ALW, ,9.0, ,1 1/8M,D,5,6,6,6,0,4,4,410,410,710,0,850,1850,0,0,0,0,150,450,110,6,49000,20003831_LRL_2025-12-27_3
 ,21005601,Superlastingsecret,DEL,2025-07-23,9,USA,MCL, ,5.5, ,5 1/2F,D,4,2,1,0,0,2,3,10,0,0,0,200,125,10,10,0,0,10,125,16,7,24000,21005601_DEL_2025-07-23_9
X,21005601,Superlastingsecret,LRL,2025-11-09,3,USA,MCL, ,5.5, ,5 1/2F,T,7,1,1,0,0,1,3,0,0,0,0,0,85,50,150,0,0,250,100,56,10,28540,21005601_LRL_2025-11-09_3
X,21005601,Superlastingsecret,LRL,2025-11-30,6,USA,MCL, ,6.0, ,6F,D,7,2,2,0,0,1,2,250,100,0,0,0,225,100,250,0,0,200,75,26,10,25050,21005601_LRL_2025-11-30_6
X,21005601,Superlastingsecret,LRL,2025-12-26,6,USA,MCL, ,5.5, ,5 1/2F,D,6,2,2,0,0,2,1,200,150,0,0,50,0,100,50,0,0,350,425,11,11,27200,21005601_LRL_2025-12-26_6
X,22007040,Superpower,AQU,2025-01-25,9,USA,MSW, ,8.0, ,1M,D,5,1,1,1,0,2,1,0,0,0,0,10,0,50,100,100,0,150,125,372,10,80000,22007040_AQU_2025-01-25_9
X,22007040,Superpower,LRL,2025-03-23,6,USA,AOC, ,8.5, ,1 1/16M,D,10,4,4,1,0,2,3,360,210,0,0,150,300,100,50,100,0,100,375,31,10,50200,22007040_LRL_2025-03-23_6
X,22007040,Superpower,PIM,2025-05-11,4,USA,AOC, ,8.5, ,1 1/16M,D,4,2,1,1,0,3,3,50,0,0,0,60,275,10,10,50,0,150,10,14,7,49300,22007040_PIM_2025-05-11_4
X,22014410,Suremeanttoobe,CNL,2025-08-08,5,USA,ALW, ,5.5, ,5 1/2F,T,1,5,6,0,0,7,9,210,320,0,0,230,475,50,100,0,0,10,10,73,11,72000,22014410_CNL_2025-08-08_5
X,22014410,Suremeanttoobe,CNL,2025-09-04,2,USA,AOC, ,6.0, ,6F,D,2,4,5,0,0,5,4,220,460,0,0,500,725,150,0,0,0,0,200,146,5,72000,22014410_CNL_2025-09-04_2
X,22014410,Suremeanttoobe,LRL,2025-09-20,4,USA,ALW, ,6.0, ,6F,D,1,1,1,0,0,4,4,0,0,0,0,160,455,50,10,0,0,0,0,34,4,48000,22014410_LRL_2025-09-20_4
X,21010127,Sweet Honey Bee,LRL,2025-10-12,9,USA,SOC, ,5.5, ,5 1/2F,T,4,3,4,0,0,7,10,20,160,0,0,960,1060,100,50,0,0,100,0,406,10,26740,21010127_LRL_2025-10-12_9
X,21010127,Sweet Honey Bee,LRL,2025-11-15,10,USA,CLM, ,5.5, ,5 1/2F,D,7,4,4,0,0,3,2,450,450,0,0,500,475,10,50,0,0,350,25,36,7,23220,21010127_LRL_2025-11-15_10
X,21010127,Sweet Honey Bee,LRL,2025-12-07,3,USA,CLM, ,6.0, ,6F,D,5,3,3,0,0,3,3,250,250,0,0,210,400,50,150,0,0,400,400,43,8,24050,21010127_LRL_2025-12-07_3
X,21010127,Sweet Honey Bee,LRL,2025-12-28,6,USA,CLM, ,7.0, ,7F,D,9,6,6,0,0,6,6,560,650,0,0,710,1150,100,50,0,0,200,575,106,9,24550,21010127_LRL_2025-12-28_6
X,23015077,Sweet Lexi,LRL,2025-11-21,6,USA,MSW, ,6.0, ,6F,D,2,5,6,0,0,6,6,550,900,0,0,1300,2160,150,200,0,0,400,550,188,8,49410,23015077_LRL_2025-11-21_6
 ,23006388,Sweet Shenanigans,DEL,2025-09-14,3,USA,STK, ,6.0, ,6F,D,6,1,2,0,0,4,5,0,100,0,0,700,1475,100,50,0,0,10,50,44,6,100000,23006388_DEL_2025-09-14_3
X,23006388,Sweet Shenanigans,LRL,2025-11-14,3,USA,AOC, ,6.0, ,6F,D,2,1,1,0,0,2,2,0,0,0,0,150,425,50,10,0,0,300,350,47,4,49000,23006388_LRL_2025-11-14_3
X,23006388,Sweet Shenanigans,LRL,2025-12-06,4,USA,AOC, ,6.0, ,6F,D,4,2,1,0,0,2,2,200,0,0,0,10,250,200,10,0,0,1000,450,67,5,49000,23006388_LRL_2025-12-06_4
X,23006388,Sweet Shenanigans,LRL,2025-12-27,1,USA,AOC, ,5.5, ,5 1/2F,D,1,2,2,0,0,3,3,10,150,0,0,160,425,250,100,0,0,200,275,7,7,49500,23006388_LRL_2025-12-27_1
X,23019724,Swift Attraction,WO ,2025-09-21,5,CAN,MOC, ,5.0, ,5F,D,4,2,2,0,0,3,5,50,50,0,0,150,635,200,150,0,0,350,300,47,6,47647,23019724_WO_2025-09-21_5
X,23019724,Swift Attraction,WO ,2025-10-13,3,CAN,MOC, ,5.5, ,5 1/2F,D,6,4,2,0,0,4,6,160,100,0,0,500,1060,300,10,0,0,10,0,85,6,46949,23019724_WO_2025-10-13_3
X,23019724,Swift Attraction,WO ,2025-12-05,1,CAN,MOC, ,5.0, ,5F,D,2,1,1,0,0,1,1,0,0,0,0,0,0,50,50,0,0,150,50,32,6,35250,23019724_WO_2025-12-05_1
X,18011492,Swill,LRL,2025-09-28,7,USA,AOC, ,5.5, ,5 1/2F,T,6,2,2,0,0,2,3,200,150,0,0,250,150,50,100,0,0,10,25,25,8,58770,18011492_LRL_2025-09-28_7
X,18011492,Swill,LRL,2025-10-25,12,USA,SOC, ,5.5, ,5 1/2F,T,9,5,5,0,0,1,3,210,120,0,0,0,175,150,150,0,0,10,325,53,10,40110,18011492_LRL_2025-10-25_12
X,18011492,Swill,LRL,2025-11-23,8,USA,AOC, ,5.5, ,5 1/2F,T,1,2,3,0,0,2,2,150,250,0,0,250,10,50,50,0,0,250,50,35,11,55500,18011492_LRL_2025-11-23_8
X,22007331,Synergism,LRL,2025-10-05,5,USA,SOC, ,8.5, ,1 1/16M,D,5,2,2,1,0,1,1,50,10,0,0,0,0,200,250,250,0,500,900,21,5,24000,22007331_LRL_2025-10-05_5
X,22007331,Synergism,LRL,2025-11-15,8,USA,ALW, ,8.5, ,1 1/16M,D,2,5,4,4,0,5,5,360,160,400,0,1160,2110,10,150,350,0,150,200,26,7,49500,22007331_LRL_2025-11-15_8
X,22007331,Synergism,LRL,2025-11-28,2,USA,SOC, ,8.0, ,1M,D,8,4,3,1,0,1,1,160,110,0,0,0,0,10,50,250,0,400,425,15,8,25740,22007331_LRL_2025-11-28_2
X,23016445,Tactics,SAR,2025-08-08,6,USA,MSW, ,6.0, ,6F,D,8,7,5,0,0,5,5,850,800,0,0,600,600,1100,350,0,0,150,575,26,8,80000,23016445_SAR_2025-08-08_6
X,23016445,Tactics,BAQ,2025-09-28,4,USA,MOC, ,6.0, ,6F,T,10,8,8,0,0,10,10,710,800,0,0,710,935,150,10,0,0,0,0,109,10,70000,23016445_BAQ_2025-09-28_4
X,23016445,Tactics,LRL,2025-11-23,9,USA,MCL, ,8.5, ,1 1/16M,D,4,8,8,6,0,5,1,850,920,1060,0,420,0,250,500,250,0,300,25,12,9,32400,23016445_LRL_2025-11-23_9
X,23001458,Take Charge Candy,GP ,2025-08-22,4,USA,MCL, ,6.0, ,6F,D,1,7,7,0,0,7,6,1210,1310,0,0,1400,2575,0,0,0,0,0,800,77,7,34000,23001458_GP_2025-08-22_4
X,23001458,Take Charge Candy,GP ,2025-09-19,2,USA,MCL, ,8.32, ,1M 70Y,D,3,6,6,7,0,7,7,600,560,750,0,1060,1425,50,50,50,0,150,750,289,9,34000,23001458_GP_2025-09-19_2
X,23001458,Take Charge Candy,LRL,2025-12-20,9,USA,MCL, ,6.0, ,6F,D,2,6,6,0,0,4,4,710,710,0,0,600,630,0,0,0,0,100,75,110,6,24380,23001458_LRL_2025-12-20_9
X,21006052,Takethemoneyhoney,LRL,2025-04-13,7,USA,AOC, ,8.0, ,1M,D,9,2,1,1,0,1,1,10,0,0,0,0,0,250,50,300,0,600,525,5,9,60260,21006052_LRL_2025-04-13_7
X,21006052,Takethemoneyhoney,MTH,2025-05-11,5,USA,STK, ,8.32, ,1M 70Y,D,2,1,1,1,0,1,1,0,0,0,0,0,0,50,100,10,0,10,5,20,4,100000,21006052_MTH_2025-05-11_5
X,21006052,Takethemoneyhoney,LRL,2025-11-22,6,USA,STK, ,6.5, ,6 1/2F,D,2,2,2,0,0,1,2,200,250,0,0,0,10,10,10,0,0,10,725,8,5,100000,21006052_LRL_2025-11-22_6
X,21006052,Takethemoneyhoney,LRL,2025-12-20,7,USA,STK, ,6.0, ,6F,D,3,3,5,0,0,2,1,200,220,0,0,50,0,50,200,0,0,10,100,8,8,100000,21006052_LRL_2025-12-20_7
X,20005817,Talk to the Judge,LRL,2024-12-21,5,USA,STK, ,6.0, ,6F,D,6,1,1,0,0,1,5,0,0,0,0,0,525,100,50,0,0,150,100,235,8,75000,20005817_LRL_2024-12-21_5
X,20005817,Talk to the Judge,LRL,2025-01-24,6,USA,AOC, ,7.0, ,7F,D,2,1,1,0,0,9,9,0,0,0,0,780,1950,100,10,0,0,0,0,141,9,54695,20005817_LRL_2025-01-24_6
X,20005817,Talk to the Judge,LRL,2025-05-23,7,USA,AOC, ,6.0, ,6F,D,7,3,2,0,0,2,3,100,50,0,0,150,575,250,10,0,0,100,75,68,8,60755,20005817_LRL_2025-05-23_7
X,20005817,Talk to the Judge,LRL,2026-01-10,9,USA,AOC, ,6.0, ,6F,D,3,1,2,0,0,2,3,0,10,0,0,200,550,50,200,0,0,100,10,71,7,55885,20005817_LRL_2026-01-10_9
 ,18006720,Talklessworkmore,MED,2025-10-03,5,USA,SOC, ,8.5, ,1 1/16M,T,2,1,1,1,0,1,3,0,0,0,0,0,125,50,100,50,0,50,75,29,7,23000,18006720_MED_2025-10-03_5
X,18006720,Talklessworkmore,LRL,2025-11-09,4,USA,SOC, ,8.5, ,1 1/16M,D,6,1,1,1,0,3,3,0,0,0,0,20,150,200,200,50,0,100,50,32,8,30000,18006720_LRL_2025-11-09_4
X,18006720,Talklessworkmore,LRL,2025-12-07,4,USA,SOC, ,6.0, ,6F,D,2,7,4,0,0,4,4,560,550,0,0,650,925,0,200,0,0,300,550,81,7,40830,18006720_LRL_2025-12-07_4
X,18006720,Talklessworkmore,LRL,2025-12-26,5,USA,SOC, ,8.0, ,1M,D,5,1,1,1,0,3,4,0,0,0,0,160,460,200,200,10,0,10,225,104,9,33110,18006720_LRL_2025-12-26_5
 ,22003495,Tap Dancin Cowgirl,PRX,2025-11-10,8,USA,AOC, ,6.5, ,6 1/2F,D,3,2,1,0,0,1,1,10,0,0,0,0,0,50,50,0,0,300,675,100,7,42000,22003495_PRX_2025-11-10_8
X,22003495,Tap Dancin Cowgirl,LRL,2025-11-29,7,USA,STK, ,7.0, ,7F,D,1,4,4,0,0,5,4,110,510,0,0,500,675,300,10,0,0,350,450,102,7,100000,22003495_LRL_2025-11-29_7
 ,22003495,Tap Dancin Cowgirl,PRX,2025-12-29,9,USA,AOC, ,6.5, ,6 1/2F,D,6,6,5,0,0,4,2,410,220,0,0,160,5,50,50,0,0,200,50,27,11,52000,22003495_PRX_2025-12-29_9
X,23002961,Tap Into Grace,CNL,2025-09-12,3,USA,MOC, ,5.0, ,5F,D,7,5,3,0,0,2,1,610,250,0,0,10,0,50,200,0,0,150,175,33,8,55000,23002961_CNL_2025-09-12_3
X,23002961,Tap Into Grace,LRL,2025-10-25,6,USA,AOC, ,6.0, ,6F,T,3,10,10,0,0,7,1,970,1060,0,0,570,0,0,0,0,0,50,5,175,10,51000,23002961_LRL_2025-10-25_6
 ,23002961,Tap Into Grace,PEN,2025-11-26,4,USA,STK, ,6.0, ,6F,D,3,3,3,0,0,2,2,110,110,0,0,200,50,100,100,0,0,10,325,33,5,50000,23002961_PEN_2025-11-26_4
X,22018806,Tasty Time,LRL,2025-09-21,9,USA,MCL, ,7.0, ,7F,D,2,5,4,0,0,3,5,800,310,0,0,400,1200,500,450,0,0,250,125,311,7,34100,22018806_LRL_2025-09-21_9
X,22018806,Tasty Time,LRL,2025-10-17,10,USA,MCL, ,8.0, ,1M,D,4,7,6,4,0,2,2,520,620,500,0,700,1250,100,10,250,0,200,450,201,8,26030,22018806_LRL_2025-10-17_10
X,22018806,Tasty Time,LRL,2025-11-21,9,USA,MCL, ,6.0, ,6F,D,3,2,4,0,0,5,6,10,220,0,0,650,1100,200,100,0,0,150,0,144,6,34050,22018806_LRL_2025-11-21_9
X,20005532,Tea Rose,LRL,2025-10-10,3,USA,MCL, ,8.0, ,1M,T,5,2,2,2,0,6,9,150,150,100,0,410,615,200,200,100,0,100,125,247,11,32500,20005532_LRL_2025-10-10_3
X,20005532,Tea Rose,LRL,2025-11-07,1,USA,MCL, ,8.0, ,1M,T,3,8,7,8,0,8,7,820,710,860,0,820,345,200,10,200,0,200,10,98,10,26020,20005532_LRL_2025-11-07_1
X,20005532,Tea Rose,LRL,2025-11-29,1,USA,MCL, ,6.0, ,6F,D,1,6,5,0,0,5,3,610,800,0,0,530,575,100,50,0,0,150,300,163,10,26370,20005532_LRL_2025-11-29_1
 ,20013355,Teachintherelease,CT ,2025-09-18,7,USA,AOC, ,7.0, ,7F,D,4,1,1,0,0,1,1,0,0,0,0,0,0,50,50,0,0,600,325,1,6,34000,20013355_CT_2025-09-18_7
 ,20013355,Teachintherelease,CT ,2025-10-11,9,USA,STK, ,9.0, ,1 1/8M,D,8,1,1,1,0,1,1,0,0,0,0,0,0,100,100,150,0,800,1425,2,10,300000,20013355_CT_2025-10-11_9
 ,20013355,Teachintherelease,CT ,2025-11-15,7,USA,STK, ,9.0, ,1 1/8M,D,9,2,4,2,0,1,1,150,210,50,0,0,0,100,400,100,0,700,550,1,10,75000,20013355_CT_2025-11-15_7
X,21016168,Tell 'Em I'm Comin,LRL,2025-09-14,6,USA,MCL, ,8.0, ,1M,D,6,9,7,4,0,4,2,870,510,660,0,1050,1025,0,100,50,0,50,75,31,9,32400,21016168_LRL_2025-09-14_6
X,21016168,Tell 'Em I'm Comin,LRL,2025-11-16,3,USA,MCL, ,8.0, ,1M,T,5,9,9,9,0,9,9,830,580,1030,0,1680,1705,0,0,0,0,0,0,270,9,34200,21016168_LRL_2025-11-16_3
X,21016168,Tell 'Em I'm Comin,LRL,2025-11-27,1,USA,MCL, ,8.0, ,1M,D,1,8,6,5,0,4,3,900,750,400,0,410,350,10,10,250,0,100,25,8,9,25870,21016168_LRL_2025-11-27_1
X,21016168,Tell 'Em I'm Comin,LRL,2025-12-21,5,USA,MCL, ,6.0, ,6F,D,6,7,7,0,0,7,5,2010,1210,0,0,1110,875,0,0,0,0,0,150,42,7,30500,21016168_LRL_2025-12-21_5
X,18005570,Tenebris,LRL,2025-03-29,8,USA,AOC, ,5.5, ,5 1/2F,D,2,7,6,0,0,7,7,480,500,0,0,820,1075,0,10,0,0,0,0,49,7,58865,18005570_LRL_2025-03-29_8
X,18005570,Tenebris,CNL,2025-09-05,3,USA,AOC, ,6.5, ,6 1/2F,D,4,1,2,0,0,1,4,0,10,0,0,0,230,10,50,0,0,50,475,57,6,74000,18005570_CNL_2025-09-05_3
X,18005570,Tenebris,LRL,2025-11-27,7,USA,AOC, ,6.0, ,6F,D,7,6,6,0,0,5,6,520,760,0,0,910,1900,100,150,0,0,50,75,95,8,55590,18005570_LRL_2025-11-27_7
X,18005570,Tenebris,LRL,2025-12-13,7,USA,AOC, ,6.0, ,6F,D,4,3,2,0,0,2,2,200,150,0,0,250,375,150,50,0,0,100,325,149,6,53795,18005570_LRL_2025-12-13_7
X,18005570,Tenebris,LRL,2026-01-09,9,USA,AOC, ,6.0, ,6F,D,2,1,1,0,0,1,2,0,0,0,0,0,50,200,200,0,0,200,375,119,6,57770,18005570_LRL_2026-01-09_9
X,22002300,The Count Is On,CNL,2025-08-06,7,USA,CLM, ,8.0, ,1M,T,12,9,10,7,0,9,10,960,710,370,0,1120,1280,50,50,50,0,10,25,130,12,34500,22002300_CNL_2025-08-06_7
X,22002300,The Count Is On,LRL,2025-10-26,1,USA,SOC, ,5.5, ,5 1/2F,T,9,8,8,0,0,2,1,480,250,0,0,10,0,200,150,0,0,10,100,234,10,26380,22002300_LRL_2025-10-26_1
X,22002300,The Count Is On,LRL,2025-11-21,5,USA,SOC, ,5.5, ,5 1/2F,T,11,8,7,0,0,9,8,710,660,0,0,630,730,400,10,0,0,50,100,172,12,27380,22002300_LRL_2025-11-21_5
X,22002300,The Count Is On,LRL,2026-01-10,1,USA,SOC, ,8.5, ,1 1/16M,D,3,2,2,1,0,3,6,100,100,0,0,110,900,100,10,10,0,10,250,202,7,27280,22002300_LRL_2026-01-10_1
 ,21012359,The Goddess Factor,MED,2025-09-19,5,USA,ALW, ,8.5, ,1 1/16M,T,4,3,3,4,0,4,5,200,250,200,0,200,325,10,10,50,0,100,175,214,8,42700,21012359_MED_2025-09-19_5
 ,21012359,The Goddess Factor,DEL,2025-10-18,8,USA,CLM, ,8.32,A,1M 70Y,T,8,3,2,3,0,6,9,110,150,160,0,460,610,100,10,10,0,100,0,97,10,22000,21012359_DEL_2025-10-18_8
X,21012359,The Goddess Factor,LRL,2025-11-28,2,USA,SOC, ,8.0, ,1M,D,1,8,6,2,0,2,3,530,370,250,0,400,450,0,50,10,0,10,125,93,8,25740,21012359_LRL_2025-11-28_2
 ,20013127,The Heights,DEL,2025-09-20,6,USA,SOC, ,6.0, ,6F,D,5,8,6,0,0,5,3,420,400,0,0,320,250,200,100,0,0,100,200,214,9,20000,20013127_DEL_2025-09-20_6
 ,20013127,The Heights,DEL,2025-10-09,2,USA,SOC, ,5.5, ,5 1/2F,D,2,5,6,0,0,6,5,510,710,0,0,610,375,10,200,0,0,10,75,209,8,20000,20013127_DEL_2025-10-09_2
 ,20013127,The Heights,DEL,2025-10-16,9,USA,SOC, ,6.0, ,6F,D,4,4,5,0,0,6,7,360,470,0,0,650,1100,10,10,0,0,200,525,275,8,25000,20013127_DEL_2025-10-16_9
 ,19015690,The Sky Is Falling,CT ,2025-08-22,5,USA,STK, ,7.0, ,7F,D,2,5,5,0,0,4,1,960,1110,0,0,320,0,0,0,0,0,400,200,41,5,75000,19015690_CT_2025-08-22_5
 ,19015690,The Sky Is Falling,CT ,2025-10-11,8,USA,STK, ,7.0, ,7F,D,7,9,9,0,0,6,2,1300,1170,0,0,510,525,0,0,0,0,50,50,33,9,125000,19015690_CT_2025-10-11_8
 ,19015690,The Sky Is Falling,CT ,2025-11-08,7,USA,STK, ,9.0, ,1 1/8M,D,7,7,6,6,0,5,1,610,610,410,0,220,0,50,150,200,0,200,275,39,8,75000,19015690_CT_2025-11-08_7
X,18001931,The Wolfman,LRL,2025-10-11,3,USA,SHP, ,7.0, ,7F,D,11,4,4,0,0,7,8,600,500,0,0,520,950,100,250,0,0,400,50,163,11,40800,18001931_LRL_2025-10-11_3
X,18001931,The Wolfman,LRL,2025-10-26,2,USA,CLM, ,6.0, ,6F,D,3,2,2,0,0,3,5,150,200,0,0,510,825,150,100,0,0,250,925,36,6,20300,18001931_LRL_2025-10-26_2
X,18001931,The Wolfman,LRL,2025-11-21,2,USA,SOC, ,6.0, ,6F,D,5,4,4,0,0,6,6,510,650,0,0,810,305,300,50,0,0,50,50,310,9,25520,18001931_LRL_2025-11-21_2
X,18001931,The Wolfman,LRL,2025-12-12,8,USA,CLM, ,6.0, ,6F,D,5,4,3,0,0,1,2,350,110,0,0,0,100,200,250,0,0,150,125,29,6,20700,18001931_LRL_2025-12-12_8
 ,22005832,Think Fast,FP ,2025-08-30,3,USA,MSW, ,6.0, ,6F,D,4,3,1,0,0,1,1,110,0,0,0,0,0,150,200,0,0,700,2875,5,6,15000,22005832_FP_2025-08-30_3
 ,22005832,Think Fast,HAW,2025-09-18,6,USA,ALW, ,6.5, ,6 1/2F,D,7,6,3,0,0,2,1,180,260,0,0,350,0,150,10,0,0,100,125,23,8,31000,22005832_HAW_2025-09-18_6
X,22005832,Think Fast,LRL,2025-11-29,7,USA,STK, ,7.0, ,7F,D,6,3,3,0,0,2,2,60,160,0,0,50,225,50,350,0,0,50,50,43,7,100000,22005832_LRL_2025-11-29_7
 ,21004183,Thirty West,DEL,2025-10-04,3,USA,SOC, ,8.0, ,1M,T,2,1,1,1,0,3,9,0,0,0,0,300,790,100,100,100,0,10,225,572,12,25000,21004183_DEL_2025-10-04_3
X,21004183,Thirty West,LRL,2025-10-26,1,USA,SOC, ,5.5, ,5 1/2F,T,10,4,2,0,0,10,10,160,10,0,0,550,985,10,10,0,0,0,0,142,10,26380,21004183_LRL_2025-10-26_1
 ,21004183,Thirty West,PEN,2025-12-04,4,USA,SOC, ,8.32, ,1M 70Y,D,1,1,1,3,0,4,4,0,0,100,0,400,1075,200,150,10,0,200,250,219,6,20000,21004183_PEN_2025-12-04_4
X,22013499,Thunder Cry,LRL,2025-09-06,7,USA,MSW, ,6.0, ,6F,D,2,1,1,0,0,3,4,0,0,0,0,450,2075,50,150,0,0,500,50,209,6,45000,22013499_LRL_2025-09-06_7
X,22013499,Thunder Cry,LRL,2025-09-28,6,USA,MCL, ,5.5, ,5 1/2F,T,3,1,1,0,0,8,9,0,0,0,0,760,1410,150,200,0,0,100,375,323,10,44230,22013499_LRL_2025-09-28_6
X,22013499,Thunder Cry,LRL,2025-11-30,6,USA,MCL, ,6.0, ,6F,D,5,1,1,0,0,3,6,0,0,0,0,250,1225,250,100,0,0,200,5,45,10,25050,22013499_LRL_2025-11-30_6
X,22004786,Thunder in Paris,LRL,2025-06-13,4,USA,CLM, ,6.0, ,6F,D,4,3,3,0,0,3,2,200,260,0,0,210,50,10,500,0,0,450,25,16,7,25020,22004786_LRL_2025-06-13_4
 ,22004786,Thunder in Paris,DEL,2025-07-26,2,USA,SOC, ,5.5, ,5 1/2F,D,5,3,2,0,0,2,4,200,100,0,0,100,265,100,50,0,0,50,775,29,5,22000,22004786_DEL_2025-07-26_2
X,22004786,Thunder in Paris,LRL,2025-11-16,5,USA,CLM, ,6.0, ,6F,D,9,9,9,0,0,9,9,630,1210,0,0,1850,2330,0,0,0,0,0,0,30,9,24550,22004786_LRL_2025-11-16_5
X,16009053,Tiberius Mercurius,BAQ,2025-09-18,6,USA,CLM, ,9.0, ,1 1/8M,D,7,8,8,8,0,7,7,1550,1720,1360,0,1200,1605,0,0,0,0,200,150,299,8,32000,16009053_BAQ_2025-09-18_6
X,16009053,Tiberius Mercurius,AQU,2025-12-10,6,USA,CLM, ,8.0, ,1M,D,1,4,2,2,0,2,4,120,200,50,0,350,725,100,10,150,0,50,75,50,7,28000,16009053_AQU_2025-12-10_6
X,16009053,Tiberius Mercurius,AQU,2025-12-31,8,USA,CLM, ,6.5, ,6 1/2F,D,4,11,11,0,0,11,10,800,1140,0,0,1040,700,0,0,0,0,0,450,404,11,28000,16009053_AQU_2025-12-31_8
 ,22002442,Tierra Santa,CT ,2025-10-18,3,USA,CLM, ,7.0, ,7F,D,4,3,3,0,0,5,3,110,160,0,0,220,575,400,300,0,0,0,725,16,5,18200,22002442_CT_2025-10-18_3
X,22002442,Tierra Santa,LRL,2025-11-15,10,USA,CLM, ,5.5, ,5 1/2F,D,6,3,2,0,0,2,3,300,150,0,0,300,500,150,100,0,0,200,175,13,7,23220,22002442_LRL_2025-11-15_10
X,22002442,Tierra Santa,LRL,2025-12-07,3,USA,CLM, ,6.0, ,6F,D,2,1,1,0,0,1,1,0,0,0,0,0,0,200,200,0,0,200,300,26,8,24050,22002442_LRL_2025-12-07_3
X,22002442,Tierra Santa,LRL,2025-12-27,6,USA,SOC, ,6.0, ,6F,D,2,2,2,0,0,3,6,100,250,0,0,110,580,150,10,0,0,50,25,428,9,28760,22002442_LRL_2025-12-27_6
 ,22001273,Tiny Lake,CT ,2025-09-18,7,USA,AOC, ,7.0, ,7F,D,1,6,5,0,0,5,5,460,1200,0,0,1950,2725,0,100,0,0,500,1150,167,6,34000,22001273_CT_2025-09-18_7
X,22001273,Tiny Lake,LRL,2025-10-17,8,USA,SOC, ,6.0, ,6F,D,2,3,3,0,0,4,3,210,160,0,0,210,175,150,100,0,0,600,200,139,7,30500,22001273_LRL_2025-10-17_8
X,22001273,Tiny Lake,LRL,2025-11-27,9,USA,SOC, ,6.0, ,6F,D,2,5,5,0,0,5,6,350,750,0,0,910,950,10,10,0,0,10,0,87,6,30450,22001273_LRL_2025-11-27_9
 ,23013873,Tipmanee,TIM,2025-08-23,10,USA,MCL, ,6.5,A,6 1/2F,D,4,1,2,0,0,2,2,0,50,0,0,450,625,10,600,0,0,250,125,24,6,39780,23013873_TIM_2025-08-23_10
X,23013873,Tipmanee,LRL,2025-09-26,10,USA,MCL, ,5.5, ,5 1/2F,D,1,1,1,0,0,1,1,0,0,0,0,0,0,100,10,0,0,10,125,11,8,43230,23013873_LRL_2025-09-26_10
X,23013873,Tipmanee,LRL,2025-11-08,8,USA,STK, ,6.0, ,6F,D,5,5,5,0,0,5,4,710,800,0,0,860,1000,0,0,0,0,0,25,208,5,100000,23013873_LRL_2025-11-08_8
X,23013873,Tipmanee,LRL,2025-12-27,1,USA,AOC, ,5.5, ,5 1/2F,D,6,5,5,0,0,5,5,420,510,0,0,760,1100,250,400,0,0,100,100,74,7,49500,23013873_LRL_2025-12-27_1
X,20006451,Tiz No Clown,LRL,2024-09-15,3,USA,SOC, ,7.0, ,7F,D,1,4,5,0,0,5,5,210,460,0,0,750,950,50,100,0,0,50,725,354,6,40330,20006451_LRL_2024-09-15_3
X,20006451,Tiz No Clown,LRL,2024-10-12,9,USA,STK, ,5.5, ,5 1/2F,T,4,4,6,0,0,9,9,400,420,0,0,1010,775,50,150,0,0,300,50,801,10,102000,20006451_LRL_2024-10-12_9
X,20006451,Tiz No Clown,LRL,2025-12-07,4,USA,SOC, ,6.0, ,6F,D,1,6,7,0,0,5,5,460,910,0,0,950,1475,100,0,0,0,300,150,603,7,40830,20006451_LRL_2025-12-07_4
 ,23004415,Tiz the Great,DEL,2025-09-25,7,USA,MCL, ,6.0, ,6F,D,1,5,3,0,0,3,5,320,210,0,0,200,240,150,400,0,0,100,325,81,7,28000,23004415_DEL_2025-09-25_7
X,23004415,Tiz the Great,LRL,2025-10-19,6,USA,MCL, ,6.0, ,6F,D,3,7,7,0,0,6,5,1260,1550,0,0,1300,655,10,400,0,0,350,375,43,8,34600,23004415_LRL_2025-10-19_6
X,23004415,Tiz the Great,LRL,2025-11-23,9,USA,MCL, ,8.5, ,1 1/16M,D,8,3,2,1,0,1,2,150,10,0,0,0,25,100,10,250,0,350,75,24,9,32400,23004415_LRL_2025-11-23_9
X,23004415,Tiz the Great,LRL,2025-12-13,4,USA,MCL, ,8.0, ,1M,D,4,3,3,5,0,6,6,300,160,260,0,620,860,100,100,10,0,0,0,17,6,30450,23004415_LRL_2025-12-13_4
X,22004800,Tony Eclipse,LRL,2024-12-07,8,USA,STK, ,7.0, ,7F,D,4,2,2,0,0,1,1,50,10,0,0,0,0,100,150,0,0,300,375,21,7,100000,22004800_LRL_2024-12-07_8
X,22004800,Tony Eclipse,LRL,2025-01-25,9,USA,STK, ,7.0, ,7F,D,6,2,6,0,0,6,6,100,660,0,0,360,835,50,100,0,0,450,575,6,8,100000,22004800_LRL_2025-01-25_9
X,22004800,Tony Eclipse,LRL,2025-03-22,8,USA,STK, ,8.5, ,1 1/16M,D,2,1,1,3,0,4,5,0,0,20,0,500,1375,10,10,200,0,150,0,10,5,100000,22004800_LRL_2025-03-22_8
X,22015796,Top Blood,LRL,2025-11-14,4,USA,AOC, ,8.5, ,1 1/16M,D,1,5,5,6,0,6,6,360,500,650,0,710,1450,100,10,50,0,10,175,356,7,54295,22015796_LRL_2025-11-14_4
X,22015796,Top Blood,LRL,2025-11-29,8,USA,STK, ,7.0, ,7F,D,3,7,7,0,0,7,8,950,870,0,0,810,725,400,150,0,0,150,200,521,9,100000,22015796_LRL_2025-11-29_8
X,22015796,Top Blood,LRL,2025-12-06,2,USA,CLM, ,8.0, ,1M,D,1,1,1,3,0,6,7,0,0,210,0,1310,2400,50,50,250,0,100,0,99,7,44100,22015796_LRL_2025-12-06_2
X,23014053,Top Manipulator,LRL,2025-11-28,3,USA,MSW, ,6.0, ,6F,D,7,2,2,0,0,3,5,150,250,0,0,550,1325,100,200,0,0,150,125,134,7,45500,23014053_LRL_2025-11-28_3
X,19010909,Tops the Chart,LRL,2025-10-24,7,USA,SOC, ,6.0, ,6F,D,1,5,7,0,0,5,5,210,820,0,0,700,975,10,50,0,0,600,725,178,9,41830,19010909_LRL_2025-10-24_7
X,19010909,Tops the Chart,LRL,2025-11-09,4,USA,SOC, ,8.5, ,1 1/16M,D,7,6,5,4,0,1,2,460,410,300,0,0,50,200,50,350,0,10,100,86,8,30000,19010909_LRL_2025-11-09_4
X,19010909,Tops the Chart,LRL,2025-11-23,7,USA,SOC, ,8.0, ,1M,D,3,2,2,1,0,3,3,100,50,0,0,110,175,200,150,10,0,400,250,174,10,39055,19010909_LRL_2025-11-23_7
X,19010909,Tops the Chart,LRL,2025-12-12,2,USA,SOC, ,8.5, ,1 1/16M,D,4,4,4,4,0,2,2,410,450,560,0,550,1100,50,50,100,0,250,675,79,6,40885,19010909_LRL_2025-12-12_2
X,22008533,Total Sensation,WO ,2025-11-23,7,CAN,MOC, ,6.0, ,6F,D,6,4,3,0,0,1,1,410,150,0,0,0,0,200,100,0,0,50,200,25,6,46598,22008533_WO_2025-11-23_7
X,22008533,Total Sensation,WO ,2025-12-12,4,CAN,CLM, ,6.0, ,6F,D,1,3,3,0,0,1,1,200,200,0,0,0,0,50,100,0,0,150,400,9,11,24836,22008533_WO_2025-12-12_4
 ,22008533,Total Sensation,CT ,2026-01-09,7,USA,ALW, ,6.5, ,6 1/2F,D,6,3,1,0,0,1,1,150,0,0,0,0,0,100,10,0,0,100,150,74,7,32800,22008533_CT_2026-01-09_7
 ,23012682,Trendsetter,KD ,2025-08-31,9,USA,STK, ,6.5, ,6 1/2F,T,10,9,10,0,0,9,7,670,770,0,0,870,830,10,0,0,0,100,100,285,10,1000000,23012682_KD_2025-08-31_9
X,23012682,Trendsetter,KEE,2025-10-05,8,USA,STK, ,5.5, ,5 1/2F,T,3,8,8,0,0,7,5,500,560,0,0,620,355,0,0,0,0,50,125,573,8,300000,23012682_KEE_2025-10-05_8
X,23012682,Trendsetter,TP ,2026-01-03,6,USA,STK, ,6.5, ,6 1/2F,D,4,5,5,0,0,4,2,400,510,0,0,350,125,0,0,0,0,200,25,47,5,125000,23012682_TP_2026-01-03_6
X,23018283,Triathelon,LRL,2025-10-18,1,USA,MSW, ,8.0, ,1M,T,2,8,8,8,0,10,9,770,760,810,0,1460,1510,200,100,200,0,0,25,184,10,53935,23018283_LRL_2025-10-18_1
X,23018283,Triathelon,LRL,2025-11-09,1,USA,MSW, ,8.5, ,1 1/16M,T,8,9,9,9,0,8,8,760,570,530,0,830,765,200,10,200,0,10,75,791,11,51615,23018283_LRL_2025-11-09_1
X,23018283,Triathelon,LRL,2025-11-28,1,USA,MCL, ,8.0, ,1M,D,11,11,7,6,0,3,2,880,410,180,0,20,125,800,400,300,0,200,275,34,12,29180,23018283_LRL_2025-11-28_1
X,23018283,Triathelon,LRL,2025-12-19,6,USA,MCL, ,8.5, ,1 1/16M,D,1,6,8,4,0,6,6,610,670,410,0,660,980,50,0,10,0,800,1000,28,8,25740,23018283_LRL_2025-12-19_6
X,23006689,Truly Thrilling,LRL,2025-12-12,5,USA,MSW, ,7.0, ,7F,D,1,2,4,0,0,5,5,300,1050,0,0,1010,2125,200,150,0,0,0,0,74,5,51700,23006689_LRL_2025-12-12_5
 ,22013097,Tuff Luck,TIM,2025-09-01,7,USA,ALW, ,8.5, ,1 1/16M,D,2,3,3,4,0,4,3,250,200,350,0,660,675,250,250,0,0,0,150,24,4,44000,22013097_TIM_2025-09-01_7
X,22013097,Tuff Luck,LRL,2025-09-27,2,USA,SOC, ,8.5, ,1 1/16M,D,6,4,3,2,0,2,2,410,250,100,0,150,300,50,10,350,0,450,925,9,7,25600,22013097_LRL_2025-09-27_2
X,22013097,Tuff Luck,LRL,2025-11-23,5,USA,SOC, ,8.0, ,1M,D,4,6,6,4,0,4,4,500,400,560,0,700,1225,10,50,100,0,300,150,27,9,26240,22013097_LRL_2025-11-23_5
 ,23017976,Tug,DEL,2025-10-11,1,USA,MCL, ,6.0, ,6F,D,8,7,5,0,0,5,3,270,270,0,0,470,775,50,10,0,0,200,500,63,8,18000,23017976_DEL_2025-10-11_1
X,23017976,Tug,LRL,2025-11-08,2,USA,MCL, ,8.5, ,1 1/16M,D,2,7,6,6,0,5,4,1620,1610,1700,0,1310,1650,0,50,1500,0,250,500,78,7,27760,23017976_LRL_2025-11-08_2
X,23017976,Tug,LRL,2025-11-28,1,USA,MCL, ,8.0, ,1M,D,1,1,1,2,0,2,3,0,0,10,0,10,0,10,50,100,0,10,25,183,12,29180,23017976_LRL_2025-11-28_1
X,23017976,Tug,LRL,2025-12-19,6,USA,MCL, ,8.5, ,1 1/16M,D,3,2,4,8,0,8,8,300,410,1280,0,1510,2630,50,100,0,0,0,0,74,8,25740,23017976_LRL_2025-12-19_6
X,23017976,Tug,LRL,2026-01-10,4,USA,MCL, ,8.5, ,1 1/16M,D,1,2,5,5,0,5,5,10,410,850,0,1050,2025,10,450,100,0,350,1175,145,6,24700,23017976_LRL_2026-01-10_4
X,23014780,Turf to Dirt,LRL,2025-10-17,2,USA,MSW, ,7.0, ,7F,D,5,7,7,0,0,7,7,660,930,0,0,1410,2235,0,0,0,0,0,0,395,7,47500,23014780_LRL_2025-10-17_2
X,23014780,Turf to Dirt,LRL,2025-11-23,9,USA,MCL, ,8.5, ,1 1/16M,D,3,9,9,9,0,9,9,1100,1420,2260,0,2620,4750,0,0,0,0,0,0,530,9,32400,23014780_LRL_2025-11-23_9
X,23014780,Turf to Dirt,LRL,2025-12-21,3,USA,MCL, ,6.0, ,6F,D,2,8,7,0,0,7,6,950,960,0,0,1350,1825,600,100,0,0,700,100,125,9,28400,23014780_LRL_2025-12-21_3
X,22001204,Twelve Nelson,SAR,2024-08-03,2,USA,MSW, ,6.0, ,6F,D,1,10,10,0,0,9,6,690,920,0,0,1180,1480,0,0,0,0,10,250,285,10,90000,22001204_SAR_2024-08-03_2
X,22001204,Twelve Nelson,SAR,2024-08-30,2,USA,MSW, ,8.5, ,1 1/16M,T,10,9,9,8,0,8,9,730,770,700,0,1350,1270,150,200,50,0,50,1225,525,10,90000,22001204_SAR_2024-08-30_2
X,19017639,Twice Gold,LRL,2025-10-19,2,USA,CLM, ,6.0, ,6F,D,3,6,5,0,0,6,6,500,750,0,0,710,785,50,200,0,0,1000,1850,128,7,22560,19017639_LRL_2025-10-19_2
X,19017639,Twice Gold,LRL,2025-11-07,7,USA,CLM, ,8.0, ,1M,D,6,3,3,1,0,1,3,150,60,0,0,0,275,200,300,150,0,100,600,77,8,25370,19017639_LRL_2025-11-07_7
X,19017639,Twice Gold,LRL,2025-11-30,2,USA,CLM, ,8.0, ,1M,D,2,2,2,1,0,1,2,10,10,0,0,0,25,10,50,10,0,150,350,29,7,25200,19017639_LRL_2025-11-30_2
X,19017639,Twice Gold,LRL,2025-12-19,4,USA,CLM, ,8.5, ,1 1/16M,D,3,2,2,2,0,3,3,150,150,100,0,400,1600,250,50,250,0,400,350,40,5,22000,19017639_LRL_2025-12-19_4
X,23015322,Twin Lakes,LRL,2025-10-17,2,USA,MSW, ,7.0, ,7F,D,6,6,6,0,0,5,5,510,530,0,0,660,1110,150,400,0,0,50,225,272,7,47500,23015322_LRL_2025-10-17_2
X,23015322,Twin Lakes,LRL,2025-12-05,5,USA,MSW, ,8.0, ,1M,D,1,3,5,3,0,3,2,110,180,160,0,60,300,100,150,10,0,250,100,43,7,51730,23015322_LRL_2025-12-05_5
 ,19011099,Twisted Ride,PRX,2025-10-29,9,USA,AOC, ,6.0, ,6F,D,1,1,2,0,0,1,1,0,50,0,0,0,0,10,250,0,0,100,250,9,6,55000,19011099_PRX_2025-10-29_9
X,19011099,Twisted Ride,LRL,2025-11-22,7,USA,STK, ,6.0, ,6F,D,3,1,5,0,0,5,4,0,220,0,0,360,430,10,200,0,0,200,75,47,6,100000,19011099_LRL_2025-11-22_7
 ,19011099,Twisted Ride,PRX,2025-12-08,9,USA,AOC, ,6.5, ,6 1/2F,D,3,1,2,0,0,1,1,0,10,0,0,0,0,10,150,0,0,50,50,30,7,55000,19011099_PRX_2025-12-08_9
 ,22014529,Tyson's Delivery,PEN,2025-08-01,4,USA,SOC, ,8.32, ,1M 70Y,T,4,4,4,3,0,2,4,260,300,60,0,50,250,150,250,150,0,150,225,37,7,20000,22014529_PEN_2025-08-01_4
X,22014529,Tyson's Delivery,CNL,2025-08-23,6,USA,ALW, ,8.0, ,1M,T,3,2,4,5,0,5,6,50,150,260,0,600,750,50,50,350,0,150,25,547,10,90000,22014529_CNL_2025-08-23_6
X,22014529,Tyson's Delivery,LRL,2025-09-13,4,USA,SOC, ,8.5, ,1 1/16M,T,3,4,4,4,0,2,2,450,450,310,0,300,300,300,250,250,0,150,5,21,9,28040,22014529_LRL_2025-09-13_4
X,21019098,Uncle Cat,LRL,2025-10-24,7,USA,SOC, ,6.0, ,6F,D,7,1,2,0,0,2,2,0,300,0,0,300,225,10,10,0,0,200,325,67,9,41830,21019098_LRL_2025-10-24_7
X,21019098,Uncle Cat,LRL,2025-11-16,4,USA,SOC, ,5.5, ,5 1/2F,T,10,7,7,0,0,9,6,410,620,0,0,930,585,100,100,0,0,300,125,276,10,39555,21019098_LRL_2025-11-16_4
X,21019098,Uncle Cat,LRL,2025-11-27,7,USA,AOC, ,6.0, ,6F,D,4,7,7,0,0,8,8,620,910,0,0,1210,2400,250,10,0,0,0,0,42,8,55590,21019098_LRL_2025-11-27_7
X,21019098,Uncle Cat,LRL,2025-12-12,2,USA,SOC, ,8.5, ,1 1/16M,D,3,2,2,3,0,5,4,200,200,410,0,1150,3350,10,50,150,0,1500,1850,191,6,40885,21019098_LRL_2025-12-12_2
 ,21019874,Uncle Grey,LRL,2025-11-07,6,USA,ALW, ,5.5, ,5 1/2F,T,12,12,12,0,0,12,12,2420,2520,0,0,2030,1890,0,0,0,0,0,0,1567,12,53470,21019874_LRL_2025-11-07_6
X,21019874,Uncle Grey,LRL,2025-11-15,2,USA,SOC, ,7.0, ,7F,D,6,7,7,0,0,7,7,1120,1410,0,0,2100,2530,0,0,0,0,0,0,630,7,30950,21019874_LRL_2025-11-15_2
X,21019874,Uncle Grey,LRL,2025-11-30,2,USA,CLM, ,8.0, ,1M,D,5,6,5,7,0,7,7,670,810,1270,0,1570,2125,150,100,0,0,0,0,312,7,25200,21019874_LRL_2025-11-30_2
X,21019874,Uncle Grey,LRL,2025-12-21,4,USA,CLM, ,7.0, ,7F,D,6,4,5,0,0,6,5,550,520,0,0,910,1125,10,150,0,0,250,100,314,7,23550,21019874_LRL_2025-12-21_4
X,21019874,Uncle Grey,LRL,2026-01-09,1,USA,CLM, ,8.0, ,1M,D,3,9,9,8,0,8,7,480,660,730,0,1310,1385,0,0,50,0,400,275,563,9,25870,21019874_LRL_2026-01-09_1
X,21010871,Under the Rug,LRL,2025-12-26,7,USA,MSW, ,6.0, ,6F,D,2,8,8,0,0,8,8,1920,2030,0,0,2420,4475,0,0,0,0,0,0,686,8,49410,21010871_LRL_2025-12-26_7
 ,23007499,Unfaithful Rose,BTP,2025-09-12,4,USA,MSW, ,6.0, ,6F,D,2,1,2,0,0,2,2,0,10,0,0,100,300,100,300,0,0,700,1375,8,4,14000,23007499_BTP_2025-09-12_4
 ,23007499,Unfaithful Rose,MVR,2025-10-22,2,USA,MSW, ,5.5, ,5 1/2F,D,4,2,1,0,0,1,1,10,0,0,0,0,0,50,200,0,0,600,1200,14,7,24300,23007499_MVR_2025-10-22_2
X,23007499,Unfaithful Rose,FG ,2025-12-04,7,USA,AOC, ,6.0, ,6F,D,4,3,2,0,0,1,3,150,50,0,0,0,75,100,100,0,0,50,200,182,6,55000,23007499_FG_2025-12-04_7
X,19012602,Union Fleet,LRL,2025-05-31,8,USA,AOC, ,9.0, ,1 1/8M,D,7,4,5,5,0,4,7,760,820,460,0,550,1425,10,600,450,0,150,0,443,7,56300,19012602_LRL_2025-05-31_8
X,19012602,Union Fleet,LRL,2025-06-15,8,USA,AOC, ,7.0, ,7F,D,5,6,6,0,0,6,6,800,720,0,0,660,1250,0,0,0,0,0,0,266,6,58565,19012602_LRL_2025-06-15_8
X,19012602,Union Fleet,CNL,2025-08-02,2,USA,CLM, ,8.0, ,1M,D,3,4,4,4,0,4,4,250,510,800,0,1000,1150,0,0,0,0,0,0,28,4,36000,19012602_CNL_2025-08-02_2
X,21006938,Uniwinner,LRL,2025-09-14,2,USA,CLM, ,5.5, ,5 1/2F,D,2,4,3,0,0,3,2,570,650,0,0,300,50,400,50,0,0,200,175,35,7,24540,21006938_LRL_2025-09-14_2
X,21006938,Uniwinner,LRL,2025-10-04,8,USA,CLM, ,6.0, ,6F,D,1,3,3,0,0,3,2,250,160,0,0,160,75,50,50,0,0,300,300,34,7,24870,21006938_LRL_2025-10-04_8
X,21006938,Uniwinner,LRL,2025-11-14,1,USA,CLM, ,6.0, ,6F,D,7,3,1,0,0,1,1,60,0,0,0,0,0,50,50,0,0,150,300,29,9,23890,21006938_LRL_2025-11-14_1
X,20013447,Vamos Viejo,LRL,2025-10-12,7,USA,SOC, ,5.5, ,5 1/2F,T,2,8,7,0,0,6,4,510,410,0,0,760,350,50,200,0,0,300,75,107,9,30500,20013447_LRL_2025-10-12_7
X,20013447,Vamos Viejo,LRL,2025-10-26,9,USA,AOC, ,6.0, ,6F,T,9,6,10,0,0,10,10,310,980,0,0,1080,635,50,0,0,0,0,0,125,10,55000,20013447_LRL_2025-10-26_9
X,20013447,Vamos Viejo,LRL,2025-11-22,4,USA,SOC, ,5.5, ,5 1/2F,T,9,8,5,0,0,4,5,620,500,0,0,250,140,10,50,0,0,10,100,53,10,26740,20013447_LRL_2025-11-22_4
X,22003953,Vanilla Sundae,MTH,2025-05-18,6,USA,AOC, ,8.0, ,1M,D,6,7,8,6,0,5,5,370,460,460,0,950,1150,50,0,100,0,500,1100,23,8,55050,22003953_MTH_2025-05-18_6
X,22003953,Vanilla Sundae,MTH,2025-07-06,3,USA,AOC, ,8.0, ,1M,D,4,6,6,5,0,5,5,310,310,510,0,1050,1360,0,0,100,0,100,25,46,6,55000,22003953_MTH_2025-07-06_3
 ,22003953,Vanilla Sundae,PEN,2025-11-05,6,USA,ALW, ,8.32, ,1M 70Y,D,4,1,1,2,0,4,6,0,0,50,0,850,1680,100,200,10,0,200,0,16,6,35000,22003953_PEN_2025-11-05_6
X,22003953,Vanilla Sundae,LRL,2025-12-14,7,USA,ALW, ,7.0, ,7F,D,5,3,6,0,0,6,6,110,760,0,0,1560,3105,200,0,0,0,0,0,64,6,49735,22003953_LRL_2025-12-14_7
X,22003953,Vanilla Sundae,LRL,2025-12-28,6,USA,CLM, ,7.0, ,7F,D,2,4,4,0,0,2,1,310,450,0,0,300,0,50,100,0,0,150,50,18,9,24550,22003953_LRL_2025-12-28_6
X,23009522,Velocity Girl,CNL,2025-08-23,2,USA,MSW, ,6.0, ,6F,D,5,5,3,0,0,3,3,600,400,0,0,650,1100,300,50,0,0,10,125,129,9,70000,23009522_CNL_2025-08-23_2
X,23009522,Velocity Girl,LRL,2025-10-10,6,USA,MSW, ,7.0, ,7F,D,8,9,7,0,0,4,5,420,380,0,0,900,1310,100,100,0,0,10,25,201,12,50705,23009522_LRL_2025-10-10_6
X,23009522,Velocity Girl,LRL,2025-11-01,9,USA,MSW, ,8.0, ,1M,D,6,2,2,3,0,4,4,50,50,210,0,700,925,100,200,150,0,800,925,98,8,48705,23009522_LRL_2025-11-01_9
 ,22006914,Very Bad Guy,PRX,2024-12-30,3,USA,MSW, ,7.0, ,7F,D,5,3,5,0,0,5,5,60,370,0,0,1410,2675,100,100,0,0,600,975,39,7,50000,22006914_PRX_2024-12-30_3
 ,22006914,Very Bad Guy,PRX,2025-02-27,8,USA,MSW, ,6.5, ,6 1/2F,D,2,1,2,0,0,6,9,0,100,0,0,1250,2650,100,100,0,0,10,1200,127,10,50000,22006914_PRX_2025-02-27_8
 ,22006914,Very Bad Guy,PRX,2025-11-28,3,USA,MSW, ,6.5, ,6 1/2F,D,2,1,2,0,0,4,5,0,10,0,0,410,1000,100,200,0,0,400,850,56,7,50000,22006914_PRX_2025-11-28_3
 ,23011016,Very Volatile,DEL,2025-09-25,7,USA,MCL, ,6.0, ,6F,D,6,1,2,0,0,2,6,0,10,0,0,100,565,10,200,0,0,100,1800,7,7,28000,23011016_DEL_2025-09-25_7
X,23011016,Very Volatile,LRL,2025-11-29,3,USA,MSW, ,7.0, ,7F,D,8,2,1,0,0,1,1,10,0,0,0,0,0,400,100,0,0,500,250,24,9,48500,23011016_LRL_2025-11-29_3
X,23015509,Victory Music,GP ,2025-08-09,8,USA,STK, ,6.0, ,6F,D,5,2,3,0,0,2,4,50,60,0,0,200,505,150,150,0,0,50,475,33,7,75000,23015509_GP_2025-08-09_8
X,23015509,Victory Music,CD ,2025-11-09,8,USA,STR, ,6.0, ,6F,D,5,2,2,0,0,1,2,100,10,0,0,0,10,200,250,0,0,100,550,77,6,83000,23015509_CD_2025-11-09_8
X,23015509,Victory Music,OP ,2025-12-14,9,USA,STK, ,6.0, ,6F,D,2,7,6,0,0,3,3,470,180,0,0,300,500,300,250,0,0,10,250,70,9,135000,23015509_OP_2025-12-14_9
X,23006203,Vida,LRL,2025-10-25,9,USA,MSW, ,6.0, ,6F,D,1,1,3,0,0,5,6,0,60,0,0,310,875,50,50,0,0,200,350,350,9,46500,23006203_LRL_2025-10-25_9
X,23006203,Vida,LRL,2025-11-07,10,USA,MCL, ,5.5, ,5 1/2F,T,10,4,4,0,0,4,2,260,420,0,0,170,225,100,150,0,0,10,25,78,12,37050,23006203_LRL_2025-11-07_10
X,23006203,Vida,LRL,2025-11-28,9,USA,MCL, ,6.0, ,6F,D,6,2,2,0,0,3,3,10,200,0,0,160,875,10,10,0,0,600,50,28,7,31850,23006203_LRL_2025-11-28_9
X,23006203,Vida,LRL,2025-12-19,1,USA,MCL, ,5.5, ,5 1/2F,D,3,1,2,0,0,2,3,0,10,0,0,250,725,10,450,0,0,400,275,48,7,30950,23006203_LRL_2025-12-19_1
 ,23006203,Vida,CT ,2026-01-03,9,USA,MSW, ,6.5, ,6 1/2F,D,8,3,1,0,0,1,2,150,0,0,0,0,100,200,100,0,0,100,350,18,10,30600,23006203_CT_2026-01-03_9
 ,22018092,Vieux Carre,DEL,2025-10-09,8,USA,AOC, ,5.5, ,5 1/2F,D,7,7,7,0,0,7,3,760,570,0,0,520,250,0,0,0,0,0,175,52,7,47000,22018092_DEL_2025-10-09_8
X,22018092,Vieux Carre,LRL,2025-10-25,11,USA,AOC, ,7.0, ,7F,D,7,8,8,0,0,5,3,1710,1400,0,0,800,375,0,0,0,0,150,75,118,8,55590,22018092_LRL_2025-10-25_11
 ,22018092,Vieux Carre,PEN,2025-11-13,5,USA,AOC, ,8.0, ,1M,D,5,4,4,4,0,4,2,900,960,660,0,810,875,50,50,10,0,10,150,25,6,36000,22018092_PEN_2025-11-13_5
X,22018092,Vieux Carre,LRL,2025-12-19,8,USA,AOC, ,8.0, ,1M,D,3,8,8,8,0,5,3,1400,1760,970,0,750,10,0,0,0,0,10,275,211,8,55590,22018092_LRL_2025-12-19_8
X,23017237,Virginia Gentry,LRL,2025-12-05,5,USA,MSW, ,8.0, ,1M,D,7,7,6,5,0,5,5,820,330,180,0,320,710,0,10,100,0,500,1000,66,7,51730,23017237_LRL_2025-12-05_5
 ,19004932,Vodkatini,DEL,2025-10-18,10,USA,SOC, ,8.32, ,1M 70Y,D,4,6,6,6,0,6,4,570,520,510,0,760,800,100,300,10,0,100,150,46,9,20000,19004932_DEL_2025-10-18_10
X,19004932,Vodkatini,LRL,2025-11-15,6,USA,SOC, ,8.0, ,1M,T,8,5,4,5,0,10,10,450,350,400,0,1260,1150,10,50,50,0,0,0,691,10,26020,19004932_LRL_2025-11-15_6
X,19004932,Vodkatini,LRL,2025-11-30,3,USA,SOC, ,8.5, ,1 1/16M,D,7,7,7,7,0,6,6,800,850,1660,0,1510,2175,0,0,0,0,300,1200,178,7,29935,19004932_LRL_2025-11-30_3
 ,21003341,Waldrip,PEN,2025-10-22,7,USA,CLM, ,8.0, ,1M,D,1,2,5,5,0,2,1,10,300,370,0,150,0,150,100,250,0,150,10,22,8,18000,21003341_PEN_2025-10-22_7
X,21003341,Waldrip,LRL,2025-11-01,7,USA,SOC, ,8.0, ,1M,D,5,10,8,7,0,7,7,960,1210,1070,0,1110,750,0,300,300,0,250,925,27,10,26020,21003341_LRL_2025-11-01_7
 ,21003341,Waldrip,PRX,2025-11-28,4,USA,CLM, ,8.0, ,1M,D,6,2,2,2,0,2,2,100,10,100,0,150,125,50,50,50,0,200,325,25,7,24000,21003341_PRX_2025-11-28_4
X,21003341,Waldrip,LRL,2025-12-28,8,USA,CLM, ,9.0, ,1 1/8M,D,4,2,3,2,0,1,1,100,100,10,0,0,0,100,250,200,0,200,450,3,6,18410,21003341_LRL_2025-12-28_8
X,21010116,Wampy,LRL,2025-04-26,11,USA,CLM, ,5.5, ,5 1/2F,D,7,7,8,0,0,8,8,870,1220,0,0,2110,1675,150,0,0,0,0,0,102,8,25240,21010116_LRL_2025-04-26_11
 ,21010116,Wampy,DEL,2025-06-04,1,USA,CLM, ,5.5, ,5 1/2F,D,8,9,9,0,0,9,8,850,970,0,0,870,610,0,0,0,0,0,225,202,9,14000,21010116_DEL_2025-06-04_1
X,21010116,Wampy,LRL,2025-12-07,3,USA,CLM, ,6.0, ,6F,D,4,8,8,0,0,8,7,600,1310,0,0,1120,1455,0,0,0,0,0,125,210,8,24050,21010116_LRL_2025-12-07_3
X,23009832,Watch Me Sparkle,LRL,2025-10-31,3,USA,MCL, ,8.0, ,1M,D,4,8,7,3,0,3,2,720,620,300,0,360,75,0,100,100,0,300,650,107,8,33700,23009832_LRL_2025-10-31_3
X,23009832,Watch Me Sparkle,LRL,2025-12-07,8,USA,MCL, ,8.5, ,1 1/16M,D,2,3,4,4,0,1,2,200,200,160,0,0,0,10,400,600,0,100,275,13,7,42115,23009832_LRL_2025-12-07_8
X,21001404,Watch Out World,LRL,2025-10-18,8,USA,ALW, ,5.5, ,5 1/2F,T,7,4,4,0,0,6,9,250,460,0,0,810,730,150,100,0,0,10,1225,279,10,50000,21001404_LRL_2025-10-18_8
 ,21001404,Watch Out World,LRL,2025-11-07,6,USA,ALW, ,5.5, ,5 1/2F,T,3,8,8,0,0,7,4,810,810,0,0,380,155,10,100,0,0,50,125,537,12,53470,21001404_LRL_2025-11-07_6
X,21001404,Watch Out World,LRL,2025-11-15,9,USA,ALW, ,5.5, ,5 1/2F,T,5,5,7,0,0,7,8,350,510,0,0,660,660,10,50,0,0,10,0,74,8,49000,21001404_LRL_2025-11-15_9
X,19017925,Watch Your Tone,LRL,2025-09-19,9,USA,CLM, ,8.0, ,1M,D,3,3,3,3,0,1,1,210,300,100,0,0,0,10,50,150,0,50,300,52,8,19140,19017925_LRL_2025-09-19_9
X,19017925,Watch Your Tone,LRL,2025-10-31,10,USA,CLM, ,8.5, ,1 1/16M,D,7,3,3,5,0,5,7,150,250,910,0,2050,3375,10,350,600,0,200,0,22,7,19450,19017925_LRL_2025-10-31_10
X,19017925,Watch Your Tone,LRL,2025-11-27,5,USA,CLM, ,8.0, ,1M,D,9,3,3,3,0,2,2,60,60,160,0,450,775,100,50,150,0,100,350,85,9,21530,19017925_LRL_2025-11-27_5
X,21003278,Weekend Wife,LRL,2025-04-27,7,USA,ALW, ,8.0, ,1M,D,3,3,3,3,0,4,5,150,200,350,0,650,935,50,50,50,0,10,75,34,7,48300,21003278_LRL_2025-04-27_7
X,21003278,Weekend Wife,LRL,2025-09-19,7,USA,ALW, ,6.0, ,6F,D,1,7,8,0,0,8,7,550,1010,0,0,1450,1575,10,0,0,0,0,75,96,8,49000,21003278_LRL_2025-09-19_7
X,21003278,Weekend Wife,LRL,2025-11-14,9,USA,ALW, ,6.0, ,6F,D,4,6,6,0,0,6,7,610,510,0,0,910,1025,600,700,0,0,300,0,297,7,48500,21003278_LRL_2025-11-14_9
X,21003278,Weekend Wife,LRL,2025-12-12,1,USA,SOC, ,7.0, ,7F,D,8,6,5,0,0,5,5,510,810,0,0,600,750,100,50,0,0,200,150,20,8,27900,21003278_LRL_2025-12-12_1
X,21003278,Weekend Wife,LRL,2025-12-28,6,USA,CLM, ,7.0, ,7F,D,7,9,9,0,0,7,4,860,900,0,0,910,775,0,0,0,0,10,150,72,9,24550,21003278_LRL_2025-12-28_6
 ,18003479,What Does It Take,PRX,2025-06-02,5,USA,CLM, ,8.5, ,1 1/16M,D,3,2,3,4,0,4,5,100,310,360,0,900,1050,10,200,300,0,250,350,41,6,26000,18003479_PRX_2025-06-02_5
 ,18003479,What Does It Take,PEN,2025-11-05,2,USA,CLM, ,8.0, ,1M,D,6,1,1,1,0,1,1,0,0,0,0,0,0,50,150,150,0,300,425,31,9,13000,18003479_PEN_2025-11-05_2
 ,18003479,What Does It Take,PEN,2025-11-13,1,USA,CLM, ,8.32, ,1M 70Y,D,4,2,2,1,0,2,2,50,50,0,0,300,900,150,100,50,0,500,375,15,7,18000,18003479_PEN_2025-11-13_1
X,20004544,Whatsyourbigidea,LRL,2025-04-12,9,USA,CLM, ,7.0, ,7F,D,4,1,1,0,0,1,4,0,0,0,0,0,385,10,300,0,0,200,900,41,5,30000,20004544_LRL_2025-04-12_9
X,20004544,Whatsyourbigidea,LRL,2025-05-25,4,USA,CLM, ,6.0, ,6F,D,6,2,4,0,0,8,8,100,110,0,0,770,1250,10,10,0,0,0,0,48,8,27840,20004544_LRL_2025-05-25_4
X,20004544,Whatsyourbigidea,LRL,2025-06-14,5,USA,CLM, ,5.5, ,5 1/2F,D,3,6,6,0,0,6,6,420,420,0,0,910,1775,0,0,0,0,0,0,44,6,23520,20004544_LRL_2025-06-14_5
 ,22006714,Where's My Chew,DEL,2025-10-09,9,USA,CLM, ,6.0, ,6F,D,4,6,6,0,0,6,3,190,270,0,0,130,175,50,200,0,0,400,25,48,7,22000,22006714_DEL_2025-10-09_9
 ,22006714,Where's My Chew,PEN,2025-10-30,6,USA,SOC, ,8.32, ,1M 70Y,D,6,3,2,2,0,2,2,200,100,100,0,300,375,50,10,400,0,400,100,46,6,21000,22006714_PEN_2025-10-30_6
 ,22006714,Where's My Chew,PEN,2025-12-04,2,USA,SOC, ,8.0, ,1M,D,3,4,2,2,0,2,3,300,400,450,0,600,1000,50,50,250,0,50,100,13,6,21000,22006714_PEN_2025-12-04_2
X,22018492,Whiskey Brew,LRL,2025-09-21,9,USA,MCL, ,7.0, ,7F,D,5,4,6,0,0,7,7,700,860,0,0,1450,1900,100,100,0,0,0,0,165,7,34100,22018492_LRL_2025-09-21_9
X,22018492,Whiskey Brew,LRL,2025-11-08,10,USA,MCL, ,6.0, ,6F,D,3,7,7,0,0,6,5,520,670,0,0,820,1555,600,400,0,0,50,75,521,9,26200,22018492_LRL_2025-11-08_10
X,22018492,Whiskey Brew,LRL,2025-11-28,6,USA,MCL, ,8.0, ,1M,D,7,9,9,8,0,6,4,1370,1810,1260,0,1050,450,50,200,150,0,50,25,732,11,24560,22018492_LRL_2025-11-28_6
X,21003590,Whiskeyinthejaro,LRL,2025-10-11,6,USA,SHP, ,8.5, ,1 1/16M,T,3,9,10,9,0,8,1,870,960,1170,0,700,0,10,250,50,0,200,5,49,11,51000,21003590_LRL_2025-10-11_6
X,21003590,Whiskeyinthejaro,LRL,2025-11-16,9,USA,ALW, ,9.0, ,1 1/8M,T,2,8,9,9,0,8,6,910,870,1200,0,750,590,10,150,500,0,350,225,146,10,51000,21003590_LRL_2025-11-16_9
X,21003590,Whiskeyinthejaro,LRL,2025-12-06,7,USA,ALW, ,8.5, ,1 1/16M,D,1,8,8,6,0,6,6,2200,1950,1750,0,1450,3350,0,0,600,0,1500,1875,175,8,54410,21003590_LRL_2025-12-06_7
X,22000551,White Blue,LRL,2025-10-04,1,USA,SOC, ,8.5, ,1 1/16M,T,7,9,9,9,0,9,9,1120,1060,1080,0,1520,2285,0,0,0,0,0,0,151,9,25520,22000551_LRL_2025-10-04_1
X,22000551,White Blue,LRL,2025-11-16,6,USA,SOC, ,8.5, ,1 1/16M,T,2,7,9,10,0,10,10,850,810,1000,0,1130,830,50,100,0,0,0,0,812,10,26740,22000551_LRL_2025-11-16_6
X,22000551,White Blue,LRL,2025-11-30,2,USA,CLM, ,8.0, ,1M,D,3,5,6,6,0,6,5,570,910,1120,0,970,950,100,100,150,0,600,500,216,7,25200,22000551_LRL_2025-11-30_2
X,22000551,White Blue,LRL,2025-12-19,4,USA,CLM, ,8.5, ,1 1/16M,D,2,5,5,5,0,4,4,710,950,1250,0,800,1950,0,0,0,0,1500,0,205,5,22000,22000551_LRL_2025-12-19_4
 ,21004286,White Series,PEN,2025-08-22,6,USA,SOC, ,8.0, ,1M,D,3,2,2,2,0,1,1,400,300,50,0,0,0,250,250,600,0,150,300,23,5,21000,21004286_PEN_2025-08-22_6
 ,21004286,White Series,PEN,2025-09-18,3,USA,ALW, ,8.0, ,1M,D,4,4,4,5,0,4,4,350,400,460,0,700,900,200,10,500,0,300,75,47,8,35000,21004286_PEN_2025-09-18_3
 ,21004286,White Series,PEN,2025-11-28,8,USA,CLM, ,8.0, ,1M,D,6,2,2,2,0,2,3,10,50,50,0,100,210,100,100,150,0,100,150,242,9,22000,21004286_PEN_2025-11-28_8
X,22007775,Who Says So,LRL,2025-09-28,5,USA,CLM, ,6.0, ,6F,D,6,3,1,0,0,1,2,160,0,0,0,0,100,100,100,0,0,10,100,47,8,23720,22007775_LRL_2025-09-28_5
X,22007775,Who Says So,LRL,2025-10-31,2,USA,SOC, ,7.0, ,7F,D,3,1,2,0,0,3,4,0,10,0,0,300,950,10,350,0,0,400,125,15,6,26180,22007775_LRL_2025-10-31_2
X,22007775,Who Says So,LRL,2025-11-14,2,USA,CLM, ,5.5, ,5 1/2F,D,2,8,6,0,0,6,6,1400,1000,0,0,900,675,1500,10,0,0,50,475,33,9,23560,22007775_LRL_2025-11-14_2
X,22007775,Who Says So,LRL,2025-12-21,4,USA,CLM, ,7.0, ,7F,D,3,3,3,0,0,3,3,250,160,0,0,510,675,300,350,0,0,150,225,22,7,23550,22007775_LRL_2025-12-21_4
X,21004295,Who's the King,AQU,2025-11-07,8,USA,CLM, ,8.0, ,1M,D,8,5,5,4,0,4,6,360,310,110,0,250,850,400,550,50,0,150,225,42,9,43000,21004295_AQU_2025-11-07_8
X,21004295,Who's the King,AQU,2025-12-11,6,USA,STR, ,9.0, ,1 1/8M,D,2,1,1,1,0,4,5,0,0,0,0,70,355,50,50,50,0,250,475,225,9,65000,21004295_AQU_2025-12-11_6
X,21004295,Who's the King,AQU,2025-12-27,6,USA,CLM, ,8.0, ,1M,D,3,1,1,2,0,4,5,0,0,150,0,650,1200,50,10,10,0,50,100,39,9,43000,21004295_AQU_2025-12-27_6
 ,22010488,Why Not Grace,DEL,2025-08-09,4,USA,CLM, ,7.5,A,7 1/2F,T,1,3,6,0,0,6,8,160,380,0,0,470,785,50,100,0,0,50,0,276,8,21000,22010488_DEL_2025-08-09_4
X,22010488,Why Not Grace,LRL,2025-10-25,2,USA,CLM, ,8.5, ,1 1/16M,D,5,1,1,1,0,1,1,0,0,0,0,0,0,50,10,200,0,300,600,65,7,23220,22010488_LRL_2025-10-25_2
X,22010488,Why Not Grace,LRL,2025-12-07,5,USA,CLM, ,8.0, ,1M,D,5,4,2,3,0,4,5,350,100,60,0,410,1055,50,100,50,0,100,625,174,8,26030,22010488_LRL_2025-12-07_5
X,22010488,Why Not Grace,LRL,2025-12-26,3,USA,CLM, ,8.5, ,1 1/16M,D,1,3,4,5,0,3,3,300,300,220,0,300,625,10,10,200,0,200,375,106,6,24700,22010488_LRL_2025-12-26_3
X,22002682,Wickeddivine,LRL,2025-10-11,12,USA,STK, ,6.0, ,6F,D,4,4,5,0,0,7,7,260,610,0,0,1010,1325,10,150,0,0,10,5,277,8,100000,22002682_LRL_2025-10-11_12
X,22002682,Wickeddivine,LRL,2025-11-14,7,USA,ALW, ,6.0, ,6F,D,9,5,3,0,0,3,4,410,150,0,0,450,550,50,10,0,0,10,75,113,9,49500,22002682_LRL_2025-11-14_7
X,22002682,Wickeddivine,LRL,2025-11-30,4,USA,ALW, ,6.0, ,6F,D,1,1,4,0,0,4,2,0,500,0,0,360,125,10,10,0,0,350,25,150,6,48000,22002682_LRL_2025-11-30_4
X,22009217,Wiffleball,LRL,2025-10-05,2,USA,SOC, ,6.0, ,6F,D,5,1,1,0,0,2,2,0,0,0,0,150,625,50,10,0,0,600,200,5,6,30000,22009217_LRL_2025-10-05_2
 ,22009217,Wiffleball,PRX,2025-10-27,2,USA,SOC, ,6.0, ,6F,D,2,2,1,0,0,1,1,50,0,0,0,0,0,100,50,0,0,100,25,6,6,28000,22009217_PRX_2025-10-27_2
X,22009217,Wiffleball,LRL,2025-11-27,3,USA,SOC, ,5.5, ,5 1/2F,T,2,5,4,0,0,2,5,410,120,0,0,50,285,400,50,0,0,10,10,75,9,31500,22009217_LRL_2025-11-27_3
 ,23013139,Wild Warrior,DEL,2025-10-18,1,USA,MSW, ,8.0, ,1M,D,1,5,5,4,0,1,1,220,170,120,0,0,0,100,200,50,0,10,225,17,6,45000,23013139_DEL_2025-10-18_1
X,23013139,Wild Warrior,LRL,2025-11-02,9,USA,AOC, ,8.5, ,1 1/16M,D,5,6,5,4,0,3,3,660,520,700,0,650,525,800,50,550,0,10,25,8,7,50970,23013139_LRL_2025-11-02_9
X,23013139,Wild Warrior,LRL,2025-11-23,3,USA,AOC, ,8.0, ,1M,D,4,2,2,2,0,3,3,100,200,300,0,450,580,150,100,50,0,450,25,107,7,49500,23013139_LRL_2025-11-23_3
X,23013139,Wild Warrior,LRL,2025-12-14,2,USA,AOC, ,8.5, ,1 1/16M,D,4,2,2,1,0,1,1,200,50,0,0,0,0,500,450,10,0,50,275,15,4,49000,23013139_LRL_2025-12-14_2
X,23010240,Wildncrazyguy,CD ,2025-09-12,7,USA,ALW, ,6.0, ,6F,D,4,1,3,0,0,3,4,0,60,0,0,310,660,50,200,0,0,200,225,61,8,127000,23010240_CD_2025-09-12_7
X,23010240,Wildncrazyguy,LRL,2025-11-08,9,USA,STK, ,6.0, ,6F,D,4,8,10,0,0,10,9,870,1210,0,0,980,1460,100,0,0,0,0,425,383,10,100000,23010240_LRL_2025-11-08_9
 ,23010240,Wildncrazyguy,PEN,2025-11-26,5,USA,STK, ,6.0, ,6F,D,9,6,5,0,0,4,4,280,500,0,0,320,475,10,200,0,0,10,75,107,10,50000,23010240_PEN_2025-11-26_5
 ,22009002,Winning Trip,DEL,2025-09-25,1,USA,MCL, ,6.0, ,6F,D,1,5,4,0,0,4,1,320,360,0,0,120,0,0,500,0,0,700,300,41,5,24000,22009002_DEL_2025-09-25_1
X,22009002,Winning Trip,LRL,2025-11-15,2,USA,SOC, ,7.0, ,7F,D,7,2,2,0,0,1,1,100,100,0,0,0,0,300,200,0,0,50,5,57,7,30950,22009002_LRL_2025-11-15_2
X,22009002,Winning Trip,LRL,2025-11-27,9,USA,SOC, ,6.0, ,6F,D,6,2,1,0,0,1,1,50,0,0,0,0,0,150,100,0,0,250,400,56,6,30450,22009002_LRL_2025-11-27_9
X,22009002,Winning Trip,LRL,2025-12-20,2,USA,ALW, ,7.0, ,7F,D,1,2,1,0,0,1,2,100,0,0,0,0,125,200,10,0,0,150,175,39,7,53910,22009002_LRL_2025-12-20_2
 ,23012845,Won Ton,CT ,2025-10-25,5,USA,MSW, ,4.5, ,4 1/2F,D,6,4,0,0,0,2,1,260,0,0,0,10,0,200,0,0,0,10,400,15,8,30600,23012845_CT_2025-10-25_5
X,23012845,Won Ton,LRL,2025-12-27,1,USA,AOC, ,5.5, ,5 1/2F,D,2,3,3,0,0,2,1,260,250,0,0,150,0,10,10,0,0,10,50,46,7,49500,23012845_LRL_2025-12-27_1
X,19005959,Woodline,LRL,2025-09-12,4,USA,CLM, ,6.0, ,6F,D,4,2,2,0,0,3,4,100,10,0,0,210,430,50,50,0,0,250,625,17,5,18180,19005959_LRL_2025-09-12_4
X,19005959,Woodline,LRL,2025-10-31,6,USA,SOC, ,6.0, ,6F,D,5,3,3,0,0,3,5,210,200,0,0,200,505,100,100,0,0,100,200,255,8,27540,19005959_LRL_2025-10-31_6
X,19005959,Woodline,LRL,2025-11-21,2,USA,SOC, ,6.0, ,6F,D,4,8,9,0,0,9,9,1070,1200,0,0,1260,530,10,0,0,0,0,0,528,9,25520,19005959_LRL_2025-11-21_2
X,19005959,Woodline,LRL,2025-12-12,8,USA,CLM, ,6.0, ,6F,D,1,1,2,0,0,2,4,0,10,0,0,150,300,50,100,0,0,10,300,60,6,20700,19005959_LRL_2025-12-12_8
X,19005959,Woodline,LRL,2026-01-10,6,USA,CLM, ,6.0, ,6F,D,6,1,1,0,0,2,3,0,0,0,0,150,575,100,100,0,0,150,10,94,11,21180,19005959_LRL_2026-01-10_6
X,20008862,Worcester,BAQ,2025-05-04,9,USA,STK,3,8.0, ,1M,D,5,5,5,6,0,5,5,210,270,320,0,610,885,10,100,150,0,10,500,110,7,175000,20008862_BAQ_2025-05-04_9
X,20008862,Worcester,CNL,2025-07-26,9,USA,STK, ,7.0, ,7F,D,8,7,6,0,0,5,5,380,360,0,0,660,800,50,150,0,0,200,450,36,8,100000,20008862_CNL_2025-07-26_9
X,20008862,Worcester,LRL,2025-11-14,6,USA,AOC, ,8.0, ,1M,D,4,7,6,4,0,3,3,560,370,470,0,750,425,400,300,10,0,100,150,26,8,57000,20008862_LRL_2025-11-14_6
 ,21002490,Work Hard,DEL,2025-09-20,5,USA,CLM, ,8.0, ,1M,D,9,8,6,3,0,2,2,700,620,150,0,200,100,300,100,100,0,100,50,33,10,15000,21002490_DEL_2025-09-20_5
 ,21002490,Work Hard,DEL,2025-10-11,5,USA,CLM, ,8.32, ,1M 70Y,D,1,4,3,1,0,1,1,200,100,0,0,0,0,10,10,300,0,500,375,36,11,15000,21002490_DEL_2025-10-11_5
X,21002490,Work Hard,LRL,2025-12-06,5,USA,CLM, ,8.0, ,1M,D,7,7,5,3,0,2,2,800,500,210,0,400,275,10,100,50,0,10,225,24,9,23890,21002490_LRL_2025-12-06_5
X,21002490,Work Hard,LRL,2025-12-27,9,USA,CLM, ,8.5, ,1 1/16M,D,7,5,3,2,0,1,1,310,200,100,0,0,0,400,10,100,0,10,450,25,7,22560,21002490_LRL_2025-12-27_9
X,21002490,Work Hard,LRL,2026-01-16,8,USA,SOC, ,8.5, ,1 1/16M,D,3,8,7,4,0,3,1,810,650,510,0,100,0,0,10,10,0,150,200,56,8,25020,21002490_LRL_2026-01-16_8
X,23006656,Worker Bee,LRL,2025-10-26,6,USA,AOC, ,5.5, ,5 1/2F,D,1,6,7,0,0,7,4,800,1150,0,0,1250,850,150,0,0,0,0,150,40,7,50235,23006656_LRL_2025-10-26_6
X,23006656,Worker Bee,LRL,2025-11-21,4,USA,AOC, ,6.0, ,6F,D,3,1,1,0,0,1,1,0,0,0,0,0,0,10,50,0,0,250,150,26,7,53910,23006656_LRL_2025-11-21_4
X,23006656,Worker Bee,LRL,2025-12-06,6,USA,STK, ,7.0, ,7F,D,2,1,1,0,0,3,6,0,0,0,0,160,650,10,50,0,0,150,10,57,9,125000,23006656_LRL_2025-12-06_6
X,22018029,World On Fire,LRL,2025-10-19,4,USA,MCL, ,6.0, ,6F,D,8,5,4,0,0,1,1,960,410,0,0,0,0,150,300,0,0,10,150,110,8,25370,22018029_LRL_2025-10-19_4
X,22018029,World On Fire,LRL,2025-11-14,2,USA,CLM, ,5.5, ,5 1/2F,D,4,7,7,0,0,5,4,1000,1010,0,0,850,550,400,300,0,0,50,50,316,9,23560,22018029_LRL_2025-11-14_2
X,22018029,World On Fire,LRL,2025-11-30,1,USA,CLM, ,6.0, ,6F,D,2,4,4,0,0,4,2,710,700,0,0,310,225,50,50,0,0,200,375,152,6,22660,22018029_LRL_2025-11-30_1
X,21013073,Worries Unfounded,LRL,2024-11-17,1,USA,MCL, ,7.0, ,7F,D,7,2,1,0,0,2,3,10,0,0,0,150,1575,700,100,0,0,400,100,27,7,34290,21013073_LRL_2024-11-17_1
X,21013073,Worries Unfounded,LRL,2025-02-02,4,USA,MCL, ,5.5, ,5 1/2F,D,1,5,5,0,0,3,2,360,420,0,0,200,350,150,250,0,0,300,325,46,7,33450,21013073_LRL_2025-02-02_4
X,21013073,Worries Unfounded,LRL,2025-11-08,6,USA,MCL, ,5.5, ,5 1/2F,T,5,7,6,0,0,6,4,760,760,0,0,770,425,400,50,0,0,150,50,37,12,28100,21013073_LRL_2025-11-08_6
X,21013073,Worries Unfounded,LRL,2025-12-21,1,USA,MCL, ,5.5, ,5 1/2F,D,5,1,1,0,0,1,1,0,0,0,0,0,0,150,250,0,0,300,400,11,10,24720,21013073_LRL_2025-12-21_1
X,22006659,Wunderkind,CNL,2025-07-09,5,USA,MSW, ,5.5, ,5 1/2F,D,2,1,1,0,0,1,4,0,0,0,0,0,90,50,100,0,0,50,150,173,10,87500,22006659_CNL_2025-07-09_5
X,22006659,Wunderkind,CNL,2025-07-30,9,USA,MSW, ,5.5, ,5 1/2F,T,7,3,3,0,0,5,5,150,160,0,0,170,685,150,150,0,0,150,225,47,10,87500,22006659_CNL_2025-07-30_9
X,22006659,Wunderkind,CNL,2025-08-30,1,USA,MCL, ,5.0, ,5F,T,7,5,4,0,0,2,1,260,250,0,0,300,0,10,50,0,0,10,25,38,8,56000,22006659_CNL_2025-08-30_1
 ,21014741,Wyoming Class,DEL,2025-08-20,4,USA,MSW, ,8.0, ,1M,D,7,6,7,4,0,4,2,450,610,500,0,450,250,100,0,100,0,50,375,37,7,45000,21014741_DEL_2025-08-20_4
 ,21014741,Wyoming Class,DEL,2025-09-28,5,USA,MSW, ,8.5, ,1 1/16M,D,2,8,8,5,0,1,1,920,800,220,0,0,0,0,0,10,0,100,225,22,8,70000,21014741_DEL_2025-09-28_5
 ,21014741,Wyoming Class,PEN,2025-11-12,5,USA,ALW, ,8.32, ,1M 70Y,D,3,9,9,8,0,6,5,1260,1010,860,0,460,400,0,0,10,0,200,75,14,9,35000,21014741_PEN_2025-11-12_5
 ,20002596,Xcellent Start,CT ,2025-08-22,13,USA,STK, ,7.0, ,7F,D,4,9,10,0,0,7,6,680,1160,0,0,1460,1050,200,0,0,0,50,750,153,10,75000,20002596_CT_2025-08-22_13
 ,20002596,Xcellent Start,CT ,2025-10-11,9,USA,STK, ,9.0, ,1 1/8M,D,5,9,9,8,0,6,3,1000,1310,530,0,1160,1525,400,800,50,0,50,250,137,10,300000,20002596_CT_2025-10-11_9
 ,20002596,Xcellent Start,CT ,2025-11-15,7,USA,STK, ,9.0, ,1 1/8M,D,2,8,8,7,0,4,2,1210,1310,760,0,900,550,200,100,10,0,10,450,106,10,75000,20002596_CT_2025-11-15_7
X,20002596,Xcellent Start,LRL,2025-12-21,7,USA,AOC, ,8.0, ,1M,D,5,7,8,8,0,7,5,460,1010,1000,0,1110,700,10,0,0,0,500,175,167,8,54000,20002596_LRL_2025-12-21_7
 ,23013929,Yes Picnic,PRX,2025-11-19,7,USA,MCL, ,6.0, ,6F,D,5,4,3,0,0,1,1,110,110,0,0,0,0,50,50,0,0,10,75,14,7,32000,23013929_PRX_2025-11-19_7
 ,21017703,Yumyum Eat Em Up,DEL,2025-10-04,8,USA,SOC, ,6.0, ,6F,D,7,6,4,0,0,5,5,370,70,0,0,320,810,0,100,0,0,300,1950,101,7,29000,21017703_DEL_2025-10-04_8
 ,21017703,Yumyum Eat Em Up,DEL,2025-10-18,7,USA,SOC, ,6.0, ,6F,D,1,3,5,0,0,5,4,150,500,0,0,600,1000,100,0,0,0,0,275,60,5,20000,21017703_DEL_2025-10-18_7
X,21017703,Yumyum Eat Em Up,LRL,2025-12-05,8,USA,CLM, ,6.0, ,6F,D,1,7,6,0,0,6,6,1400,1400,0,0,1300,1325,0,150,0,0,100,25,54,7,19450,21017703_LRL_2025-12-05_8
X,21017703,Yumyum Eat Em Up,LRL,2025-12-19,5,USA,CLM, ,5.5, ,5 1/2F,D,5,6,6,0,0,6,3,1400,1300,0,0,1250,650,200,400,0,0,800,25,65,7,18640,21017703_LRL_2025-12-19_5
 ,21017703,Yumyum Eat Em Up,PRX,2025-12-30,1,USA,CLM, ,6.0, ,6F,D,7,8,5,0,0,5,6,570,460,0,0,460,630,400,50,0,0,50,225,238,9,20000,21017703_PRX_2025-12-30_1
X,21017703,Yumyum Eat Em Up,LRL,2026-01-09,5,USA,CLM, ,6.0, ,6F,D,6,7,6,0,0,6,5,520,660,0,0,760,875,10,10,0,0,100,50,66,9,19910,21017703_LRL_2026-01-09_5
X,22003234,Zen Dreams,CBY,2025-08-31,1,USA,MSW, ,8.0, ,1M,T,2,4,4,4,0,2,2,550,700,550,0,300,200,100,150,600,0,200,500,60,5,23000,22003234_CBY_2025-08-31_1
X,22003234,Zen Dreams,KEE,2025-10-19,2,USA,MCL, ,7.0, ,7F,D,10,7,7,0,0,4,4,650,660,0,0,310,250,100,450,0,0,50,150,189,11,48000,22003234_KEE_2025-10-19_2
X,22003234,Zen Dreams,LRL,2025-12-06,9,USA,MCL, ,7.0, ,7F,D,3,7,7,0,0,5,4,960,1510,0,0,760,175,0,0,0,0,150,350,6,7,31850,22003234_LRL_2025-12-06_9
X,23006308,Zencat,LRL,2025-10-17,7,USA,MSW, ,5.5, ,5 1/2F,T,10,4,3,0,0,4,5,160,160,0,0,350,335,150,50,0,0,50,5,140,10,50410,23006308_LRL_2025-10-17_7
X,23006308,Zencat,LRL,2025-11-09,1,USA,MSW, ,8.5, ,1 1/16M,T,2,1,1,1,0,3,2,0,0,0,0,160,200,100,50,10,0,200,75,235,11,51615,23006308_LRL_2025-11-09_1
X,22009565,Zeta Jones,LRL,2025-10-18,10,USA,MSW, ,5.5, ,5 1/2F,T,4,4,3,0,0,7,10,310,350,0,0,1220,1460,50,50,0,0,200,0,139,10,49000,22009565_LRL_2025-10-18_10
X,22009565,Zeta Jones,LRL,2025-11-21,3,USA,MCL, ,8.0, ,1M,T,4,4,3,5,0,6,5,200,210,410,0,360,225,150,10,50,0,100,150,140,10,32900,22009565_LRL_2025-11-21_3
X,22009565,Zeta Jones,LRL,2025-12-06,9,USA,MCL, ,7.0, ,7F,D,2,6,5,0,0,4,5,560,860,0,0,560,525,400,100,0,0,200,875,153,7,31850,22009565_LRL_2025-12-06_9
X,22019251,Zio Lino,LRL,2025-02-21,1,USA,MCL, ,6.0, ,6F,D,7,1,1,0,0,1,2,0,0,0,0,0,10,150,10,0,0,250,225,79,7,29810,22019251_LRL_2025-02-21_1
X,22019251,Zio Lino,CNL,2025-03-13,8,USA,MSW, ,6.0, ,6F,D,1,1,1,0,0,3,3,0,0,0,0,150,475,50,10,0,0,500,150,27,7,93750,22019251_CNL_2025-03-13_8
X,22019251,Zio Lino,LRL,2025-04-25,8,USA,MCL, ,6.0, ,6F,D,4,5,5,0,0,8,10,370,750,0,0,1010,1125,50,10,0,0,150,575,145,11,48035,22019251_LRL_2025-04-25_8
X,22019251,Zio Lino,LRL,2025-12-21,5,USA,MCL, ,6.0, ,6F,D,4,1,2,0,0,3,6,0,10,0,0,260,1025,10,100,0,0,100,25,41,7,30500,22019251_LRL_2025-12-21_5
