starter_id,target_race_id,track_id,race_date,race_number,distance,distance_id,surface,race_type,purse,registration_number,horse_name,post_position,official_position,field_size,finish_score,is_winner,is_top3,split
LRL_2025-12-12_1_22010064,LRL_2025-12-12_1,LRL,2025-12-12,1,7F,7.0,D,SOC,27900,22010064,Buckin' Right,1,2,8,0.8571428571428572,0,1,train
LRL_2025-12-12_1_22011846,LRL_2025-12-12_1,LRL,2025-12-12,1,7F,7.0,D,SOC,27900,22011846,Rehoboth Avenue,2,4,8,0.5714285714285714,0,0,train
LRL_2025-12-12_1_21017739,LRL_2025-12-12_1,LRL,2025-12-12,1,7F,7.0,D,SOC,27900,21017739,Sippin' Time,3,8,8,0.0,0,0,train
LRL_2025-12-12_1_19002714,LRL_2025-12-12_1,LRL,2025-12-12,1,7F,7.0,D,SOC,27900,19002714,Mischief Motion,4,7,8,0.1428571428571429,0,0,train
LRL_2025-12-12_1_22004844,LRL_2025-12-12_1,LRL,2025-12-12,1,7F,7.0,D,SOC,27900,22004844,Over My Cents,5,6,8,0.2857142857142857,0,0,train
LRL_2025-12-12_1_22002156,LRL_2025-12-12_1,LRL,2025-12-12,1,7F,7.0,D,SOC,27900,22002156,Mun Mun Can Run,6,3,8,0.7142857142857143,0,1,train
LRL_2025-12-12_1_22004645,LRL_2025-12-12_1,LRL,2025-12-12,1,7F,7.0,D,SOC,27900,22004645,Bourbon N Lace,7,1,8,1.0,1,1,train
LRL_2025-12-12_1_21003278,LRL_2025-12-12_1,LRL,2025-12-12,1,7F,7.0,D,SOC,27900,21003278,Weekend Wife,8,5,8,0.4285714285714286,0,0,train
LRL_2025-12-12_2_20020224,LRL_2025-12-12_2,LRL,2025-12-12,2,1 1/16M,8.5,D,SOC,40885,20020224,Mosler Time,1,3,5,0.5,0,1,train
LRL_2025-12-12_2_20016574,LRL_2025-12-12_2,LRL,2025-12-12,2,1 1/16M,8.5,D,SOC,40885,20016574,Feeling Woozy,2,1,5,1.0,1,1,train
LRL_2025-12-12_2_21019098,LRL_2025-12-12_2,LRL,2025-12-12,2,1 1/16M,8.5,D,SOC,40885,21019098,Uncle Cat,3,4,5,0.25,0,0,train
LRL_2025-12-12_2_19010909,LRL_2025-12-12_2,LRL,2025-12-12,2,1 1/16M,8.5,D,SOC,40885,19010909,Tops the Chart,4,2,5,0.75,0,1,train
LRL_2025-12-12_2_21001404,LRL_2025-12-12_2,LRL,2025-12-12,2,1 1/16M,8.5,D,SOC,40885,21001404,Watch Out World,5,5,5,0.0,0,0,train
LRL_2025-12-12_3_21007178,LRL_2025-12-12_3,LRL,2025-12-12,3,6F,6.0,D,SOC,30450,21007178,Stress Reliever,1,2,6,0.8,0,1,train
LRL_2025-12-12_3_21000940,LRL_2025-12-12_3,LRL,2025-12-12,3,6F,6.0,D,SOC,30450,21000940,Gourmet,2,4,6,0.4,0,0,train
LRL_2025-12-12_3_22006185,LRL_2025-12-12_3,LRL,2025-12-12,3,6F,6.0,D,SOC,30450,22006185,She's a Bombshell,3,5,6,0.19999999999999996,0,0,train
LRL_2025-12-12_3_22005270,LRL_2025-12-12_3,LRL,2025-12-12,3,6F,6.0,D,SOC,30450,22005270,Boutwell Time,4,1,6,1.0,1,1,train
LRL_2025-12-12_3_22002084,LRL_2025-12-12_3,LRL,2025-12-12,3,6F,6.0,D,SOC,30450,22002084,Don't Fool With Me,5,6,6,0.0,0,0,train
LRL_2025-12-12_3_21010411,LRL_2025-12-12_3,LRL,2025-12-12,3,6F,6.0,D,SOC,30450,21010411,Anita Beer,6,3,6,0.6,0,1,train
LRL_2025-12-12_4_23018806,LRL_2025-12-12_4,LRL,2025-12-12,4,6F,6.0,D,AOC,53165,23018806,Bonsai Warrior,1,5,5,0.0,0,0,train
LRL_2025-12-12_4_23001383,LRL_2025-12-12_4,LRL,2025-12-12,4,6F,6.0,D,AOC,53165,23001383,Spidey Man,2,1,5,1.0,1,1,train
LRL_2025-12-12_4_23002714,LRL_2025-12-12_4,LRL,2025-12-12,4,6F,6.0,D,AOC,53165,23002714,Lundi Loot,3,3,5,0.5,0,1,train
LRL_2025-12-12_4_23008967,LRL_2025-12-12_4,LRL,2025-12-12,4,6F,6.0,D,AOC,53165,23008967,Ihaveanappforthat,4,2,5,0.75,0,1,train
LRL_2025-12-12_4_23010766,LRL_2025-12-12_4,LRL,2025-12-12,4,6F,6.0,D,AOC,53165,23010766,Prince of Darkness,5,4,5,0.25,0,0,train
LRL_2025-12-12_5_23006689,LRL_2025-12-12_5,LRL,2025-12-12,5,7F,7.0,D,MSW,51700,23006689,Truly Thrilling,1,5,5,0.0,0,0,train
LRL_2025-12-12_5_23014050,LRL_2025-12-12_5,LRL,2025-12-12,5,7F,7.0,D,MSW,51700,23014050,Celtic Harp,2,1,5,1.0,1,1,train
LRL_2025-12-12_5_23014066,LRL_2025-12-12_5,LRL,2025-12-12,5,7F,7.0,D,MSW,51700,23014066,Clearly Sophia,3,4,5,0.25,0,0,train
LRL_2025-12-12_5_23016859,LRL_2025-12-12_5,LRL,2025-12-12,5,7F,7.0,D,MSW,51700,23016859,Kiss Me Mo,4,3,5,0.5,0,1,train
LRL_2025-12-12_5_23000688,LRL_2025-12-12_5,LRL,2025-12-12,5,7F,7.0,D,MSW,51700,23000688,Juniper's Jubilee,5,2,5,0.75,0,1,train
LRL_2025-12-12_6_20001085,LRL_2025-12-12_6,LRL,2025-12-12,6,7F,7.0,D,SOC,25020,20001085,Jolly by Golly,1,2,8,0.8571428571428572,0,1,train
LRL_2025-12-12_6_F0047121,LRL_2025-12-12_6,LRL,2025-12-12,6,7F,7.0,D,SOC,25020,F0047121,Masen (GB),2,8,8,0.0,0,0,train
LRL_2025-12-12_6_19008473,LRL_2025-12-12_6,LRL,2025-12-12,6,7F,7.0,D,SOC,25020,19008473,Hatch,3,6,8,0.2857142857142857,0,0,train
LRL_2025-12-12_6_17020018,LRL_2025-12-12_6,LRL,2025-12-12,6,7F,7.0,D,SOC,25020,17020018,Self Taught,4,3,8,0.7142857142857143,0,1,train
LRL_2025-12-12_6_21019628,LRL_2025-12-12_6,LRL,2025-12-12,6,7F,7.0,D,SOC,25020,21019628,El Divino Nino,5,4,8,0.5714285714285714,0,0,train
LRL_2025-12-12_6_18015442,LRL_2025-12-12_6,LRL,2025-12-12,6,7F,7.0,D,SOC,25020,18015442,Magic Spin,6,5,8,0.4285714285714286,0,0,train
LRL_2025-12-12_6_19009621,LRL_2025-12-12_6,LRL,2025-12-12,6,7F,7.0,D,SOC,25020,19009621,Brother Conway,7,1,8,1.0,1,1,train
LRL_2025-12-12_6_22006543,LRL_2025-12-12_6,LRL,2025-12-12,6,7F,7.0,D,SOC,25020,22006543,Let's Have a Party,8,7,8,0.1428571428571429,0,0,train
LRL_2025-12-12_7_21008503,LRL_2025-12-12_7,LRL,2025-12-12,7,1M,8.0,D,ALW,48000,21008503,Concrete Faze,1,1,5,1.0,1,1,train
LRL_2025-12-12_7_21000753,LRL_2025-12-12_7,LRL,2025-12-12,7,1M,8.0,D,ALW,48000,21000753,Princess Lucia,2,3,5,0.5,0,1,train
LRL_2025-12-12_7_21010064,LRL_2025-12-12_7,LRL,2025-12-12,7,1M,8.0,D,ALW,48000,21010064,Society Ball,3,5,5,0.0,0,0,train
LRL_2025-12-12_7_22008993,LRL_2025-12-12_7,LRL,2025-12-12,7,1M,8.0,D,ALW,48000,22008993,Nancy Mary,4,2,5,0.75,0,1,train
LRL_2025-12-12_7_21003964,LRL_2025-12-12_7,LRL,2025-12-12,7,1M,8.0,D,ALW,48000,21003964,Juniper Juice,5,4,5,0.25,0,0,train
LRL_2025-12-12_8_19005959,LRL_2025-12-12_8,LRL,2025-12-12,8,6F,6.0,D,CLM,20700,19005959,Woodline,1,4,6,0.4,0,0,train
LRL_2025-12-12_8_22006170,LRL_2025-12-12_8,LRL,2025-12-12,8,6F,6.0,D,CLM,20700,22006170,Probale Ten,2,6,6,0.0,0,0,train
LRL_2025-12-12_8_20013127,LRL_2025-12-12_8,LRL,2025-12-12,8,6F,6.0,D,CLM,20700,20013127,The Heights,3,3,6,0.6,0,1,train
LRL_2025-12-12_8_19011495,LRL_2025-12-12_8,LRL,2025-12-12,8,6F,6.0,D,CLM,20700,19011495,Daufuskie Island,4,5,6,0.19999999999999996,0,0,train
LRL_2025-12-12_8_18001931,LRL_2025-12-12_8,LRL,2025-12-12,8,6F,6.0,D,CLM,20700,18001931,The Wolfman,5,2,6,0.8,0,1,train
LRL_2025-12-12_8_19017159,LRL_2025-12-12_8,LRL,2025-12-12,8,6F,6.0,D,CLM,20700,19017159,Pudge Boy Palace,6,1,6,1.0,1,1,train
LRL_2025-12-13_1_22016308,LRL_2025-12-13_1,LRL,2025-12-13,1,7F,7.0,D,SOC,33150,22016308,Straight to Water,1,1,6,1.0,1,1,train
LRL_2025-12-13_1_22001273,LRL_2025-12-13_1,LRL,2025-12-13,1,7F,7.0,D,SOC,33150,22001273,Tiny Lake,2,6,6,0.0,0,0,train
LRL_2025-12-13_1_20002819,LRL_2025-12-13_1,LRL,2025-12-13,1,7F,7.0,D,SOC,33150,20002819,Chance,3,2,6,0.8,0,1,train
LRL_2025-12-13_1_22003166,LRL_2025-12-13_1,LRL,2025-12-13,1,7F,7.0,D,SOC,33150,22003166,Speedy Alex,4,5,6,0.19999999999999996,0,0,train
LRL_2025-12-13_1_21018249,LRL_2025-12-13_1,LRL,2025-12-13,1,7F,7.0,D,SOC,33150,21018249,Shadow Surge,5,4,6,0.4,0,0,train
LRL_2025-12-13_1_22004675,LRL_2025-12-13_1,LRL,2025-12-13,1,7F,7.0,D,SOC,33150,22004675,Schrader,6,3,6,0.6,0,1,train
LRL_2025-12-13_2_16012148,LRL_2025-12-13_2,LRL,2025-12-13,2,1 1/8M,9.0,D,SOC,24000,16012148,Bold Endeavor,1,2,5,0.75,0,1,train
LRL_2025-12-13_2_18003394,LRL_2025-12-13_2,LRL,2025-12-13,2,1 1/8M,9.0,D,SOC,24000,18003394,Fan Club,2,1,5,1.0,1,1,train
LRL_2025-12-13_2_20003449,LRL_2025-12-13_2,LRL,2025-12-13,2,1 1/8M,9.0,D,SOC,24000,20003449,Master of None,3,4,5,0.25,0,0,train
LRL_2025-12-13_2_21004220,LRL_2025-12-13_2,LRL,2025-12-13,2,1 1/8M,9.0,D,SOC,24000,21004220,Masakado,4,3,5,0.5,0,1,train
LRL_2025-12-13_2_19012610,LRL_2025-12-13_2,LRL,2025-12-13,2,1 1/8M,9.0,D,SOC,24000,19012610,Catatumbo,5,5,5,0.0,0,0,train
LRL_2025-12-13_3_22010453,LRL_2025-12-13_3,LRL,2025-12-13,3,5 1/2F,5.5,D,CLM,24700,22010453,Lost River,1,3,6,0.6,0,1,train
LRL_2025-12-13_3_22010143,LRL_2025-12-13_3,LRL,2025-12-13,3,5 1/2F,5.5,D,CLM,24700,22010143,Infastuation,2,6,6,0.0,0,0,train
LRL_2025-12-13_3_21008555,LRL_2025-12-13_3,LRL,2025-12-13,3,5 1/2F,5.5,D,CLM,24700,21008555,Feelin So Lucky,3,5,6,0.19999999999999996,0,0,train
LRL_2025-12-13_3_22016324,LRL_2025-12-13_3,LRL,2025-12-13,3,5 1/2F,5.5,D,CLM,24700,22016324,Bugged Out,4,4,6,0.4,0,0,train
LRL_2025-12-13_3_22008315,LRL_2025-12-13_3,LRL,2025-12-13,3,5 1/2F,5.5,D,CLM,24700,22008315,On a Proud Note,5,1,6,1.0,1,1,train
LRL_2025-12-13_3_21004579,LRL_2025-12-13_3,LRL,2025-12-13,3,5 1/2F,5.5,D,CLM,24700,21004579,Bond's Belle,6,2,6,0.8,0,1,train
LRL_2025-12-13_4_23005429,LRL_2025-12-13_4,LRL,2025-12-13,4,1M,8.0,D,MCL,30450,23005429,Paid Vacation,1,5,6,0.19999999999999996,0,0,train
LRL_2025-12-13_4_23005168,LRL_2025-12-13_4,LRL,2025-12-13,4,1M,8.0,D,MCL,30450,23005168,Greyline Station,2,2,6,0.8,0,1,train
LRL_2025-12-13_4_23017715,LRL_2025-12-13_4,LRL,2025-12-13,4,1M,8.0,D,MCL,30450,23017715,Lino's Fire,3,1,6,1.0,1,1,train
LRL_2025-12-13_4_23004415,LRL_2025-12-13_4,LRL,2025-12-13,4,1M,8.0,D,MCL,30450,23004415,Tiz the Great,4,6,6,0.0,0,0,train
LRL_2025-12-13_4_23014784,LRL_2025-12-13_4,LRL,2025-12-13,4,1M,8.0,D,MCL,30450,23014784,Finny,5,3,6,0.6,0,1,train
LRL_2025-12-13_4_23014465,LRL_2025-12-13_4,LRL,2025-12-13,4,1M,8.0,D,MCL,30450,23014465,Master Schemer,6,4,6,0.4,0,0,train
LRL_2025-12-13_5_23005943,LRL_2025-12-13_5,LRL,2025-12-13,5,1M,8.0,D,CLM,45300,23005943,Golden Sand,1,2,7,0.8333333333333334,0,1,train
LRL_2025-12-13_5_23016365,LRL_2025-12-13_5,LRL,2025-12-13,5,1M,8.0,D,CLM,45300,23016365,Dancing Denae,2,5,7,0.33333333333333337,0,0,train
LRL_2025-12-13_5_23009922,LRL_2025-12-13_5,LRL,2025-12-13,5,1M,8.0,D,CLM,45300,23009922,Our Day Will Come,3,1,7,1.0,1,1,train
LRL_2025-12-13_5_23019191,LRL_2025-12-13_5,LRL,2025-12-13,5,1M,8.0,D,CLM,45300,23019191,Palacios,4,3,7,0.6666666666666667,0,1,train
LRL_2025-12-13_5_23014975,LRL_2025-12-13_5,LRL,2025-12-13,5,1M,8.0,D,CLM,45300,23014975,Mister Roscoe,5,6,7,0.16666666666666663,0,0,train
LRL_2025-12-13_5_23014565,LRL_2025-12-13_5,LRL,2025-12-13,5,1M,8.0,D,CLM,45300,23014565,Feels So Right,6,4,7,0.5,0,0,train
LRL_2025-12-13_5_23005166,LRL_2025-12-13_5,LRL,2025-12-13,5,1M,8.0,D,CLM,45300,23005166,Fowl Mouth,7,7,7,0.0,0,0,train
LRL_2025-12-13_6_22002577,LRL_2025-12-13_6,LRL,2025-12-13,6,6F,6.0,D,SOC,27760,22002577,Breezing Up,1,6,7,0.16666666666666663,0,0,train
LRL_2025-12-13_6_21004771,LRL_2025-12-13_6,LRL,2025-12-13,6,6F,6.0,D,SOC,27760,21004771,Happy Jaunt,2,7,7,0.0,0,0,train
LRL_2025-12-13_6_22008047,LRL_2025-12-13_6,LRL,2025-12-13,6,6F,6.0,D,SOC,27760,22008047,Summer Vibes,3,4,7,0.5,0,0,train
LRL_2025-12-13_6_21016438,LRL_2025-12-13_6,LRL,2025-12-13,6,6F,6.0,D,SOC,27760,21016438,Rapidity,4,5,7,0.33333333333333337,0,0,train
LRL_2025-12-13_6_22004627,LRL_2025-12-13_6,LRL,2025-12-13,6,6F,6.0,D,SOC,27760,22004627,Just for the Money,5,3,7,0.6666666666666667,0,1,train
LRL_2025-12-13_6_22015100,LRL_2025-12-13_6,LRL,2025-12-13,6,6F,6.0,D,SOC,27760,22015100,Do It for Michael,6,2,7,0.8333333333333334,0,1,train
LRL_2025-12-13_6_22006485,LRL_2025-12-13_6,LRL,2025-12-13,6,6F,6.0,D,SOC,27760,22006485,Fear Nothing,7,1,7,1.0,1,1,train
LRL_2025-12-13_7_20016522,LRL_2025-12-13_7,LRL,2025-12-13,7,6F,6.0,D,AOC,53795,20016522,On the Mark,1,1,6,1.0,1,1,train
LRL_2025-12-13_7_20007029,LRL_2025-12-13_7,LRL,2025-12-13,7,6F,6.0,D,AOC,53795,20007029,Sheriff Ronnie,2,4,6,0.4,0,0,train
LRL_2025-12-13_7_20013954,LRL_2025-12-13_7,LRL,2025-12-13,7,6F,6.0,D,AOC,53795,20013954,Cattivo Ragazzo,3,3,6,0.6,0,1,train
LRL_2025-12-13_7_18005570,LRL_2025-12-13_7,LRL,2025-12-13,7,6F,6.0,D,AOC,53795,18005570,Tenebris,4,2,6,0.8,0,1,train
LRL_2025-12-13_7_18007346,LRL_2025-12-13_7,LRL,2025-12-13,7,6F,6.0,D,AOC,53795,18007346,Manor House,5,6,6,0.0,0,0,train
LRL_2025-12-13_7_17007087,LRL_2025-12-13_7,LRL,2025-12-13,7,6F,6.0,D,AOC,53795,17007087,Magic Mule,6,5,6,0.19999999999999996,0,0,train
LRL_2025-12-13_8_22016072,LRL_2025-12-13_8,LRL,2025-12-13,8,1M,8.0,D,ALW,48000,22016072,Hot Rod Kitty,1,6,6,0.0,0,0,train
LRL_2025-12-13_8_21008850,LRL_2025-12-13_8,LRL,2025-12-13,8,1M,8.0,D,ALW,48000,21008850,In the Dance,2,1,6,1.0,1,1,train
LRL_2025-12-13_8_22019160,LRL_2025-12-13_8,LRL,2025-12-13,8,1M,8.0,D,ALW,48000,22019160,All the Hardways,3,5,6,0.19999999999999996,0,0,train
LRL_2025-12-13_8_19010610,LRL_2025-12-13_8,LRL,2025-12-13,8,1M,8.0,D,ALW,48000,19010610,Carvellian Quest,4,4,6,0.4,0,0,train
LRL_2025-12-13_8_22000284,LRL_2025-12-13_8,LRL,2025-12-13,8,1M,8.0,D,ALW,48000,22000284,Crab Daddy,5,2,6,0.8,0,1,train
LRL_2025-12-13_8_21010862,LRL_2025-12-13_8,LRL,2025-12-13,8,1M,8.0,D,ALW,48000,21010862,Formal Affair,6,3,6,0.6,0,1,train
LRL_2025-12-13_9_23004937,LRL_2025-12-13_9,LRL,2025-12-13,9,6F,6.0,D,CLM,34550,23004937,Holy Storm,1,3,7,0.6666666666666667,0,1,train
LRL_2025-12-13_9_23011140,LRL_2025-12-13_9,LRL,2025-12-13,9,6F,6.0,D,CLM,34550,23011140,Shenadoah Sunrise,2,4,7,0.5,0,0,train
LRL_2025-12-13_9_23007699,LRL_2025-12-13_9,LRL,2025-12-13,9,6F,6.0,D,CLM,34550,23007699,Kuaga,3,2,7,0.8333333333333334,0,1,train
LRL_2025-12-13_9_23012905,LRL_2025-12-13_9,LRL,2025-12-13,9,6F,6.0,D,CLM,34550,23012905,Last Gift,4,7,7,0.0,0,0,train
LRL_2025-12-13_9_23005659,LRL_2025-12-13_9,LRL,2025-12-13,9,6F,6.0,D,CLM,34550,23005659,Diamond N Dress,5,5,7,0.33333333333333337,0,0,train
LRL_2025-12-13_9_23016039,LRL_2025-12-13_9,LRL,2025-12-13,9,6F,6.0,D,CLM,34550,23016039,Oscar Bound,6,6,7,0.16666666666666663,0,0,train
LRL_2025-12-13_9_23013929,LRL_2025-12-13_9,LRL,2025-12-13,9,6F,6.0,D,CLM,34550,23013929,Yes Picnic,7,1,7,1.0,1,1,train
LRL_2025-12-14_1_17011275,LRL_2025-12-14_1,LRL,2025-12-14,1,1 1/16M,8.5,D,CLM,22400,17011275,Prince Khozan,1,2,7,0.8333333333333334,0,1,train
LRL_2025-12-14_1_15000089,LRL_2025-12-14_1,LRL,2025-12-14,1,1 1/16M,8.5,D,CLM,22400,15000089,Bode's Maker,2,3,7,0.6666666666666667,0,1,train
LRL_2025-12-14_1_19002713,LRL_2025-12-14_1,LRL,2025-12-14,1,1 1/16M,8.5,D,CLM,22400,19002713,Backnthewoods,3,4,7,0.5,0,0,train
LRL_2025-12-14_1_20012355,LRL_2025-12-14_1,LRL,2025-12-14,1,1 1/16M,8.5,D,CLM,22400,20012355,Admit Nothing,4,7,7,0.0,0,0,train
LRL_2025-12-14_1_20015303,LRL_2025-12-14_1,LRL,2025-12-14,1,1 1/16M,8.5,D,CLM,22400,20015303,Alvy,5,1,7,1.0,1,1,train
LRL_2025-12-14_1_F0046453,LRL_2025-12-14_1,LRL,2025-12-14,1,1 1/16M,8.5,D,CLM,22400,F0046453,Southern Horse (ARG),6,5,7,0.33333333333333337,0,0,train
LRL_2025-12-14_1_19001576,LRL_2025-12-14_1,LRL,2025-12-14,1,1 1/16M,8.5,D,CLM,22400,19001576,Golden Purchase,7,6,7,0.16666666666666663,0,0,train
LRL_2025-12-14_2_23004610,LRL_2025-12-14_2,LRL,2025-12-14,2,1 1/16M,8.5,D,AOC,49000,23004610,Bala de Plata,1,2,4,0.6666666666666667,0,1,train
LRL_2025-12-14_2_23015101,LRL_2025-12-14_2,LRL,2025-12-14,2,1 1/16M,8.5,D,AOC,49000,23015101,Let's Go Lando,2,3,4,0.33333333333333337,0,1,train
LRL_2025-12-14_2_23017670,LRL_2025-12-14_2,LRL,2025-12-14,2,1 1/16M,8.5,D,AOC,49000,23017670,Boss Mode,3,4,4,0.0,0,0,train
LRL_2025-12-14_2_23013139,LRL_2025-12-14_2,LRL,2025-12-14,2,1 1/16M,8.5,D,AOC,49000,23013139,Wild Warrior,4,1,4,1.0,1,1,train
LRL_2025-12-14_3_23010382,LRL_2025-12-14_3,LRL,2025-12-14,3,6F,6.0,D,MCL,25700,23010382,Kittyup,1,6,8,0.2857142857142857,0,0,train
LRL_2025-12-14_3_23002688,LRL_2025-12-14_3,LRL,2025-12-14,3,6F,6.0,D,MCL,25700,23002688,Secret Oaks,2,3,8,0.7142857142857143,0,1,train
LRL_2025-12-14_3_23009173,LRL_2025-12-14_3,LRL,2025-12-14,3,6F,6.0,D,MCL,25700,23009173,Bulma,3,5,8,0.4285714285714286,0,0,train
LRL_2025-12-14_3_23001790,LRL_2025-12-14_3,LRL,2025-12-14,3,6F,6.0,D,MCL,25700,23001790,Flying Perfection,4,8,8,0.0,0,0,train
LRL_2025-12-14_3_23008616,LRL_2025-12-14_3,LRL,2025-12-14,3,6F,6.0,D,MCL,25700,23008616,I'm a Lil Wicked,5,4,8,0.5714285714285714,0,0,train
LRL_2025-12-14_3_23014518,LRL_2025-12-14_3,LRL,2025-12-14,3,6F,6.0,D,MCL,25700,23014518,Only Maria,6,1,8,1.0,1,1,train
LRL_2025-12-14_3_23016206,LRL_2025-12-14_3,LRL,2025-12-14,3,6F,6.0,D,MCL,25700,23016206,Sassy Senorita,7,2,8,0.8571428571428572,0,1,train
LRL_2025-12-14_3_23000425,LRL_2025-12-14_3,LRL,2025-12-14,3,6F,6.0,D,MCL,25700,23000425,Ever Yours,8,7,8,0.1428571428571429,0,0,train
LRL_2025-12-14_4_18001544,LRL_2025-12-14_4,LRL,2025-12-14,4,5 1/2F,5.5,D,CLM,19450,18001544,It's Sizzling Time,1,1,7,1.0,1,1,train
LRL_2025-12-14_4_21012195,LRL_2025-12-14_4,LRL,2025-12-14,4,5 1/2F,5.5,D,CLM,19450,21012195,Prom Knight,2,3,7,0.6666666666666667,0,1,train
LRL_2025-12-14_4_21013577,LRL_2025-12-14_4,LRL,2025-12-14,4,5 1/2F,5.5,D,CLM,19450,21013577,Little Lance,3,2,7,0.8333333333333334,0,1,train
LRL_2025-12-14_4_20013447,LRL_2025-12-14_4,LRL,2025-12-14,4,5 1/2F,5.5,D,CLM,19450,20013447,Vamos Viejo,4,7,7,0.0,0,0,train
LRL_2025-12-14_4_19022004,LRL_2025-12-14_4,LRL,2025-12-14,4,5 1/2F,5.5,D,CLM,19450,19022004,Song Runner,5,4,7,0.5,0,0,train
LRL_2025-12-14_4_21004662,LRL_2025-12-14_4,LRL,2025-12-14,4,5 1/2F,5.5,D,CLM,19450,21004662,Likebelivingnmagic,6,5,7,0.33333333333333337,0,0,train
LRL_2025-12-14_4_20004769,LRL_2025-12-14_4,LRL,2025-12-14,4,5 1/2F,5.5,D,CLM,19450,20004769,Island d'Lite,7,6,7,0.16666666666666663,0,0,train
LRL_2025-12-14_5_21002357,LRL_2025-12-14_5,LRL,2025-12-14,5,6F,6.0,D,SOC,31850,21002357,Margaret P,1,4,7,0.5,0,0,train
LRL_2025-12-14_5_22001067,LRL_2025-12-14_5,LRL,2025-12-14,5,6F,6.0,D,SOC,31850,22001067,Runsweetly,2,2,7,0.8333333333333334,0,1,train
LRL_2025-12-14_5_22002328,LRL_2025-12-14_5,LRL,2025-12-14,5,6F,6.0,D,SOC,31850,22002328,Ready for Magic,3,5,7,0.33333333333333337,0,0,train
LRL_2025-12-14_5_22013360,LRL_2025-12-14_5,LRL,2025-12-14,5,6F,6.0,D,SOC,31850,22013360,Persian,4,3,7,0.6666666666666667,0,1,train
LRL_2025-12-14_5_22005591,LRL_2025-12-14_5,LRL,2025-12-14,5,6F,6.0,D,SOC,31850,22005591,Sunflower State,5,7,7,0.0,0,0,train
LRL_2025-12-14_5_22003414,LRL_2025-12-14_5,LRL,2025-12-14,5,6F,6.0,D,SOC,31850,22003414,Devastating,6,1,7,1.0,1,1,train
LRL_2025-12-14_5_22006659,LRL_2025-12-14_5,LRL,2025-12-14,5,6F,6.0,D,SOC,31850,22006659,Wunderkind,7,6,7,0.16666666666666663,0,0,train
LRL_2025-12-14_6_23016656,LRL_2025-12-14_6,LRL,2025-12-14,6,5 1/2F,5.5,D,MCL,33650,23016656,Let Her Pass By,1,7,7,0.0,0,0,train
LRL_2025-12-14_6_23000429,LRL_2025-12-14_6,LRL,2025-12-14,6,5 1/2F,5.5,D,MCL,33650,23000429,Stroll Trippin,2,3,7,0.6666666666666667,0,1,train
LRL_2025-12-14_6_23004717,LRL_2025-12-14_6,LRL,2025-12-14,6,5 1/2F,5.5,D,MCL,33650,23004717,Stylish Gem,3,4,7,0.5,0,0,train
LRL_2025-12-14_6_23002970,LRL_2025-12-14_6,LRL,2025-12-14,6,5 1/2F,5.5,D,MCL,33650,23002970,Hoof and Boots,4,2,7,0.8333333333333334,0,1,train
LRL_2025-12-14_6_23009121,LRL_2025-12-14_6,LRL,2025-12-14,6,5 1/2F,5.5,D,MCL,33650,23009121,Shantatakescharge,5,6,7,0.16666666666666663,0,0,train
LRL_2025-12-14_6_23012748,LRL_2025-12-14_6,LRL,2025-12-14,6,5 1/2F,5.5,D,MCL,33650,23012748,Barbados Bulldog,6,1,7,1.0,1,1,train
LRL_2025-12-14_6_23015826,LRL_2025-12-14_6,LRL,2025-12-14,6,5 1/2F,5.5,D,MCL,33650,23015826,Spring Training,7,5,7,0.33333333333333337,0,0,train
LRL_2025-12-14_7_22003776,LRL_2025-12-14_7,LRL,2025-12-14,7,7F,7.0,D,ALW,49735,22003776,Love You More,1,1,6,1.0,1,1,train
LRL_2025-12-14_7_20011903,LRL_2025-12-14_7,LRL,2025-12-14,7,7F,7.0,D,ALW,49735,20011903,Greek Heiress,2,5,6,0.19999999999999996,0,0,train
LRL_2025-12-14_7_22010639,LRL_2025-12-14_7,LRL,2025-12-14,7,7F,7.0,D,ALW,49735,22010639,Phlying Phyllis,3,2,6,0.8,0,1,train
LRL_2025-12-14_7_22001496,LRL_2025-12-14_7,LRL,2025-12-14,7,7F,7.0,D,ALW,49735,22001496,Beautiful McClean,4,4,6,0.4,0,0,train
LRL_2025-12-14_7_22003953,LRL_2025-12-14_7,LRL,2025-12-14,7,7F,7.0,D,ALW,49735,22003953,Vanilla Sundae,5,6,6,0.0,0,0,train
LRL_2025-12-14_7_21011854,LRL_2025-12-14_7,LRL,2025-12-14,7,7F,7.0,D,ALW,49735,21011854,Old Bay,6,3,6,0.6,0,1,train
LRL_2025-12-14_8_20015226,LRL_2025-12-14_8,LRL,2025-12-14,8,1 1/16M,8.5,D,SOC,30900,20015226,Diamond Sue,1,2,6,0.8,0,1,train
LRL_2025-12-14_8_22009607,LRL_2025-12-14_8,LRL,2025-12-14,8,1 1/16M,8.5,D,SOC,30900,22009607,My Dear Antonia,2,1,6,1.0,1,1,train
LRL_2025-12-14_8_22000246,LRL_2025-12-14_8,LRL,2025-12-14,8,1 1/16M,8.5,D,SOC,30900,22000246,Fiveclocksomewhere,3,4,6,0.4,0,0,train
LRL_2025-12-14_8_22017992,LRL_2025-12-14_8,LRL,2025-12-14,8,1 1/16M,8.5,D,SOC,30900,22017992,Nobody's Girl,4,3,6,0.6,0,1,train
LRL_2025-12-14_8_22002372,LRL_2025-12-14_8,LRL,2025-12-14,8,1 1/16M,8.5,D,SOC,30900,22002372,Boys Go to Jupiter,5,5,6,0.19999999999999996,0,0,train
LRL_2025-12-14_8_21019222,LRL_2025-12-14_8,LRL,2025-12-14,8,1 1/16M,8.5,D,SOC,30900,21019222,Dead Sexy,6,6,6,0.0,0,0,train
LRL_2025-12-19_1_23006366,LRL_2025-12-19_1,LRL,2025-12-19,1,5 1/2F,5.5,D,MCL,30950,23006366,Flatter My Dad,1,5,7,0.33333333333333337,0,0,train
LRL_2025-12-19_1_23015894,LRL_2025-12-19_1,LRL,2025-12-19,1,5 1/2F,5.5,D,MCL,30950,23015894,J J Pacheco,2,6,7,0.16666666666666663,0,0,train
LRL_2025-12-19_1_23006203,LRL_2025-12-19_1,LRL,2025-12-19,1,5 1/2F,5.5,D,MCL,30950,23006203,Vida,3,3,7,0.6666666666666667,0,1,train
LRL_2025-12-19_1_23017289,LRL_2025-12-19_1,LRL,2025-12-19,1,5 1/2F,5.5,D,MCL,30950,23017289,Close the Gate,4,2,7,0.8333333333333334,0,1,train
LRL_2025-12-19_1_23009571,LRL_2025-12-19_1,LRL,2025-12-19,1,5 1/2F,5.5,D,MCL,30950,23009571,Rhodes,5,1,7,1.0,1,1,train
LRL_2025-12-19_1_23006091,LRL_2025-12-19_1,LRL,2025-12-19,1,5 1/2F,5.5,D,MCL,30950,23006091,Call Me Victorious,6,4,7,0.5,0,0,train
LRL_2025-12-19_1_23003648,LRL_2025-12-19_1,LRL,2025-12-19,1,5 1/2F,5.5,D,MCL,30950,23003648,Beautiful Quality,7,7,7,0.0,0,0,train
LRL_2025-12-19_2_21004535,LRL_2025-12-19_2,LRL,2025-12-19,2,6F,6.0,D,SOC,29290,21004535,Proud Divi,1,3,5,0.5,0,1,train
LRL_2025-12-19_2_22018034,LRL_2025-12-19_2,LRL,2025-12-19,2,6F,6.0,D,SOC,29290,22018034,She's No Uncle,2,5,5,0.0,0,0,train
LRL_2025-12-19_2_19010023,LRL_2025-12-19_2,LRL,2025-12-19,2,6F,6.0,D,SOC,29290,19010023,Golden Rocket,3,1,5,1.0,1,1,train
LRL_2025-12-19_2_18013711,LRL_2025-12-19_2,LRL,2025-12-19,2,6F,6.0,D,SOC,29290,18013711,I Can Do It,4,2,5,0.75,0,1,train
LRL_2025-12-19_2_21004468,LRL_2025-12-19_2,LRL,2025-12-19,2,6F,6.0,D,SOC,29290,21004468,Conquest Dancer,5,4,5,0.25,0,0,train
LRL_2025-12-19_3_22005635,LRL_2025-12-19_3,LRL,2025-12-19,3,1 1/16M,8.5,D,MCL,23550,22005635,J. Belkin,1,6,7,0.16666666666666663,0,0,train
LRL_2025-12-19_3_21013063,LRL_2025-12-19_3,LRL,2025-12-19,3,1 1/16M,8.5,D,MCL,23550,21013063,Albert Finnigan,2,2,7,0.8333333333333334,0,1,train
LRL_2025-12-19_3_22013886,LRL_2025-12-19_3,LRL,2025-12-19,3,1 1/16M,8.5,D,MCL,23550,22013886,Bodybuilder,3,4,7,0.5,0,0,train
LRL_2025-12-19_3_22003142,LRL_2025-12-19_3,LRL,2025-12-19,3,1 1/16M,8.5,D,MCL,23550,22003142,Classic Martini,4,7,7,0.0,0,0,train
LRL_2025-12-19_3_22013867,LRL_2025-12-19_3,LRL,2025-12-19,3,1 1/16M,8.5,D,MCL,23550,22013867,Soo Handsome,5,3,7,0.6666666666666667,0,1,train
LRL_2025-12-19_3_22008704,LRL_2025-12-19_3,LRL,2025-12-19,3,1 1/16M,8.5,D,MCL,23550,22008704,Jose Can't Say,6,5,7,0.33333333333333337,0,0,train
LRL_2025-12-19_3_21002201,LRL_2025-12-19_3,LRL,2025-12-19,3,1 1/16M,8.5,D,MCL,23550,21002201,Dats My Pharaoh,7,1,7,1.0,1,1,train
LRL_2025-12-19_4_22000551,LRL_2025-12-19_4,LRL,2025-12-19,4,1 1/16M,8.5,D,CLM,22000,22000551,White Blue,2,4,4,0.0,0,0,train
LRL_2025-12-19_4_19017639,LRL_2025-12-19_4,LRL,2025-12-19,4,1 1/16M,8.5,D,CLM,22000,19017639,Twice Gold,3,3,4,0.33333333333333337,0,1,train
LRL_2025-12-19_4_19019286,LRL_2025-12-19_4,LRL,2025-12-19,4,1 1/16M,8.5,D,CLM,22000,19019286,Right of Rush,4,2,4,0.6666666666666667,0,1,train
LRL_2025-12-19_4_22013966,LRL_2025-12-19_4,LRL,2025-12-19,4,1 1/16M,8.5,D,CLM,22000,22013966,Keen Surge,5,1,4,1.0,1,1,train
LRL_2025-12-19_5_18007504,LRL_2025-12-19_5,LRL,2025-12-19,5,5 1/2F,5.5,D,CLM,18640,18007504,Gold Time Vixen,1,6,7,0.16666666666666663,0,0,train
LRL_2025-12-19_5_18016073,LRL_2025-12-19_5,LRL,2025-12-19,5,5 1/2F,5.5,D,CLM,18640,18016073,It'sfiftyshadetime,2,7,7,0.0,0,0,train
LRL_2025-12-19_5_21019287,LRL_2025-12-19_5,LRL,2025-12-19,5,5 1/2F,5.5,D,CLM,18640,21019287,Chublin,3,5,7,0.33333333333333337,0,0,train
LRL_2025-12-19_5_19001706,LRL_2025-12-19_5,LRL,2025-12-19,5,5 1/2F,5.5,D,CLM,18640,19001706,Sapphire Beauty,4,4,7,0.5,0,0,train
LRL_2025-12-19_5_21017703,LRL_2025-12-19_5,LRL,2025-12-19,5,5 1/2F,5.5,D,CLM,18640,21017703,Yumyum Eat Em Up,5,3,7,0.6666666666666667,0,1,train
LRL_2025-12-19_5_18022195,LRL_2025-12-19_5,LRL,2025-12-19,5,5 1/2F,5.5,D,CLM,18640,18022195,R Averie Lynn,6,2,7,0.8333333333333334,0,1,train
LRL_2025-12-19_5_21015050,LRL_2025-12-19_5,LRL,2025-12-19,5,5 1/2F,5.5,D,CLM,18640,21015050,Rumint,7,1,7,1.0,1,1,train
LRL_2025-12-19_6_23018283,LRL_2025-12-19_6,LRL,2025-12-19,6,1 1/16M,8.5,D,MCL,25740,23018283,Triathelon,1,6,8,0.2857142857142857,0,0,train
LRL_2025-12-19_6_23000245,LRL_2025-12-19_6,LRL,2025-12-19,6,1 1/16M,8.5,D,MCL,25740,23000245,First Officer,2,1,8,1.0,1,1,train
LRL_2025-12-19_6_23017976,LRL_2025-12-19_6,LRL,2025-12-19,6,1 1/16M,8.5,D,MCL,25740,23017976,Tug,3,8,8,0.0,0,0,train
LRL_2025-12-19_6_23009996,LRL_2025-12-19_6,LRL,2025-12-19,6,1 1/16M,8.5,D,MCL,25740,23009996,Boss Lily,4,4,8,0.5714285714285714,0,0,train
LRL_2025-12-19_6_23004092,LRL_2025-12-19_6,LRL,2025-12-19,6,1 1/16M,8.5,D,MCL,25740,23004092,Pencil Me In,5,2,8,0.8571428571428572,0,1,train
LRL_2025-12-19_6_23008991,LRL_2025-12-19_6,LRL,2025-12-19,6,1 1/16M,8.5,D,MCL,25740,23008991,Q Got Hops,6,7,8,0.1428571428571429,0,0,train
LRL_2025-12-19_6_23000358,LRL_2025-12-19_6,LRL,2025-12-19,6,1 1/16M,8.5,D,MCL,25740,23000358,Gonna Make It,7,3,8,0.7142857142857143,0,1,train
LRL_2025-12-19_6_23016735,LRL_2025-12-19_6,LRL,2025-12-19,6,1 1/16M,8.5,D,MCL,25740,23016735,Runaway Rooster,8,5,8,0.4285714285714286,0,0,train
LRL_2025-12-19_7_23005036,LRL_2025-12-19_7,LRL,2025-12-19,7,6F,6.0,D,MCL,42730,23005036,Princess Charming,1,7,7,0.0,0,0,train
LRL_2025-12-19_7_23009535,LRL_2025-12-19_7,LRL,2025-12-19,7,6F,6.0,D,MCL,42730,23009535,Aqua Blaze,2,3,7,0.6666666666666667,0,1,train
LRL_2025-12-19_7_23004276,LRL_2025-12-19_7,LRL,2025-12-19,7,6F,6.0,D,MCL,42730,23004276,As the Bell Toles,3,5,7,0.33333333333333337,0,0,train
LRL_2025-12-19_7_23009929,LRL_2025-12-19_7,LRL,2025-12-19,7,6F,6.0,D,MCL,42730,23009929,Rehoboth Indian,4,4,7,0.5,0,0,train
LRL_2025-12-19_7_23006307,LRL_2025-12-19_7,LRL,2025-12-19,7,6F,6.0,D,MCL,42730,23006307,Eastcoastgirlsrhip,5,6,7,0.16666666666666663,0,0,train
LRL_2025-12-19_7_23012790,LRL_2025-12-19_7,LRL,2025-12-19,7,6F,6.0,D,MCL,42730,23012790,Momaxie,6,1,7,1.0,1,1,train
LRL_2025-12-19_7_23000894,LRL_2025-12-19_7,LRL,2025-12-19,7,6F,6.0,D,MCL,42730,23000894,My Girl Back Home,7,2,7,0.8333333333333334,0,1,train
LRL_2025-12-19_8_22012730,LRL_2025-12-19_8,LRL,2025-12-19,8,1M,8.0,D,AOC,55590,22012730,Krissi N,1,8,8,0.0,0,0,train
LRL_2025-12-19_8_21009228,LRL_2025-12-19_8,LRL,2025-12-19,8,1M,8.0,D,AOC,55590,21009228,Braquet,2,5,8,0.4285714285714286,0,0,train
LRL_2025-12-19_8_22018092,LRL_2025-12-19_8,LRL,2025-12-19,8,1M,8.0,D,AOC,55590,22018092,Vieux Carre,3,3,8,0.7142857142857143,0,1,train
LRL_2025-12-19_8_21004097,LRL_2025-12-19_8,LRL,2025-12-19,8,1M,8.0,D,AOC,55590,21004097,Sheilahs Warcloud,4,7,8,0.1428571428571429,0,0,train
LRL_2025-12-19_8_21012026,LRL_2025-12-19_8,LRL,2025-12-19,8,1M,8.0,D,AOC,55590,21012026,I'm a Cutie Pie,5,1,8,1.0,1,1,train
LRL_2025-12-19_8_21005073,LRL_2025-12-19_8,LRL,2025-12-19,8,1M,8.0,D,AOC,55590,21005073,Navani,6,4,8,0.5714285714285714,0,0,train
LRL_2025-12-19_8_21007729,LRL_2025-12-19_8,LRL,2025-12-19,8,1M,8.0,D,AOC,55590,21007729,Kissedbyanangel,7,6,8,0.2857142857142857,0,0,train
LRL_2025-12-19_8_21007462,LRL_2025-12-19_8,LRL,2025-12-19,8,1M,8.0,D,AOC,55590,21007462,Next Girl,8,2,8,0.8571428571428572,0,1,train
LRL_2025-12-19_9_22013926,LRL_2025-12-19_9,LRL,2025-12-19,9,1 1/16M,8.5,D,MCL,23720,22013926,Daguerre,1,4,8,0.5714285714285714,0,0,train
LRL_2025-12-19_9_21003152,LRL_2025-12-19_9,LRL,2025-12-19,9,1 1/16M,8.5,D,MCL,23720,21003152,Nogradi,2,1,8,1.0,1,1,train
LRL_2025-12-19_9_22008884,LRL_2025-12-19_9,LRL,2025-12-19,9,1 1/16M,8.5,D,MCL,23720,22008884,Brother Bobo,3,8,8,0.0,0,0,train
LRL_2025-12-19_9_22005771,LRL_2025-12-19_9,LRL,2025-12-19,9,1 1/16M,8.5,D,MCL,23720,22005771,Musical Entourage,4,6,8,0.2857142857142857,0,0,train
LRL_2025-12-19_9_22018416,LRL_2025-12-19_9,LRL,2025-12-19,9,1 1/16M,8.5,D,MCL,23720,22018416,It a Lee,5,5,8,0.4285714285714286,0,0,train
LRL_2025-12-19_9_21009377,LRL_2025-12-19_9,LRL,2025-12-19,9,1 1/16M,8.5,D,MCL,23720,21009377,Leonardini,6,7,8,0.1428571428571429,0,0,train
LRL_2025-12-19_9_22012513,LRL_2025-12-19_9,LRL,2025-12-19,9,1 1/16M,8.5,D,MCL,23720,22012513,Christmas Spirit,7,2,8,0.8571428571428572,0,1,train
LRL_2025-12-19_9_22010651,LRL_2025-12-19_9,LRL,2025-12-19,9,1 1/16M,8.5,D,MCL,23720,22010651,Edelweiss,8,3,8,0.7142857142857143,0,1,train
LRL_2025-12-20_1_22016018,LRL_2025-12-20_1,LRL,2025-12-20,1,1 1/16M,8.5,D,MCL,26200,22016018,Close Up,1,3,9,0.75,0,1,train
LRL_2025-12-20_1_22000184,LRL_2025-12-20_1,LRL,2025-12-20,1,1 1/16M,8.5,D,MCL,26200,22000184,Daytime Drama,2,8,9,0.125,0,0,train
LRL_2025-12-20_1_21001939,LRL_2025-12-20_1,LRL,2025-12-20,1,1 1/16M,8.5,D,MCL,26200,21001939,Autumn in Vermont,3,4,9,0.625,0,0,train
LRL_2025-12-20_1_22012789,LRL_2025-12-20_1,LRL,2025-12-20,1,1 1/16M,8.5,D,MCL,26200,22012789,Feel the Bolt,4,9,9,0.0,0,0,train
LRL_2025-12-20_1_22018492,LRL_2025-12-20_1,LRL,2025-12-20,1,1 1/16M,8.5,D,MCL,26200,22018492,Whiskey Brew,5,6,9,0.375,0,0,train
LRL_2025-12-20_1_22012576,LRL_2025-12-20_1,LRL,2025-12-20,1,1 1/16M,8.5,D,MCL,26200,22012576,Class and Sass,6,5,9,0.5,0,0,train
LRL_2025-12-20_1_22010120,LRL_2025-12-20_1,LRL,2025-12-20,1,1 1/16M,8.5,D,MCL,26200,22010120,Julia's a Fox,7,1,9,1.0,1,1,train
LRL_2025-12-20_1_22007924,LRL_2025-12-20_1,LRL,2025-12-20,1,1 1/16M,8.5,D,MCL,26200,22007924,Rylnnslookinglucky,8,7,9,0.25,0,0,train
LRL_2025-12-20_1_20005532,LRL_2025-12-20_1,LRL,2025-12-20,1,1 1/16M,8.5,D,MCL,26200,20005532,Tea Rose,9,2,9,0.875,0,1,train
LRL_2025-12-20_2_22009002,LRL_2025-12-20_2,LRL,2025-12-20,2,7F,7.0,D,ALW,53910,22009002,Winning Trip,1,2,7,0.8333333333333334,0,1,train
LRL_2025-12-20_2_21010163,LRL_2025-12-20_2,LRL,2025-12-20,2,7F,7.0,D,ALW,53910,21010163,Elvis Himself,2,7,7,0.0,0,0,train
LRL_2025-12-20_2_20011779,LRL_2025-12-20_2,LRL,2025-12-20,2,7F,7.0,D,ALW,53910,20011779,Gluckstadt,3,3,7,0.6666666666666667,0,1,train
LRL_2025-12-20_2_21008169,LRL_2025-12-20_2,LRL,2025-12-20,2,7F,7.0,D,ALW,53910,21008169,Davyjonz,4,4,7,0.5,0,0,train
LRL_2025-12-20_2_21007720,LRL_2025-12-20_2,LRL,2025-12-20,2,7F,7.0,D,ALW,53910,21007720,Intrepid's Legacy,5,1,7,1.0,1,1,train
LRL_2025-12-20_2_21010862,LRL_2025-12-20_2,LRL,2025-12-20,2,7F,7.0,D,ALW,53910,21010862,Formal Affair,6,6,7,0.16666666666666663,0,0,train
LRL_2025-12-20_2_22003263,LRL_2025-12-20_2,LRL,2025-12-20,2,7F,7.0,D,ALW,53910,22003263,Masayoshi,7,5,7,0.33333333333333337,0,0,train
LRL_2025-12-20_3_23008213,LRL_2025-12-20_3,LRL,2025-12-20,3,7F,7.0,D,MSW,47500,23008213,Ballinaclash,1,2,7,0.8333333333333334,0,1,train
LRL_2025-12-20_3_23007473,LRL_2025-12-20_3,LRL,2025-12-20,3,7F,7.0,D,MSW,47500,23007473,Boorada,2,7,7,0.0,0,0,train
LRL_2025-12-20_3_23006925,LRL_2025-12-20_3,LRL,2025-12-20,3,7F,7.0,D,MSW,47500,23006925,Awesome Andy,3,1,7,1.0,1,1,train
LRL_2025-12-20_3_23019680,LRL_2025-12-20_3,LRL,2025-12-20,3,7F,7.0,D,MSW,47500,23019680,Matthew's Ticket,4,3,7,0.6666666666666667,0,1,train
LRL_2025-12-20_3_23008615,LRL_2025-12-20_3,LRL,2025-12-20,3,7F,7.0,D,MSW,47500,23008615,Paintmymasterpeace,5,4,7,0.5,0,0,train
LRL_2025-12-20_3_23007607,LRL_2025-12-20_3,LRL,2025-12-20,3,7F,7.0,D,MSW,47500,23007607,Adamonthegrill,6,6,7,0.16666666666666663,0,0,train
LRL_2025-12-20_3_23008719,LRL_2025-12-20_3,LRL,2025-12-20,3,7F,7.0,D,MSW,47500,23008719,Pont Aven,7,5,7,0.33333333333333337,0,0,train
LRL_2025-12-20_4_20010035,LRL_2025-12-20_4,LRL,2025-12-20,4,6F,6.0,D,SOC,32610,20010035,Seven's Eleven,1,5,8,0.4285714285714286,0,0,train
LRL_2025-12-20_4_22013665,LRL_2025-12-20_4,LRL,2025-12-20,4,6F,6.0,D,SOC,32610,22013665,Night Preacher,2,8,8,0.0,0,0,train
LRL_2025-12-20_4_20020171,LRL_2025-12-20_4,LRL,2025-12-20,4,6F,6.0,D,SOC,32610,20020171,Freeze the Fire,3,1,8,1.0,1,1,train
LRL_2025-12-20_4_21000672,LRL_2025-12-20_4,LRL,2025-12-20,4,6F,6.0,D,SOC,32610,21000672,Catahoula Moon,4,6,8,0.2857142857142857,0,0,train
LRL_2025-12-20_4_16013161,LRL_2025-12-20_4,LRL,2025-12-20,4,6F,6.0,D,SOC,32610,16013161,Gun It,5,2,8,0.8571428571428572,0,1,train
LRL_2025-12-20_4_18011492,LRL_2025-12-20_4,LRL,2025-12-20,4,6F,6.0,D,SOC,32610,18011492,Swill,6,3,8,0.7142857142857143,0,1,train
LRL_2025-12-20_4_18007223,LRL_2025-12-20_4,LRL,2025-12-20,4,6F,6.0,D,SOC,32610,18007223,Excellent Timing,7,4,8,0.5714285714285714,0,0,train
LRL_2025-12-20_4_20006451,LRL_2025-12-20_4,LRL,2025-12-20,4,6F,6.0,D,SOC,32610,20006451,Tiz No Clown,8,7,8,0.1428571428571429,0,0,train
LRL_2025-12-20_5_21007291,LRL_2025-12-20_5,LRL,2025-12-20,5,7F,7.0,D,STK,100000,21007291,Quint's Brew,1,2,5,0.75,0,1,train
LRL_2025-12-20_5_22013479,LRL_2025-12-20_5,LRL,2025-12-20,5,7F,7.0,D,STK,100000,22013479,Bold Diversion,2,3,5,0.5,0,1,train
LRL_2025-12-20_5_22007555,LRL_2025-12-20_5,LRL,2025-12-20,5,7F,7.0,D,STK,100000,22007555,Slam Notion,3,1,5,1.0,1,1,train
LRL_2025-12-20_5_21010815,LRL_2025-12-20_5,LRL,2025-12-20,5,7F,7.0,D,STK,100000,21010815,Blue Kingdom,4,5,5,0.0,0,0,train
LRL_2025-12-20_5_21013111,LRL_2025-12-20_5,LRL,2025-12-20,5,7F,7.0,D,STK,100000,21013111,Cap Com,5,4,5,0.25,0,0,train
LRL_2025-12-20_6_19016903,LRL_2025-12-20_6,LRL,2025-12-20,6,1 1/8M,9.0,D,STK,100000,19016903,Sultry Lass,1,6,9,0.375,0,0,train
LRL_2025-12-20_6_19015690,LRL_2025-12-20_6,LRL,2025-12-20,6,1 1/8M,9.0,D,STK,100000,19015690,The Sky Is Falling,2,3,9,0.75,0,1,train
LRL_2025-12-20_6_22018757,LRL_2025-12-20_6,LRL,2025-12-20,6,1 1/8M,9.0,D,STK,100000,22018757,Late Nite Call,3,2,9,0.875,0,1,train
LRL_2025-12-20_6_22008378,LRL_2025-12-20_6,LRL,2025-12-20,6,1 1/8M,9.0,D,STK,100000,22008378,Complexity Jane,4,1,9,1.0,1,1,train
LRL_2025-12-20_6_21014582,LRL_2025-12-20_6,LRL,2025-12-20,6,1 1/8M,9.0,D,STK,100000,21014582,Audibly,5,5,9,0.5,0,0,train
LRL_2025-12-20_6_21015936,LRL_2025-12-20_6,LRL,2025-12-20,6,1 1/8M,9.0,D,STK,100000,21015936,Di's Surprise,6,9,9,0.0,0,0,train
LRL_2025-12-20_6_21017680,LRL_2025-12-20_6,LRL,2025-12-20,6,1 1/8M,9.0,D,STK,100000,21017680,Bailintin,7,7,9,0.25,0,0,train
LRL_2025-12-20_6_20016744,LRL_2025-12-20_6,LRL,2025-12-20,6,1 1/8M,9.0,D,STK,100000,20016744,Lute Warm,8,8,9,0.125,0,0,train
LRL_2025-12-20_6_20001190,LRL_2025-12-20_6,LRL,2025-12-20,6,1 1/8M,9.0,D,STK,100000,20001190,Doctor Abbie,9,4,9,0.625,0,0,train
LRL_2025-12-20_7_21012274,LRL_2025-12-20_7,LRL,2025-12-20,7,6F,6.0,D,STK,100000,21012274,Miss Harriett,1,7,8,0.1428571428571429,0,0,train
LRL_2025-12-20_7_22009021,LRL_2025-12-20_7,LRL,2025-12-20,7,6F,6.0,D,STK,100000,22009021,Onyx Ten,2,6,8,0.2857142857142857,0,0,train
LRL_2025-12-20_7_21006052,LRL_2025-12-20_7,LRL,2025-12-20,7,6F,6.0,D,STK,100000,21006052,Takethemoneyhoney,3,1,8,1.0,1,1,train
LRL_2025-12-20_7_20016866,LRL_2025-12-20_7,LRL,2025-12-20,7,6F,6.0,D,STK,100000,20016866,Devil Pays in Gold,4,8,8,0.0,0,0,train
LRL_2025-12-20_7_22013715,LRL_2025-12-20_7,LRL,2025-12-20,7,6F,6.0,D,STK,100000,22013715,Grayson's Girl,5,5,8,0.4285714285714286,0,0,train
LRL_2025-12-20_7_22013268,LRL_2025-12-20_7,LRL,2025-12-20,7,6F,6.0,D,STK,100000,22013268,Conquerthosewecan,6,4,8,0.5714285714285714,0,0,train
LRL_2025-12-20_7_22009796,LRL_2025-12-20_7,LRL,2025-12-20,7,6F,6.0,D,STK,100000,22009796,Green Eyed Monster,7,3,8,0.7142857142857143,0,1,train
LRL_2025-12-20_7_22009436,LRL_2025-12-20_7,LRL,2025-12-20,7,6F,6.0,D,STK,100000,22009436,Itsamonstamash,8,2,8,0.8571428571428572,0,1,train
LRL_2025-12-20_8_22008556,LRL_2025-12-20_8,LRL,2025-12-20,8,1 1/16M,8.5,D,STK,100000,22008556,Barbadian Runner,1,2,5,0.75,0,1,train
LRL_2025-12-20_8_20013355,LRL_2025-12-20_8,LRL,2025-12-20,8,1 1/16M,8.5,D,STK,100000,20013355,Teachintherelease,2,4,5,0.25,0,0,train
LRL_2025-12-20_8_20008679,LRL_2025-12-20_8,LRL,2025-12-20,8,1 1/16M,8.5,D,STK,100000,20008679,Post Time,3,1,5,1.0,1,1,train
LRL_2025-12-20_8_21012937,LRL_2025-12-20_8,LRL,2025-12-20,8,1 1/16M,8.5,D,STK,100000,21012937,Hittheroadjak,4,5,5,0.0,0,0,train
LRL_2025-12-20_8_22009309,LRL_2025-12-20_8,LRL,2025-12-20,8,1 1/16M,8.5,D,STK,100000,22009309,Pay Billy,5,3,5,0.5,0,1,train
LRL_2025-12-20_9_23001038,LRL_2025-12-20_9,LRL,2025-12-20,9,6F,6.0,D,MCL,24380,23001038,Just a Click,1,2,6,0.8,0,1,train
LRL_2025-12-20_9_23001458,LRL_2025-12-20_9,LRL,2025-12-20,9,6F,6.0,D,MCL,24380,23001458,Take Charge Candy,2,4,6,0.4,0,0,train
LRL_2025-12-20_9_23006398,LRL_2025-12-20_9,LRL,2025-12-20,9,6F,6.0,D,MCL,24380,23006398,Miss Mary Ann,3,6,6,0.0,0,0,train
LRL_2025-12-20_9_23008625,LRL_2025-12-20_9,LRL,2025-12-20,9,6F,6.0,D,MCL,24380,23008625,Fastfeld,4,3,6,0.6,0,1,train
LRL_2025-12-20_9_23017895,LRL_2025-12-20_9,LRL,2025-12-20,9,6F,6.0,D,MCL,24380,23017895,Poney Island,5,5,6,0.19999999999999996,0,0,train
LRL_2025-12-20_9_23016487,LRL_2025-12-20_9,LRL,2025-12-20,9,6F,6.0,D,MCL,24380,23016487,She's a Good Girl,6,1,6,1.0,1,1,train
LRL_2025-12-21_1_22008620,LRL_2025-12-21_1,LRL,2025-12-21,1,5 1/2F,5.5,D,MCL,24720,22008620,C C Commander,1,3,10,0.7777777777777778,0,1,train
LRL_2025-12-21_1_22018806,LRL_2025-12-21_1,LRL,2025-12-21,1,5 1/2F,5.5,D,MCL,24720,22018806,Tasty Time,2,2,10,0.8888888888888888,0,1,train
LRL_2025-12-21_1_22001738,LRL_2025-12-21_1,LRL,2025-12-21,1,5 1/2F,5.5,D,MCL,24720,22001738,Radiant Tones,3,9,10,0.11111111111111116,0,0,train
LRL_2025-12-21_1_22015381,LRL_2025-12-21_1,LRL,2025-12-21,1,5 1/2F,5.5,D,MCL,24720,22015381,Hey Alexa,4,4,10,0.6666666666666667,0,0,train
LRL_2025-12-21_1_21013073,LRL_2025-12-21_1,LRL,2025-12-21,1,5 1/2F,5.5,D,MCL,24720,21013073,Worries Unfounded,5,1,10,1.0,1,1,train
LRL_2025-12-21_1_22004198,LRL_2025-12-21_1,LRL,2025-12-21,1,5 1/2F,5.5,D,MCL,24720,22004198,My Emi Shiraz,6,6,10,0.4444444444444444,0,0,train
LRL_2025-12-21_1_21019445,LRL_2025-12-21_1,LRL,2025-12-21,1,5 1/2F,5.5,D,MCL,24720,21019445,Spirit and Truth,7,7,10,0.33333333333333337,0,0,train
LRL_2025-12-21_1_22002359,LRL_2025-12-21_1,LRL,2025-12-21,1,5 1/2F,5.5,D,MCL,24720,22002359,Julie Belle,8,10,10,0.0,0,0,train
LRL_2025-12-21_1_21013781,LRL_2025-12-21_1,LRL,2025-12-21,1,5 1/2F,5.5,D,MCL,24720,21013781,I'd Rather Not,9,8,10,0.2222222222222222,0,0,train
LRL_2025-12-21_1_19010208,LRL_2025-12-21_1,LRL,2025-12-21,1,5 1/2F,5.5,D,MCL,24720,19010208,Macha Latte,10,5,10,0.5555555555555556,0,0,train
LRL_2025-12-21_2_22013122,LRL_2025-12-21_2,LRL,2025-12-21,2,7F,7.0,D,CLM,40000,22013122,Preacha Meyers,1,3,5,0.5,0,1,train
LRL_2025-12-21_2_22015103,LRL_2025-12-21_2,LRL,2025-12-21,2,7F,7.0,D,CLM,40000,22015103,Snookie Bear,2,2,5,0.75,0,1,train
LRL_2025-12-21_2_22000942,LRL_2025-12-21_2,LRL,2025-12-21,2,7F,7.0,D,CLM,40000,22000942,Celtic Prince,3,4,5,0.25,0,0,train
LRL_2025-12-21_2_22004555,LRL_2025-12-21_2,LRL,2025-12-21,2,7F,7.0,D,CLM,40000,22004555,Platform,4,1,5,1.0,1,1,train
LRL_2025-12-21_2_21004504,LRL_2025-12-21_2,LRL,2025-12-21,2,7F,7.0,D,CLM,40000,21004504,Mr. Keys,5,5,5,0.0,0,0,train
LRL_2025-12-21_3_23002277,LRL_2025-12-21_3,LRL,2025-12-21,3,6F,6.0,D,MCL,28400,23002277,Above the Norm,1,3,9,0.75,0,1,train
LRL_2025-12-21_3_23014780,LRL_2025-12-21_3,LRL,2025-12-21,3,6F,6.0,D,MCL,28400,23014780,Turf to Dirt,2,6,9,0.375,0,0,train
LRL_2025-12-21_3_23018868,LRL_2025-12-21_3,LRL,2025-12-21,3,6F,6.0,D,MCL,28400,23018868,Mr Cefolo,3,8,9,0.125,0,0,train
LRL_2025-12-21_3_23002053,LRL_2025-12-21_3,LRL,2025-12-21,3,6F,6.0,D,MCL,28400,23002053,Gonzalo,4,5,9,0.5,0,0,train
LRL_2025-12-21_3_23004968,LRL_2025-12-21_3,LRL,2025-12-21,3,6F,6.0,D,MCL,28400,23004968,Sin Sin,5,4,9,0.625,0,0,train
LRL_2025-12-21_3_23007154,LRL_2025-12-21_3,LRL,2025-12-21,3,6F,6.0,D,MCL,28400,23007154,Broadside Salvo,6,9,9,0.0,0,0,train
LRL_2025-12-21_3_23000349,LRL_2025-12-21_3,LRL,2025-12-21,3,6F,6.0,D,MCL,28400,23000349,Sugar On Fire,7,2,9,0.875,0,1,train
LRL_2025-12-21_3_23008380,LRL_2025-12-21_3,LRL,2025-12-21,3,6F,6.0,D,MCL,28400,23008380,Inno Hurry Early,8,1,9,1.0,1,1,train
LRL_2025-12-21_3_23014027,LRL_2025-12-21_3,LRL,2025-12-21,3,6F,6.0,D,MCL,28400,23014027,Babble,9,7,9,0.25,0,0,train
LRL_2025-12-21_4_22013102,LRL_2025-12-21_4,LRL,2025-12-21,4,7F,7.0,D,CLM,23550,22013102,Blo By'em,1,2,7,0.8333333333333334,0,1,train
LRL_2025-12-21_4_22002517,LRL_2025-12-21_4,LRL,2025-12-21,4,7F,7.0,D,CLM,23550,22002517,Artist Mark,2,1,7,1.0,1,1,train
LRL_2025-12-21_4_22007775,LRL_2025-12-21_4,LRL,2025-12-21,4,7F,7.0,D,CLM,23550,22007775,Who Says So,3,3,7,0.6666666666666667,0,1,train
LRL_2025-12-21_4_21008059,LRL_2025-12-21_4,LRL,2025-12-21,4,7F,7.0,D,CLM,23550,21008059,Half a League,4,7,7,0.0,0,0,train
LRL_2025-12-21_4_19017987,LRL_2025-12-21_4,LRL,2025-12-21,4,7F,7.0,D,CLM,23550,19017987,D Hopper,5,4,7,0.5,0,0,train
LRL_2025-12-21_4_21019874,LRL_2025-12-21_4,LRL,2025-12-21,4,7F,7.0,D,CLM,23550,21019874,Uncle Grey,6,5,7,0.33333333333333337,0,0,train
LRL_2025-12-21_4_21006102,LRL_2025-12-21_4,LRL,2025-12-21,4,7F,7.0,D,CLM,23550,21006102,Ollie Boy,7,6,7,0.16666666666666663,0,0,train
LRL_2025-12-21_5_21009929,LRL_2025-12-21_5,LRL,2025-12-21,5,6F,6.0,D,MCL,30500,21009929,Atlantic Cat,1,2,7,0.8333333333333334,0,1,train
LRL_2025-12-21_5_22007300,LRL_2025-12-21_5,LRL,2025-12-21,5,6F,6.0,D,MCL,30500,22007300,Farooq,2,4,7,0.5,0,0,train
LRL_2025-12-21_5_22009594,LRL_2025-12-21_5,LRL,2025-12-21,5,6F,6.0,D,MCL,30500,22009594,Manseeyasway,3,3,7,0.6666666666666667,0,1,train
LRL_2025-12-21_5_22019251,LRL_2025-12-21_5,LRL,2025-12-21,5,6F,6.0,D,MCL,30500,22019251,Zio Lino,4,6,7,0.16666666666666663,0,0,train
LRL_2025-12-21_5_22008736,LRL_2025-12-21_5,LRL,2025-12-21,5,6F,6.0,D,MCL,30500,22008736,Shot for the Moon,5,7,7,0.0,0,0,train
LRL_2025-12-21_5_21016168,LRL_2025-12-21_5,LRL,2025-12-21,5,6F,6.0,D,MCL,30500,21016168,Tell 'Em I'm Comin,6,5,7,0.33333333333333337,0,0,train
LRL_2025-12-21_5_22009401,LRL_2025-12-21_5,LRL,2025-12-21,5,6F,6.0,D,MCL,30500,22009401,James P Sullivan,7,1,7,1.0,1,1,train
LRL_2025-12-21_6_19010669,LRL_2025-12-21_6,LRL,2025-12-21,6,1M,8.0,D,CLM,21450,19010669,Be Better,1,5,11,0.6,0,0,train
LRL_2025-12-21_6_18010641,LRL_2025-12-21_6,LRL,2025-12-21,6,1M,8.0,D,CLM,21450,18010641,Caerus,2,10,11,0.09999999999999998,0,0,train
LRL_2025-12-21_6_20002421,LRL_2025-12-21_6,LRL,2025-12-21,6,1M,8.0,D,CLM,21450,20002421,Fightertown,3,11,11,0.0,0,0,train
LRL_2025-12-21_6_20011403,LRL_2025-12-21_6,LRL,2025-12-21,6,1M,8.0,D,CLM,21450,20011403,Running River,4,8,11,0.30000000000000004,0,0,train
LRL_2025-12-21_6_19004530,LRL_2025-12-21_6,LRL,2025-12-21,6,1M,8.0,D,CLM,21450,19004530,Quincannon,5,2,11,0.9,0,1,train
LRL_2025-12-21_6_18003479,LRL_2025-12-21_6,LRL,2025-12-21,6,1M,8.0,D,CLM,21450,18003479,What Does It Take,6,3,11,0.8,0,1,train
LRL_2025-12-21_6_21008895,LRL_2025-12-21_6,LRL,2025-12-21,6,1M,8.0,D,CLM,21450,21008895,States United,7,1,11,1.0,1,1,train
LRL_2025-12-21_6_20018850,LRL_2025-12-21_6,LRL,2025-12-21,6,1M,8.0,D,CLM,21450,20018850,Hay Chief,8,7,11,0.4,0,0,train
LRL_2025-12-21_6_17004170,LRL_2025-12-21_6,LRL,2025-12-21,6,1M,8.0,D,CLM,21450,17004170,Mr. Hustle,9,6,11,0.5,0,0,train
LRL_2025-12-21_6_21004662,LRL_2025-12-21_6,LRL,2025-12-21,6,1M,8.0,D,CLM,21450,21004662,Likebelivingnmagic,10,9,11,0.19999999999999996,0,0,train
LRL_2025-12-21_6_21011287,LRL_2025-12-21_6,LRL,2025-12-21,6,1M,8.0,D,CLM,21450,21011287,P J's Song,11,4,11,0.7,0,0,train
LRL_2025-12-21_7_19006044,LRL_2025-12-21_7,LRL,2025-12-21,7,1M,8.0,D,AOC,54000,19006044,Margin of Air,1,6,8,0.2857142857142857,0,0,train
LRL_2025-12-21_7_17007087,LRL_2025-12-21_7,LRL,2025-12-21,7,1M,8.0,D,AOC,54000,17007087,Magic Mule,2,7,8,0.1428571428571429,0,0,train
LRL_2025-12-21_7_21007943,LRL_2025-12-21_7,LRL,2025-12-21,7,1M,8.0,D,AOC,54000,21007943,Arrow Speed,3,4,8,0.5714285714285714,0,0,train
LRL_2025-12-21_7_22009085,LRL_2025-12-21_7,LRL,2025-12-21,7,1M,8.0,D,AOC,54000,22009085,Omaha Omaha,4,3,8,0.7142857142857143,0,1,train
LRL_2025-12-21_7_20002596,LRL_2025-12-21_7,LRL,2025-12-21,7,1M,8.0,D,AOC,54000,20002596,Xcellent Start,5,5,8,0.4285714285714286,0,0,train
LRL_2025-12-21_7_21000568,LRL_2025-12-21_7,LRL,2025-12-21,7,1M,8.0,D,AOC,54000,21000568,Hagrid's Flame,6,2,8,0.8571428571428572,0,1,train
LRL_2025-12-21_7_21004898,LRL_2025-12-21_7,LRL,2025-12-21,7,1M,8.0,D,AOC,54000,21004898,Riyadh Moon,7,8,8,0.0,0,0,train
LRL_2025-12-21_7_20008862,LRL_2025-12-21_7,LRL,2025-12-21,7,1M,8.0,D,AOC,54000,20008862,Worcester,8,1,8,1.0,1,1,train
LRL_2025-12-21_8_21012546,LRL_2025-12-21_8,LRL,2025-12-21,8,5 1/2F,5.5,D,AOC,57000,21012546,Showstopper Copper,1,3,8,0.7142857142857143,0,1,train
LRL_2025-12-21_8_22009165,LRL_2025-12-21_8,LRL,2025-12-21,8,5 1/2F,5.5,D,AOC,57000,22009165,Chipotle,2,1,8,1.0,1,1,train
LRL_2025-12-21_8_20009045,LRL_2025-12-21_8,LRL,2025-12-21,8,5 1/2F,5.5,D,AOC,57000,20009045,Bump N Run,3,4,8,0.5714285714285714,0,0,train
LRL_2025-12-21_8_21004487,LRL_2025-12-21_8,LRL,2025-12-21,8,5 1/2F,5.5,D,AOC,57000,21004487,Northern Flame,4,8,8,0.0,0,0,train
LRL_2025-12-21_8_17017015,LRL_2025-12-21_8,LRL,2025-12-21,8,5 1/2F,5.5,D,AOC,57000,17017015,Karan's Notion,5,7,8,0.1428571428571429,0,0,train
LRL_2025-12-21_8_20003972,LRL_2025-12-21_8,LRL,2025-12-21,8,5 1/2F,5.5,D,AOC,57000,20003972,Prince of Jericho,6,2,8,0.8571428571428572,0,1,train
LRL_2025-12-21_8_19002312,LRL_2025-12-21_8,LRL,2025-12-21,8,5 1/2F,5.5,D,AOC,57000,19002312,Radical Right,7,6,8,0.2857142857142857,0,0,train
LRL_2025-12-21_8_21018895,LRL_2025-12-21_8,LRL,2025-12-21,8,5 1/2F,5.5,D,AOC,57000,21018895,Heard On Thestreet,8,5,8,0.4285714285714286,0,0,train
LRL_2025-12-21_9_19008389,LRL_2025-12-21_9,LRL,2025-12-21,9,1M,8.0,D,CLM,21300,19008389,Isabella's Glory,1,1,8,1.0,1,1,train
LRL_2025-12-21_9_21009283,LRL_2025-12-21_9,LRL,2025-12-21,9,1M,8.0,D,CLM,21300,21009283,Maximo Madness,2,7,8,0.1428571428571429,0,0,train
LRL_2025-12-21_9_22015599,LRL_2025-12-21_9,LRL,2025-12-21,9,1M,8.0,D,CLM,21300,22015599,Judith's Cross,3,8,8,0.0,0,0,train
LRL_2025-12-21_9_20017096,LRL_2025-12-21_9,LRL,2025-12-21,9,1M,8.0,D,CLM,21300,20017096,Major Houlihan,4,3,8,0.7142857142857143,0,1,train
LRL_2025-12-21_9_21010309,LRL_2025-12-21_9,LRL,2025-12-21,9,1M,8.0,D,CLM,21300,21010309,Lachicafortequila,5,4,8,0.5714285714285714,0,0,train
LRL_2025-12-21_9_21010285,LRL_2025-12-21_9,LRL,2025-12-21,9,1M,8.0,D,CLM,21300,21010285,Don't Tell Kelly,6,5,8,0.4285714285714286,0,0,train
LRL_2025-12-21_9_20004641,LRL_2025-12-21_9,LRL,2025-12-21,9,1M,8.0,D,CLM,21300,20004641,Baby Sox,7,6,8,0.2857142857142857,0,0,train
LRL_2025-12-21_9_20016074,LRL_2025-12-21_9,LRL,2025-12-21,9,1M,8.0,D,CLM,21300,20016074,Honor the Truth,8,2,8,0.8571428571428572,0,1,train
LRL_2025-12-26_1_21006938,LRL_2025-12-26_1,LRL,2025-12-26,1,6F,6.0,D,CLM,23070,21006938,Uniwinner,1,8,11,0.30000000000000004,0,0,train
LRL_2025-12-26_1_21012519,LRL_2025-12-26_1,LRL,2025-12-26,1,6F,6.0,D,CLM,23070,21012519,Mister Agent,2,7,11,0.4,0,0,train
LRL_2025-12-26_1_21013577,LRL_2025-12-26_1,LRL,2025-12-26,1,6F,6.0,D,CLM,23070,21013577,Little Lance,3,1,11,1.0,1,1,train
LRL_2025-12-26_1_21016215,LRL_2025-12-26_1,LRL,2025-12-26,1,6F,6.0,D,CLM,23070,21016215,Beach Cowboy,4,4,11,0.7,0,0,train
LRL_2025-12-26_1_21003545,LRL_2025-12-26_1,LRL,2025-12-26,1,6F,6.0,D,CLM,23070,21003545,Bigdaddysboy,5,6,11,0.5,0,0,train
LRL_2025-12-26_1_21006724,LRL_2025-12-26_1,LRL,2025-12-26,1,6F,6.0,D,CLM,23070,21006724,Laddie Dance,6,2,11,0.9,0,1,train
LRL_2025-12-26_1_18001931,LRL_2025-12-26_1,LRL,2025-12-26,1,6F,6.0,D,CLM,23070,18001931,The Wolfman,7,10,11,0.09999999999999998,0,0,train
LRL_2025-12-26_1_16022898,LRL_2025-12-26_1,LRL,2025-12-26,1,6F,6.0,D,CLM,23070,16022898,Black Candy,8,11,11,0.0,0,0,train
LRL_2025-12-26_1_21012195,LRL_2025-12-26_1,LRL,2025-12-26,1,6F,6.0,D,CLM,23070,21012195,Prom Knight,9,3,11,0.8,0,1,train
LRL_2025-12-26_1_21008594,LRL_2025-12-26_1,LRL,2025-12-26,1,6F,6.0,D,CLM,23070,21008594,Striking Sparks,10,9,11,0.19999999999999996,0,0,train
LRL_2025-12-26_1_19002713,LRL_2025-12-26_1,LRL,2025-12-26,1,6F,6.0,D,CLM,23070,19002713,Backnthewoods,11,5,11,0.6,0,0,train
LRL_2025-12-26_2_22002905,LRL_2025-12-26_2,LRL,2025-12-26,2,6F,6.0,D,MCL,33000,22002905,Nit Witness,1,4,5,0.25,0,0,train
LRL_2025-12-26_2_22017709,LRL_2025-12-26_2,LRL,2025-12-26,2,6F,6.0,D,MCL,33000,22017709,Nancy's Notion,2,5,5,0.0,0,0,train
LRL_2025-12-26_2_22002945,LRL_2025-12-26_2,LRL,2025-12-26,2,6F,6.0,D,MCL,33000,22002945,She's Not a Lad,3,2,5,0.75,0,1,train
LRL_2025-12-26_2_22009792,LRL_2025-12-26_2,LRL,2025-12-26,2,6F,6.0,D,MCL,33000,22009792,Aeronyx,4,1,5,1.0,1,1,train
LRL_2025-12-26_2_22010780,LRL_2025-12-26_2,LRL,2025-12-26,2,6F,6.0,D,MCL,33000,22010780,Lovely Lookin Lili,5,3,5,0.5,0,1,train
LRL_2025-12-26_3_22010488,LRL_2025-12-26_3,LRL,2025-12-26,3,1 1/16M,8.5,D,CLM,24700,22010488,Why Not Grace,1,3,6,0.6,0,1,train
LRL_2025-12-26_3_22012128,LRL_2025-12-26_3,LRL,2025-12-26,3,1 1/16M,8.5,D,CLM,24700,22012128,Fitness,2,1,6,1.0,1,1,train
LRL_2025-12-26_3_22018737,LRL_2025-12-26_3,LRL,2025-12-26,3,1 1/16M,8.5,D,CLM,24700,22018737,Ade,3,2,6,0.8,0,1,train
LRL_2025-12-26_3_22016324,LRL_2025-12-26_3,LRL,2025-12-26,3,1 1/16M,8.5,D,CLM,24700,22016324,Bugged Out,4,5,6,0.19999999999999996,0,0,train
LRL_2025-12-26_3_22014344,LRL_2025-12-26_3,LRL,2025-12-26,3,1 1/16M,8.5,D,CLM,24700,22014344,First Pearl,5,4,6,0.4,0,0,train
LRL_2025-12-26_3_22013759,LRL_2025-12-26_3,LRL,2025-12-26,3,1 1/16M,8.5,D,CLM,24700,22013759,Qualified Hire,6,6,6,0.0,0,0,train
LRL_2025-12-26_4_23005659,LRL_2025-12-26_4,LRL,2025-12-26,4,5 1/2F,5.5,D,CLM,27760,23005659,Diamond N Dress,1,5,7,0.33333333333333337,0,0,train
LRL_2025-12-26_4_23002365,LRL_2025-12-26_4,LRL,2025-12-26,4,5 1/2F,5.5,D,CLM,27760,23002365,Nemain,2,4,7,0.5,0,0,train
LRL_2025-12-26_4_23014518,LRL_2025-12-26_4,LRL,2025-12-26,4,5 1/2F,5.5,D,CLM,27760,23014518,Only Maria,3,7,7,0.0,0,0,train
LRL_2025-12-26_4_23010163,LRL_2025-12-26_4,LRL,2025-12-26,4,5 1/2F,5.5,D,CLM,27760,23010163,One Hit Wonder,4,6,7,0.16666666666666663,0,0,train
LRL_2025-12-26_4_23014256,LRL_2025-12-26_4,LRL,2025-12-26,4,5 1/2F,5.5,D,CLM,27760,23014256,Hotmessness,5,2,7,0.8333333333333334,0,1,train
LRL_2025-12-26_4_23008752,LRL_2025-12-26_4,LRL,2025-12-26,4,5 1/2F,5.5,D,CLM,27760,23008752,Blind Love,6,3,7,0.6666666666666667,0,1,train
LRL_2025-12-26_4_23000766,LRL_2025-12-26_4,LRL,2025-12-26,4,5 1/2F,5.5,D,CLM,27760,23000766,Pichu,7,1,7,1.0,1,1,train
LRL_2025-12-26_5_19016807,LRL_2025-12-26_5,LRL,2025-12-26,5,1M,8.0,D,SOC,33110,19016807,Dolice Vita,1,1,9,1.0,1,1,train
LRL_2025-12-26_5_19016165,LRL_2025-12-26_5,LRL,2025-12-26,5,1M,8.0,D,SOC,33110,19016165,First Glimpse,2,2,9,0.875,0,1,train
LRL_2025-12-26_5_21009051,LRL_2025-12-26_5,LRL,2025-12-26,5,1M,8.0,D,SOC,33110,21009051,Melt With You,3,9,9,0.0,0,0,train
LRL_2025-12-26_5_21004286,LRL_2025-12-26_5,LRL,2025-12-26,5,1M,8.0,D,SOC,33110,21004286,White Series,4,8,9,0.125,0,0,train
LRL_2025-12-26_5_18006720,LRL_2025-12-26_5,LRL,2025-12-26,5,1M,8.0,D,SOC,33110,18006720,Talklessworkmore,5,4,9,0.625,0,0,train
LRL_2025-12-26_5_20016120,LRL_2025-12-26_5,LRL,2025-12-26,5,1M,8.0,D,SOC,33110,20016120,Collection Day,6,6,9,0.375,0,0,train
LRL_2025-12-26_5_19010909,LRL_2025-12-26_5,LRL,2025-12-26,5,1M,8.0,D,SOC,33110,19010909,Tops the Chart,7,3,9,0.75,0,1,train
LRL_2025-12-26_5_17020018,LRL_2025-12-26_5,LRL,2025-12-26,5,1M,8.0,D,SOC,33110,17020018,Self Taught,8,7,9,0.25,0,0,train
LRL_2025-12-26_5_20001085,LRL_2025-12-26_5,LRL,2025-12-26,5,1M,8.0,D,SOC,33110,20001085,Jolly by Golly,9,5,9,0.5,0,0,train
LRL_2025-12-26_6_20004494,LRL_2025-12-26_6,LRL,2025-12-26,6,5 1/2F,5.5,D,MCL,27200,20004494,Band Tour,1,11,11,0.0,0,0,train
LRL_2025-12-26_6_21007150,LRL_2025-12-26_6,LRL,2025-12-26,6,5 1/2F,5.5,D,MCL,27200,21007150,Northern Cardinal,2,3,11,0.8,0,1,train
LRL_2025-12-26_6_22003918,LRL_2025-12-26_6,LRL,2025-12-26,6,5 1/2F,5.5,D,MCL,27200,22003918,Showpiece,3,4,11,0.7,0,0,train
LRL_2025-12-26_6_22004908,LRL_2025-12-26_6,LRL,2025-12-26,6,5 1/2F,5.5,D,MCL,27200,22004908,Quahog Republic,4,5,11,0.6,0,0,train
LRL_2025-12-26_6_22018734,LRL_2025-12-26_6,LRL,2025-12-26,6,5 1/2F,5.5,D,MCL,27200,22018734,Final Offer,5,8,11,0.30000000000000004,0,0,train
LRL_2025-12-26_6_21005601,LRL_2025-12-26_6,LRL,2025-12-26,6,5 1/2F,5.5,D,MCL,27200,21005601,Superlastingsecret,6,1,11,1.0,1,1,train
LRL_2025-12-26_6_22006112,LRL_2025-12-26_6,LRL,2025-12-26,6,5 1/2F,5.5,D,MCL,27200,22006112,Furious George,7,6,11,0.5,0,0,train
LRL_2025-12-26_6_22006600,LRL_2025-12-26_6,LRL,2025-12-26,6,5 1/2F,5.5,D,MCL,27200,22006600,Railroad Inn,8,2,11,0.9,0,1,train
LRL_2025-12-26_6_22006107,LRL_2025-12-26_6,LRL,2025-12-26,6,5 1/2F,5.5,D,MCL,27200,22006107,Apolaustic,9,7,11,0.4,0,0,train
LRL_2025-12-26_6_20003183,LRL_2025-12-26_6,LRL,2025-12-26,6,5 1/2F,5.5,D,MCL,27200,20003183,Bold Mirage,10,10,11,0.09999999999999998,0,0,train
LRL_2025-12-26_6_22001570,LRL_2025-12-26_6,LRL,2025-12-26,6,5 1/2F,5.5,D,MCL,27200,22001570,Freedom Glider,11,9,11,0.19999999999999996,0,0,train
LRL_2025-12-26_7_22003162,LRL_2025-12-26_7,LRL,2025-12-26,7,6F,6.0,D,MSW,49410,22003162,Bring the Smoke,1,3,8,0.7142857142857143,0,1,train
LRL_2025-12-26_7_21010871,LRL_2025-12-26_7,LRL,2025-12-26,7,6F,6.0,D,MSW,49410,21010871,Under the Rug,2,8,8,0.0,0,0,train
LRL_2025-12-26_7_22013799,LRL_2025-12-26_7,LRL,2025-12-26,7,6F,6.0,D,MSW,49410,22013799,Summerinthecountry,3,4,8,0.5714285714285714,0,0,train
LRL_2025-12-26_7_22004294,LRL_2025-12-26_7,LRL,2025-12-26,7,6F,6.0,D,MSW,49410,22004294,Pneumo Warrior,4,6,8,0.2857142857142857,0,0,train
LRL_2025-12-26_7_22018268,LRL_2025-12-26_7,LRL,2025-12-26,7,6F,6.0,D,MSW,49410,22018268,Lonesome Road,5,1,8,1.0,1,1,train
LRL_2025-12-26_7_22019572,LRL_2025-12-26_7,LRL,2025-12-26,7,6F,6.0,D,MSW,49410,22019572,Stanza,6,2,8,0.8571428571428572,0,1,train
LRL_2025-12-26_7_22000676,LRL_2025-12-26_7,LRL,2025-12-26,7,6F,6.0,D,MSW,49410,22000676,Lannister,7,5,8,0.4285714285714286,0,0,train
LRL_2025-12-26_7_21009540,LRL_2025-12-26_7,LRL,2025-12-26,7,6F,6.0,D,MSW,49410,21009540,Free Costs to Much,8,7,8,0.1428571428571429,0,0,train
LRL_2025-12-26_8_22006485,LRL_2025-12-26_8,LRL,2025-12-26,8,5 1/2F,5.5,D,ALW,49000,22006485,Fear Nothing,1,3,8,0.7142857142857143,0,1,train
LRL_2025-12-26_8_22002682,LRL_2025-12-26_8,LRL,2025-12-26,8,5 1/2F,5.5,D,ALW,49000,22002682,Wickeddivine,2,4,8,0.5714285714285714,0,0,train
LRL_2025-12-26_8_22018894,LRL_2025-12-26_8,LRL,2025-12-26,8,5 1/2F,5.5,D,ALW,49000,22018894,Neverworkedaday,3,7,8,0.1428571428571429,0,0,train
LRL_2025-12-26_8_22019160,LRL_2025-12-26_8,LRL,2025-12-26,8,5 1/2F,5.5,D,ALW,49000,22019160,All the Hardways,4,1,8,1.0,1,1,train
LRL_2025-12-26_8_22007910,LRL_2025-12-26_8,LRL,2025-12-26,8,5 1/2F,5.5,D,ALW,49000,22007910,And Sum,5,6,8,0.2857142857142857,0,0,train
LRL_2025-12-26_8_21018352,LRL_2025-12-26_8,LRL,2025-12-26,8,5 1/2F,5.5,D,ALW,49000,21018352,Same Day as L J,6,8,8,0.0,0,0,train
LRL_2025-12-26_8_21009515,LRL_2025-12-26_8,LRL,2025-12-26,8,5 1/2F,5.5,D,ALW,49000,21009515,Paco the Taco Man,7,2,8,0.8571428571428572,0,1,train
LRL_2025-12-26_8_20019378,LRL_2025-12-26_8,LRL,2025-12-26,8,5 1/2F,5.5,D,ALW,49000,20019378,Great Heavens,8,5,8,0.4285714285714286,0,0,train
LRL_2025-12-26_9_22010453,LRL_2025-12-26_9,LRL,2025-12-26,9,6F,6.0,D,CLM,20260,22010453,Lost River,1,3,7,0.6666666666666667,0,1,train
LRL_2025-12-26_9_20001748,LRL_2025-12-26_9,LRL,2025-12-26,9,6F,6.0,D,CLM,20260,20001748,Miss Stones,2,5,7,0.33333333333333337,0,0,train
LRL_2025-12-26_9_21007744,LRL_2025-12-26_9,LRL,2025-12-26,9,6F,6.0,D,CLM,20260,21007744,Skip Thru Da Fire,3,1,7,1.0,1,1,train
LRL_2025-12-26_9_19017925,LRL_2025-12-26_9,LRL,2025-12-26,9,6F,6.0,D,CLM,20260,19017925,Watch Your Tone,4,2,7,0.8333333333333334,0,1,train
LRL_2025-12-26_9_21005169,LRL_2025-12-26_9,LRL,2025-12-26,9,6F,6.0,D,CLM,20260,21005169,Stormy Irish Lass,5,4,7,0.5,0,0,train
LRL_2025-12-26_9_21000328,LRL_2025-12-26_9,LRL,2025-12-26,9,6F,6.0,D,CLM,20260,21000328,Permed,6,7,7,0.0,0,0,train
LRL_2025-12-26_9_20003013,LRL_2025-12-26_9,LRL,2025-12-26,9,6F,6.0,D,CLM,20260,20003013,Royal Seamstress,7,6,7,0.16666666666666663,0,0,train
LRL_2025-12-27_1_23006388,LRL_2025-12-27_1,LRL,2025-12-27,1,5 1/2F,5.5,D,AOC,49500,23006388,Sweet Shenanigans,1,3,7,0.6666666666666667,0,1,train
LRL_2025-12-27_1_23012845,LRL_2025-12-27_1,LRL,2025-12-27,1,5 1/2F,5.5,D,AOC,49500,23012845,Won Ton,2,1,7,1.0,1,1,train
LRL_2025-12-27_1_23009437,LRL_2025-12-27_1,LRL,2025-12-27,1,5 1/2F,5.5,D,AOC,49500,23009437,Rerun Table,3,4,7,0.5,0,0,train
LRL_2025-12-27_1_23012012,LRL_2025-12-27_1,LRL,2025-12-27,1,5 1/2F,5.5,D,AOC,49500,23012012,Knickoletta,4,6,7,0.16666666666666663,0,0,train
LRL_2025-12-27_1_23011876,LRL_2025-12-27_1,LRL,2025-12-27,1,5 1/2F,5.5,D,AOC,49500,23011876,Honor Roll,5,2,7,0.8333333333333334,0,1,train
LRL_2025-12-27_1_23013873,LRL_2025-12-27_1,LRL,2025-12-27,1,5 1/2F,5.5,D,AOC,49500,23013873,Tipmanee,6,5,7,0.33333333333333337,0,0,train
LRL_2025-12-27_1_23005541,LRL_2025-12-27_1,LRL,2025-12-27,1,5 1/2F,5.5,D,AOC,49500,23005541,Curlene's Spirit,7,7,7,0.0,0,0,train
LRL_2025-12-27_2_21014741,LRL_2025-12-27_2,LRL,2025-12-27,2,1M,8.0,D,SOC,30000,21014741,Wyoming Class,1,1,3,1.0,1,1,train
LRL_2025-12-27_2_21008653,LRL_2025-12-27_2,LRL,2025-12-27,2,1M,8.0,D,SOC,30000,21008653,Brighty,2,2,3,0.5,0,1,train
LRL_2025-12-27_2_22004324,LRL_2025-12-27_2,LRL,2025-12-27,2,1M,8.0,D,SOC,30000,22004324,Robert's Moon,3,3,3,0.0,0,1,train
LRL_2025-12-27_3_21014434,LRL_2025-12-27_3,LRL,2025-12-27,3,1 1/8M,9.0,D,ALW,49000,21014434,Group Ticket,1,2,6,0.8,0,1,train
LRL_2025-12-27_3_19013832,LRL_2025-12-27_3,LRL,2025-12-27,3,1 1/8M,9.0,D,ALW,49000,19013832,Fromanothamutha,2,6,6,0.0,0,0,train
LRL_2025-12-27_3_22014238,LRL_2025-12-27_3,LRL,2025-12-27,3,1 1/8M,9.0,D,ALW,49000,22014238,Indy Charges On,3,1,6,1.0,1,1,train
LRL_2025-12-27_3_21008863,LRL_2025-12-27_3,LRL,2025-12-27,3,1 1/8M,9.0,D,ALW,49000,21008863,Night Time Nap,4,3,6,0.6,0,1,train
LRL_2025-12-27_3_20003831,LRL_2025-12-27_3,LRL,2025-12-27,3,1 1/8M,9.0,D,ALW,49000,20003831,Super Accelerate,5,4,6,0.4,0,0,train
LRL_2025-12-27_3_21001500,LRL_2025-12-27_3,LRL,2025-12-27,3,1 1/8M,9.0,D,ALW,49000,21001500,El de Larry,6,5,6,0.19999999999999996,0,0,train
LRL_2025-12-27_4_22008352,LRL_2025-12-27_4,LRL,2025-12-27,4,6F,6.0,D,ALW,48000,22008352,Rina Is Fire,1,1,5,1.0,1,1,train
LRL_2025-12-27_4_22006627,LRL_2025-12-27_4,LRL,2025-12-27,4,6F,6.0,D,ALW,48000,22006627,Seaside Road,2,5,5,0.0,0,0,train
LRL_2025-12-27_4_21018066,LRL_2025-12-27_4,LRL,2025-12-27,4,6F,6.0,D,ALW,48000,21018066,Lastchance Romance,3,3,5,0.5,0,1,train
LRL_2025-12-27_4_21012490,LRL_2025-12-27_4,LRL,2025-12-27,4,6F,6.0,D,ALW,48000,21012490,Meg,4,4,5,0.25,0,0,train
LRL_2025-12-27_4_21014690,LRL_2025-12-27_4,LRL,2025-12-27,4,6F,6.0,D,ALW,48000,21014690,Big Earn,5,2,5,0.75,0,1,train
LRL_2025-12-27_5_21011854,LRL_2025-12-27_5,LRL,2025-12-27,5,1 1/16M,8.5,D,ALW,55615,21011854,Old Bay,1,2,6,0.8,0,1,train
LRL_2025-12-27_5_22007116,LRL_2025-12-27_5,LRL,2025-12-27,5,1 1/16M,8.5,D,ALW,55615,22007116,Arise My Love,2,1,6,1.0,1,1,train
LRL_2025-12-27_5_21003877,LRL_2025-12-27_5,LRL,2025-12-27,5,1 1/16M,8.5,D,ALW,55615,21003877,Shine On Moon,3,5,6,0.19999999999999996,0,0,train
LRL_2025-12-27_5_21002161,LRL_2025-12-27_5,LRL,2025-12-27,5,1 1/16M,8.5,D,ALW,55615,21002161,Bells Beach,4,4,6,0.4,0,0,train
LRL_2025-12-27_5_21005927,LRL_2025-12-27_5,LRL,2025-12-27,5,1 1/16M,8.5,D,ALW,55615,21005927,Mainstream Sellout,5,6,6,0.0,0,0,train
LRL_2025-12-27_5_19016317,LRL_2025-12-27_5,LRL,2025-12-27,5,1 1/16M,8.5,D,ALW,55615,19016317,Dazzy,6,3,6,0.6,0,1,train
LRL_2025-12-27_6_22012730,LRL_2025-12-27_6,LRL,2025-12-27,6,6F,6.0,D,SOC,28760,22012730,Krissi N,1,3,9,0.75,0,1,train
LRL_2025-12-27_6_22002442,LRL_2025-12-27_6,LRL,2025-12-27,6,6F,6.0,D,SOC,28760,22002442,Tierra Santa,2,6,9,0.375,0,0,train
LRL_2025-12-27_6_21010411,LRL_2025-12-27_6,LRL,2025-12-27,6,6F,6.0,D,SOC,28760,21010411,Anita Beer,3,1,9,1.0,1,1,train
LRL_2025-12-27_6_22000770,LRL_2025-12-27_6,LRL,2025-12-27,6,6F,6.0,D,SOC,28760,22000770,Brightness,4,7,9,0.25,0,0,train
LRL_2025-12-27_6_22015126,LRL_2025-12-27_6,LRL,2025-12-27,6,6F,6.0,D,SOC,28760,22015126,Fabia,5,5,9,0.5,0,0,train
LRL_2025-12-27_6_22006185,LRL_2025-12-27_6,LRL,2025-12-27,6,6F,6.0,D,SOC,28760,22006185,She's a Bombshell,6,8,9,0.125,0,0,train
LRL_2025-12-27_6_22004645,LRL_2025-12-27_6,LRL,2025-12-27,6,6F,6.0,D,SOC,28760,22004645,Bourbon N Lace,7,4,9,0.625,0,0,train
LRL_2025-12-27_6_22007066,LRL_2025-12-27_6,LRL,2025-12-27,6,6F,6.0,D,SOC,28760,22007066,Anotherhope,8,2,9,0.875,0,1,train
LRL_2025-12-27_6_21006298,LRL_2025-12-27_6,LRL,2025-12-27,6,6F,6.0,D,SOC,28760,21006298,Lady Sriracha,9,9,9,0.0,0,0,train
LRL_2025-12-27_7_23015742,LRL_2025-12-27_7,LRL,2025-12-27,7,7F,7.0,D,STK,100000,23015742,Just Philtored,1,2,3,0.5,0,1,train
LRL_2025-12-27_7_23013445,LRL_2025-12-27_7,LRL,2025-12-27,7,7F,7.0,D,STK,100000,23013445,Peach Tie,2,1,3,1.0,1,1,train
LRL_2025-12-27_7_23005638,LRL_2025-12-27_7,LRL,2025-12-27,7,7F,7.0,D,STK,100000,23005638,Slewperstitus,3,3,3,0.0,0,1,train
LRL_2025-12-27_8_23014779,LRL_2025-12-27_8,LRL,2025-12-27,8,7F,7.0,D,STK,100000,23014779,Gurney Halleck,1,4,6,0.4,0,0,train
LRL_2025-12-27_8_23008098,LRL_2025-12-27_8,LRL,2025-12-27,8,7F,7.0,D,STK,100000,23008098,Probably Dreaming,2,2,6,0.8,0,1,train
LRL_2025-12-27_8_23010813,LRL_2025-12-27_8,LRL,2025-12-27,8,7F,7.0,D,STK,100000,23010813,Red Zone Runner,3,3,6,0.6,0,1,train
LRL_2025-12-27_8_23011016,LRL_2025-12-27_8,LRL,2025-12-27,8,7F,7.0,D,STK,100000,23011016,Very Volatile,4,6,6,0.0,0,0,train
LRL_2025-12-27_8_23013872,LRL_2025-12-27_8,LRL,2025-12-27,8,7F,7.0,D,STK,100000,23013872,Power Grid,5,5,6,0.19999999999999996,0,0,train
LRL_2025-12-27_8_23013491,LRL_2025-12-27_8,LRL,2025-12-27,8,7F,7.0,D,STK,100000,23013491,Hollywood Import,6,1,6,1.0,1,1,train
LRL_2025-12-27_9_22011224,LRL_2025-12-27_9,LRL,2025-12-27,9,1 1/16M,8.5,D,CLM,22560,22011224,Strategist,1,2,7,0.8333333333333334,0,1,train
LRL_2025-12-27_9_22004906,LRL_2025-12-27_9,LRL,2025-12-27,9,1 1/16M,8.5,D,CLM,22560,22004906,Candycrumbs,2,6,7,0.16666666666666663,0,0,train
LRL_2025-12-27_9_22003166,LRL_2025-12-27_9,LRL,2025-12-27,9,1 1/16M,8.5,D,CLM,22560,22003166,Speedy Alex,3,7,7,0.0,0,0,train
LRL_2025-12-27_9_22015089,LRL_2025-12-27_9,LRL,2025-12-27,9,1 1/16M,8.5,D,CLM,22560,22015089,Bigtonten,4,3,7,0.6666666666666667,0,1,train
LRL_2025-12-27_9_22008443,LRL_2025-12-27_9,LRL,2025-12-27,9,1 1/16M,8.5,D,CLM,22560,22008443,Amazing Bernie,5,5,7,0.33333333333333337,0,0,train
LRL_2025-12-27_9_21004771,LRL_2025-12-27_9,LRL,2025-12-27,9,1 1/16M,8.5,D,CLM,22560,21004771,Happy Jaunt,6,4,7,0.5,0,0,train
LRL_2025-12-27_9_21002490,LRL_2025-12-27_9,LRL,2025-12-27,9,1 1/16M,8.5,D,CLM,22560,21002490,Work Hard,7,1,7,1.0,1,1,train
LRL_2025-12-28_1_21019882,LRL_2025-12-28_1,LRL,2025-12-28,1,6F,6.0,D,CLM,24050,21019882,Sincerito,1,2,8,0.8571428571428572,0,1,train
LRL_2025-12-28_1_22011518,LRL_2025-12-28_1,LRL,2025-12-28,1,6F,6.0,D,CLM,24050,22011518,Docsgotallthecandy,2,3,8,0.7142857142857143,0,1,train
LRL_2025-12-28_1_22006685,LRL_2025-12-28_1,LRL,2025-12-28,1,6F,6.0,D,CLM,24050,22006685,City Panda,3,4,8,0.5714285714285714,0,0,train
LRL_2025-12-28_1_21012793,LRL_2025-12-28_1,LRL,2025-12-28,1,6F,6.0,D,CLM,24050,21012793,Guardian Prince,4,6,8,0.2857142857142857,0,0,train
LRL_2025-12-28_1_22001189,LRL_2025-12-28_1,LRL,2025-12-28,1,6F,6.0,D,CLM,24050,22001189,Nola Boss,5,8,8,0.0,0,0,train
LRL_2025-12-28_1_21011564,LRL_2025-12-28_1,LRL,2025-12-28,1,6F,6.0,D,CLM,24050,21011564,Rampagius,6,1,8,1.0,1,1,train
LRL_2025-12-28_1_22000678,LRL_2025-12-28_1,LRL,2025-12-28,1,6F,6.0,D,CLM,24050,22000678,Oleg,7,5,8,0.4285714285714286,0,0,train
LRL_2025-12-28_1_F0047810,LRL_2025-12-28_1,LRL,2025-12-28,1,6F,6.0,D,CLM,24050,F0047810,Borletti (IRE),8,7,8,0.1428571428571429,0,0,train
LRL_2025-12-28_2_22005320,LRL_2025-12-28_2,LRL,2025-12-28,2,1 1/16M,8.5,D,MCL,30000,22005320,Hysterics,1,6,6,0.0,0,0,train
LRL_2025-12-28_2_22004613,LRL_2025-12-28_2,LRL,2025-12-28,2,1 1/16M,8.5,D,MCL,30000,22004613,Ithadtobeblu,2,5,6,0.19999999999999996,0,0,train
LRL_2025-12-28_2_22009565,LRL_2025-12-28_2,LRL,2025-12-28,2,1 1/16M,8.5,D,MCL,30000,22009565,Zeta Jones,3,3,6,0.6,0,1,train
LRL_2025-12-28_2_21010436,LRL_2025-12-28_2,LRL,2025-12-28,2,1 1/16M,8.5,D,MCL,30000,21010436,Churning Berni,4,1,6,1.0,1,1,train
LRL_2025-12-28_2_22018758,LRL_2025-12-28_2,LRL,2025-12-28,2,1 1/16M,8.5,D,MCL,30000,22018758,Beshareit,5,4,6,0.4,0,0,train
LRL_2025-12-28_2_22003234,LRL_2025-12-28_2,LRL,2025-12-28,2,1 1/16M,8.5,D,MCL,30000,22003234,Zen Dreams,6,2,6,0.8,0,1,train
LRL_2025-12-28_3_22010973,LRL_2025-12-28_3,LRL,2025-12-28,3,7F,7.0,D,CLM,45900,22010973,Shkhara Fire,1,2,7,0.8333333333333334,0,1,train
LRL_2025-12-28_3_22004260,LRL_2025-12-28_3,LRL,2025-12-28,3,7F,7.0,D,CLM,45900,22004260,Safe Trust,2,1,7,1.0,1,1,train
LRL_2025-12-28_3_21016221,LRL_2025-12-28_3,LRL,2025-12-28,3,7F,7.0,D,CLM,45900,21016221,Party,3,6,7,0.16666666666666663,0,0,train
LRL_2025-12-28_3_22002084,LRL_2025-12-28_3,LRL,2025-12-28,3,7F,7.0,D,CLM,45900,22002084,Don't Fool With Me,4,7,7,0.0,0,0,train
LRL_2025-12-28_3_22003414,LRL_2025-12-28_3,LRL,2025-12-28,3,7F,7.0,D,CLM,45900,22003414,Devastating,5,4,7,0.5,0,0,train
LRL_2025-12-28_3_22007331,LRL_2025-12-28_3,LRL,2025-12-28,3,7F,7.0,D,CLM,45900,22007331,Synergism,6,5,7,0.33333333333333337,0,0,train
LRL_2025-12-28_3_22006002,LRL_2025-12-28_3,LRL,2025-12-28,3,7F,7.0,D,CLM,45900,22006002,Esroh,7,3,7,0.6666666666666667,0,1,train
LRL_2025-12-28_4_19004932,LRL_2025-12-28_4,LRL,2025-12-28,4,1 1/16M,8.5,D,SOC,24000,19004932,Vodkatini,1,5,6,0.19999999999999996,0,0,train
LRL_2025-12-28_4_21007664,LRL_2025-12-28_4,LRL,2025-12-28,4,1 1/16M,8.5,D,SOC,24000,21007664,Missy Boss,2,6,6,0.0,0,0,train
LRL_2025-12-28_4_20013475,LRL_2025-12-28_4,LRL,2025-12-28,4,1 1/16M,8.5,D,SOC,24000,20013475,Golden Charm,3,4,6,0.4,0,0,train
LRL_2025-12-28_4_19013743,LRL_2025-12-28_4,LRL,2025-12-28,4,1 1/16M,8.5,D,SOC,24000,19013743,Golden Eib Micrphn,4,1,6,1.0,1,1,train
LRL_2025-12-28_4_20006400,LRL_2025-12-28_4,LRL,2025-12-28,4,1 1/16M,8.5,D,SOC,24000,20006400,Genieinabridle,5,3,6,0.6,0,1,train
LRL_2025-12-28_4_20009759,LRL_2025-12-28_4,LRL,2025-12-28,4,1 1/16M,8.5,D,SOC,24000,20009759,How Sweet She Is,6,2,6,0.8,0,1,train
LRL_2025-12-28_5_23019191,LRL_2025-12-28_5,LRL,2025-12-28,5,6F,6.0,D,CLM,44700,23019191,Palacios,1,2,7,0.8333333333333334,0,1,train
LRL_2025-12-28_5_23015047,LRL_2025-12-28_5,LRL,2025-12-28,5,6F,6.0,D,CLM,44700,23015047,Sticktothesystem,2,7,7,0.0,0,0,train
LRL_2025-12-28_5_23010766,LRL_2025-12-28_5,LRL,2025-12-28,5,6F,6.0,D,CLM,44700,23010766,Prince of Darkness,3,3,7,0.6666666666666667,0,1,train
LRL_2025-12-28_5_23013972,LRL_2025-12-28_5,LRL,2025-12-28,5,6F,6.0,D,CLM,44700,23013972,Mr. Supreme,4,4,7,0.5,0,0,train
LRL_2025-12-28_5_23014565,LRL_2025-12-28_5,LRL,2025-12-28,5,6F,6.0,D,CLM,44700,23014565,Feels So Right,5,5,7,0.33333333333333337,0,0,train
LRL_2025-12-28_5_23009922,LRL_2025-12-28_5,LRL,2025-12-28,5,6F,6.0,D,CLM,44700,23009922,Our Day Will Come,6,1,7,1.0,1,1,train
LRL_2025-12-28_5_23014809,LRL_2025-12-28_5,LRL,2025-12-28,5,6F,6.0,D,CLM,44700,23014809,Mose Smokin,7,6,7,0.16666666666666663,0,0,train
LRL_2025-12-28_6_22013670,LRL_2025-12-28_6,LRL,2025-12-28,6,7F,7.0,D,CLM,24550,22013670,Centsamilla,1,9,9,0.0,0,0,train
LRL_2025-12-28_6_22003953,LRL_2025-12-28_6,LRL,2025-12-28,6,7F,7.0,D,CLM,24550,22003953,Vanilla Sundae,2,1,9,1.0,1,1,train
LRL_2025-12-28_6_22010064,LRL_2025-12-28_6,LRL,2025-12-28,6,7F,7.0,D,CLM,24550,22010064,Buckin' Right,3,2,9,0.875,0,1,train
LRL_2025-12-28_6_22014247,LRL_2025-12-28_6,LRL,2025-12-28,6,7F,7.0,D,CLM,24550,22014247,Luminous Secret,4,3,9,0.75,0,1,train
LRL_2025-12-28_6_21003092,LRL_2025-12-28_6,LRL,2025-12-28,6,7F,7.0,D,CLM,24550,21003092,A P M Notion,5,8,9,0.125,0,0,train
LRL_2025-12-28_6_22000564,LRL_2025-12-28_6,LRL,2025-12-28,6,7F,7.0,D,CLM,24550,22000564,Map to the Moon,6,7,9,0.25,0,0,train
LRL_2025-12-28_6_21003278,LRL_2025-12-28_6,LRL,2025-12-28,6,7F,7.0,D,CLM,24550,21003278,Weekend Wife,7,4,9,0.625,0,0,train
LRL_2025-12-28_6_19002714,LRL_2025-12-28_6,LRL,2025-12-28,6,7F,7.0,D,CLM,24550,19002714,Mischief Motion,8,5,9,0.5,0,0,train
LRL_2025-12-28_6_21010127,LRL_2025-12-28_6,LRL,2025-12-28,6,7F,7.0,D,CLM,24550,21010127,Sweet Honey Bee,9,6,9,0.375,0,0,train
LRL_2025-12-28_7_20007754,LRL_2025-12-28_7,LRL,2025-12-28,7,1M,8.0,D,AOC,56000,20007754,Raise Cain,1,1,4,1.0,1,1,train
LRL_2025-12-28_7_21001063,LRL_2025-12-28_7,LRL,2025-12-28,7,1M,8.0,D,AOC,56000,21001063,J D Factor,2,2,4,0.6666666666666667,0,1,train
LRL_2025-12-28_7_21000715,LRL_2025-12-28_7,LRL,2025-12-28,7,1M,8.0,D,AOC,56000,21000715,Goodbye Note,3,3,4,0.33333333333333337,0,1,train
LRL_2025-12-28_7_21013111,LRL_2025-12-28_7,LRL,2025-12-28,7,1M,8.0,D,AOC,56000,21013111,Cap Com,4,4,4,0.0,0,0,train
LRL_2025-12-28_8_17011275,LRL_2025-12-28_8,LRL,2025-12-28,8,1 1/8M,9.0,D,CLM,18410,17011275,Prince Khozan,1,2,6,0.8,0,1,train
LRL_2025-12-28_8_20012355,LRL_2025-12-28_8,LRL,2025-12-28,8,1 1/8M,9.0,D,CLM,18410,20012355,Admit Nothing,2,3,6,0.6,0,1,train
LRL_2025-12-28_8_20010550,LRL_2025-12-28_8,LRL,2025-12-28,8,1 1/8M,9.0,D,CLM,18410,20010550,Game Keeper,3,4,6,0.4,0,0,train
LRL_2025-12-28_8_21003341,LRL_2025-12-28_8,LRL,2025-12-28,8,1 1/8M,9.0,D,CLM,18410,21003341,Waldrip,4,1,6,1.0,1,1,train
LRL_2025-12-28_8_21003590,LRL_2025-12-28_8,LRL,2025-12-28,8,1 1/8M,9.0,D,CLM,18410,21003590,Whiskeyinthejaro,5,6,6,0.0,0,0,train
LRL_2025-12-28_8_20013396,LRL_2025-12-28_8,LRL,2025-12-28,8,1 1/8M,9.0,D,CLM,18410,20013396,Martini Martin,6,5,6,0.19999999999999996,0,0,train
LRL_2026-01-09_1_21002201,LRL_2026-01-09_1,LRL,2026-01-09,1,1M,8.0,D,CLM,25870,21002201,Dats My Pharaoh,1,2,9,0.875,0,1,train
LRL_2026-01-09_1_19019286,LRL_2026-01-09_1,LRL,2026-01-09,1,1M,8.0,D,CLM,25870,19019286,Right of Rush,2,6,9,0.375,0,0,train
LRL_2026-01-09_1_21019874,LRL_2026-01-09_1,LRL,2026-01-09,1,1M,8.0,D,CLM,25870,21019874,Uncle Grey,3,7,9,0.25,0,0,train
LRL_2026-01-09_1_22006616,LRL_2026-01-09_1,LRL,2026-01-09,1,1M,8.0,D,CLM,25870,22006616,American Litigator,4,9,9,0.0,0,0,train
LRL_2026-01-09_1_21008045,LRL_2026-01-09_1,LRL,2026-01-09,1,1M,8.0,D,CLM,25870,21008045,Return Fire,5,3,9,0.75,0,1,train
LRL_2026-01-09_1_19017639,LRL_2026-01-09_1,LRL,2026-01-09,1,1M,8.0,D,CLM,25870,19017639,Twice Gold,6,1,9,1.0,1,1,train
LRL_2026-01-09_1_20018653,LRL_2026-01-09_1,LRL,2026-01-09,1,1M,8.0,D,CLM,25870,20018653,Salvo Trigger,7,5,9,0.5,0,0,train
LRL_2026-01-09_1_22014043,LRL_2026-01-09_1,LRL,2026-01-09,1,1M,8.0,D,CLM,25870,22014043,Maupansant,8,4,9,0.625,0,0,train
LRL_2026-01-09_1_21004183,LRL_2026-01-09_1,LRL,2026-01-09,1,1M,8.0,D,CLM,25870,21004183,Thirty West,9,8,9,0.125,0,0,train
LRL_2026-01-09_2_20008666,LRL_2026-01-09_2,LRL,2026-01-09,2,6F,6.0,D,SOC,24000,20008666,Commingling,1,3,6,0.6,0,1,train
LRL_2026-01-09_2_20011876,LRL_2026-01-09_2,LRL,2026-01-09,2,6F,6.0,D,SOC,24000,20011876,Coaches Meeting,2,5,6,0.19999999999999996,0,0,train
LRL_2026-01-09_2_19011495,LRL_2026-01-09_2,LRL,2026-01-09,2,6F,6.0,D,SOC,24000,19011495,Daufuskie Island,3,1,6,1.0,1,1,train
LRL_2026-01-09_2_21000672,LRL_2026-01-09_2,LRL,2026-01-09,2,6F,6.0,D,SOC,24000,21000672,Catahoula Moon,4,4,6,0.4,0,0,train
LRL_2026-01-09_2_18019913,LRL_2026-01-09_2,LRL,2026-01-09,2,6F,6.0,D,SOC,24000,18019913,Shipman,5,2,6,0.8,0,1,train
LRL_2026-01-09_2_19010112,LRL_2026-01-09_2,LRL,2026-01-09,2,6F,6.0,D,SOC,24000,19010112,Fenwick,6,6,6,0.0,0,0,train
LRL_2026-01-09_3_21007150,LRL_2026-01-09_3,LRL,2026-01-09,3,5 1/2F,5.5,D,MCL,24390,21007150,Northern Cardinal,1,7,10,0.33333333333333337,0,0,train
LRL_2026-01-09_3_22006600,LRL_2026-01-09_3,LRL,2026-01-09,3,5 1/2F,5.5,D,MCL,24390,22006600,Railroad Inn,2,8,10,0.2222222222222222,0,0,train
LRL_2026-01-09_3_22008704,LRL_2026-01-09_3,LRL,2026-01-09,3,5 1/2F,5.5,D,MCL,24390,22008704,Jose Can't Say,3,3,10,0.7777777777777778,0,1,train
LRL_2026-01-09_3_22013499,LRL_2026-01-09_3,LRL,2026-01-09,3,5 1/2F,5.5,D,MCL,24390,22013499,Thunder Cry,4,5,10,0.5555555555555556,0,0,train
LRL_2026-01-09_3_22001204,LRL_2026-01-09_3,LRL,2026-01-09,3,5 1/2F,5.5,D,MCL,24390,22001204,Twelve Nelson,5,2,10,0.8888888888888888,0,1,train
LRL_2026-01-09_3_22008736,LRL_2026-01-09_3,LRL,2026-01-09,3,5 1/2F,5.5,D,MCL,24390,22008736,Shot for the Moon,6,1,10,1.0,1,1,train
LRL_2026-01-09_3_22010701,LRL_2026-01-09_3,LRL,2026-01-09,3,5 1/2F,5.5,D,MCL,24390,22010701,Salty Lime,7,10,10,0.0,0,0,train
LRL_2026-01-09_3_20004494,LRL_2026-01-09_3,LRL,2026-01-09,3,5 1/2F,5.5,D,MCL,24390,20004494,Band Tour,8,9,10,0.11111111111111116,0,0,train
LRL_2026-01-09_3_22008884,LRL_2026-01-09_3,LRL,2026-01-09,3,5 1/2F,5.5,D,MCL,24390,22008884,Brother Bobo,9,6,10,0.4444444444444444,0,0,train
LRL_2026-01-09_3_22004908,LRL_2026-01-09_3,LRL,2026-01-09,3,5 1/2F,5.5,D,MCL,24390,22004908,Quahog Republic,10,4,10,0.6666666666666667,0,0,train
LRL_2026-01-09_4_21006430,LRL_2026-01-09_4,LRL,2026-01-09,4,5 1/2F,5.5,D,SOC,40885,21006430,Irish Hero,1,6,6,0.0,0,0,train
LRL_2026-01-09_4_22015100,LRL_2026-01-09_4,LRL,2026-01-09,4,5 1/2F,5.5,D,SOC,40885,22015100,Do It for Michael,2,3,6,0.6,0,1,train
LRL_2026-01-09_4_21018316,LRL_2026-01-09_4,LRL,2026-01-09,4,5 1/2F,5.5,D,SOC,40885,21018316,Medagooch,3,1,6,1.0,1,1,train
LRL_2026-01-09_4_18012283,LRL_2026-01-09_4,LRL,2026-01-09,4,5 1/2F,5.5,D,SOC,40885,18012283,River Dog,4,2,6,0.8,0,1,train
LRL_2026-01-09_4_20007029,LRL_2026-01-09_4,LRL,2026-01-09,4,5 1/2F,5.5,D,SOC,40885,20007029,Sheriff Ronnie,5,5,6,0.19999999999999996,0,0,train
LRL_2026-01-09_4_19000681,LRL_2026-01-09_4,LRL,2026-01-09,4,5 1/2F,5.5,D,SOC,40885,19000681,Captain Quint,6,4,6,0.4,0,0,train
LRL_2026-01-09_5_22016324,LRL_2026-01-09_5,LRL,2026-01-09,5,6F,6.0,D,CLM,19910,22016324,Bugged Out,1,4,9,0.625,0,0,train
LRL_2026-01-09_5_20016773,LRL_2026-01-09_5,LRL,2026-01-09,5,6F,6.0,D,CLM,19910,20016773,Bay Street,2,3,9,0.75,0,1,train
LRL_2026-01-09_5_20003013,LRL_2026-01-09_5,LRL,2026-01-09,5,6F,6.0,D,CLM,19910,20003013,Royal Seamstress,3,8,9,0.125,0,0,train
LRL_2026-01-09_5_18007504,LRL_2026-01-09_5,LRL,2026-01-09,5,6F,6.0,D,CLM,19910,18007504,Gold Time Vixen,4,6,9,0.375,0,0,train
LRL_2026-01-09_5_21006267,LRL_2026-01-09_5,LRL,2026-01-09,5,6F,6.0,D,CLM,19910,21006267,Firstlady Rosalynn,5,1,9,1.0,1,1,train
LRL_2026-01-09_5_21017703,LRL_2026-01-09_5,LRL,2026-01-09,5,6F,6.0,D,CLM,19910,21017703,Yumyum Eat Em Up,6,5,9,0.5,0,0,train
LRL_2026-01-09_5_21003092,LRL_2026-01-09_5,LRL,2026-01-09,5,6F,6.0,D,CLM,19910,21003092,A P M Notion,7,9,9,0.0,0,0,train
LRL_2026-01-09_5_18022195,LRL_2026-01-09_5,LRL,2026-01-09,5,6F,6.0,D,CLM,19910,18022195,R Averie Lynn,8,2,9,0.875,0,1,train
LRL_2026-01-09_5_19001706,LRL_2026-01-09_5,LRL,2026-01-09,5,6F,6.0,D,CLM,19910,19001706,Sapphire Beauty,9,7,9,0.25,0,0,train
LRL_2026-01-09_6_23000349,LRL_2026-01-09_6,LRL,2026-01-09,6,6F,6.0,D,MCL,24890,23000349,Sugar On Fire,1,3,11,0.8,0,1,train
LRL_2026-01-09_6_23014673,LRL_2026-01-09_6,LRL,2026-01-09,6,6F,6.0,D,MCL,24890,23014673,Gallo,2,9,11,0.19999999999999996,0,0,train
LRL_2026-01-09_6_23004968,LRL_2026-01-09_6,LRL,2026-01-09,6,6F,6.0,D,MCL,24890,23004968,Sin Sin,3,4,11,0.7,0,0,train
LRL_2026-01-09_6_23008262,LRL_2026-01-09_6,LRL,2026-01-09,6,6F,6.0,D,MCL,24890,23008262,Flying to Work,4,5,11,0.6,0,0,train
LRL_2026-01-09_6_23014027,LRL_2026-01-09_6,LRL,2026-01-09,6,6F,6.0,D,MCL,24890,23014027,Babble,5,8,11,0.30000000000000004,0,0,train
LRL_2026-01-09_6_23008991,LRL_2026-01-09_6,LRL,2026-01-09,6,6F,6.0,D,MCL,24890,23008991,Q Got Hops,6,7,11,0.4,0,0,train
LRL_2026-01-09_6_23014780,LRL_2026-01-09_6,LRL,2026-01-09,6,6F,6.0,D,MCL,24890,23014780,Turf to Dirt,7,11,11,0.0,0,0,train
LRL_2026-01-09_6_23002053,LRL_2026-01-09_6,LRL,2026-01-09,6,6F,6.0,D,MCL,24890,23002053,Gonzalo,8,1,11,1.0,1,1,train
LRL_2026-01-09_6_23000452,LRL_2026-01-09_6,LRL,2026-01-09,6,6F,6.0,D,MCL,24890,23000452,Cosmic Fate,9,10,11,0.09999999999999998,0,0,train
LRL_2026-01-09_6_23002277,LRL_2026-01-09_6,LRL,2026-01-09,6,6F,6.0,D,MCL,24890,23002277,Above the Norm,10,2,11,0.9,0,1,train
LRL_2026-01-09_6_23017181,LRL_2026-01-09_6,LRL,2026-01-09,6,6F,6.0,D,MCL,24890,23017181,Rio Del Valle,11,6,11,0.5,0,0,train
LRL_2026-01-09_7_23002465,LRL_2026-01-09_7,LRL,2026-01-09,7,1M,8.0,D,MSW,49410,23002465,Pie Phi,1,7,8,0.1428571428571429,0,0,train
LRL_2026-01-09_7_23014695,LRL_2026-01-09_7,LRL,2026-01-09,7,1M,8.0,D,MSW,49410,23014695,Nothinglesswilldo,2,2,8,0.8571428571428572,0,1,train
LRL_2026-01-09_7_23001436,LRL_2026-01-09_7,LRL,2026-01-09,7,1M,8.0,D,MSW,49410,23001436,Iamdependingonyou,3,8,8,0.0,0,0,train
LRL_2026-01-09_7_23016511,LRL_2026-01-09_7,LRL,2026-01-09,7,1M,8.0,D,MSW,49410,23016511,Jerry's Chord,4,6,8,0.2857142857142857,0,0,train
LRL_2026-01-09_7_23002207,LRL_2026-01-09_7,LRL,2026-01-09,7,1M,8.0,D,MSW,49410,23002207,Lady Lydia,5,4,8,0.5714285714285714,0,0,train
LRL_2026-01-09_7_23009522,LRL_2026-01-09_7,LRL,2026-01-09,7,1M,8.0,D,MSW,49410,23009522,Velocity Girl,6,1,8,1.0,1,1,train
LRL_2026-01-09_7_23009832,LRL_2026-01-09_7,LRL,2026-01-09,7,1M,8.0,D,MSW,49410,23009832,Watch Me Sparkle,7,3,8,0.7142857142857143,0,1,train
LRL_2026-01-09_7_23013198,LRL_2026-01-09_7,LRL,2026-01-09,7,1M,8.0,D,MSW,49410,23013198,Honor Thy Cookie,8,5,8,0.4285714285714286,0,0,train
LRL_2026-01-09_8_23006925,LRL_2026-01-09_8,LRL,2026-01-09,8,5 1/2F,5.5,D,AOC,50235,23006925,Awesome Andy,1,1,7,1.0,1,1,train
LRL_2026-01-09_8_23001383,LRL_2026-01-09_8,LRL,2026-01-09,8,5 1/2F,5.5,D,AOC,50235,23001383,Spidey Man,2,3,7,0.6666666666666667,0,1,train
LRL_2026-01-09_8_23017313,LRL_2026-01-09_8,LRL,2026-01-09,8,5 1/2F,5.5,D,AOC,50235,23017313,Springhawk,3,6,7,0.16666666666666663,0,0,train
LRL_2026-01-09_8_23006656,LRL_2026-01-09_8,LRL,2026-01-09,8,5 1/2F,5.5,D,AOC,50235,23006656,Worker Bee,4,4,7,0.5,0,0,train
LRL_2026-01-09_8_23006633,LRL_2026-01-09_8,LRL,2026-01-09,8,5 1/2F,5.5,D,AOC,50235,23006633,Sculcos Folly,5,2,7,0.8333333333333334,0,1,train
LRL_2026-01-09_8_23007671,LRL_2026-01-09_8,LRL,2026-01-09,8,5 1/2F,5.5,D,AOC,50235,23007671,Big Bolton,6,5,7,0.33333333333333337,0,0,train
LRL_2026-01-09_8_23017809,LRL_2026-01-09_8,LRL,2026-01-09,8,5 1/2F,5.5,D,AOC,50235,23017809,Biker Baley,7,7,7,0.0,0,0,train
LRL_2026-01-09_9_17007087,LRL_2026-01-09_9,LRL,2026-01-09,9,6F,6.0,D,AOC,57770,17007087,Magic Mule,1,6,6,0.0,0,0,train
LRL_2026-01-09_9_18005570,LRL_2026-01-09_9,LRL,2026-01-09,9,6F,6.0,D,AOC,57770,18005570,Tenebris,2,2,6,0.8,0,1,train
LRL_2026-01-09_9_22013479,LRL_2026-01-09_9,LRL,2026-01-09,9,6F,6.0,D,AOC,57770,22013479,Bold Diversion,3,1,6,1.0,1,1,train
LRL_2026-01-09_9_19002312,LRL_2026-01-09_9,LRL,2026-01-09,9,6F,6.0,D,AOC,57770,19002312,Radical Right,4,3,6,0.6,0,1,train
LRL_2026-01-09_9_21007720,LRL_2026-01-09_9,LRL,2026-01-09,9,6F,6.0,D,AOC,57770,21007720,Intrepid's Legacy,5,4,6,0.4,0,0,train
LRL_2026-01-09_9_17017015,LRL_2026-01-09_9,LRL,2026-01-09,9,6F,6.0,D,AOC,57770,17017015,Karan's Notion,6,5,6,0.19999999999999996,0,0,train
LRL_2026-01-09_10_22010143,LRL_2026-01-09_10,LRL,2026-01-09,10,6F,6.0,D,CLM,23390,22010143,Infastuation,1,1,8,1.0,1,1,train
LRL_2026-01-09_10_21004579,LRL_2026-01-09_10,LRL,2026-01-09,10,6F,6.0,D,CLM,23390,21004579,Bond's Belle,2,3,8,0.7142857142857143,0,1,train
LRL_2026-01-09_10_22002442,LRL_2026-01-09_10,LRL,2026-01-09,10,6F,6.0,D,CLM,23390,22002442,Tierra Santa,3,6,8,0.2857142857142857,0,0,train
LRL_2026-01-09_10_22004786,LRL_2026-01-09_10,LRL,2026-01-09,10,6F,6.0,D,CLM,23390,22004786,Thunder in Paris,4,7,8,0.1428571428571429,0,0,train
LRL_2026-01-09_10_22000770,LRL_2026-01-09_10,LRL,2026-01-09,10,6F,6.0,D,CLM,23390,22000770,Brightness,5,4,8,0.5714285714285714,0,0,train
LRL_2026-01-09_10_21011141,LRL_2026-01-09_10,LRL,2026-01-09,10,6F,6.0,D,CLM,23390,21011141,Just the Thing,6,5,8,0.4285714285714286,0,0,train
LRL_2026-01-09_10_19018229,LRL_2026-01-09_10,LRL,2026-01-09,10,6F,6.0,D,CLM,23390,19018229,South Pacific,7,8,8,0.0,0,0,train
LRL_2026-01-09_10_21005285,LRL_2026-01-09_10,LRL,2026-01-09,10,6F,6.0,D,CLM,23390,21005285,Gregorian Solo,8,2,8,0.8571428571428572,0,1,train
LRL_2026-01-10_1_21013454,LRL_2026-01-10_1,LRL,2026-01-10,1,1 1/16M,8.5,D,SOC,27280,21013454,Brindano,1,5,7,0.33333333333333337,0,0,train
LRL_2026-01-10_1_22006714,LRL_2026-01-10_1,LRL,2026-01-10,1,1 1/16M,8.5,D,SOC,27280,22006714,Where's My Chew,2,4,7,0.5,0,0,train
LRL_2026-01-10_1_22002300,LRL_2026-01-10_1,LRL,2026-01-10,1,1 1/16M,8.5,D,SOC,27280,22002300,The Count Is On,3,6,7,0.16666666666666663,0,0,train
LRL_2026-01-10_1_20002819,LRL_2026-01-10_1,LRL,2026-01-10,1,1 1/16M,8.5,D,SOC,27280,20002819,Chance,4,1,7,1.0,1,1,train
LRL_2026-01-10_1_21011618,LRL_2026-01-10_1,LRL,2026-01-10,1,1 1/16M,8.5,D,SOC,27280,21011618,Mugatu,5,3,7,0.6666666666666667,0,1,train
LRL_2026-01-10_1_22013966,LRL_2026-01-10_1,LRL,2026-01-10,1,1 1/16M,8.5,D,SOC,27280,22013966,Keen Surge,6,7,7,0.0,0,0,train
LRL_2026-01-10_1_22013097,LRL_2026-01-10_1,LRL,2026-01-10,1,1 1/16M,8.5,D,SOC,27280,22013097,Tuff Luck,7,2,7,0.8333333333333334,0,1,train
LRL_2026-01-10_2_22000626,LRL_2026-01-10_2,LRL,2026-01-10,2,6F,6.0,D,CLM,24370,22000626,Ecumenical,1,3,6,0.6,0,1,train
LRL_2026-01-10_2_20002436,LRL_2026-01-10_2,LRL,2026-01-10,2,6F,6.0,D,CLM,24370,20002436,Not So Holy,2,5,6,0.19999999999999996,0,0,train
LRL_2026-01-10_2_22013102,LRL_2026-01-10_2,LRL,2026-01-10,2,6F,6.0,D,CLM,24370,22013102,Blo By'em,3,6,6,0.0,0,0,train
LRL_2026-01-10_2_22001373,LRL_2026-01-10_2,LRL,2026-01-10,2,6F,6.0,D,CLM,24370,22001373,Ellinger,4,2,6,0.8,0,1,train
LRL_2026-01-10_2_22018029,LRL_2026-01-10_2,LRL,2026-01-10,2,6F,6.0,D,CLM,24370,22018029,World On Fire,5,1,6,1.0,1,1,train
LRL_2026-01-10_2_19017987,LRL_2026-01-10_2,LRL,2026-01-10,2,6F,6.0,D,CLM,24370,19017987,D Hopper,6,4,6,0.4,0,0,train
LRL_2026-01-10_3_23004974,LRL_2026-01-10_3,LRL,2026-01-10,3,5 1/2F,5.5,D,CLM,34550,23004974,Fiesta La Luna,1,7,7,0.0,0,0,train
LRL_2026-01-10_3_23011140,LRL_2026-01-10_3,LRL,2026-01-10,3,5 1/2F,5.5,D,CLM,34550,23011140,Shenadoah Sunrise,2,5,7,0.33333333333333337,0,0,train
LRL_2026-01-10_3_23008409,LRL_2026-01-10_3,LRL,2026-01-10,3,5 1/2F,5.5,D,CLM,34550,23008409,Capos Sugar Kane,3,6,7,0.16666666666666663,0,0,train
LRL_2026-01-10_3_23000766,LRL_2026-01-10_3,LRL,2026-01-10,3,5 1/2F,5.5,D,CLM,34550,23000766,Pichu,4,4,7,0.5,0,0,train
LRL_2026-01-10_3_23004937,LRL_2026-01-10_3,LRL,2026-01-10,3,5 1/2F,5.5,D,CLM,34550,23004937,Holy Storm,5,3,7,0.6666666666666667,0,1,train
LRL_2026-01-10_3_23012748,LRL_2026-01-10_3,LRL,2026-01-10,3,5 1/2F,5.5,D,CLM,34550,23012748,Barbados Bulldog,6,1,7,1.0,1,1,train
LRL_2026-01-10_3_23012905,LRL_2026-01-10_3,LRL,2026-01-10,3,5 1/2F,5.5,D,CLM,34550,23012905,Last Gift,7,2,7,0.8333333333333334,0,1,train
LRL_2026-01-10_4_23017976,LRL_2026-01-10_4,LRL,2026-01-10,4,1 1/16M,8.5,D,MCL,24700,23017976,Tug,1,5,6,0.19999999999999996,0,0,train
LRL_2026-01-10_4_23004092,LRL_2026-01-10_4,LRL,2026-01-10,4,1 1/16M,8.5,D,MCL,24700,23004092,Pencil Me In,2,1,6,1.0,1,1,train
LRL_2026-01-10_4_23000358,LRL_2026-01-10_4,LRL,2026-01-10,4,1 1/16M,8.5,D,MCL,24700,23000358,Gonna Make It,3,4,6,0.4,0,0,train
LRL_2026-01-10_4_23001371,LRL_2026-01-10_4,LRL,2026-01-10,4,1 1/16M,8.5,D,MCL,24700,23001371,Plenty On Tap,4,2,6,0.8,0,1,train
LRL_2026-01-10_4_23016735,LRL_2026-01-10_4,LRL,2026-01-10,4,1 1/16M,8.5,D,MCL,24700,23016735,Runaway Rooster,5,6,6,0.0,0,0,train
LRL_2026-01-10_4_23009996,LRL_2026-01-10_4,LRL,2026-01-10,4,1 1/16M,8.5,D,MCL,24700,23009996,Boss Lily,6,3,6,0.6,0,1,train
LRL_2026-01-10_5_23006424,LRL_2026-01-10_5,LRL,2026-01-10,5,7F,7.0,D,MCL,44230,23006424,Sweet Spy,1,8,10,0.2222222222222222,0,0,train
LRL_2026-01-10_5_23015196,LRL_2026-01-10_5,LRL,2026-01-10,5,7F,7.0,D,MCL,44230,23015196,No More Calls,2,7,10,0.33333333333333337,0,0,train
LRL_2026-01-10_5_23007746,LRL_2026-01-10_5,LRL,2026-01-10,5,7F,7.0,D,MCL,44230,23007746,Flirty Bajan,3,6,10,0.4444444444444444,0,0,train
LRL_2026-01-10_5_23014784,LRL_2026-01-10_5,LRL,2026-01-10,5,7F,7.0,D,MCL,44230,23014784,Finny,4,4,10,0.6666666666666667,0,0,train
LRL_2026-01-10_5_23008719,LRL_2026-01-10_5,LRL,2026-01-10,5,7F,7.0,D,MCL,44230,23008719,Pont Aven,5,2,10,0.8888888888888888,0,1,train
LRL_2026-01-10_5_23001085,LRL_2026-01-10_5,LRL,2026-01-10,5,7F,7.0,D,MCL,44230,23001085,Rebel Prince,6,9,10,0.11111111111111116,0,0,train
LRL_2026-01-10_5_23006721,LRL_2026-01-10_5,LRL,2026-01-10,5,7F,7.0,D,MCL,44230,23006721,Little Lino,7,5,10,0.5555555555555556,0,0,train
LRL_2026-01-10_5_23003648,LRL_2026-01-10_5,LRL,2026-01-10,5,7F,7.0,D,MCL,44230,23003648,Beautiful Quality,8,10,10,0.0,0,0,train
LRL_2026-01-10_5_23017289,LRL_2026-01-10_5,LRL,2026-01-10,5,7F,7.0,D,MCL,44230,23017289,Close the Gate,9,1,10,1.0,1,1,train
LRL_2026-01-10_5_23005168,LRL_2026-01-10_5,LRL,2026-01-10,5,7F,7.0,D,MCL,44230,23005168,Greyline Station,10,3,10,0.7777777777777778,0,1,train
LRL_2026-01-10_6_19004530,LRL_2026-01-10_6,LRL,2026-01-10,6,6F,6.0,D,CLM,21180,19004530,Quincannon,1,2,11,0.9,0,1,train
LRL_2026-01-10_6_19014035,LRL_2026-01-10_6,LRL,2026-01-10,6,6F,6.0,D,CLM,21180,19014035,Keeping It Country,2,7,11,0.4,0,0,train
LRL_2026-01-10_6_21012195,LRL_2026-01-10_6,LRL,2026-01-10,6,6F,6.0,D,CLM,21180,21012195,Prom Knight,3,11,11,0.0,0,0,train
LRL_2026-01-10_6_18001954,LRL_2026-01-10_6,LRL,2026-01-10,6,6F,6.0,D,CLM,21180,18001954,Spotted Bull,4,1,11,1.0,1,1,train
LRL_2026-01-10_6_17000068,LRL_2026-01-10_6,LRL,2026-01-10,6,6F,6.0,D,CLM,21180,17000068,Genghis,5,8,11,0.30000000000000004,0,0,train
LRL_2026-01-10_6_19005959,LRL_2026-01-10_6,LRL,2026-01-10,6,6F,6.0,D,CLM,21180,19005959,Woodline,6,3,11,0.8,0,1,train
LRL_2026-01-10_6_20010035,LRL_2026-01-10_6,LRL,2026-01-10,6,6F,6.0,D,CLM,21180,20010035,Seven's Eleven,7,4,11,0.7,0,0,train
LRL_2026-01-10_6_18015442,LRL_2026-01-10_6,LRL,2026-01-10,6,6F,6.0,D,CLM,21180,18015442,Magic Spin,8,6,11,0.5,0,0,train
LRL_2026-01-10_6_21004662,LRL_2026-01-10_6,LRL,2026-01-10,6,6F,6.0,D,CLM,21180,21004662,Likebelivingnmagic,9,10,11,0.09999999999999998,0,0,train
LRL_2026-01-10_6_21011287,LRL_2026-01-10_6,LRL,2026-01-10,6,6F,6.0,D,CLM,21180,21011287,P J's Song,10,5,11,0.6,0,0,train
LRL_2026-01-10_6_18006157,LRL_2026-01-10_6,LRL,2026-01-10,6,6F,6.0,D,CLM,21180,18006157,Ocala Dream,11,9,11,0.19999999999999996,0,0,train
LRL_2026-01-10_7_23002714,LRL_2026-01-10_7,LRL,2026-01-10,7,1M,8.0,D,AOC,55615,23002714,Lundi Loot,1,2,7,0.8333333333333334,0,1,train
LRL_2026-01-10_7_23015101,LRL_2026-01-10_7,LRL,2026-01-10,7,1M,8.0,D,AOC,55615,23015101,Let's Go Lando,2,1,7,1.0,1,1,train
LRL_2026-01-10_7_23009978,LRL_2026-01-10_7,LRL,2026-01-10,7,1M,8.0,D,AOC,55615,23009978,Hixon,3,6,7,0.16666666666666663,0,0,train
LRL_2026-01-10_7_23015288,LRL_2026-01-10_7,LRL,2026-01-10,7,1M,8.0,D,AOC,55615,23015288,Code of Silence,4,3,7,0.6666666666666667,0,1,train
LRL_2026-01-10_7_23016445,LRL_2026-01-10_7,LRL,2026-01-10,7,1M,8.0,D,AOC,55615,23016445,Tactics,5,5,7,0.33333333333333337,0,0,train
LRL_2026-01-10_7_23015852,LRL_2026-01-10_7,LRL,2026-01-10,7,1M,8.0,D,AOC,55615,23015852,G Q Worthy,6,4,7,0.5,0,0,train
LRL_2026-01-10_7_23010240,LRL_2026-01-10_7,LRL,2026-01-10,7,1M,8.0,D,AOC,55615,23010240,Wildncrazyguy,7,7,7,0.0,0,0,train
LRL_2026-01-10_8_23013873,LRL_2026-01-10_8,LRL,2026-01-10,8,1M,8.0,D,AOC,49500,23013873,Tipmanee,1,4,7,0.5,0,0,train
LRL_2026-01-10_8_23009002,LRL_2026-01-10_8,LRL,2026-01-10,8,1M,8.0,D,AOC,49500,23009002,Honor Our Country,2,3,7,0.6666666666666667,0,1,train
LRL_2026-01-10_8_23006988,LRL_2026-01-10_8,LRL,2026-01-10,8,1M,8.0,D,AOC,49500,23006988,Chambourcin,3,7,7,0.0,0,0,train
LRL_2026-01-10_8_23017975,LRL_2026-01-10_8,LRL,2026-01-10,8,1M,8.0,D,AOC,49500,23017975,God I Need a Favor,4,5,7,0.33333333333333337,0,0,train
LRL_2026-01-10_8_23013653,LRL_2026-01-10_8,LRL,2026-01-10,8,1M,8.0,D,AOC,49500,23013653,Miss Fulton Gal,5,2,7,0.8333333333333334,0,1,train
LRL_2026-01-10_8_23007621,LRL_2026-01-10_8,LRL,2026-01-10,8,1M,8.0,D,AOC,49500,23007621,C'est Chouette,6,6,7,0.16666666666666663,0,0,train
LRL_2026-01-10_8_23012790,LRL_2026-01-10_8,LRL,2026-01-10,8,1M,8.0,D,AOC,49500,23012790,Momaxie,7,1,7,1.0,1,1,train
LRL_2026-01-10_9_18017084,LRL_2026-01-10_9,LRL,2026-01-10,9,6F,6.0,D,AOC,55885,18017084,My Flicker,1,7,7,0.0,0,0,train
LRL_2026-01-10_9_21017747,LRL_2026-01-10_9,LRL,2026-01-10,9,6F,6.0,D,AOC,55885,21017747,Kilo Road,2,4,7,0.5,0,0,train
LRL_2026-01-10_9_20005817,LRL_2026-01-10_9,LRL,2026-01-10,9,6F,6.0,D,AOC,55885,20005817,Talk to the Judge,3,3,7,0.6666666666666667,0,1,train
LRL_2026-01-10_9_22009436,LRL_2026-01-10_9,LRL,2026-01-10,9,6F,6.0,D,AOC,55885,22009436,Itsamonstamash,4,2,7,0.8333333333333334,0,1,train
LRL_2026-01-10_9_22000828,LRL_2026-01-10_9,LRL,2026-01-10,9,6F,6.0,D,AOC,55885,22000828,In My Memories,5,1,7,1.0,1,1,train
LRL_2026-01-10_9_21004573,LRL_2026-01-10_9,LRL,2026-01-10,9,6F,6.0,D,AOC,55885,21004573,Back Forty,6,5,7,0.33333333333333337,0,0,train
LRL_2026-01-10_9_22009796,LRL_2026-01-10_9,LRL,2026-01-10,9,6F,6.0,D,AOC,55885,22009796,Green Eyed Monster,7,6,7,0.16666666666666663,0,0,train
LRL_2026-01-10_10_23008625,LRL_2026-01-10_10,LRL,2026-01-10,10,1M,8.0,D,MCL,22990,23008625,Fastfeld,1,3,6,0.6,0,1,train
LRL_2026-01-10_10_23010382,LRL_2026-01-10_10,LRL,2026-01-10,10,1M,8.0,D,MCL,22990,23010382,Kittyup,2,2,6,0.8,0,1,train
LRL_2026-01-10_10_23009576,LRL_2026-01-10_10,LRL,2026-01-10,10,1M,8.0,D,MCL,22990,23009576,Onetime for Lar,3,6,6,0.0,0,0,train
LRL_2026-01-10_10_23010927,LRL_2026-01-10_10,LRL,2026-01-10,10,1M,8.0,D,MCL,22990,23010927,Entitled Defense,4,5,6,0.19999999999999996,0,0,train
LRL_2026-01-10_10_23008616,LRL_2026-01-10_10,LRL,2026-01-10,10,1M,8.0,D,MCL,22990,23008616,I'm a Lil Wicked,5,4,6,0.4,0,0,train
LRL_2026-01-10_10_23001458,LRL_2026-01-10_10,LRL,2026-01-10,10,1M,8.0,D,MCL,22990,23001458,Take Charge Candy,6,1,6,1.0,1,1,train
LRL_2026-01-16_1_22008047,LRL_2026-01-16_1,LRL,2026-01-16,1,6F,6.0,D,SOC,26000,22008047,Summer Vibes,1,2,5,0.75,0,1,train
LRL_2026-01-16_1_22009217,LRL_2026-01-16_1,LRL,2026-01-16,1,6F,6.0,D,SOC,26000,22009217,Wiffleball,2,1,5,1.0,1,1,train
LRL_2026-01-16_1_21009715,LRL_2026-01-16_1,LRL,2026-01-16,1,6F,6.0,D,SOC,26000,21009715,Square Slice,3,3,5,0.5,0,1,train
LRL_2026-01-16_1_22002517,LRL_2026-01-16_1,LRL,2026-01-16,1,6F,6.0,D,SOC,26000,22002517,Artist Mark,4,4,5,0.25,0,0,train
LRL_2026-01-16_1_21016438,LRL_2026-01-16_1,LRL,2026-01-16,1,6F,6.0,D,SOC,26000,21016438,Rapidity,5,5,5,0.0,0,0,train
LRL_2026-01-16_2_23017176,LRL_2026-01-16_2,LRL,2026-01-16,2,1 1/16M,8.5,D,CLM,24000,23017176,Elusive Sionna,1,3,5,0.5,0,1,train
LRL_2026-01-16_2_23005659,LRL_2026-01-16_2,LRL,2026-01-16,2,1 1/16M,8.5,D,CLM,24000,23005659,Diamond N Dress,2,1,5,1.0,1,1,train
LRL_2026-01-16_2_23002688,LRL_2026-01-16_2,LRL,2026-01-16,2,1 1/16M,8.5,D,CLM,24000,23002688,Secret Oaks,3,2,5,0.75,0,1,train
LRL_2026-01-16_2_23002365,LRL_2026-01-16_2,LRL,2026-01-16,2,1 1/16M,8.5,D,CLM,24000,23002365,Nemain,4,4,5,0.25,0,0,train
LRL_2026-01-16_2_23011865,LRL_2026-01-16_2,LRL,2026-01-16,2,1 1/16M,8.5,D,CLM,24000,23011865,Astrid,5,5,5,0.0,0,0,train
LRL_2026-01-16_3_23000429,LRL_2026-01-16_3,LRL,2026-01-16,3,6F,6.0,D,MCL,31950,23000429,Stroll Trippin,1,5,9,0.5,0,0,train
LRL_2026-01-16_3_23003171,LRL_2026-01-16_3,LRL,2026-01-16,3,6F,6.0,D,MCL,31950,23003171,Emma Mermaid,2,4,9,0.625,0,0,train
LRL_2026-01-16_3_23005036,LRL_2026-01-16_3,LRL,2026-01-16,3,6F,6.0,D,MCL,31950,23005036,Princess Charming,3,3,9,0.75,0,1,train
LRL_2026-01-16_3_23001133,LRL_2026-01-16_3,LRL,2026-01-16,3,6F,6.0,D,MCL,31950,23001133,Consider Elle Nore,4,9,9,0.0,0,0,train
LRL_2026-01-16_3_23016910,LRL_2026-01-16_3,LRL,2026-01-16,3,6F,6.0,D,MCL,31950,23016910,Shoulda Known,5,6,9,0.375,0,0,train
LRL_2026-01-16_3_23003420,LRL_2026-01-16_3,LRL,2026-01-16,3,6F,6.0,D,MCL,31950,23003420,Princess Azara,6,2,9,0.875,0,1,train
LRL_2026-01-16_3_23006307,LRL_2026-01-16_3,LRL,2026-01-16,3,6F,6.0,D,MCL,31950,23006307,Eastcoastgirlsrhip,7,7,9,0.25,0,0,train
LRL_2026-01-16_3_23009862,LRL_2026-01-16_3,LRL,2026-01-16,3,6F,6.0,D,MCL,31950,23009862,Modernis Silver,8,8,9,0.125,0,0,train
LRL_2026-01-16_3_23005289,LRL_2026-01-16_3,LRL,2026-01-16,3,6F,6.0,D,MCL,31950,23005289,Disney Belle,9,1,9,1.0,1,1,train
LRL_2026-01-16_4_22016262,LRL_2026-01-16_4,LRL,2026-01-16,4,1M,8.0,D,CLM,22000,22016262,Cocktail Humor,1,3,5,0.5,0,1,train
LRL_2026-01-16_4_22010488,LRL_2026-01-16_4,LRL,2026-01-16,4,1M,8.0,D,CLM,22000,22010488,Why Not Grace,2,1,5,1.0,1,1,train
LRL_2026-01-16_4_21008555,LRL_2026-01-16_4,LRL,2026-01-16,4,1M,8.0,D,CLM,22000,21008555,Feelin So Lucky,3,5,5,0.0,0,0,train
LRL_2026-01-16_4_22017307,LRL_2026-01-16_4,LRL,2026-01-16,4,1M,8.0,D,CLM,22000,22017307,A Cozy Thing,4,2,5,0.75,0,1,train
LRL_2026-01-16_4_22003953,LRL_2026-01-16_4,LRL,2026-01-16,4,1M,8.0,D,CLM,22000,22003953,Vanilla Sundae,5,4,5,0.25,0,0,train
LRL_2026-01-16_5_23011598,LRL_2026-01-16_5,LRL,2026-01-16,5,5 1/2F,5.5,D,CLM,35550,23011598,Coloma,1,7,9,0.25,0,0,train
LRL_2026-01-16_5_23014565,LRL_2026-01-16_5,LRL,2026-01-16,5,5 1/2F,5.5,D,CLM,35550,23014565,Feels So Right,2,6,9,0.375,0,0,train
LRL_2026-01-16_5_23019724,LRL_2026-01-16_5,LRL,2026-01-16,5,5 1/2F,5.5,D,CLM,35550,23019724,Swift Attraction,3,9,9,0.0,0,0,train
LRL_2026-01-16_5_23015832,LRL_2026-01-16_5,LRL,2026-01-16,5,5 1/2F,5.5,D,CLM,35550,23015832,Expresso Bay,4,8,9,0.125,0,0,train
LRL_2026-01-16_5_23014975,LRL_2026-01-16_5,LRL,2026-01-16,5,5 1/2F,5.5,D,CLM,35550,23014975,Mister Roscoe,5,1,9,1.0,1,1,train
LRL_2026-01-16_5_23005607,LRL_2026-01-16_5,LRL,2026-01-16,5,5 1/2F,5.5,D,CLM,35550,23005607,Mo Missile,6,5,9,0.5,0,0,train
LRL_2026-01-16_5_23014809,LRL_2026-01-16_5,LRL,2026-01-16,5,5 1/2F,5.5,D,CLM,35550,23014809,Mose Smokin,7,4,9,0.625,0,0,train
LRL_2026-01-16_5_23010330,LRL_2026-01-16_5,LRL,2026-01-16,5,5 1/2F,5.5,D,CLM,35550,23010330,Heat Check,8,2,9,0.875,0,1,train
LRL_2026-01-16_5_23005166,LRL_2026-01-16_5,LRL,2026-01-16,5,5 1/2F,5.5,D,CLM,35550,23005166,Fowl Mouth,9,3,9,0.75,0,1,train
LRL_2026-01-16_6_21010871,LRL_2026-01-16_6,LRL,2026-01-16,6,1 1/16M,8.5,D,MCL,26530,21010871,Under the Rug,2,8,8,0.0,0,0,train
LRL_2026-01-16_6_21016168,LRL_2026-01-16_6,LRL,2026-01-16,6,1 1/16M,8.5,D,MCL,26530,21016168,Tell 'Em I'm Comin,3,3,8,0.7142857142857143,0,1,train
LRL_2026-01-16_6_22010651,LRL_2026-01-16_6,LRL,2026-01-16,6,1 1/16M,8.5,D,MCL,26530,22010651,Edelweiss,4,4,8,0.5714285714285714,0,0,train
LRL_2026-01-16_6_22008704,LRL_2026-01-16_6,LRL,2026-01-16,6,1 1/16M,8.5,D,MCL,26530,22008704,Jose Can't Say,5,7,8,0.1428571428571429,0,0,train
LRL_2026-01-16_6_22012513,LRL_2026-01-16_6,LRL,2026-01-16,6,1 1/16M,8.5,D,MCL,26530,22012513,Christmas Spirit,6,1,8,1.0,1,1,train
LRL_2026-01-16_6_22006112,LRL_2026-01-16_6,LRL,2026-01-16,6,1 1/16M,8.5,D,MCL,26530,22006112,Furious George,7,6,8,0.2857142857142857,0,0,train
LRL_2026-01-16_6_20002564,LRL_2026-01-16_6,LRL,2026-01-16,6,1 1/16M,8.5,D,MCL,26530,20002564,Oxford Union,8,5,8,0.4285714285714286,0,0,train
LRL_2026-01-16_6_22013651,LRL_2026-01-16_6,LRL,2026-01-16,6,1 1/16M,8.5,D,MCL,26530,22013651,Imperial Spy,9,2,8,0.8571428571428572,0,1,train
LRL_2026-01-16_7_23008213,LRL_2026-01-16_7,LRL,2026-01-16,7,5 1/2F,5.5,D,MSW,51230,23008213,Ballinaclash,1,2,6,0.8,0,1,train
LRL_2026-01-16_7_23007804,LRL_2026-01-16_7,LRL,2026-01-16,7,5 1/2F,5.5,D,MSW,51230,23007804,Sujo,2,4,6,0.4,0,0,train
LRL_2026-01-16_7_23014053,LRL_2026-01-16_7,LRL,2026-01-16,7,5 1/2F,5.5,D,MSW,51230,23014053,Top Manipulator,3,1,6,1.0,1,1,train
LRL_2026-01-16_7_23019680,LRL_2026-01-16_7,LRL,2026-01-16,7,5 1/2F,5.5,D,MSW,51230,23019680,Matthew's Ticket,4,3,6,0.6,0,1,train
LRL_2026-01-16_7_23004168,LRL_2026-01-16_7,LRL,2026-01-16,7,5 1/2F,5.5,D,MSW,51230,23004168,Margie's Last,5,6,6,0.0,0,0,train
LRL_2026-01-16_7_23006394,LRL_2026-01-16_7,LRL,2026-01-16,7,5 1/2F,5.5,D,MSW,51230,23006394,Make It Quick,6,5,6,0.19999999999999996,0,0,train
LRL_2026-01-16_8_21003341,LRL_2026-01-16_8,LRL,2026-01-16,8,1 1/16M,8.5,D,SOC,25020,21003341,Waldrip,1,2,7,0.8333333333333334,0,1,train
LRL_2026-01-16_8_21002490,LRL_2026-01-16_8,LRL,2026-01-16,8,1 1/16M,8.5,D,SOC,25020,21002490,Work Hard,3,1,7,1.0,1,1,train
LRL_2026-01-16_8_17011275,LRL_2026-01-16_8,LRL,2026-01-16,8,1 1/16M,8.5,D,SOC,25020,17011275,Prince Khozan,4,7,7,0.0,0,0,train
LRL_2026-01-16_8_19010669,LRL_2026-01-16_8,LRL,2026-01-16,8,1 1/16M,8.5,D,SOC,25020,19010669,Be Better,5,6,7,0.16666666666666663,0,0,train
LRL_2026-01-16_8_21004220,LRL_2026-01-16_8,LRL,2026-01-16,8,1 1/16M,8.5,D,SOC,25020,21004220,Masakado,6,3,7,0.6666666666666667,0,1,train
LRL_2026-01-16_8_18006720,LRL_2026-01-16_8,LRL,2026-01-16,8,1 1/16M,8.5,D,SOC,25020,18006720,Talklessworkmore,7,5,7,0.33333333333333337,0,0,train
LRL_2026-01-16_8_17003226,LRL_2026-01-16_8,LRL,2026-01-16,8,1 1/16M,8.5,D,SOC,25020,17003226,Rob the Rich,8,4,7,0.5,0,0,train
LRL_2026-01-16_9_21018864,LRL_2026-01-16_9,LRL,2026-01-16,9,5 1/2F,5.5,D,ALW,54410,21018864,Dewy's Beast,1,7,8,0.1428571428571429,0,0,train
LRL_2026-01-16_9_20003831,LRL_2026-01-16_9,LRL,2026-01-16,9,5 1/2F,5.5,D,ALW,54410,20003831,Super Accelerate,2,6,8,0.2857142857142857,0,0,train
LRL_2026-01-16_9_21012759,LRL_2026-01-16_9,LRL,2026-01-16,9,5 1/2F,5.5,D,ALW,54410,21012759,Prado Road,3,4,8,0.5714285714285714,0,0,train
LRL_2026-01-16_9_22002704,LRL_2026-01-16_9,LRL,2026-01-16,9,5 1/2F,5.5,D,ALW,54410,22002704,Firmantown,4,8,8,0.0,0,0,train
LRL_2026-01-16_9_22014410,LRL_2026-01-16_9,LRL,2026-01-16,9,5 1/2F,5.5,D,ALW,54410,22014410,Suremeanttoobe,5,1,8,1.0,1,1,train
LRL_2026-01-16_9_22009002,LRL_2026-01-16_9,LRL,2026-01-16,9,5 1/2F,5.5,D,ALW,54410,22009002,Winning Trip,6,3,8,0.7142857142857143,0,1,train
LRL_2026-01-16_9_22007910,LRL_2026-01-16_9,LRL,2026-01-16,9,5 1/2F,5.5,D,ALW,54410,22007910,And Sum,7,5,8,0.4285714285714286,0,0,train
LRL_2026-01-16_9_22015422,LRL_2026-01-16_9,LRL,2026-01-16,9,5 1/2F,5.5,D,ALW,54410,22015422,Built by Khozan,8,2,8,0.8571428571428572,0,1,train
LRL_2026-01-16_10_22006543,LRL_2026-01-16_10,LRL,2026-01-16,10,7F,7.0,D,CLM,20600,22006543,Let's Have a Party,1,2,7,0.8333333333333334,0,1,train
LRL_2026-01-16_10_19017159,LRL_2026-01-16_10,LRL,2026-01-16,10,7F,7.0,D,CLM,20600,19017159,Pudge Boy Palace,2,5,7,0.33333333333333337,0,0,train
LRL_2026-01-16_10_21016215,LRL_2026-01-16_10,LRL,2026-01-16,10,7F,7.0,D,CLM,20600,21016215,Beach Cowboy,3,3,7,0.6666666666666667,0,1,train
LRL_2026-01-16_10_20014884,LRL_2026-01-16_10,LRL,2026-01-16,10,7F,7.0,D,CLM,20600,20014884,Alilnalot,4,7,7,0.0,0,0,train
LRL_2026-01-16_10_17001959,LRL_2026-01-16_10,LRL,2026-01-16,10,7F,7.0,D,CLM,20600,17001959,Monday Morning Qb,5,4,7,0.5,0,0,train
LRL_2026-01-16_10_19016196,LRL_2026-01-16_10,LRL,2026-01-16,10,7F,7.0,D,CLM,20600,19016196,Pit Stop Man,6,1,7,1.0,1,1,train
LRL_2026-01-16_10_19004608,LRL_2026-01-16_10,LRL,2026-01-16,10,7F,7.0,D,CLM,20600,19004608,Find Faith,7,6,7,0.16666666666666663,0,0,train
LRL_2026-01-17_1_19014035,LRL_2026-01-17_1,LRL,2026-01-17,1,1 1/16M,8.5,D,CLM,21260,19014035,Keeping It Country,1,3,9,0.75,0,1,train
LRL_2026-01-17_1_17011271,LRL_2026-01-17_1,LRL,2026-01-17,1,1 1/16M,8.5,D,CLM,21260,17011271,Gangly,2,8,9,0.125,0,0,train
LRL_2026-01-17_1_19016350,LRL_2026-01-17_1,LRL,2026-01-17,1,1 1/16M,8.5,D,CLM,21260,19016350,Mistical Curlin,3,2,9,0.875,0,1,train
LRL_2026-01-17_1_20003449,LRL_2026-01-17_1,LRL,2026-01-17,1,1 1/16M,8.5,D,CLM,21260,20003449,Master of None,4,1,9,1.0,1,1,train
LRL_2026-01-17_1_20016120,LRL_2026-01-17_1,LRL,2026-01-17,1,1 1/16M,8.5,D,CLM,21260,20016120,Collection Day,5,6,9,0.375,0,0,train
LRL_2026-01-17_1_20013396,LRL_2026-01-17_1,LRL,2026-01-17,1,1 1/16M,8.5,D,CLM,21260,20013396,Martini Martin,6,5,9,0.5,0,0,train
LRL_2026-01-17_1_21011287,LRL_2026-01-17_1,LRL,2026-01-17,1,1 1/16M,8.5,D,CLM,21260,21011287,P J's Song,7,4,9,0.625,0,0,train
LRL_2026-01-17_1_16009053,LRL_2026-01-17_1,LRL,2026-01-17,1,1 1/16M,8.5,D,CLM,21260,16009053,Tiberius Mercurius,8,9,9,0.0,0,0,train
LRL_2026-01-17_1_21008594,LRL_2026-01-17_1,LRL,2026-01-17,1,1 1/16M,8.5,D,CLM,21260,21008594,Striking Sparks,9,7,9,0.25,0,0,train
LRL_2026-01-17_2_23009267,LRL_2026-01-17_2,LRL,2026-01-17,2,1M,8.0,D,MCL,26180,23009267,Mezzo Soprano,1,2,6,0.8,0,1,train
LRL_2026-01-17_2_23001436,LRL_2026-01-17_2,LRL,2026-01-17,2,1M,8.0,D,MCL,26180,23001436,Iamdependingonyou,2,1,6,1.0,1,1,train
LRL_2026-01-17_2_23007998,LRL_2026-01-17_2,LRL,2026-01-17,2,1M,8.0,D,MCL,26180,23007998,Naomi an Ruth,3,4,6,0.4,0,0,train
LRL_2026-01-17_2_23004126,LRL_2026-01-17_2,LRL,2026-01-17,2,1M,8.0,D,MCL,26180,23004126,Eimear,4,6,6,0.0,0,0,train
LRL_2026-01-17_2_23004717,LRL_2026-01-17_2,LRL,2026-01-17,2,1M,8.0,D,MCL,26180,23004717,Stylish Gem,5,3,6,0.6,0,1,train
LRL_2026-01-17_2_23006120,LRL_2026-01-17_2,LRL,2026-01-17,2,1M,8.0,D,MCL,26180,23006120,Belle's Baby,6,5,6,0.19999999999999996,0,0,train
LRL_2026-01-17_3_23006099,LRL_2026-01-17_3,LRL,2026-01-17,3,5 1/2F,5.5,D,MSW,52935,23006099,Cupid's Choice,1,2,8,0.8571428571428572,0,1,train
LRL_2026-01-17_3_23000688,LRL_2026-01-17_3,LRL,2026-01-17,3,5 1/2F,5.5,D,MSW,52935,23000688,Juniper's Jubilee,2,3,8,0.7142857142857143,0,1,train
LRL_2026-01-17_3_23014870,LRL_2026-01-17_3,LRL,2026-01-17,3,5 1/2F,5.5,D,MSW,52935,23014870,Itty Biddy City,3,6,8,0.2857142857142857,0,0,train
LRL_2026-01-17_3_23009535,LRL_2026-01-17_3,LRL,2026-01-17,3,5 1/2F,5.5,D,MSW,52935,23009535,Aqua Blaze,4,5,8,0.4285714285714286,0,0,train
LRL_2026-01-17_3_23001495,LRL_2026-01-17_3,LRL,2026-01-17,3,5 1/2F,5.5,D,MSW,52935,23001495,Profound Change,5,1,8,1.0,1,1,train
LRL_2026-01-17_3_23013122,LRL_2026-01-17_3,LRL,2026-01-17,3,5 1/2F,5.5,D,MSW,52935,23013122,Sterling Cat,6,8,8,0.0,0,0,train
LRL_2026-01-17_3_23006689,LRL_2026-01-17_3,LRL,2026-01-17,3,5 1/2F,5.5,D,MSW,52935,23006689,Truly Thrilling,7,4,8,0.5714285714285714,0,0,train
LRL_2026-01-17_3_23015077,LRL_2026-01-17_3,LRL,2026-01-17,3,5 1/2F,5.5,D,MSW,52935,23015077,Sweet Lexi,8,7,8,0.1428571428571429,0,0,train
LRL_2026-01-17_4_20011797,LRL_2026-01-17_4,LRL,2026-01-17,4,1 1/16M,8.5,D,AOC,53500,20011797,Certified Loverboy,1,2,7,0.8333333333333334,0,1,train
LRL_2026-01-17_4_22008084,LRL_2026-01-17_4,LRL,2026-01-17,4,1 1/16M,8.5,D,AOC,53500,22008084,National Law,2,1,7,1.0,1,1,train
LRL_2026-01-17_4_20002596,LRL_2026-01-17_4,LRL,2026-01-17,4,1 1/16M,8.5,D,AOC,53500,20002596,Xcellent Start,3,4,7,0.5,0,0,train
LRL_2026-01-17_4_22009964,LRL_2026-01-17_4,LRL,2026-01-17,4,1 1/16M,8.5,D,AOC,53500,22009964,Spotafreeone,4,7,7,0.0,0,0,train
LRL_2026-01-17_4_19012229,LRL_2026-01-17_4,LRL,2026-01-17,4,1 1/16M,8.5,D,AOC,53500,19012229,Crossland,5,6,7,0.16666666666666663,0,0,train
LRL_2026-01-17_4_21008850,LRL_2026-01-17_4,LRL,2026-01-17,4,1 1/16M,8.5,D,AOC,53500,21008850,In the Dance,6,5,7,0.33333333333333337,0,0,train
LRL_2026-01-17_4_22009085,LRL_2026-01-17_4,LRL,2026-01-17,4,1 1/16M,8.5,D,AOC,53500,22009085,Omaha Omaha,7,3,7,0.6666666666666667,0,1,train
LRL_2026-01-17_5_21012359,LRL_2026-01-17_5,LRL,2026-01-17,5,1M,8.0,D,SOC,28390,21012359,The Goddess Factor,1,1,10,1.0,1,1,train
LRL_2026-01-17_5_22004135,LRL_2026-01-17_5,LRL,2026-01-17,5,1M,8.0,D,SOC,28390,22004135,Aggro,2,9,10,0.11111111111111116,0,0,train
LRL_2026-01-17_5_21007178,LRL_2026-01-17_5,LRL,2026-01-17,5,1M,8.0,D,SOC,28390,21007178,Stress Reliever,3,7,10,0.33333333333333337,0,0,train
LRL_2026-01-17_5_21000940,LRL_2026-01-17_5,LRL,2026-01-17,5,1M,8.0,D,SOC,28390,21000940,Gourmet,4,5,10,0.5555555555555556,0,0,train
LRL_2026-01-17_5_22015126,LRL_2026-01-17_5,LRL,2026-01-17,5,1M,8.0,D,SOC,28390,22015126,Fabia,5,4,10,0.6666666666666667,0,0,train
LRL_2026-01-17_5_22003364,LRL_2026-01-17_5,LRL,2026-01-17,5,1M,8.0,D,SOC,28390,22003364,Blo by the Field,6,3,10,0.7777777777777778,0,1,train
LRL_2026-01-17_5_22009607,LRL_2026-01-17_5,LRL,2026-01-17,5,1M,8.0,D,SOC,28390,22009607,My Dear Antonia,7,10,10,0.0,0,0,train
LRL_2026-01-17_5_22002976,LRL_2026-01-17_5,LRL,2026-01-17,5,1M,8.0,D,SOC,28390,22002976,Casa Juanita,8,8,10,0.2222222222222222,0,0,train
LRL_2026-01-17_5_22014975,LRL_2026-01-17_5,LRL,2026-01-17,5,1M,8.0,D,SOC,28390,22014975,Lord's Lady,9,2,10,0.8888888888888888,0,1,train
LRL_2026-01-17_5_22004645,LRL_2026-01-17_5,LRL,2026-01-17,5,1M,8.0,D,SOC,28390,22004645,Bourbon N Lace,10,6,10,0.4444444444444444,0,0,train
LRL_2026-01-17_6_21005073,LRL_2026-01-17_6,LRL,2026-01-17,6,1M,8.0,D,STK,100000,21005073,Navani,1,2,7,0.8333333333333334,0,1,train
LRL_2026-01-17_6_20016031,LRL_2026-01-17_6,LRL,2026-01-17,6,1M,8.0,D,STK,100000,20016031,Northern Glow,2,6,7,0.16666666666666663,0,0,train
LRL_2026-01-17_6_21013325,LRL_2026-01-17_6,LRL,2026-01-17,6,1M,8.0,D,STK,100000,21013325,Oncourtcommentator,3,7,7,0.0,0,0,train
LRL_2026-01-17_6_20016233,LRL_2026-01-17_6,LRL,2026-01-17,6,1M,8.0,D,STK,100000,20016233,Spencerian,4,5,7,0.33333333333333337,0,0,train
LRL_2026-01-17_6_22018757,LRL_2026-01-17_6,LRL,2026-01-17,6,1M,8.0,D,STK,100000,22018757,Late Nite Call,5,3,7,0.6666666666666667,0,1,train
LRL_2026-01-17_6_21006052,LRL_2026-01-17_6,LRL,2026-01-17,6,1M,8.0,D,STK,100000,21006052,Takethemoneyhoney,6,1,7,1.0,1,1,train
LRL_2026-01-17_6_21007729,LRL_2026-01-17_6,LRL,2026-01-17,6,1M,8.0,D,STK,100000,21007729,Kissedbyanangel,7,4,7,0.5,0,0,train
LRL_2026-01-17_7_21010815,LRL_2026-01-17_7,LRL,2026-01-17,7,1M,8.0,D,STK,100000,21010815,Blue Kingdom,1,2,7,0.8333333333333334,0,1,train
LRL_2026-01-17_7_22013479,LRL_2026-01-17_7,LRL,2026-01-17,7,1M,8.0,D,STK,100000,22013479,Bold Diversion,2,4,7,0.5,0,0,train
LRL_2026-01-17_7_21007291,LRL_2026-01-17_7,LRL,2026-01-17,7,1M,8.0,D,STK,100000,21007291,Quint's Brew,3,1,7,1.0,1,1,train
LRL_2026-01-17_7_21013111,LRL_2026-01-17_7,LRL,2026-01-17,7,1M,8.0,D,STK,100000,21013111,Cap Com,4,7,7,0.0,0,0,train
LRL_2026-01-17_7_21012937,LRL_2026-01-17_7,LRL,2026-01-17,7,1M,8.0,D,STK,100000,21012937,Hittheroadjak,5,6,7,0.16666666666666663,0,0,train
LRL_2026-01-17_7_22013314,LRL_2026-01-17_7,LRL,2026-01-17,7,1M,8.0,D,STK,100000,22013314,Maclean's Rook,6,3,7,0.6666666666666667,0,1,train
LRL_2026-01-17_7_22004733,LRL_2026-01-17_7,LRL,2026-01-17,7,1M,8.0,D,STK,100000,22004733,Roll On Jesse,7,5,7,0.33333333333333337,0,0,train
LRL_2026-01-17_8_19014459,LRL_2026-01-17_8,LRL,2026-01-17,8,6F,6.0,D,HCP,100000,19014459,Disco Ebo,1,4,6,0.4,0,0,train
LRL_2026-01-17_8_21012694,LRL_2026-01-17_8,LRL,2026-01-17,8,6F,6.0,D,HCP,100000,21012694,Dwelling Legacy,2,2,6,0.8,0,1,train
LRL_2026-01-17_8_22010227,LRL_2026-01-17_8,LRL,2026-01-17,8,6F,6.0,D,HCP,100000,22010227,Passage East,3,1,6,1.0,1,1,train
LRL_2026-01-17_8_21012932,LRL_2026-01-17_8,LRL,2026-01-17,8,6F,6.0,D,HCP,100000,21012932,Bolt Enoree,4,3,6,0.6,0,1,train
LRL_2026-01-17_8_22010286,LRL_2026-01-17_8,LRL,2026-01-17,8,6F,6.0,D,HCP,100000,22010286,Hold Your Breath,5,6,6,0.0,0,0,train
LRL_2026-01-17_8_22018092,LRL_2026-01-17_8,LRL,2026-01-17,8,6F,6.0,D,HCP,100000,22018092,Vieux Carre,6,5,6,0.19999999999999996,0,0,train
LRL_2026-01-17_9_20018257,LRL_2026-01-17_9,LRL,2026-01-17,9,6 1/2F,6.5,D,HCP,100000,20018257,S S Sinatra,1,8,8,0.0,0,0,train
LRL_2026-01-17_9_21003849,LRL_2026-01-17_9,LRL,2026-01-17,9,6 1/2F,6.5,D,HCP,100000,21003849,Point Dume,2,1,8,1.0,1,1,train
LRL_2026-01-17_9_19016663,LRL_2026-01-17_9,LRL,2026-01-17,9,6 1/2F,6.5,D,HCP,100000,19016663,One More Scoop,3,7,8,0.1428571428571429,0,0,train
LRL_2026-01-17_9_19011099,LRL_2026-01-17_9,LRL,2026-01-17,9,6 1/2F,6.5,D,HCP,100000,19011099,Twisted Ride,4,6,8,0.2857142857142857,0,0,train
LRL_2026-01-17_9_20005579,LRL_2026-01-17_9,LRL,2026-01-17,9,6 1/2F,6.5,D,HCP,100000,20005579,Full Moon Madness,5,4,8,0.5714285714285714,0,0,train
LRL_2026-01-17_9_20016522,LRL_2026-01-17_9,LRL,2026-01-17,9,6 1/2F,6.5,D,HCP,100000,20016522,On the Mark,7,5,8,0.4285714285714286,0,0,train
LRL_2026-01-17_9_21006691,LRL_2026-01-17_9,LRL,2026-01-17,9,6 1/2F,6.5,D,HCP,100000,21006691,Petingas Twin,8,3,8,0.7142857142857143,0,1,train
LRL_2026-01-17_9_22009165,LRL_2026-01-17_9,LRL,2026-01-17,9,6 1/2F,6.5,D,HCP,100000,22009165,Chipotle,9,2,8,0.8571428571428572,0,1,train
LRL_2026-01-17_10_22000678,LRL_2026-01-17_10,LRL,2026-01-17,10,1M,8.0,D,CLM,25370,22000678,Oleg,1,6,8,0.2857142857142857,0,0,train
LRL_2026-01-17_10_20004104,LRL_2026-01-17_10,LRL,2026-01-17,10,1M,8.0,D,CLM,25370,20004104,Lucked In,2,2,8,0.8571428571428572,0,1,train
LRL_2026-01-17_10_21018223,LRL_2026-01-17_10,LRL,2026-01-17,10,1M,8.0,D,CLM,25370,21018223,Doctor's Orders,3,4,8,0.5714285714285714,0,0,train
LRL_2026-01-17_10_21004771,LRL_2026-01-17_10,LRL,2026-01-17,10,1M,8.0,D,CLM,25370,21004771,Happy Jaunt,4,1,8,1.0,1,1,train
LRL_2026-01-17_10_22002009,LRL_2026-01-17_10,LRL,2026-01-17,10,1M,8.0,D,CLM,25370,22002009,Birravino Blvd,5,7,8,0.1428571428571429,0,0,train
LRL_2026-01-17_10_21019882,LRL_2026-01-17_10,LRL,2026-01-17,10,1M,8.0,D,CLM,25370,21019882,Sincerito,6,5,8,0.4285714285714286,0,0,train
LRL_2026-01-17_10_22008443,LRL_2026-01-17_10,LRL,2026-01-17,10,1M,8.0,D,CLM,25370,22008443,Amazing Bernie,7,8,8,0.0,0,0,train
LRL_2026-01-17_10_22011224,LRL_2026-01-17_10,LRL,2026-01-17,10,1M,8.0,D,CLM,25370,22011224,Strategist,8,3,8,0.7142857142857143,0,1,train
LRL_2026-01-23_1_21006724,LRL_2026-01-23_1,LRL,2026-01-23,1,7F,7.0,D,SOC,30935,21006724,Laddie Dance,1,8,9,0.125,0,0,test
LRL_2026-01-23_1_20006008,LRL_2026-01-23_1,LRL,2026-01-23,1,7F,7.0,D,SOC,30935,20006008,B West,2,6,9,0.375,0,0,test
LRL_2026-01-23_1_19002257,LRL_2026-01-23_1,LRL,2026-01-23,1,7F,7.0,D,SOC,30935,19002257,Holy Synchronicity,3,5,9,0.5,0,0,test
LRL_2026-01-23_1_21007295,LRL_2026-01-23_1,LRL,2026-01-23,1,7F,7.0,D,SOC,30935,21007295,Electric Eel,4,9,9,0.0,0,0,test
LRL_2026-01-23_1_22015796,LRL_2026-01-23_1,LRL,2026-01-23,1,7F,7.0,D,SOC,30935,22015796,Top Blood,5,2,9,0.875,0,1,test
LRL_2026-01-23_1_22004627,LRL_2026-01-23_1,LRL,2026-01-23,1,7F,7.0,D,SOC,30935,22004627,Just for the Money,6,3,9,0.75,0,1,test
LRL_2026-01-23_1_19002805,LRL_2026-01-23_1,LRL,2026-01-23,1,7F,7.0,D,SOC,30935,19002805,Murray,7,7,9,0.25,0,0,test
LRL_2026-01-23_1_20001085,LRL_2026-01-23_1,LRL,2026-01-23,1,7F,7.0,D,SOC,30935,20001085,Jolly by Golly,8,4,9,0.625,0,0,test
LRL_2026-01-23_1_19007054,LRL_2026-01-23_1,LRL,2026-01-23,1,7F,7.0,D,SOC,30935,19007054,Aztec,9,1,9,1.0,1,1,test
LRL_2026-01-23_2_23017181,LRL_2026-01-23_2,LRL,2026-01-23,2,5 1/2F,5.5,D,MCL,27400,23017181,Rio Del Valle,1,5,7,0.33333333333333337,0,0,test
LRL_2026-01-23_2_23006969,LRL_2026-01-23_2,LRL,2026-01-23,2,5 1/2F,5.5,D,MCL,27400,23006969,Modranach,2,4,7,0.5,0,0,test
LRL_2026-01-23_2_23006295,LRL_2026-01-23_2,LRL,2026-01-23,2,5 1/2F,5.5,D,MCL,27400,23006295,Impressiveness,3,6,7,0.16666666666666663,0,0,test
LRL_2026-01-23_2_23006203,LRL_2026-01-23_2,LRL,2026-01-23,2,5 1/2F,5.5,D,MCL,27400,23006203,Vida,4,2,7,0.8333333333333334,0,1,test
LRL_2026-01-23_2_23017137,LRL_2026-01-23_2,LRL,2026-01-23,2,5 1/2F,5.5,D,MCL,27400,23017137,El Papacito,5,3,7,0.6666666666666667,0,1,test
LRL_2026-01-23_2_23000349,LRL_2026-01-23_2,LRL,2026-01-23,2,5 1/2F,5.5,D,MCL,27400,23000349,Sugar On Fire,6,1,7,1.0,1,1,test
LRL_2026-01-23_2_23008075,LRL_2026-01-23_2,LRL,2026-01-23,2,5 1/2F,5.5,D,MCL,27400,23008075,Phantom Gold,7,7,7,0.0,0,0,test
LRL_2026-01-23_3_23009056,LRL_2026-01-23_3,LRL,2026-01-23,3,1M,8.0,D,MCL,34050,23009056,Our Ham Sandwich,1,5,6,0.19999999999999996,0,0,test
LRL_2026-01-23_3_23005429,LRL_2026-01-23_3,LRL,2026-01-23,3,1M,8.0,D,MCL,34050,23005429,Paid Vacation,2,4,6,0.4,0,0,test
LRL_2026-01-23_3_23015196,LRL_2026-01-23_3,LRL,2026-01-23,3,1M,8.0,D,MCL,34050,23015196,No More Calls,3,1,6,1.0,1,1,test
LRL_2026-01-23_3_23004415,LRL_2026-01-23_3,LRL,2026-01-23,3,1M,8.0,D,MCL,34050,23004415,Tiz the Great,4,3,6,0.6,0,1,test
LRL_2026-01-23_3_23014465,LRL_2026-01-23_3,LRL,2026-01-23,3,1M,8.0,D,MCL,34050,23014465,Master Schemer,5,2,6,0.8,0,1,test
LRL_2026-01-23_3_23007473,LRL_2026-01-23_3,LRL,2026-01-23,3,1M,8.0,D,MCL,34050,23007473,Boorada,6,6,6,0.0,0,0,test
LRL_2026-01-23_4_22007066,LRL_2026-01-23_4,LRL,2026-01-23,4,6F,6.0,D,SOC,27260,22007066,Anotherhope,1,5,6,0.19999999999999996,0,0,test
LRL_2026-01-23_4_19008389,LRL_2026-01-23_4,LRL,2026-01-23,4,6F,6.0,D,SOC,27260,19008389,Isabella's Glory,2,2,6,0.8,0,1,test
LRL_2026-01-23_4_19004949,LRL_2026-01-23_4,LRL,2026-01-23,4,6F,6.0,D,SOC,27260,19004949,Lady Zeta,3,3,6,0.6,0,1,test
LRL_2026-01-23_4_21007744,LRL_2026-01-23_4,LRL,2026-01-23,4,6F,6.0,D,SOC,27260,21007744,Skip Thru Da Fire,4,6,6,0.0,0,0,test
LRL_2026-01-23_4_21016779,LRL_2026-01-23_4,LRL,2026-01-23,4,6F,6.0,D,SOC,27260,21016779,Lady Charlotte,5,4,6,0.4,0,0,test
LRL_2026-01-23_4_22008315,LRL_2026-01-23_4,LRL,2026-01-23,4,6F,6.0,D,SOC,27260,22008315,On a Proud Note,6,1,6,1.0,1,1,test
LRL_2026-01-23_5_20016074,LRL_2026-01-23_5,LRL,2026-01-23,5,1 1/16M,8.5,D,CLM,21800,20016074,Honor the Truth,1,4,9,0.625,0,0,test
LRL_2026-01-23_5_21011111,LRL_2026-01-23_5,LRL,2026-01-23,5,1 1/16M,8.5,D,CLM,21800,21011111,By the Glass,2,5,9,0.5,0,0,test
LRL_2026-01-23_5_21005927,LRL_2026-01-23_5,LRL,2026-01-23,5,1 1/16M,8.5,D,CLM,21800,21005927,Mainstream Sellout,3,3,9,0.75,0,1,test
LRL_2026-01-23_5_20019678,LRL_2026-01-23_5,LRL,2026-01-23,5,1 1/16M,8.5,D,CLM,21800,20019678,Penny Polka,4,8,9,0.125,0,0,test
LRL_2026-01-23_5_21005461,LRL_2026-01-23_5,LRL,2026-01-23,5,1 1/16M,8.5,D,CLM,21800,21005461,Lady Arwen,5,6,9,0.375,0,0,test
LRL_2026-01-23_5_21010309,LRL_2026-01-23_5,LRL,2026-01-23,5,1 1/16M,8.5,D,CLM,21800,21010309,Lachicafortequila,6,7,9,0.25,0,0,test
LRL_2026-01-23_5_21000753,LRL_2026-01-23_5,LRL,2026-01-23,5,1 1/16M,8.5,D,CLM,21800,21000753,Princess Lucia,7,1,9,1.0,1,1,test
LRL_2026-01-23_5_20009517,LRL_2026-01-23_5,LRL,2026-01-23,5,1 1/16M,8.5,D,CLM,21800,20009517,Divine Grace,8,9,9,0.0,0,0,test
LRL_2026-01-23_5_21007664,LRL_2026-01-23_5,LRL,2026-01-23,5,1 1/16M,8.5,D,CLM,21800,21007664,Missy Boss,9,2,9,0.875,0,1,test
LRL_2026-01-23_6_21010127,LRL_2026-01-23_6,LRL,2026-01-23,6,6F,6.0,D,CLM,25550,21010127,Sweet Honey Bee,1,2,11,0.9,0,1,test
LRL_2026-01-23_6_20004544,LRL_2026-01-23_6,LRL,2026-01-23,6,6F,6.0,D,CLM,25550,20004544,Whatsyourbigidea,2,4,11,0.7,0,0,test
LRL_2026-01-23_6_21003826,LRL_2026-01-23_6,LRL,2026-01-23,6,6F,6.0,D,CLM,25550,21003826,Hockey,3,6,11,0.5,0,0,test
LRL_2026-01-23_6_21005837,LRL_2026-01-23_6,LRL,2026-01-23,6,6F,6.0,D,CLM,25550,21005837,Ariel Moon,4,10,11,0.09999999999999998,0,0,test
LRL_2026-01-23_6_22010064,LRL_2026-01-23_6,LRL,2026-01-23,6,6F,6.0,D,CLM,25550,22010064,Buckin' Right,5,3,11,0.8,0,1,test
LRL_2026-01-23_6_22005591,LRL_2026-01-23_6,LRL,2026-01-23,6,6F,6.0,D,CLM,25550,22005591,Sunflower State,6,1,11,1.0,1,1,test
LRL_2026-01-23_6_22000564,LRL_2026-01-23_6,LRL,2026-01-23,6,6F,6.0,D,CLM,25550,22000564,Map to the Moon,7,5,11,0.6,0,0,test
LRL_2026-01-23_6_22004844,LRL_2026-01-23_6,LRL,2026-01-23,6,6F,6.0,D,CLM,25550,22004844,Over My Cents,8,7,11,0.4,0,0,test
LRL_2026-01-23_6_22002328,LRL_2026-01-23_6,LRL,2026-01-23,6,6F,6.0,D,CLM,25550,22002328,Ready for Magic,9,9,11,0.19999999999999996,0,0,test
LRL_2026-01-23_6_21013073,LRL_2026-01-23_6,LRL,2026-01-23,6,6F,6.0,D,CLM,25550,21013073,Worries Unfounded,10,8,11,0.30000000000000004,0,0,test
LRL_2026-01-23_6_21003092,LRL_2026-01-23_6,LRL,2026-01-23,6,6F,6.0,D,CLM,25550,21003092,A P M Notion,11,11,11,0.0,0,0,test
LRL_2026-01-23_7_21019098,LRL_2026-01-23_7,LRL,2026-01-23,7,7F,7.0,D,SOC,31805,21019098,Uncle Cat,1,1,9,1.0,1,1,test
LRL_2026-01-23_7_20020171,LRL_2026-01-23_7,LRL,2026-01-23,7,7F,7.0,D,SOC,31805,20020171,Freeze the Fire,2,2,9,0.875,0,1,test
LRL_2026-01-23_7_21002408,LRL_2026-01-23_7,LRL,2026-01-23,7,7F,7.0,D,SOC,31805,21002408,Mister Lincoln,3,5,9,0.5,0,0,test
LRL_2026-01-23_7_21013533,LRL_2026-01-23_7,LRL,2026-01-23,7,7F,7.0,D,SOC,31805,21013533,Frosty the Giant,4,7,9,0.25,0,0,test
LRL_2026-01-23_7_21019628,LRL_2026-01-23_7,LRL,2026-01-23,7,7F,7.0,D,SOC,31805,21019628,El Divino Nino,5,3,9,0.75,0,1,test
LRL_2026-01-23_7_19000681,LRL_2026-01-23_7,LRL,2026-01-23,7,7F,7.0,D,SOC,31805,19000681,Captain Quint,6,6,9,0.375,0,0,test
LRL_2026-01-23_7_20007029,LRL_2026-01-23_7,LRL,2026-01-23,7,7F,7.0,D,SOC,31805,20007029,Sheriff Ronnie,7,8,9,0.125,0,0,test
LRL_2026-01-23_7_22008533,LRL_2026-01-23_7,LRL,2026-01-23,7,7F,7.0,D,SOC,31805,22008533,Total Sensation,8,9,9,0.0,0,0,test
LRL_2026-01-23_7_22011173,LRL_2026-01-23_7,LRL,2026-01-23,7,7F,7.0,D,SOC,31805,22011173,Kerness K,9,4,9,0.625,0,0,test
LRL_2026-01-23_8_21014801,LRL_2026-01-23_8,LRL,2026-01-23,8,1M,8.0,D,ALW,51235,21014801,Joe the Jet,1,6,9,0.375,0,0,test
LRL_2026-01-23_8_21008169,LRL_2026-01-23_8,LRL,2026-01-23,8,1M,8.0,D,ALW,51235,21008169,Davyjonz,2,3,9,0.75,0,1,test
LRL_2026-01-23_8_22018268,LRL_2026-01-23_8,LRL,2026-01-23,8,1M,8.0,D,ALW,51235,22018268,Lonesome Road,3,1,9,1.0,1,1,test
LRL_2026-01-23_8_22004800,LRL_2026-01-23_8,LRL,2026-01-23,8,1M,8.0,D,ALW,51235,22004800,Tony Eclipse,4,4,9,0.625,0,0,test
LRL_2026-01-23_8_22000284,LRL_2026-01-23_8,LRL,2026-01-23,8,1M,8.0,D,ALW,51235,22000284,Crab Daddy,5,2,9,0.875,0,1,test
LRL_2026-01-23_8_22007040,LRL_2026-01-23_8,LRL,2026-01-23,8,1M,8.0,D,ALW,51235,22007040,Superpower,6,9,9,0.0,0,0,test
LRL_2026-01-23_8_20011779,LRL_2026-01-23_8,LRL,2026-01-23,8,1M,8.0,D,ALW,51235,20011779,Gluckstadt,7,7,9,0.25,0,0,test
LRL_2026-01-23_8_22013858,LRL_2026-01-23_8,LRL,2026-01-23,8,1M,8.0,D,ALW,51235,22013858,Spring Decision,8,8,9,0.125,0,0,test
LRL_2026-01-23_8_21014434,LRL_2026-01-23_8,LRL,2026-01-23,8,1M,8.0,D,ALW,51235,21014434,Group Ticket,9,5,9,0.5,0,0,test
LRL_2026-01-23_9_20019950,LRL_2026-01-23_9,LRL,2026-01-23,9,6F,6.0,D,ALW,48500,20019950,Guaponess,1,2,7,0.8333333333333334,0,1,test
LRL_2026-01-23_9_22016308,LRL_2026-01-23_9,LRL,2026-01-23,9,6F,6.0,D,ALW,48500,22016308,Straight to Water,2,5,7,0.33333333333333337,0,0,test
LRL_2026-01-23_9_20019378,LRL_2026-01-23_9,LRL,2026-01-23,9,6F,6.0,D,ALW,48500,20019378,Great Heavens,3,6,7,0.16666666666666663,0,0,test
LRL_2026-01-23_9_22017700,LRL_2026-01-23_9,LRL,2026-01-23,9,6F,6.0,D,ALW,48500,22017700,Change My World,4,3,7,0.6666666666666667,0,1,test
LRL_2026-01-23_9_22006485,LRL_2026-01-23_9,LRL,2026-01-23,9,6F,6.0,D,ALW,48500,22006485,Fear Nothing,5,1,7,1.0,1,1,test
LRL_2026-01-23_9_21009515,LRL_2026-01-23_9,LRL,2026-01-23,9,6F,6.0,D,ALW,48500,21009515,Paco the Taco Man,6,7,7,0.0,0,0,test
LRL_2026-01-23_9_21010862,LRL_2026-01-23_9,LRL,2026-01-23,9,6F,6.0,D,ALW,48500,21010862,Formal Affair,7,4,7,0.5,0,0,test
LRL_2026-01-23_10_22002577,LRL_2026-01-23_10,LRL,2026-01-23,10,5 1/2F,5.5,D,CLM,23060,22002577,Breezing Up,1,1,8,1.0,1,1,test
LRL_2026-01-23_10_22011518,LRL_2026-01-23_10,LRL,2026-01-23,10,5 1/2F,5.5,D,CLM,23060,22011518,Docsgotallthecandy,2,7,8,0.1428571428571429,0,0,test
LRL_2026-01-23_10_22004906,LRL_2026-01-23_10,LRL,2026-01-23,10,5 1/2F,5.5,D,CLM,23060,22004906,Candycrumbs,3,5,8,0.4285714285714286,0,0,test
LRL_2026-01-23_10_22018661,LRL_2026-01-23_10,LRL,2026-01-23,10,5 1/2F,5.5,D,CLM,23060,22018661,English Daddy,4,8,8,0.0,0,0,test
LRL_2026-01-23_10_22018608,LRL_2026-01-23_10,LRL,2026-01-23,10,5 1/2F,5.5,D,CLM,23060,22018608,Lou's Birthday,5,4,8,0.5714285714285714,0,0,test
LRL_2026-01-23_10_22006685,LRL_2026-01-23_10,LRL,2026-01-23,10,5 1/2F,5.5,D,CLM,23060,22006685,City Panda,6,3,8,0.7142857142857143,0,1,test
LRL_2026-01-23_10_21002183,LRL_2026-01-23_10,LRL,2026-01-23,10,5 1/2F,5.5,D,CLM,23060,21002183,Paralegal,7,2,8,0.8571428571428572,0,1,test
LRL_2026-01-23_10_21016438,LRL_2026-01-23_10,LRL,2026-01-23,10,5 1/2F,5.5,D,CLM,23060,21016438,Rapidity,8,6,8,0.2857142857142857,0,0,test
LRL_2026-01-30_1_22002372,LRL_2026-01-30_1,LRL,2026-01-30,1,1M,8.0,D,CLM,24870,22002372,Boys Go to Jupiter,1,3,7,0.6666666666666667,0,1,test
LRL_2026-01-30_1_21010116,LRL_2026-01-30_1,LRL,2026-01-30,1,1M,8.0,D,CLM,24870,21010116,Wampy,2,4,7,0.5,0,0,test
LRL_2026-01-30_1_22011846,LRL_2026-01-30_1,LRL,2026-01-30,1,1M,8.0,D,CLM,24870,22011846,Rehoboth Avenue,3,7,7,0.0,0,0,test
LRL_2026-01-30_1_22004783,LRL_2026-01-30_1,LRL,2026-01-30,1,1M,8.0,D,CLM,24870,22004783,Maidstone,4,2,7,0.8333333333333334,0,1,test
LRL_2026-01-30_1_22010120,LRL_2026-01-30_1,LRL,2026-01-30,1,1M,8.0,D,CLM,24870,22010120,Julia's a Fox,5,5,7,0.33333333333333337,0,0,test
LRL_2026-01-30_1_22009137,LRL_2026-01-30_1,LRL,2026-01-30,1,1M,8.0,D,CLM,24870,22009137,Amadea,6,6,7,0.16666666666666663,0,0,test
LRL_2026-01-30_1_21003278,LRL_2026-01-30_1,LRL,2026-01-30,1,1M,8.0,D,CLM,24870,21003278,Weekend Wife,7,1,7,1.0,1,1,test
LRL_2026-02-04_1_18022195,LRL_2026-02-04_1,LRL,2026-02-04,1,5 1/2F,5.5,D,CLM,18680,18022195,R Averie Lynn,1,1,6,1.0,1,1,test
LRL_2026-02-04_1_21017703,LRL_2026-02-04_1,LRL,2026-02-04,1,5 1/2F,5.5,D,CLM,18680,21017703,Yumyum Eat Em Up,2,3,6,0.6,0,1,test
LRL_2026-02-04_1_22010143,LRL_2026-02-04_1,LRL,2026-02-04,1,5 1/2F,5.5,D,CLM,18680,22010143,Infastuation,3,4,6,0.4,0,0,test
LRL_2026-02-04_1_20019117,LRL_2026-02-04_1,LRL,2026-02-04,1,5 1/2F,5.5,D,CLM,18680,20019117,Bad Connection,4,6,6,0.0,0,0,test
LRL_2026-02-04_1_19004949,LRL_2026-02-04_1,LRL,2026-02-04,1,5 1/2F,5.5,D,CLM,18680,19004949,Lady Zeta,5,5,6,0.19999999999999996,0,0,test
LRL_2026-02-04_1_19001706,LRL_2026-02-04_1,LRL,2026-02-04,1,5 1/2F,5.5,D,CLM,18680,19001706,Sapphire Beauty,6,2,6,0.8,0,1,test
LRL_2026-02-04_2_23016365,LRL_2026-02-04_2,LRL,2026-02-04,2,1M,8.0,D,CLM,27760,23016365,Dancing Denae,1,3,7,0.6666666666666667,0,1,test
LRL_2026-02-04_2_23004092,LRL_2026-02-04_2,LRL,2026-02-04,2,1M,8.0,D,CLM,27760,23004092,Pencil Me In,2,2,7,0.8333333333333334,0,1,test
LRL_2026-02-04_2_23017670,LRL_2026-02-04_2,LRL,2026-02-04,2,1M,8.0,D,CLM,27760,23017670,Boss Mode,3,1,7,1.0,1,1,test
LRL_2026-02-04_2_23000400,LRL_2026-02-04_2,LRL,2026-02-04,2,1M,8.0,D,CLM,27760,23000400,Paynted Lion,4,5,7,0.33333333333333337,0,0,test
LRL_2026-02-04_2_23015815,LRL_2026-02-04_2,LRL,2026-02-04,2,1M,8.0,D,CLM,27760,23015815,Divot Digger,5,7,7,0.0,0,0,test
LRL_2026-02-04_2_23015047,LRL_2026-02-04_2,LRL,2026-02-04,2,1M,8.0,D,CLM,27760,23015047,Sticktothesystem,6,4,7,0.5,0,0,test
LRL_2026-02-04_2_23002915,LRL_2026-02-04_2,LRL,2026-02-04,2,1M,8.0,D,CLM,27760,23002915,My Boy Bud,7,6,7,0.16666666666666663,0,0,test
LRL_2026-02-04_3_21009540,LRL_2026-02-04_3,LRL,2026-02-04,3,5 1/2F,5.5,D,MCL,33150,21009540,Free Costs to Much,1,6,6,0.0,0,0,test
LRL_2026-02-04_3_22003704,LRL_2026-02-04_3,LRL,2026-02-04,3,5 1/2F,5.5,D,MCL,33150,22003704,Divine Swagger,2,3,6,0.6,0,1,test
LRL_2026-02-04_3_22017349,LRL_2026-02-04_3,LRL,2026-02-04,3,5 1/2F,5.5,D,MCL,33150,22017349,Star Atlas,3,5,6,0.19999999999999996,0,0,test
LRL_2026-02-04_3_22009594,LRL_2026-02-04_3,LRL,2026-02-04,3,5 1/2F,5.5,D,MCL,33150,22009594,Manseeyasway,4,4,6,0.4,0,0,test
LRL_2026-02-04_3_22000676,LRL_2026-02-04_3,LRL,2026-02-04,3,5 1/2F,5.5,D,MCL,33150,22000676,Lannister,5,2,6,0.8,0,1,test
LRL_2026-02-04_3_22019251,LRL_2026-02-04_3,LRL,2026-02-04,3,5 1/2F,5.5,D,MCL,33150,22019251,Zio Lino,6,1,6,1.0,1,1,test
LRL_2026-02-04_4_20013475,LRL_2026-02-04_4,LRL,2026-02-04,4,1M,8.0,D,SOC,27760,20013475,Golden Charm,1,4,7,0.5,0,0,test
LRL_2026-02-04_4_22012128,LRL_2026-02-04_4,LRL,2026-02-04,4,1M,8.0,D,SOC,27760,22012128,Fitness,2,2,7,0.8333333333333334,0,1,test
LRL_2026-02-04_4_19018657,LRL_2026-02-04_4,LRL,2026-02-04,4,1M,8.0,D,SOC,27760,19018657,Shigeko,3,5,7,0.33333333333333337,0,0,test
LRL_2026-02-04_4_20009044,LRL_2026-02-04_4,LRL,2026-02-04,4,1M,8.0,D,SOC,27760,20009044,Rowsie Express,4,6,7,0.16666666666666663,0,0,test
LRL_2026-02-04_4_22018737,LRL_2026-02-04_4,LRL,2026-02-04,4,1M,8.0,D,SOC,27760,22018737,Ade,5,3,7,0.6666666666666667,0,1,test
LRL_2026-02-04_4_19008389,LRL_2026-02-04_4,LRL,2026-02-04,4,1M,8.0,D,SOC,27760,19008389,Isabella's Glory,6,7,7,0.0,0,0,test
LRL_2026-02-04_4_20014281,LRL_2026-02-04_4,LRL,2026-02-04,4,1M,8.0,D,SOC,27760,20014281,Atlas Strong,7,1,7,1.0,1,1,test
LRL_2026-02-04_5_23016735,LRL_2026-02-04_5,LRL,2026-02-04,5,7F,7.0,D,MCL,25870,23016735,Runaway Rooster,1,6,9,0.375,0,0,test
LRL_2026-02-04_5_23008262,LRL_2026-02-04_5,LRL,2026-02-04,5,7F,7.0,D,MCL,25870,23008262,Flying to Work,2,5,9,0.5,0,0,test
LRL_2026-02-04_5_23013020,LRL_2026-02-04_5,LRL,2026-02-04,5,7F,7.0,D,MCL,25870,23013020,Mickeymac,3,8,9,0.125,0,0,test
LRL_2026-02-04_5_23001371,LRL_2026-02-04_5,LRL,2026-02-04,5,7F,7.0,D,MCL,25870,23001371,Plenty On Tap,4,4,9,0.625,0,0,test
LRL_2026-02-04_5_23004968,LRL_2026-02-04_5,LRL,2026-02-04,5,7F,7.0,D,MCL,25870,23004968,Sin Sin,5,1,9,1.0,1,1,test
LRL_2026-02-04_5_23018283,LRL_2026-02-04_5,LRL,2026-02-04,5,7F,7.0,D,MCL,25870,23018283,Triathelon,6,2,9,0.875,0,1,test
LRL_2026-02-04_5_23014027,LRL_2026-02-04_5,LRL,2026-02-04,5,7F,7.0,D,MCL,25870,23014027,Babble,7,9,9,0.0,0,0,test
LRL_2026-02-04_5_23008991,LRL_2026-02-04_5,LRL,2026-02-04,5,7F,7.0,D,MCL,25870,23008991,Q Got Hops,8,3,9,0.75,0,1,test
LRL_2026-02-04_5_23017976,LRL_2026-02-04_5,LRL,2026-02-04,5,7F,7.0,D,MCL,25870,23017976,Tug,9,7,9,0.25,0,0,test
LRL_2026-02-04_6_20005817,LRL_2026-02-04_6,LRL,2026-02-04,6,7F,7.0,D,AOC,55500,20005817,Talk to the Judge,1,6,11,0.5,0,0,test
LRL_2026-02-04_6_21009228,LRL_2026-02-04_6,LRL,2026-02-04,6,7F,7.0,D,AOC,55500,21009228,Braquet,2,10,11,0.09999999999999998,0,0,test
LRL_2026-02-04_6_21007462,LRL_2026-02-04_6,LRL,2026-02-04,6,7F,7.0,D,AOC,55500,21007462,Next Girl,3,5,11,0.6,0,0,test
LRL_2026-02-04_6_22003776,LRL_2026-02-04_6,LRL,2026-02-04,6,7F,7.0,D,AOC,55500,22003776,Love You More,4,4,11,0.7,0,0,test
LRL_2026-02-04_6_21012026,LRL_2026-02-04_6,LRL,2026-02-04,6,7F,7.0,D,AOC,55500,21012026,I'm a Cutie Pie,5,11,11,0.0,0,0,test
LRL_2026-02-04_6_19007218,LRL_2026-02-04_6,LRL,2026-02-04,6,7F,7.0,D,AOC,55500,19007218,Smokin' Hot Kitty,6,8,11,0.30000000000000004,0,0,test
LRL_2026-02-04_6_22009436,LRL_2026-02-04_6,LRL,2026-02-04,6,7F,7.0,D,AOC,55500,22009436,Itsamonstamash,7,7,11,0.4,0,0,test
LRL_2026-02-04_6_22018747,LRL_2026-02-04_6,LRL,2026-02-04,6,7F,7.0,D,AOC,55500,22018747,Double Airo,8,9,11,0.19999999999999996,0,0,test
LRL_2026-02-04_6_22005832,LRL_2026-02-04_6,LRL,2026-02-04,6,7F,7.0,D,AOC,55500,22005832,Think Fast,9,1,11,1.0,1,1,test
LRL_2026-02-04_6_21005178,LRL_2026-02-04_6,LRL,2026-02-04,6,7F,7.0,D,AOC,55500,21005178,Backstretch Rose,10,2,11,0.9,0,1,test
LRL_2026-02-04_6_22003495,LRL_2026-02-04_6,LRL,2026-02-04,6,7F,7.0,D,AOC,55500,22003495,Tap Dancin Cowgirl,11,3,11,0.8,0,1,test
LRL_2026-02-04_7_23009795,LRL_2026-02-04_7,LRL,2026-02-04,7,1M,8.0,D,MSW,47500,23009795,Higher Sense,1,1,7,1.0,1,1,test
LRL_2026-02-04_7_23004204,LRL_2026-02-04_7,LRL,2026-02-04,7,1M,8.0,D,MSW,47500,23004204,Play It Cool,2,6,7,0.16666666666666663,0,0,test
LRL_2026-02-04_7_23017237,LRL_2026-02-04_7,LRL,2026-02-04,7,1M,8.0,D,MSW,47500,23017237,Virginia Gentry,3,2,7,0.8333333333333334,0,1,test
LRL_2026-02-04_7_23008615,LRL_2026-02-04_7,LRL,2026-02-04,7,1M,8.0,D,MSW,47500,23008615,Paintmymasterpeace,4,4,7,0.5,0,0,test
LRL_2026-02-04_7_23006308,LRL_2026-02-04_7,LRL,2026-02-04,7,1M,8.0,D,MSW,47500,23006308,Zencat,5,7,7,0.0,0,0,test
LRL_2026-02-04_7_23015322,LRL_2026-02-04_7,LRL,2026-02-04,7,1M,8.0,D,MSW,47500,23015322,Twin Lakes,6,3,7,0.6666666666666667,0,1,test
LRL_2026-02-04_7_23015374,LRL_2026-02-04_7,LRL,2026-02-04,7,1M,8.0,D,MSW,47500,23015374,Grand Hall,7,5,7,0.33333333333333337,0,0,test
LRL_2026-02-04_8_23013965,LRL_2026-02-04_8,LRL,2026-02-04,8,6F,6.0,D,STK,100000,23013965,For the Ladies,1,7,7,0.0,0,0,test
LRL_2026-02-04_8_23012845,LRL_2026-02-04_8,LRL,2026-02-04,8,6F,6.0,D,STK,100000,23012845,Won Ton,2,5,7,0.33333333333333337,0,0,test
LRL_2026-02-04_8_23007499,LRL_2026-02-04_8,LRL,2026-02-04,8,6F,6.0,D,STK,100000,23007499,Unfaithful Rose,3,4,7,0.5,0,0,test
LRL_2026-02-04_8_23006388,LRL_2026-02-04_8,LRL,2026-02-04,8,6F,6.0,D,STK,100000,23006388,Sweet Shenanigans,4,6,7,0.16666666666666663,0,0,test
LRL_2026-02-04_8_23013382,LRL_2026-02-04_8,LRL,2026-02-04,8,6F,6.0,D,STK,100000,23013382,Bresha,5,2,7,0.8333333333333334,0,1,test
LRL_2026-02-04_8_23002961,LRL_2026-02-04_8,LRL,2026-02-04,8,6F,6.0,D,STK,100000,23002961,Tap Into Grace,6,3,7,0.6666666666666667,0,1,test
LRL_2026-02-04_8_23015509,LRL_2026-02-04_8,LRL,2026-02-04,8,6F,6.0,D,STK,100000,23015509,Victory Music,7,1,7,1.0,1,1,test
LRL_2026-02-04_9_23015288,LRL_2026-02-04_9,LRL,2026-02-04,9,7F,7.0,D,STK,100000,23015288,Code of Silence,1,3,7,0.6666666666666667,0,1,test
LRL_2026-02-04_9_23013139,LRL_2026-02-04_9,LRL,2026-02-04,9,7F,7.0,D,STK,100000,23013139,Wild Warrior,2,5,7,0.33333333333333337,0,0,test
LRL_2026-02-04_9_23006925,LRL_2026-02-04_9,LRL,2026-02-04,9,7F,7.0,D,STK,100000,23006925,Awesome Andy,3,6,7,0.16666666666666663,0,0,test
LRL_2026-02-04_9_23013491,LRL_2026-02-04_9,LRL,2026-02-04,9,7F,7.0,D,STK,100000,23013491,Hollywood Import,4,1,7,1.0,1,1,test
LRL_2026-02-04_9_23014262,LRL_2026-02-04_9,LRL,2026-02-04,9,7F,7.0,D,STK,100000,23014262,Hardtoblame,5,7,7,0.0,0,0,test
LRL_2026-02-04_9_23012682,LRL_2026-02-04_9,LRL,2026-02-04,9,7F,7.0,D,STK,100000,23012682,Trendsetter,6,4,7,0.5,0,0,test
LRL_2026-02-04_9_23017289,LRL_2026-02-04_9,LRL,2026-02-04,9,7F,7.0,D,STK,100000,23017289,Close the Gate,7,2,7,0.8333333333333334,0,1,test
LRL_2026-02-04_10_19019286,LRL_2026-02-04_10,LRL,2026-02-04,10,6F,6.0,D,CLM,24540,19019286,Right of Rush,1,7,7,0.0,0,0,test
LRL_2026-02-04_10_22000626,LRL_2026-02-04_10,LRL,2026-02-04,10,6F,6.0,D,CLM,24540,22000626,Ecumenical,2,1,7,1.0,1,1,test
LRL_2026-02-04_10_19017987,LRL_2026-02-04_10,LRL,2026-02-04,10,6F,6.0,D,CLM,24540,19017987,D Hopper,3,2,7,0.8333333333333334,0,1,test
LRL_2026-02-04_10_22006616,LRL_2026-02-04_10,LRL,2026-02-04,10,6F,6.0,D,CLM,24540,22006616,American Litigator,4,6,7,0.16666666666666663,0,0,test
LRL_2026-02-04_10_22013102,LRL_2026-02-04_10,LRL,2026-02-04,10,6F,6.0,D,CLM,24540,22013102,Blo By'em,5,3,7,0.6666666666666667,0,1,test
LRL_2026-02-04_10_22001373,LRL_2026-02-04_10,LRL,2026-02-04,10,6F,6.0,D,CLM,24540,22001373,Ellinger,6,4,7,0.5,0,0,test
LRL_2026-02-04_10_22007775,LRL_2026-02-04_10,LRL,2026-02-04,10,6F,6.0,D,CLM,24540,22007775,Who Says So,7,5,7,0.33333333333333337,0,0,test
LRL_2026-02-05_1_22004675,LRL_2026-02-05_1,LRL,2026-02-05,1,1M,8.0,D,SOC,27780,22004675,Schrader,1,2,8,0.8571428571428572,0,1,test
LRL_2026-02-05_1_21008653,LRL_2026-02-05_1,LRL,2026-02-05,1,1M,8.0,D,SOC,27780,21008653,Brighty,2,8,8,0.0,0,0,test
LRL_2026-02-05_1_21004295,LRL_2026-02-05_1,LRL,2026-02-05,1,1M,8.0,D,SOC,27780,21004295,Who's the King,3,1,8,1.0,1,1,test
LRL_2026-02-05_1_21013454,LRL_2026-02-05_1,LRL,2026-02-05,1,1M,8.0,D,SOC,27780,21013454,Brindano,4,5,8,0.4285714285714286,0,0,test
LRL_2026-02-05_1_21009715,LRL_2026-02-05_1,LRL,2026-02-05,1,1M,8.0,D,SOC,27780,21009715,Square Slice,5,6,8,0.2857142857142857,0,0,test
LRL_2026-02-05_1_22002300,LRL_2026-02-05_1,LRL,2026-02-05,1,1M,8.0,D,SOC,27780,22002300,The Count Is On,6,4,8,0.5714285714285714,0,0,test
LRL_2026-02-05_1_21011618,LRL_2026-02-05_1,LRL,2026-02-05,1,1M,8.0,D,SOC,27780,21011618,Mugatu,7,3,8,0.7142857142857143,0,1,test
LRL_2026-02-05_1_22013966,LRL_2026-02-05_1,LRL,2026-02-05,1,1M,8.0,D,SOC,27780,22013966,Keen Surge,8,7,8,0.1428571428571429,0,0,test
LRL_2026-02-05_2_19002713,LRL_2026-02-05_2,LRL,2026-02-05,2,6F,6.0,D,CLM,21000,19002713,Backnthewoods,1,6,6,0.0,0,0,test
LRL_2026-02-05_2_20010035,LRL_2026-02-05_2,LRL,2026-02-05,2,6F,6.0,D,CLM,21000,20010035,Seven's Eleven,2,2,6,0.8,0,1,test
LRL_2026-02-05_2_19017159,LRL_2026-02-05_2,LRL,2026-02-05,2,6F,6.0,D,CLM,21000,19017159,Pudge Boy Palace,3,1,6,1.0,1,1,test
LRL_2026-02-05_2_21012519,LRL_2026-02-05_2,LRL,2026-02-05,2,6F,6.0,D,CLM,21000,21012519,Mister Agent,4,5,6,0.19999999999999996,0,0,test
LRL_2026-02-05_2_21017501,LRL_2026-02-05_2,LRL,2026-02-05,2,6F,6.0,D,CLM,21000,21017501,Maliblue,5,4,6,0.4,0,0,test
LRL_2026-02-05_2_21000672,LRL_2026-02-05_2,LRL,2026-02-05,2,6F,6.0,D,CLM,21000,21000672,Catahoula Moon,6,3,6,0.6,0,1,test
LRL_2026-02-05_3_22006914,LRL_2026-02-05_3,LRL,2026-02-05,3,7F,7.0,D,MSW,47000,22006914,Very Bad Guy,1,4,6,0.4,0,0,test
LRL_2026-02-05_3_22005862,LRL_2026-02-05_3,LRL,2026-02-05,3,7F,7.0,D,MSW,47000,22005862,My Military Hero,2,2,6,0.8,0,1,test
LRL_2026-02-05_3_22005925,LRL_2026-02-05_3,LRL,2026-02-05,3,7F,7.0,D,MSW,47000,22005925,Market Watch,3,5,6,0.19999999999999996,0,0,test
LRL_2026-02-05_3_22003519,LRL_2026-02-05_3,LRL,2026-02-05,3,7F,7.0,D,MSW,47000,22003519,Explosive Love,4,3,6,0.6,0,1,test
LRL_2026-02-05_3_21010483,LRL_2026-02-05_3,LRL,2026-02-05,3,7F,7.0,D,MSW,47000,21010483,Duration,5,1,6,1.0,1,1,test
LRL_2026-02-05_3_22012331,LRL_2026-02-05_3,LRL,2026-02-05,3,7F,7.0,D,MSW,47000,22012331,Dreamsdocometrue,6,6,6,0.0,0,0,test
LRL_2026-02-05_4_21005601,LRL_2026-02-05_4,LRL,2026-02-05,4,6F,6.0,D,SOC,26000,21005601,Superlastingsecret,1,5,6,0.19999999999999996,0,0,test
LRL_2026-02-05_4_20014269,LRL_2026-02-05_4,LRL,2026-02-05,4,6F,6.0,D,SOC,26000,20014269,Party With Smarty,2,3,6,0.6,0,1,test
LRL_2026-02-05_4_22013748,LRL_2026-02-05_4,LRL,2026-02-05,4,6F,6.0,D,SOC,26000,22013748,Bjorn,3,4,6,0.4,0,0,test
LRL_2026-02-05_4_22002704,LRL_2026-02-05_4,LRL,2026-02-05,4,6F,6.0,D,SOC,26000,22002704,Firmantown,4,1,6,1.0,1,1,test
LRL_2026-02-05_4_22004324,LRL_2026-02-05_4,LRL,2026-02-05,4,6F,6.0,D,SOC,26000,22004324,Robert's Moon,5,2,6,0.8,0,1,test
LRL_2026-02-05_4_22014529,LRL_2026-02-05_4,LRL,2026-02-05,4,6F,6.0,D,SOC,26000,22014529,Tyson's Delivery,6,6,6,0.0,0,0,test
LRL_2026-02-05_5_18003394,LRL_2026-02-05_5,LRL,2026-02-05,5,1 1/16M,8.5,D,SOC,29500,18003394,Fan Club,1,3,7,0.6666666666666667,0,1,test
LRL_2026-02-05_5_19012602,LRL_2026-02-05_5,LRL,2026-02-05,5,1 1/16M,8.5,D,SOC,29500,19012602,Union Fleet,2,2,7,0.8333333333333334,0,1,test
LRL_2026-02-05_5_19007141,LRL_2026-02-05_5,LRL,2026-02-05,5,1 1/16M,8.5,D,SOC,29500,19007141,Elusive Target,3,6,7,0.16666666666666663,0,0,test
LRL_2026-02-05_5_16011638,LRL_2026-02-05_5,LRL,2026-02-05,5,1 1/16M,8.5,D,SOC,29500,16011638,Armando R,4,5,7,0.33333333333333337,0,0,test
LRL_2026-02-05_5_21002490,LRL_2026-02-05_5,LRL,2026-02-05,5,1 1/16M,8.5,D,SOC,29500,21002490,Work Hard,5,4,7,0.5,0,0,test
LRL_2026-02-05_5_21008863,LRL_2026-02-05_5,LRL,2026-02-05,5,1 1/16M,8.5,D,SOC,29500,21008863,Night Time Nap,6,1,7,1.0,1,1,test
LRL_2026-02-05_5_19003051,LRL_2026-02-05_5,LRL,2026-02-05,5,1 1/16M,8.5,D,SOC,29500,19003051,Bob Marco,7,7,7,0.0,0,0,test
LRL_2026-02-05_6_21012195,LRL_2026-02-05_6,LRL,2026-02-05,6,5 1/2F,5.5,D,CLM,19140,21012195,Prom Knight,1,7,7,0.0,0,0,test
LRL_2026-02-05_6_21016215,LRL_2026-02-05_6,LRL,2026-02-05,6,5 1/2F,5.5,D,CLM,19140,21016215,Beach Cowboy,2,3,7,0.6666666666666667,0,1,test
LRL_2026-02-05_6_21007295,LRL_2026-02-05_6,LRL,2026-02-05,6,5 1/2F,5.5,D,CLM,19140,21007295,Electric Eel,3,5,7,0.33333333333333337,0,0,test
LRL_2026-02-05_6_19008473,LRL_2026-02-05_6,LRL,2026-02-05,6,5 1/2F,5.5,D,CLM,19140,19008473,Hatch,4,2,7,0.8333333333333334,0,1,test
LRL_2026-02-05_6_19004608,LRL_2026-02-05_6,LRL,2026-02-05,6,5 1/2F,5.5,D,CLM,19140,19004608,Find Faith,5,6,7,0.16666666666666663,0,0,test
LRL_2026-02-05_6_19005959,LRL_2026-02-05_6,LRL,2026-02-05,6,5 1/2F,5.5,D,CLM,19140,19005959,Woodline,6,1,7,1.0,1,1,test
LRL_2026-02-05_6_18015442,LRL_2026-02-05_6,LRL,2026-02-05,6,5 1/2F,5.5,D,CLM,19140,18015442,Magic Spin,8,4,7,0.5,0,0,test
LRL_2026-02-05_7_19002312,LRL_2026-02-05_7,LRL,2026-02-05,7,7F,7.0,D,AOC,56885,19002312,Radical Right,1,4,9,0.625,0,0,test
LRL_2026-02-05_7_18005570,LRL_2026-02-05_7,LRL,2026-02-05,7,7F,7.0,D,AOC,56885,18005570,Tenebris,2,8,9,0.125,0,0,test
LRL_2026-02-05_7_21007720,LRL_2026-02-05_7,LRL,2026-02-05,7,7F,7.0,D,AOC,56885,21007720,Intrepid's Legacy,3,3,9,0.75,0,1,test
LRL_2026-02-05_7_20017325,LRL_2026-02-05_7,LRL,2026-02-05,7,7F,7.0,D,AOC,56885,20017325,Gordian Knot,4,1,9,1.0,1,1,test
LRL_2026-02-05_7_19016067,LRL_2026-02-05_7,LRL,2026-02-05,7,7F,7.0,D,AOC,56885,19016067,Magnolia Midnight,5,9,9,0.0,0,0,test
LRL_2026-02-05_7_19007915,LRL_2026-02-05_7,LRL,2026-02-05,7,7F,7.0,D,AOC,56885,19007915,Debit Card,6,5,9,0.5,0,0,test
LRL_2026-02-05_7_17007087,LRL_2026-02-05_7,LRL,2026-02-05,7,7F,7.0,D,AOC,56885,17007087,Magic Mule,7,7,9,0.25,0,0,test
LRL_2026-02-05_7_22019160,LRL_2026-02-05_7,LRL,2026-02-05,7,7F,7.0,D,AOC,56885,22019160,All the Hardways,8,6,9,0.375,0,0,test
LRL_2026-02-05_7_21000715,LRL_2026-02-05_7,LRL,2026-02-05,7,7F,7.0,D,AOC,56885,21000715,Goodbye Note,9,2,9,0.875,0,1,test
LRL_2026-02-05_8_21013518,LRL_2026-02-05_8,LRL,2026-02-05,8,1 1/16M,8.5,D,AOC,61880,21013518,Le Gris,1,4,6,0.4,0,0,test
LRL_2026-02-05_8_21004312,LRL_2026-02-05_8,LRL,2026-02-05,8,1 1/16M,8.5,D,AOC,61880,21004312,Secret Zipper,2,6,6,0.0,0,0,test
LRL_2026-02-05_8_21012937,LRL_2026-02-05_8,LRL,2026-02-05,8,1 1/16M,8.5,D,AOC,61880,21012937,Hittheroadjak,3,3,6,0.6,0,1,test
LRL_2026-02-05_8_20016574,LRL_2026-02-05_8,LRL,2026-02-05,8,1 1/16M,8.5,D,AOC,61880,20016574,Feeling Woozy,4,1,6,1.0,1,1,test
LRL_2026-02-05_8_21001063,LRL_2026-02-05_8,LRL,2026-02-05,8,1 1/16M,8.5,D,AOC,61880,21001063,J D Factor,5,5,6,0.19999999999999996,0,0,test
LRL_2026-02-05_8_22009309,LRL_2026-02-05_8,LRL,2026-02-05,8,1 1/16M,8.5,D,AOC,61880,22009309,Pay Billy,6,2,6,0.8,0,1,test
LRL_2026-02-05_9_20018653,LRL_2026-02-05_9,LRL,2026-02-05,9,1 1/16M,8.5,D,CLM,22560,20018653,Salvo Trigger,1,4,7,0.5,0,0,test
LRL_2026-02-05_9_22000551,LRL_2026-02-05_9,LRL,2026-02-05,9,1 1/16M,8.5,D,CLM,22560,22000551,White Blue,2,7,7,0.0,0,0,test
LRL_2026-02-05_9_21002201,LRL_2026-02-05_9,LRL,2026-02-05,9,1 1/16M,8.5,D,CLM,22560,21002201,Dats My Pharaoh,3,1,7,1.0,1,1,test
LRL_2026-02-05_9_22014043,LRL_2026-02-05_9,LRL,2026-02-05,9,1 1/16M,8.5,D,CLM,22560,22014043,Maupansant,4,2,7,0.8333333333333334,0,1,test
LRL_2026-02-05_9_21008045,LRL_2026-02-05_9,LRL,2026-02-05,9,1 1/16M,8.5,D,CLM,22560,21008045,Return Fire,5,6,7,0.16666666666666663,0,0,test
LRL_2026-02-05_9_21019874,LRL_2026-02-05_9,LRL,2026-02-05,9,1 1/16M,8.5,D,CLM,22560,21019874,Uncle Grey,6,5,7,0.33333333333333337,0,0,test
LRL_2026-02-05_9_22008736,LRL_2026-02-05_9,LRL,2026-02-05,9,1 1/16M,8.5,D,CLM,22560,22008736,Shot for the Moon,7,3,7,0.6666666666666667,0,1,test
