target_race_id,registration_number,starter_id,last1_gps_num_gates,last1_gps_finish_pos,last1_gps_avg_section_speed,last1_gps_early_section_speed,last1_gps_late_section_speed,last1_gps_speed_decay,last1_gps_avg_stride_length,last1_gps_avg_stride_freq,last1_gps_total_distance_ran,last1_gps_final_cum_distance,last1_gps_avg_time_behind,last1_gps_final_time_behind,last1_gps_avg_distance_behind,last1_gps_final_distance_behind,last1_gps_best_position,last1_gps_worst_position,last1_gps_pos_gain,avg3_gps_num_gates,avg3_gps_finish_pos,avg3_gps_avg_section_speed,avg3_gps_early_section_speed,avg3_gps_late_section_speed,avg3_gps_speed_decay,avg3_gps_avg_stride_length,avg3_gps_avg_stride_freq,avg3_gps_total_distance_ran,avg3_gps_final_cum_distance,avg3_gps_avg_time_behind,avg3_gps_final_time_behind,avg3_gps_avg_distance_behind,avg3_gps_final_distance_behind,avg3_gps_best_position,avg3_gps_worst_position,avg3_gps_pos_gain,std3_gps_num_gates,std3_gps_finish_pos,std3_gps_avg_section_speed,std3_gps_early_section_speed,std3_gps_late_section_speed,std3_gps_speed_decay,std3_gps_avg_stride_length,std3_gps_avg_stride_freq,std3_gps_total_distance_ran,std3_gps_final_cum_distance,std3_gps_avg_time_behind,std3_gps_final_time_behind,std3_gps_avg_distance_behind,std3_gps_final_distance_behind,std3_gps_best_position,std3_gps_worst_position,std3_gps_pos_gain,num_prior_gps_races,has_any_prior_gps
LRL_2025-12-12_1,22010064,LRL_2025-12-12_1_22010064,11.0,9.0,17.06126455258199,17.34714811986917,16.147311392548946,1.1998367273202248,7.166531770025528,2.381501857462841,1120.3,1120.3,0.9725454545454544,1.661,16.472727272727273,25.3,6.0,9.0,-1.0,14.666666666666666,6.666666666666667,16.55009966344736,16.64135001446773,16.293063667870005,0.34828634659772045,7.175522094354835,2.307308821906414,1486.2666666666667,1486.2666666666664,0.6588484848484848,1.434,10.915909090909091,22.133333333333336,3.0,7.333333333333333,-3.0,3.214550253664318,2.0816659994661326,0.44929582989456357,0.761638431517036,0.4999961160734427,1.1933463679394491,0.025390963115709233,0.06431246529113284,321.76777858159346,321.76777858159346,0.33794280817587474,0.43184140607403554,5.8139984072356645,6.73374586195034,2.6457513110645907,1.5275252316519468,2.0,3.0,1
LRL_2025-12-12_1,22011846,LRL_2025-12-12_1_22011846,16.0,4.0,16.3757957916323,16.245828026443817,16.27456338370323,-0.02873535725941423,6.903549377342342,2.3732309744267317,1617.2,1617.1999999999998,1.3139374999999998,0.909,21.63125,13.7,4.0,7.0,1.0,17.0,5.666666666666667,16.386256558096242,16.24082762906195,16.342468669423422,-0.10164104036147255,6.908211812047175,2.3741921924245606,1719.0333333333335,1719.0333333333328,0.669948665577342,1.0730000000000002,10.966843681917211,16.633333333333333,2.3333333333333335,6.666666666666667,-2.6666666666666665,1.0,2.886751345948129,0.04220021273274937,0.29094530725060014,0.40988521616698526,0.6994133489596883,0.014995645520292452,0.0017632701097288434,100.67086635831295,100.67086635831298,0.5789559291284518,0.3247091005808122,9.571280860226189,5.430776494511012,1.5275252316519465,2.516611478423583,4.725815626252609,3.0,1
LRL_2025-12-12_1,21017739,LRL_2025-12-12_1_21017739,12.0,5.0,16.764892114898938,18.18853381547287,14.979502436287492,3.2090313791853777,7.018119570467284,2.386057042930162,1218.1999999999998,1218.1999999999998,0.7724166666666665,2.55,11.825000000000001,36.3,1.0,6.0,-4.0,12.0,5.5,16.495567993260654,17.559528604786106,15.079777563452435,2.479751041333672,7.030340467119304,2.344717663377977,1214.1499999999999,1214.1499999999999,1.049958333333333,2.5705,16.504166666666666,36.8,3.5,7.0,-1.0,0.0,0.7071067811865476,0.38088182549508304,0.8895476997565669,0.14181044480534905,1.0313581445619153,0.01728295778964707,0.05846271122278907,5.72756492761097,5.72756492761097,0.3925031891236327,0.02899137802864871,6.617340960604106,0.7071067811865476,3.5355339059327378,1.4142135623730951,4.242640687119285,2.0,1
LRL_2025-12-12_1,19002714,LRL_2025-12-12_1_19002714,16.0,8.0,16.19611722755679,16.805001792068275,15.79278010386586,1.0122216882024144,6.807145063034716,2.3793983166808736,1612.3,1612.2999999999997,0.27199999999999996,1.803,4.4125,28.2,1.0,8.0,-6.0,14.666666666666666,6.666666666666667,16.263490099850113,16.607410198323592,15.368926294261392,1.2384839040621998,6.783790711432334,2.394705702577897,1478.2666666666664,1478.2666666666664,0.926217468805704,3.4036666666666666,14.59311497326203,48.1,3.0,7.0,-3.3333333333333335,3.2145502536643185,1.5275252316519465,1.0065643739553272,0.7026112465882991,1.6015540509971473,0.8990793565480254,0.2238385052260175,0.07231155609451453,325.54711384580474,325.5471138458047,0.6230218171611592,2.8656001698306297,9.167185023125292,35.77471173888058,2.0,1.7320508075688772,2.3094010767585034,3.0,1
LRL_2025-12-12_1,22004844,LRL_2025-12-12_1_22004844,12.0,1.0,16.528415253374643,17.12822172152274,15.584834230827813,1.5433874906949256,6.7186283379126905,2.459140653670922,1208.3999999999999,1208.4,0.17658333333333331,0.0,2.9583333333333335,0.0,1.0,3.0,2.0,11.666666666666666,2.3333333333333335,16.644545486785645,17.282870330186995,15.415295765160927,1.8675745650260673,6.707160865525478,2.4808376673118215,1177.6333333333332,1177.6333333333334,0.26489141414141415,0.308,4.396969696969697,4.266666666666667,1.6666666666666667,4.333333333333333,1.6666666666666667,0.5773502691896258,1.1547005383792517,0.22837470511887903,0.1620749987305126,0.44165094760128865,0.5802500289666949,0.10462659459742063,0.019748744703688186,58.02881468144361,58.02881468144365,0.07881286183642792,0.29895317359078155,1.300998459896787,4.067349669420289,0.5773502691896258,1.1547005383792515,0.5773502691896257,3.0,1
LRL_2025-12-12_1,22002156,LRL_2025-12-12_1_22002156,11.0,7.0,17.009480151977325,17.2051121178823,16.48692715819966,0.7181849596826417,7.051672023121847,2.4142311804966043,1109.7,1109.7,0.9290909090909092,1.173,15.863636363636367,17.9,7.0,9.0,0.0,12.666666666666666,5.0,16.922885380597908,17.0415501593979,16.664845579519252,0.376704579878646,7.067202530709669,2.3964051377675397,1280.5333333333335,1280.5333333333333,0.6612102272727273,0.7126666666666667,11.179356060606061,10.933333333333332,3.6666666666666665,7.333333333333333,0.0,2.8867513459481287,3.4641016151377544,0.5335505807002562,0.5804785527050286,0.40166827669935046,0.352586471552283,0.10149937467162744,0.04323931449495888,290.9696261353293,290.9696261353291,0.23350493593750815,0.6258884352129646,4.0584517470110235,9.586622623913664,3.055050463303893,2.081665999466133,4.0,3.0,1
LRL_2025-12-12_1,22004645,LRL_2025-12-12_1_22004645,16.0,5.0,16.47823357543727,17.4822954154876,15.280510654914,2.2017847605735987,6.837334978790091,2.4096887088997514,1612.6999999999998,1612.6999999999998,0.6523125000000001,1.046,10.462499999999999,14.5,4.0,7.0,-1.0,16.0,5.0,16.47823357543727,17.4822954154876,15.280510654914,2.2017847605735987,6.837334978790091,2.4096887088997514,1612.6999999999998,1612.6999999999998,0.6523125000000001,1.046,10.462499999999999,14.5,4.0,7.0,-1.0,,,,,,,,,,,,,,,,,,1.0,1
LRL_2025-12-12_1,21003278,LRL_2025-12-12_1_21003278,12.0,7.0,16.517943735073008,17.002249727404774,15.575338923178057,1.4269108042267167,6.971674924021737,2.3703939801943448,1209.6,1209.6000000000001,0.9253333333333332,1.799,15.158333333333333,26.8,6.0,7.0,-1.0,13.333333333333334,6.333333333333333,16.38872781989704,17.016408725706068,15.42267645653009,1.5937322691759785,6.839680897592178,2.3964940256055054,1343.7,1343.6999999999998,0.7894930555555555,2.0556666666666668,12.64722222222222,29.933333333333334,3.6666666666666665,6.666666666666667,-2.3333333333333335,2.3094010767585034,1.1547005383792517,0.15895086454561083,0.06874253354320353,0.23524785647490984,0.1923182897317665,0.13012954634567916,0.02303985548699955,233.2212897657502,233.22128976574982,0.40473456254303036,0.6071518206621251,6.822538899635312,9.976138197385467,2.516611478423583,1.5275252316519465,1.5275252316519468,3.0,1
LRL_2025-12-12_2,20020224,LRL_2025-12-12_2_20020224,16.0,1.0,16.499647711015882,17.411688626387793,15.388745145410576,2.022943480977217,7.482981095956652,2.203743645525423,1614.8,1614.7999999999997,0.16018749999999998,0.0,2.775,0.0,1.0,6.0,5.0,16.666666666666668,4.666666666666667,16.657869541466223,17.035700098793374,16.032562701387914,1.0031373974054585,7.555453221055416,2.2045705100170627,1683.1333333333332,1683.1333333333332,0.4953174019607843,0.6273333333333334,8.305392156862746,9.700000000000001,3.0,6.333333333333333,1.0,0.5773502691896263,4.041451884327381,0.1396260575715773,0.47269013753290223,0.6940702912701499,1.162558237635334,0.0662634506114704,0.009310998537654668,59.179754421029166,59.17975442102924,0.30024146046966155,0.5617911830327469,4.989882569411501,8.58079250419214,2.6457513110645907,2.516611478423583,3.605551275463989,3.0,1
LRL_2025-12-12_2,20016574,LRL_2025-12-12_2_20016574,,,,,,,,,,,,,,,,,,,,,,,,,,,,,,,,,,,,,,,,,,,,,,,,,,,,0.0,0
LRL_2025-12-12_2,21019098,LRL_2025-12-12_2_21019098,12.0,8.0,16.49645364477489,17.697667328153706,14.60779848315205,3.0898688450016554,7.349495536427544,2.2396255430427074,1213.9999999999998,1214.0,1.2755833333333333,4.169,19.808333333333334,58.3,6.0,8.0,-2.0,11.666666666666666,5.333333333333333,17.125359693442622,17.708044734749844,16.200465003405334,1.5075797313445083,7.57140376648609,2.26040998727284,1179.1999999999998,1179.2,0.7481641414141413,1.8686666666666667,12.142929292929294,26.966666666666665,4.0,6.666666666666667,-0.6666666666666666,0.5773502691896258,3.0550504633038935,0.5792905104058466,0.04027126130215711,1.430318203657994,1.4326088230112746,0.1952764457926472,0.023682899292935204,55.74845289333133,55.748452893331375,0.5033301876471433,2.0203668808741972,7.666666978580263,27.70727942857857,2.0,2.309401076758503,2.3094010767585034,3.0,1
LRL_2025-12-12_2,19010909,LRL_2025-12-12_2_19010909,16.0,3.0,16.450564781485085,17.34207796392156,15.16683051561309,2.175247448308472,6.9924006000185015,2.350666296312596,1615.5,1615.4999999999998,0.1688125,0.308,2.79375,4.1,1.0,3.0,-1.0,15.0,3.3333333333333335,16.9232271043971,18.860327280952074,15.245502721937607,3.6148245590144654,7.2346371409886805,2.336169258442309,1513.8,1513.8,0.32126593137254905,0.6893333333333334,5.221119281045752,10.0,1.0,4.666666666666667,0.3333333333333333,2.6457513110645907,1.5275252316519468,0.4628787854016028,2.2851694232201307,0.6995526971822509,2.852141984235897,0.2894305986741105,0.03976425528321209,269.7344434809912,269.73444348099116,0.22263138847976016,0.8544034956233111,3.4868110864352584,12.812884140582868,0.0,1.5275252316519468,3.2145502536643185,3.0,1
LRL_2025-12-12_2,21001404,LRL_2025-12-12_2_21001404,11.0,8.0,17.249483654339265,16.692300698986326,17.55416341127587,-0.8618627122895433,7.1669486426503,2.4080003817506257,1113.6,1113.6,0.5206363636363637,1.195,9.218181818181817,20.3,4.0,8.0,-4.0,11.0,8.5,17.384141710746476,17.354114112525053,17.104979422615163,0.24913468990989251,7.215053412657062,2.4100887302875433,1115.4499999999998,1115.4499999999998,0.4824090909090909,1.2405,8.381818181818181,20.4,2.5,8.5,-6.0,0.0,0.7071067811865476,0.19043524965387945,0.935945505186903,0.635242088764814,1.5711875939517184,0.06803041815840138,0.0029533708238710923,2.6162950903901776,2.6162950903901776,0.054061527543444295,0.06434671708797572,1.182796797621133,0.14142135623730775,2.1213203435596424,0.7071067811865476,2.8284271247461903,2.0,1
LRL_2025-12-12_3,21007178,LRL_2025-12-12_3_21007178,16.0,3.0,16.676024725280598,17.560911914103446,15.343970273173653,2.216941640929793,7.204919154906483,2.3148946267276402,1613.6,1613.5999999999997,0.23493750000000002,0.407,3.84375,5.5,2.0,4.0,1.0,16.0,3.0,16.676024725280598,17.560911914103446,15.343970273173653,2.216941640929793,7.204919154906483,2.3148946267276402,1613.6,1613.5999999999997,0.23493750000000002,0.407,3.84375,5.5,2.0,4.0,1.0,,,,,,,,,,,,,,,,,,1.0,1
LRL_2025-12-12_3,21000940,LRL_2025-12-12_3_21000940,12.0,8.0,17.442110407035702,17.46078268550703,17.079069479412897,0.3817132060941333,7.5487957026756485,2.308680176878567,1210.1000000000001,1210.1000000000001,0.8474166666666664,0.838,14.975,13.3,5.0,10.0,2.0,14.5,6.0,17.020290100697437,17.314718381945873,16.585754556036996,0.7289638259088775,7.416762212404626,2.2940424665000014,1462.15,1462.1499999999999,0.46464950980392145,0.648,8.152205882352941,10.15,3.0,7.5,1.5,3.5355339059327378,2.8284271247461903,0.5965439981079483,0.206566119074771,0.6976526551592457,0.4910865360844748,0.18672355262873674,0.020700848539457268,356.45252839613846,356.45252839613823,0.5413145044662838,0.268700576850888,9.648887974455844,4.45477272147525,2.8284271247461903,3.5355339059327378,0.7071067811865476,2.0,1
LRL_2025-12-12_3,22006185,LRL_2025-12-12_3_22006185,12.0,8.0,16.910352158514623,18.221821918219185,15.116692201879214,3.1051297163399703,7.2126641540144645,2.342482360704064,1218.3999999999999,1218.3999999999999,0.98375,2.943,15.75,42.9,3.0,8.0,-5.0,11.333333333333334,5.666666666666667,17.105623970339746,17.888695661988624,15.677363851175272,2.2113318108133524,7.193183267065304,2.377652921451627,1146.3999999999999,1146.3999999999999,0.5318111111111111,1.5293333333333334,8.73111111111111,22.96666666666667,2.6666666666666665,6.0,-2.0,1.1547005383792517,4.041451884327381,0.23432415341192653,0.3793009342226634,0.49319351414981866,0.7903727542378476,0.04408350398060902,0.04663377785370396,116.7462633235,116.74626332349985,0.45820694328040296,1.474905533698119,7.270172192163244,21.61025990897225,1.5275252316519468,3.4641016151377544,3.0,3.0,1
LRL_2025-12-12_3,22005270,LRL_2025-12-12_3_22005270,,,,,,,,,,,,,,,,,,,,,,,,,,,,,,,,,,,,,,,,,,,,,,,,,,,,0.0,0
LRL_2025-12-12_3,22002084,LRL_2025-12-12_3_22002084,14.0,1.0,16.438780950320144,17.225816195000096,15.57874416366273,1.6470720313373661,6.773829370405098,2.4258841286060884,1411.7999999999997,1411.7999999999997,0.18585714285714286,0.0,3.114285714285714,0.0,1.0,5.0,1.0,13.0,2.0,16.521610859438645,17.371482375711064,15.603084029967334,1.76839834574373,6.805620327088526,2.4264994623007574,1310.3999999999999,1310.3999999999996,0.29517857142857146,0.2975,4.819642857142856,4.4,1.5,5.5,0.0,1.4142135623730951,1.4142135623730951,0.1171391808455159,0.20600308834054143,0.03442176903431943,0.17158131930622203,0.04495920210251981,0.0008702132563862587,143.40125522463165,143.40125522463188,0.15460384694371587,0.42072853480599576,2.4117392001184026,6.222539674441618,0.7071067811865476,0.7071067811865476,1.4142135623730951,2.0,1
LRL_2025-12-12_3,21010411,LRL_2025-12-12_3_21010411,12.0,1.0,16.720206924166707,17.339638786952396,15.969930264780318,1.3697085221720773,7.150077365057251,2.3402264041455503,1208.6,1208.6,0.0,0.0,0.0,0.0,1.0,1.0,0.0,13.0,1.0,16.38058078354249,17.073906364169318,15.647571564925682,1.4263347992436373,6.9994466512844085,2.340856891259455,1313.0499999999997,1313.0499999999997,0.003357142857142857,0.0,0.05714285714285715,0.0,1.0,1.5,0.5,1.4142135623730951,0.0,0.4803038942071986,0.37580239626208856,0.455884045283384,0.08008164902129676,0.21302399832749322,0.0008916434273859347,147.71460658986962,147.71460658986962,0.00474771695939539,0.0,0.08081220356417687,0.0,0.0,0.7071067811865476,0.7071067811865476,2.0,1
LRL_2025-12-12_4,23018806,LRL_2025-12-12_4_23018806,12.0,3.0,16.47496494488439,17.181130392507406,15.314552408363138,1.8665779841442678,7.0551473960183015,2.334965125685367,1215.0,1215.0,0.3451666666666666,0.573,5.633333333333333,8.2,2.0,4.0,0.0,11.0,3.6666666666666665,16.7684317333193,17.50822129796987,15.460456357688571,2.0477649402813007,7.213397374761783,2.3257986828011745,1111.7666666666667,1111.7666666666667,0.44841919191919194,1.0746666666666667,7.329595959595959,16.233333333333334,2.0,5.0,-1.0,1.0,3.0550504633038935,0.3889781995159452,0.3807737587740126,0.5577733931696386,0.3286901568524808,0.15464496682003423,0.020590620637989637,103.45068068086026,103.45068068086026,0.30734108465532306,1.3948843440706231,4.893430092021701,21.411756895064293,1.0,1.7320508075688772,2.6457513110645907,3.0,1
LRL_2025-12-12_4,23001383,LRL_2025-12-12_4_23001383,11.0,1.0,17.65369667695166,18.11664267775322,16.450619329482286,1.666023348270933,7.041134165536926,2.507443943200146,1114.5,1114.5,0.07445454545454545,0.0,1.3090909090909089,0.0,1.0,5.0,4.0,11.0,1.0,17.65369667695166,18.11664267775322,16.450619329482286,1.666023348270933,7.041134165536926,2.507443943200146,1114.5,1114.5,0.07445454545454545,0.0,1.3090909090909089,0.0,1.0,5.0,4.0,,,,,,,,,,,,,,,,,,1.0,1
LRL_2025-12-12_4,23002714,LRL_2025-12-12_4_23002714,12.0,4.0,16.650783041632018,17.99253299895371,15.247437339744987,2.7450956592087223,7.2285912633151606,2.3031926680490176,1211.6999999999998,1211.6999999999998,0.6006666666666667,1.324,9.341666666666667,18.3,1.0,6.0,-3.0,12.0,3.5,16.709749161749546,17.75497329562093,15.625569408721445,2.129403886899482,7.278612026895263,2.297993570664054,1209.6499999999999,1209.6499999999999,0.493,0.763,7.870833333333334,10.65,2.0,6.0,-1.0,0.0,0.7071067811865476,0.0833906867907294,0.3359601543265497,0.5347595003147046,0.8707196546412556,0.07074004225523872,0.0073526340339137046,2.8991378028647805,2.8991378028647805,0.15226366021550325,0.7933738084913063,2.0800724479904273,10.818733752154177,1.4142135623730951,0.0,2.8284271247461903,2.0,1
LRL_2025-12-12_4,23008967,LRL_2025-12-12_4_23008967,12.0,1.0,16.983321731163077,17.95220052386541,15.545127305128053,2.4070732187373576,7.317683935415952,2.3203820844795446,1216.1999999999998,1216.1999999999998,0.0006666666666666666,0.0,0.008333333333333333,0.0,1.0,2.0,0.0,12.0,1.0,16.983321731163077,17.95220052386541,15.545127305128053,2.4070732187373576,7.317683935415952,2.3203820844795446,1216.1999999999998,1216.1999999999998,0.0006666666666666666,0.0,0.008333333333333333,0.0,1.0,2.0,0.0,,,,,,,,,,,,,,,,,,1.0,1
LRL_2025-12-12_4,23010766,LRL_2025-12-12_4_23010766,12.0,5.0,16.230142428044935,17.345587701213834,14.593619704578849,2.751967996634985,7.360262369497022,2.204567504283648,1211.3999999999999,1211.3999999999999,0.4535,1.778,6.958333333333333,25.3,2.0,5.0,-1.0,12.0,3.0,16.345362114400583,17.2885553586318,14.87718774188101,2.411367616750793,7.480674601293856,2.1858838505935188,1211.4666666666665,1211.4666666666665,0.34497222222222224,1.0050000000000001,5.355555555555555,14.0,2.0,4.333333333333333,0.6666666666666666,0.0,2.0,0.39841476370102086,0.2590330161504523,0.4053175253750653,0.30274341746915046,0.18473126963254993,0.017270485164679335,1.5011106998929744,1.5011106998930313,0.27079243708324185,0.9114214173476505,4.135721196455924,12.86429166336025,1.0,2.081665999466133,2.0816659994661326,3.0,1
LRL_2025-12-12_5,23006689,LRL_2025-12-12_5_23006689,,,,,,,,,,,,,,,,,,,,,,,,,,,,,,,,,,,,,,,,,,,,,,,,,,,,0.0,0
LRL_2025-12-12_5,23014050,LRL_2025-12-12_5_23014050,12.0,2.0,16.442631322967042,17.446907508950044,15.291309295868817,2.155598213081227,7.07715778488442,2.3226034229647827,1215.4999999999998,1215.4999999999998,1.238,0.894,19.966666666666665,11.4,2.0,9.0,6.0,12.0,2.0,16.442631322967042,17.446907508950044,15.291309295868817,2.155598213081227,7.07715778488442,2.3226034229647827,1215.4999999999998,1215.4999999999998,1.238,0.894,19.966666666666665,11.4,2.0,9.0,6.0,,,,,,,,,,,,,,,,,,1.0,1
LRL_2025-12-12_5,23014066,LRL_2025-12-12_5_23014066,11.0,2.0,17.503662499680487,17.66459677163792,17.0839981862557,0.5805985853822193,7.082136472635989,2.4733385505543968,1109.9,1109.9,0.20509090909090902,0.045,3.6,0.7,2.0,3.0,0.0,11.0,2.0,17.503662499680487,17.66459677163792,17.0839981862557,0.5805985853822193,7.082136472635989,2.4733385505543968,1109.9,1109.9,0.20509090909090902,0.045,3.6,0.7,2.0,3.0,0.0,,,,,,,,,,,,,,,,,,1.0,1
LRL_2025-12-12_5,23016859,LRL_2025-12-12_5_23016859,12.0,3.0,16.554201337642073,17.788267658549778,15.160195628158643,2.6280720303911345,6.986428117621807,2.368551922907533,1221.8,1221.8,0.6650833333333334,1.838,10.208333333333334,25.3,1.0,4.0,-2.0,12.666666666666666,4.333333333333333,16.375309138377407,17.692513777925736,14.773603243534803,2.918910534390932,6.923679535310597,2.3634761581331305,1282.9666666666665,1282.9666666666665,0.782718253968254,2.03,12.012698412698413,26.96666666666667,2.6666666666666665,6.333333333333333,0.6666666666666666,1.1547005383792515,3.214550253664318,0.16615857874663373,0.17389001523988687,0.5714075733952659,0.6654070021038495,0.11934902348605345,0.02485836215946053,109.426154704135,109.4261547041352,0.29323001096912865,0.5564251971289582,4.475136073466291,6.26843946555547,2.0816659994661326,2.0816659994661326,3.7859388972001824,3.0,1
LRL_2025-12-12_5,23000688,LRL_2025-12-12_5_23000688,12.0,2.0,16.712442813284984,18.081147382817367,15.200773544690689,2.880373838126678,6.980716222025349,2.3911259649631904,1218.3999999999999,1218.4,0.133,1.03,1.8916666666666666,14.2,1.0,3.0,1.0,12.0,2.5,16.61536041682829,18.170355065280184,14.795186867883054,3.3751681973971275,6.945059849402911,2.38814046781545,1216.6,1216.6,0.16266666666666668,1.028,2.2916666666666665,13.649999999999999,1.0,3.0,0.0,0.0,0.7071067811865476,0.1372952417367403,0.126158714406787,0.5735861790591904,0.6997448934659756,0.05042572574768075,0.004222130556760871,2.5455844122715874,2.5455844122718285,0.04195500235040182,0.0028284271247461927,0.5656854249492379,0.7778174593052026,0.0,0.0,1.4142135623730951,2.0,1
LRL_2025-12-12_6,20001085,LRL_2025-12-12_6_20001085,12.0,9.0,16.66104982603662,17.421440961520855,15.651828907659313,1.7696120538615414,7.127751296410814,2.3376326604015976,1209.6999999999998,1209.7,1.0108333333333333,1.894,16.791666666666664,28.2,6.0,9.0,-3.0,12.666666666666666,7.333333333333333,16.59512989874954,17.527833440100512,15.35917439173989,2.1686590483606243,7.168465867099509,2.314701904452232,1277.533333333333,1277.533333333333,0.9756865079365079,2.470666666666667,15.828174603174602,36.266666666666666,6.0,8.333333333333334,-1.0,1.1547005383792515,1.5275252316519468,0.15825666885613018,0.1024755620328271,0.3230965722931317,0.4237604512929033,0.050967337733048165,0.021685632711787466,115.07442519227861,115.07442519227858,0.22305676547792133,0.6429878174066236,3.845196508203047,9.610584442859514,1.0,0.5773502691896255,1.7320508075688772,3.0,1
LRL_2025-12-12_6,F0047121,LRL_2025-12-12_6_F0047121,16.0,6.0,16.460050374778557,17.064465724585194,15.913565896703165,1.1508998278820286,7.036022996586592,2.3418567041616773,1619.8,1619.8,0.043250000000000004,0.508,0.65625,7.6,1.0,6.0,-5.0,13.5,8.0,16.770950172846817,17.534684569441705,15.535327085886616,1.9993574835550891,7.060598092543874,2.3762093237649875,1364.45,1364.4499999999998,0.37667045454545456,1.797,6.164488636363637,27.650000000000002,1.5,8.0,-6.5,3.5355339059327378,2.8284271247461903,0.4396787109671904,0.6649898676794881,0.5349104560726357,1.1999003237521237,0.03475443399940799,0.048581940546044915,361.1194331519697,361.11943315196993,0.47152772879078386,1.8229212818989193,7.789825784332938,28.35498192558056,0.7071067811865476,2.8284271247461903,2.1213203435596424,2.0,1
LRL_2025-12-12_6,19008473,LRL_2025-12-12_6_19008473,17.0,7.0,15.772987128815293,17.255734013453676,13.450223596035789,3.805510417417887,6.576164514065724,2.392242096602402,1678.2,1678.2,1.0800588235294115,4.7,15.352941176470589,64.2,1.0,7.0,-5.0,14.0,6.0,16.460498649007096,17.027865347226907,14.794987363355933,2.232877983870975,6.740895524613496,2.43619072936992,1392.4,1392.4,1.0424839572192512,3.2465,16.37192513368984,46.0,3.0,6.0,-2.5,4.242640687119285,1.4142135623730951,0.9722881161429914,0.32225495821776323,1.901783157932085,2.2240381161498477,0.2329648292600851,0.06215275250757846,404.1822361262306,404.18223612623046,0.05313888554018463,2.0555594129092936,1.4410609321400696,25.738686835190336,2.8284271247461903,1.4142135623730951,3.5355339059327378,2.0,1
LRL_2025-12-12_6,17020018,LRL_2025-12-12_6_17020018,17.0,5.0,16.069622502108558,16.500231725298995,15.243495981730458,1.2567357435685373,7.117361736774028,2.258322352936167,1724.6,1724.6,0.5019411764705883,0.938,7.9823529411764715,13.5,2.0,7.0,2.0,15.666666666666666,5.666666666666667,16.19500531365441,16.565198038184636,15.334310252052068,1.2308877861325698,7.118125768580602,2.275408559186818,1585.5666666666666,1585.5666666666664,0.8117928921568627,1.4696666666666667,13.494117647058822,20.766666666666666,4.0,7.0,1.3333333333333333,1.5275252316519468,0.5773502691896258,0.10860282121413689,0.20204405067710718,0.23479018506666535,0.41588141768410897,0.0451518158918883,0.020853666804682404,158.41844379154028,158.41844379154006,0.42710290725638755,0.9191421725355298,6.69885532234857,13.19709564007677,2.0,0.0,0.5773502691896258,3.0,1
LRL_2025-12-12_6,21019628,LRL_2025-12-12_6_21019628,12.0,2.0,17.141815030687024,17.765182801084922,16.24580992739973,1.5193728736851924,7.396981742552246,2.3183975673672745,1209.3999999999999,1209.3999999999999,0.054333333333333324,0.178,0.8833333333333333,2.6,1.0,3.0,1.0,12.666666666666666,5.666666666666667,16.837046608567476,17.85134109679036,15.441096972940818,2.410244123849543,7.28669018039077,2.309247694580353,1276.6333333333332,1276.6333333333332,0.31410317460317455,1.1816666666666666,4.92579365079365,17.133333333333333,1.6666666666666667,6.0,-3.3333333333333335,1.1547005383792515,3.5118845842842465,0.2807769560036075,0.10428197683015182,0.7040250046959124,0.771990968392221,0.09672303597756449,0.011442992602320262,115.58660533700828,115.58660533700846,0.272541070500575,1.0463347138145296,4.279504484829581,15.47298721428197,0.5773502691896258,3.0,4.041451884327381,3.0,1
LRL_2025-12-12_6,18015442,LRL_2025-12-12_6_18015442,12.0,5.0,16.805435074474026,17.33645304628651,16.0610473307358,1.2754057155507112,7.179064201125673,2.341566814669934,1215.7,1215.7,1.1021666666666667,1.901,17.916666666666668,27.5,5.0,7.0,1.0,12.0,4.333333333333333,16.996942979696477,17.726783005873227,16.110806691685653,1.615976314187573,7.125345358408946,2.3849687403423814,1216.3,1216.3,0.610388888888889,1.0766666666666667,9.952777777777778,15.733333333333334,3.0,6.666666666666667,1.3333333333333333,0.0,1.1547005383792517,0.24902780752846929,0.3386917192388167,0.32620873444270043,0.42233159382226687,0.08549501917445154,0.03759761100261497,0.5291502622128559,0.5291502622128665,0.4548671229458523,0.7595948481482305,7.381067811437384,10.893270093655685,2.0,1.5275252316519465,3.5118845842842465,3.0,1
LRL_2025-12-12_6,19009621,LRL_2025-12-12_6_19009621,12.0,3.0,16.87910874848441,17.57668893718212,15.91859055308703,1.658098384095089,7.286950848329547,2.3167290012942847,1209.1,1209.1000000000001,0.5623333333333332,1.296,9.108333333333334,18.7,3.0,5.0,2.0,12.666666666666666,3.6666666666666665,16.672817008716038,17.45843835878823,15.589092874752936,1.8693454840352952,7.193910622189571,2.3169436392173286,1276.4666666666665,1276.4666666666667,0.4718571428571428,1.213,7.6718253968253975,17.266666666666666,2.6666666666666665,4.333333333333333,0.6666666666666666,1.1547005383792515,2.0816659994661326,0.20191306678220172,0.3849400703669124,0.38455186212288034,0.6549246415207354,0.08391830444431643,0.004846274846597206,117.0290704625707,117.02907046257064,0.23688181391607996,0.09267685795278129,4.042607950796091,1.450287327853806,1.5275252316519468,2.081665999466133,1.1547005383792517,3.0,1
LRL_2025-12-12_6,22006543,LRL_2025-12-12_6_22006543,12.0,7.0,16.604279889904916,17.30986771771118,15.424563618288524,1.8853040994226582,6.723213025240661,2.4711236113407136,1208.4999999999998,1208.4999999999998,0.6773333333333333,1.236,11.0,17.9,2.0,8.0,-5.0,12.666666666666666,6.333333333333333,16.415941561224393,17.235260408087584,15.115110760660315,2.1201496474272687,6.695479353838437,2.4507221683468496,1278.6999999999998,1278.6999999999998,0.925357142857143,2.5416666666666665,14.742460317460315,36.23333333333333,2.6666666666666665,7.0,-3.6666666666666665,1.1547005383792515,1.1547005383792517,0.409862198728923,0.7741901845725193,0.42709281119611514,0.48377135975043484,0.05917451284142906,0.040869769339805635,113.96925023882527,113.96925023882527,0.3463510377972326,1.4797446851850267,5.362340379905231,20.840665376454115,1.1547005383792515,1.0,1.1547005383792517,3.0,1
LRL_2025-12-12_7,21008503,LRL_2025-12-12_7_21008503,12.0,3.0,16.70101145398684,17.29639630969241,15.765726542201042,1.530669767491366,7.108538345584954,2.3504883598806585,1209.6,1209.6,0.42825,0.953,6.958333333333333,14.2,3.0,5.0,1.0,14.5,4.5,16.696291315215433,17.191759979557826,16.006794111610173,1.1849658679476525,7.082718815166075,2.359509344535973,1463.25,1463.25,0.4273602941176471,1.07,7.026225490196079,16.45,2.5,5.5,-1.5,3.5355339059327378,2.1213203435596424,0.006675284266806357,0.14797811719327453,0.34092102610671066,0.4888991432999858,0.03651433009248316,0.012757598845505395,358.7152700959356,358.7152700959356,0.0012582341253466367,0.16546298679765223,0.09601400901405632,3.181980515339464,0.7071067811865476,0.7071067811865476,3.5355339059327378,2.0,1
LRL_2025-12-12_7,21000753,LRL_2025-12-12_7_21000753,11.0,1.0,16.768931179384673,16.923105848406394,16.40701362081946,0.5160922275869346,7.083847582893744,2.3694248938913707,1108.6,1108.6000000000001,0.24154545454545454,0.0,4.072727272727272,0.0,1.0,3.0,2.0,15.0,1.6666666666666667,15.918974410861424,16.647622912862058,15.044182620375802,1.6034402924862559,6.935796510558042,2.294601290778712,1512.0999999999997,1512.1000000000001,0.20365240641711227,0.5443333333333333,3.18698752228164,7.533333333333334,1.0,3.0,0.3333333333333333,3.4641016151377544,1.1547005383792517,0.7403970057198672,0.3837119379790738,1.1817841285933268,0.9718374192138156,0.13005766215998663,0.06492797820467,349.4413398554899,349.44133985548973,0.18082621473337152,0.9428129895866588,2.73619241465301,13.048116083685544,0.0,1.0,2.0816659994661326,3.0,1
LRL_2025-12-12_7,21010064,LRL_2025-12-12_7_21010064,11.0,5.0,16.816503473567472,16.886399661553938,16.27165913566138,0.6147405258925573,6.893159065236673,2.4383851109391372,1120.0,1120.0,1.230818181818182,1.395,20.490909090909092,21.0,5.0,9.0,4.0,12.333333333333334,3.6666666666666665,16.856391537434416,17.33818250520682,15.894324407980662,1.44385809722616,6.902332749385593,2.4407783536255567,1251.6333333333332,1251.6333333333332,0.7043282828282829,0.9726666666666667,11.674747474747475,14.233333333333334,3.3333333333333335,5.666666666666667,1.3333333333333333,1.5275252316519468,1.5275252316519468,0.1059306999226577,0.46512740346063014,0.3277981495662611,0.7697287260712099,0.016227886043294563,0.009033447750702316,152.60276319036063,152.60276319036075,0.6295411428823167,0.7576320566959488,10.471611162701858,11.119502386947598,2.0816659994661326,3.511884584284246,2.5166114784235836,3.0,1
LRL_2025-12-12_7,22008993,LRL_2025-12-12_7_22008993,12.0,2.0,16.878712298049397,17.368863143844955,16.12106295632996,1.2478001875149936,7.51335815100862,2.2468414824344665,1210.9999999999998,1210.9999999999998,0.17900000000000002,0.221,2.9499999999999997,3.3,2.0,4.0,1.0,12.666666666666666,1.6666666666666667,16.82673142446496,17.38602374981837,16.020224656183114,1.365799093635258,7.5025907185634075,2.2425819738490502,1279.4999999999998,1279.4999999999998,0.3134761904761905,0.221,5.213888888888889,3.1999999999999997,1.6666666666666667,4.333333333333333,2.3333333333333335,1.1547005383792515,0.5773502691896257,0.06864214796405761,0.1266040110907191,0.11321932844998803,0.11542686324082344,0.03411340043484052,0.004909481241111428,113.57424884189213,113.57424884189213,0.12044190176462785,0.221,2.0018105230941243,3.151190251317746,0.5773502691896257,0.5773502691896257,1.1547005383792517,3.0,1
LRL_2025-12-12_7,21003964,LRL_2025-12-12_7_21003964,16.0,2.0,16.503642207003374,16.127299597720267,16.667596179215845,-0.5402965814955785,7.738252142364306,2.13327439243898,1613.7,1613.7,0.5465000000000001,0.516,8.99375,7.9,2.0,5.0,2.0,16.666666666666668,2.3333333333333335,16.648788603370175,16.707517082762646,16.638319693799236,0.0691973889634075,7.716239213183939,2.1582867328194104,1681.1666666666667,1681.1666666666667,0.5797941176470589,0.5406666666666667,9.680269607843137,8.333333333333334,2.3333333333333335,5.333333333333333,2.3333333333333335,0.5773502691896263,0.5773502691896258,0.14787992703485245,0.5160768116230986,0.20210217515421178,0.6163175151245548,0.04168992779212139,0.021661980698519104,58.42998659364314,58.42998659364314,0.16758728810667026,0.10225621415509834,2.9084748277407346,1.4977761292440646,0.5773502691896258,1.5275252316519465,2.516611478423583,3.0,1
LRL_2025-12-12_8,19005959,LRL_2025-12-12_8_19005959,12.0,9.0,16.649350165468082,17.39688579760201,15.443025586322548,1.953860211279462,6.958898803057834,2.3916508374194327,1218.8,1218.8,1.1199999999999999,1.007,18.183333333333334,14.1,6.0,9.0,-3.0,12.0,6.0,16.738807001186004,17.672333208290663,15.39995102579944,2.272382182491224,6.964817312070619,2.4014959291787465,1216.1333333333332,1216.1333333333332,0.48877777777777776,0.8873333333333333,7.830555555555556,12.633333333333333,2.6666666666666665,6.0,-3.3333333333333335,0.0,2.6457513110645907,0.12437356746442148,0.4421045936182753,0.20311525856719834,0.6349389035739011,0.026366188357900854,0.00960532606527583,5.507570547286115,5.507570547286115,0.5493727884125205,0.12763359014512332,9.006364776172543,1.5011106998930275,2.8867513459481287,2.6457513110645907,0.5773502691896258,3.0,1
LRL_2025-12-12_8,22006170,LRL_2025-12-12_8_22006170,13.0,6.0,16.42391159378223,17.918181893311232,14.359351905344926,3.5588299879663055,7.269771961708255,2.2539566257143706,1310.8999999999999,1310.8999999999999,1.116,2.23,17.646153846153847,30.1,2.0,6.0,-4.0,13.0,6.0,16.42391159378223,17.918181893311232,14.359351905344926,3.5588299879663055,7.269771961708255,2.2539566257143706,1310.8999999999999,1310.8999999999999,1.116,2.23,17.646153846153847,30.1,2.0,6.0,-4.0,,,,,,,,,,,,,,,,,,1.0,1
LRL_2025-12-12_8,20013127,LRL_2025-12-12_8_20013127,,,,,,,,,,,,,,,,,,,,,,,,,,,,,,,,,,,,,,,,,,,,,,,,,,,,0.0,0
LRL_2025-12-12_8,19011495,LRL_2025-12-12_8_19011495,12.0,7.0,16.711301222016804,17.94112208600221,15.090308977546796,2.850813108455414,6.520074748500476,2.5592904361483124,1212.3,1212.3,0.17149999999999999,1.174,2.591666666666667,17.3,1.0,7.0,-6.0,12.0,4.0,16.871798254294955,17.716828484514647,15.732601277826035,1.9842272066886126,6.629505091812142,2.544525800027002,1210.8,1210.8,0.08574999999999999,0.587,1.2958333333333334,8.65,1.0,4.0,-3.0,0.0,4.242640687119285,0.22697707976839376,0.317199053177218,0.9083384820627118,1.2255375352399291,0.1547578756465018,0.02088034864626086,2.1213203435596424,2.1213203435596424,0.12126881297349289,0.8301433611130068,1.8325850745751358,12.232947314527273,0.0,4.242640687119285,4.242640687119285,2.0,1
LRL_2025-12-12_8,18001931,LRL_2025-12-12_8_18001931,12.0,6.0,16.68706000896088,17.81522369891716,15.114211110315015,2.7010125886021434,7.136088526398776,2.336865116801874,1210.4999999999998,1210.4999999999998,0.5385833333333334,0.557,8.633333333333335,7.8,4.0,7.0,-2.0,12.666666666666666,6.333333333333333,16.635129229418,17.590615453478726,15.175673263916272,2.414942189562454,7.204248191866882,2.3089342237815367,1276.3666666666666,1276.3666666666666,0.5422142857142858,1.2329999999999999,8.718253968253968,17.900000000000002,3.3333333333333335,6.666666666666667,-2.0,1.1547005383792515,1.5275252316519465,0.12917962167692057,0.20960206955223953,0.46852820643917265,0.5973693257326901,0.06400551570393943,0.0355284674108336,115.21207980647397,115.21207980647421,0.08067440105300303,0.5954939126473082,1.2628575319015907,8.77097486029917,1.1547005383792515,1.5275252316519465,1.0,3.0,1
LRL_2025-12-12_8,19017159,LRL_2025-12-12_8_19017159,12.0,1.0,16.779855058451215,17.265684544767772,15.947334351468912,1.3183501932988602,7.055279885598363,2.377957064032007,1213.1999999999998,1213.1999999999998,0.09558333333333331,0.0,1.6500000000000001,0.0,1.0,2.0,1.0,13.333333333333334,1.6666666666666667,16.55810046087309,17.288419846868177,15.3990430546039,1.889376792264276,7.048590553258895,2.347471566775147,1348.6333333333332,1348.6333333333332,0.2846666666666667,0.7816666666666666,4.566666666666666,10.766666666666666,1.3333333333333333,2.6666666666666665,0.6666666666666666,2.3094010767585034,0.5773502691896258,0.5025797201220289,0.143617234225648,1.1067106514875802,0.9898000642748034,0.060091868257660934,0.05473567180842988,232.76112934365437,232.76112934365406,0.18829665940861634,0.7016354704070578,3.058730673552893,9.383140909809109,0.5773502691896257,0.5773502691896257,0.5773502691896258,3.0,1
LRL_2025-12-13_1,22016308,LRL_2025-12-13_1_22016308,16.0,2.0,16.325777688257517,16.981581104806924,15.497375532566897,1.4842055722400271,7.151230863423758,2.2838380464547146,1614.3,1614.2999999999997,0.3848125,1.041,6.1125,14.8,2.0,7.0,2.0,13.666666666666666,3.3333333333333335,16.729616298279847,16.974534528010736,16.05066900577285,0.9238655222378878,7.261950978245746,2.3039301761497613,1379.2666666666664,1379.2666666666664,0.5285305735930735,1.0346666666666666,8.943777056277055,15.666666666666666,2.6666666666666665,6.0,1.0,2.5166114784235836,3.2145502536643185,0.42566110889268155,0.006929915200162037,0.6511724690950704,0.6534722557465972,0.10557517455248537,0.025508434300490605,254.06633648189847,254.06633648189836,0.3707619966519987,1.0315145822204035,6.5698329857615105,16.11748532908696,2.0816659994661326,1.7320508075688772,2.6457513110645907,3.0,1
LRL_2025-12-13_1,22001273,LRL_2025-12-13_1_22001273,12.0,6.0,16.746121785977014,17.364148444343996,15.77561347264434,1.5885349716996569,7.609426256425274,2.2006851663847047,1215.6,1215.6,0.9125833333333334,1.64,14.908333333333333,23.9,4.0,6.0,-2.0,12.0,4.5,16.867279613799475,17.626995357157256,15.684702928056108,1.9422924291011467,7.592407459941744,2.2212815157004693,1211.85,1211.85,0.5462916666666667,0.99,8.958333333333334,14.399999999999999,3.0,5.0,-0.5,0.0,2.1213203435596424,0.17134304329419053,0.3717216689284086,0.12856692511940152,0.5002885940478095,0.024068212802275658,0.029127636537728263,5.303300858899107,5.303300858899107,0.518014642784245,0.9192388155425116,8.414570696119915,13.435028842544401,1.4142135623730951,1.4142135623730951,2.1213203435596424,2.0,1
LRL_2025-12-13_1,20002819,LRL_2025-12-13_1_20002819,12.0,8.0,16.500422765101632,17.47022169202227,15.397913133990427,2.0723085580318443,7.315412293385283,2.2540729253093823,1208.6,1208.6,1.2863333333333336,2.33,20.85833333333333,32.5,8.0,11.0,3.0,13.0,7.0,16.62549448834786,17.40810362305689,15.380591915327127,2.0275117077297624,7.368451062592374,2.2544703087680147,1312.2999999999997,1312.2999999999997,1.2821309523809523,1.8325,21.04345238095238,25.55,7.0,9.5,2.5,1.4142135623730951,1.4142135623730951,0.1768781272841905,0.08784821559927138,0.024495902350469223,0.06335231324880153,0.07500814674424434,0.0005619850766606442,146.6539464180898,146.6539464180898,0.005943064137115828,0.7035712472806149,0.26179786779645176,9.828784258493009,1.4142135623730951,2.1213203435596424,0.7071067811865476,2.0,1
LRL_2025-12-13_1,22003166,LRL_2025-12-13_1_22003166,16.0,5.0,15.852729039073004,16.699250838060074,14.75844775173598,1.9408030863240935,6.916686543890195,2.2901404368981244,1615.3,1615.2999999999995,0.5643750000000001,1.687,8.425,23.0,1.0,6.0,-4.0,14.666666666666666,5.333333333333333,16.26562389346635,16.958069937663847,15.315405584276286,1.6426643533875591,7.021444994887136,2.3166434411230323,1479.0,1478.9999999999998,0.5395902777777778,1.1043333333333332,8.505555555555555,15.4,3.0,6.0,-1.3333333333333333,2.3094010767585034,2.516611478423583,0.380291476473792,0.3340298917072908,0.48265123415345523,0.369986889373773,0.09460391752728456,0.036126524807800285,233.8304727788916,233.83047277889142,0.34630124616591373,0.7061595664814952,5.67126243376134,9.829038610159186,2.6457513110645907,3.0,2.3094010767585034,3.0,1
LRL_2025-12-13_1,21018249,LRL_2025-12-13_1_21018249,12.0,1.0,17.339093519900857,18.41319961545323,16.214982478776196,2.198217136677034,7.319068969755364,2.3680770779874987,1208.3,1208.2999999999997,0.015583333333333331,0.0,0.2916666666666667,0.0,1.0,4.0,3.0,12.666666666666666,3.3333333333333335,17.07207692199672,18.02398006330552,16.0677784920285,1.9562015712770193,7.321090531608609,2.33173116648832,1277.1666666666665,1277.1666666666663,0.30940873015873016,0.7343333333333333,5.112301587301588,10.799999999999999,2.0,4.333333333333333,0.0,1.1547005383792515,3.2145502536643185,0.3150153614354504,0.3634305068266649,0.564955481586878,0.46448266262465776,0.015580197258975614,0.04678789430972065,118.58841989559225,118.58841989559252,0.5025111773123908,1.1812935000808789,8.284717572554403,17.338973441354597,1.7320508075688772,2.516611478423583,3.0,3.0,1
LRL_2025-12-13_1,22004675,LRL_2025-12-13_1_22004675,12.0,5.0,16.721333296122314,17.40723455974704,15.734920476960676,1.6723140827863627,7.371882630625561,2.2685078036138355,1213.5,1213.5,0.8268333333333334,1.602,13.408333333333333,23.4,2.0,6.0,-3.0,13.0,5.5,16.953829037817293,17.657930040260258,15.908914425784705,1.7490156144755522,7.455174152450303,2.274841871817868,1314.0,1314.0,0.5926666666666667,1.2535,9.604166666666666,18.299999999999997,2.0,5.0,-0.5,1.4142135623730951,0.7071067811865476,0.3287986310990304,0.3545369485674341,0.246064602197792,0.10847234636964148,0.11779199979524459,0.008957725159138775,142.12846301849598,142.12846301849598,0.33116167585569983,0.4928534264870237,5.379904093527649,7.212489168102786,0.0,1.4142135623730951,3.5355339059327378,2.0,1
LRL_2025-12-13_2,16012148,LRL_2025-12-13_2_16012148,18.0,4.0,16.229962399324165,16.580679573387048,15.410310902356935,1.170368671030113,7.292535112388579,2.2264073553205606,1815.6999999999998,1815.7,0.4546111111111111,0.461,7.283333333333335,6.3,3.0,4.0,-1.0,17.0,4.5,16.263991991683003,16.71419743467468,15.352247748009002,1.3619496866656755,7.303207986796478,2.2273578773096414,1714.0,1714.0,0.5839930555555556,1.002,9.310416666666667,13.85,3.0,5.0,-0.5,1.4142135623730951,0.7071067811865476,0.048125111035896326,0.18882277025201596,0.08211370035300647,0.2709364706050243,0.015093723737154842,0.0013442410882919958,143.82551929334352,143.82551929334383,0.18297370055953574,0.7650895372438443,2.866728742060459,10.677312395916868,0.0,1.4142135623730951,0.7071067811865476,2.0,1
LRL_2025-12-13_2,18003394,LRL_2025-12-13_2_18003394,16.0,7.0,15.998763953052645,17.105223594110992,14.624854715794783,2.4803688783162094,6.942799718971945,2.301805051011765,1616.1999999999998,1616.1999999999996,1.3940625,3.327,21.475,44.3,3.0,9.0,-4.0,16.333333333333332,4.666666666666667,16.684090216638598,18.755578098410467,15.062018298753896,3.693559799656572,7.290697119841354,2.285944715247234,1650.6999999999998,1650.6999999999996,0.898327205882353,1.5496666666666667,14.145220588235295,21.266666666666666,2.6666666666666665,7.333333333333333,0.0,0.5773502691896255,3.214550253664318,0.8137733098875121,2.916284597733827,0.6317624820932892,3.22380738590253,0.4113448708604018,0.020033429803599696,55.6506064656981,55.65060646569815,0.4558231715766711,1.675143675430061,6.80450249394437,22.20277760401462,1.5275252316519468,1.5275252316519468,3.605551275463989,3.0,1
LRL_2025-12-13_2,20003449,LRL_2025-12-13_2_20003449,17.0,8.0,16.033922283196652,16.452950405545018,15.370520008852154,1.082430396692864,7.338973021101196,2.185101568295683,1727.3999999999999,1727.4,0.7132352941176471,1.228,11.229411764705882,17.7,4.0,8.0,-4.0,17.333333333333332,5.666666666666667,16.493232637360922,18.055116314371688,15.138468350517464,2.9166479638542224,7.518461179540054,2.1921474637771996,1753.8666666666666,1753.8666666666668,0.6528932461873639,0.96,10.31764705882353,13.5,4.0,6.666666666666667,-1.6666666666666667,0.5773502691896255,2.516611478423583,0.7399945138736682,2.8106067416539973,0.40590592216110744,3.2165121871466424,0.3473261157350597,0.012556200981868767,50.05610185914735,50.05610185914707,0.2302854612567926,0.2397248422671292,3.6482398467259176,3.830143600441112,1.0,2.309401076758503,2.0816659994661326,3.0,1
LRL_2025-12-13_2,21004220,LRL_2025-12-13_2_21004220,17.0,1.0,16.04979891895884,16.96357834029234,14.909855491277693,2.0537228490146475,7.516928932139292,2.1345457625700264,1713.3,1713.3,0.02258823529411765,0.0,0.38823529411764707,0.0,1.0,3.0,1.0,16.5,2.5,16.101207362542404,17.01986670227547,14.903086109515064,2.1167805927604046,7.473024633794802,2.15387044077064,1665.0499999999997,1665.0499999999997,0.11979411764705881,0.488,1.8441176470588234,6.6,2.0,5.0,2.0,0.7071067811865476,2.1213203435596424,0.07270251813637084,0.0796037649203061,0.009573351497590832,0.08917711641789694,0.062090054165252304,0.0273292219998034,68.23580438450207,68.23580438450216,0.1374698771659729,0.6901362184380704,2.0589285687490646,9.333809511662427,1.4142135623730951,2.8284271247461903,1.4142135623730951,2.0,1
LRL_2025-12-13_2,19012610,LRL_2025-12-13_2_19012610,17.0,3.0,16.100793421584598,16.322702387090388,15.799408630084878,0.5232937570055096,7.282078812456625,2.2114726043226303,1721.7999999999997,1721.8,0.7523529411764707,0.387,12.058823529411764,5.6,3.0,8.0,5.0,17.333333333333332,3.3333333333333335,16.075856872967748,16.419708656654503,15.481491752784175,0.9382169038703285,7.2409385683543315,2.220258508544408,1756.1666666666663,1756.1666666666663,0.7893464052287582,0.6743333333333333,12.574183006535947,9.633333333333333,3.0,6.666666666666667,3.0,0.5773502691896255,1.5275252316519468,0.027048712763325017,0.10296956972412936,0.27584756199745764,0.36739244190489084,0.035755087166375765,0.007781724473281452,55.75771994381893,55.75771994381866,0.06066009550750284,0.8301712674703536,1.0182241427959013,11.77978494427353,1.0,1.5275252316519465,2.6457513110645907,3.0,1
LRL_2025-12-13_3,22010453,LRL_2025-12-13_3_22010453,12.0,1.0,16.70940714877415,17.341624648146073,15.598250360966562,1.7433742871795115,6.689693869988493,2.4985824592534907,1207.6,1207.6,0.11141666666666668,0.0,2.0,0.0,1.0,7.0,6.0,12.0,1.0,16.70940714877415,17.341624648146073,15.598250360966562,1.7433742871795115,6.689693869988493,2.4985824592534907,1207.6,1207.6,0.11141666666666668,0.0,2.0,0.0,1.0,7.0,6.0,,,,,,,,,,,,,,,,,,1.0,1
LRL_2025-12-13_3,22010143,LRL_2025-12-13_3_22010143,11.0,1.0,16.775162519802542,17.181676552344474,15.850868136892144,1.3308084154523296,6.724499681702139,2.4938047622753494,1109.3,1109.3,0.09599999999999999,0.0,1.6909090909090911,0.0,1.0,3.0,2.0,13.0,5.0,16.514348635825836,16.987922379152337,15.82989585412715,1.1580265250251898,6.7798320869992645,2.43641671565484,1312.5666666666666,1312.5666666666666,0.38102777777777774,1.0106666666666666,6.206691919191919,15.5,2.3333333333333335,6.333333333333333,-1.0,2.6457513110645907,5.291502622129181,0.2290859741600079,0.2716520337805976,0.23337835684995537,0.4707202744870935,0.05525903723559873,0.05216900196948411,271.7296511853893,271.7296511853891,0.27970312055489865,0.8925863170211235,4.382131835203613,13.992497989994495,1.1547005383792517,4.163331998932265,4.358898943540674,3.0,1
LRL_2025-12-13_3,21008555,LRL_2025-12-13_3_21008555,12.0,5.0,16.6558560075059,17.937733462552796,14.945328212621042,2.9924052499317533,6.548538024401517,2.5409921789974637,1209.3999999999999,1209.3999999999999,0.8452500000000001,1.858,13.5,25.5,4.0,6.0,1.0,12.0,4.5,16.669301278518937,17.761873643307787,15.214282849247722,2.5475907940600635,6.569344751058406,2.5362969265296753,1212.6,1212.6,0.7322916666666668,1.2365,11.954166666666666,17.2,3.5,5.0,0.5,0.0,0.7071067811865476,0.01901448461641853,0.2487033414527736,0.38035929478057745,0.6290626362333522,0.029425155026761896,0.006640089718712024,4.525483399593969,4.525483399593969,0.1597472069830608,0.8789337290148788,2.18613846516841,11.737972567696687,0.7071067811865476,1.4142135623730951,0.7071067811865476,2.0,1
LRL_2025-12-13_3,22016324,LRL_2025-12-13_3_22016324,,,,,,,,,,,,,,,,,,,,,,,,,,,,,,,,,,,,,,,,,,,,,,,,,,,,0.0,0
LRL_2025-12-13_3,22008315,LRL_2025-12-13_3_22008315,12.0,3.0,16.811685305262007,17.158197661266126,16.486753894825306,0.6714437664408202,7.093264308522078,2.3680885474495503,1216.8999999999999,1216.9,0.7280833333333332,0.245,12.074999999999998,3.7,3.0,9.0,6.0,12.333333333333334,1.6666666666666667,17.13846765693971,17.758610729865563,16.364733388501573,1.3938773413639904,7.168538231158402,2.3900932078136887,1247.1333333333332,1247.1333333333332,0.39455341880341877,0.08166666666666667,6.73482905982906,1.2333333333333334,1.6666666666666667,6.666666666666667,5.0,0.5773502691896258,1.1547005383792517,0.3178750346604749,0.5674632821266635,0.18069577109569931,0.728819581205813,0.09400745037965298,0.019491801546109966,56.04233518808182,56.04233518808179,0.3345074530183269,0.1414508159514583,5.522676279919891,2.1361959960016152,1.1547005383792517,2.0816659994661326,1.0,3.0,1
LRL_2025-12-13_3,21004579,LRL_2025-12-13_3_21004579,12.0,2.0,16.603968188530427,17.269795262620534,15.554906564560213,1.7148886980603208,7.003550579045998,2.370751063179349,1211.8,1211.8,0.2925,0.526,4.633333333333334,7.5,1.0,4.0,-1.0,12.0,2.0,16.671156553068204,17.230262413756684,15.62068798780456,1.609574425952123,7.044371434938405,2.366486983815628,1209.7333333333333,1209.7333333333333,0.2961944444444445,0.32433333333333336,4.966666666666668,4.633333333333334,1.3333333333333333,4.666666666666667,1.6666666666666667,0.0,0.0,0.06086846284367696,0.05558559890753392,0.22487299453132925,0.27678624670702234,0.06743239425767435,0.023133380532530345,1.814754345175624,1.814754345175624,0.15724088768275024,0.2392369815336528,2.7402478598355544,3.3842773723992146,0.5773502691896257,1.1547005383792517,2.5166114784235836,3.0,1
LRL_2025-12-13_4,23005429,LRL_2025-12-13_4_23005429,17.0,5.0,15.595151592556965,16.229278294029097,14.448778861700202,1.7804994323288952,7.047681826101599,2.212360900606977,1711.8999999999999,1711.8999999999999,0.3336470588235294,0.592,4.882352941176471,7.8,2.0,5.0,-2.0,15.0,5.333333333333333,15.754782830852006,16.51417885754854,14.562104156417448,1.9520747011310913,7.071684674111985,2.228627045255607,1512.8666666666666,1512.8666666666666,0.9925008912655972,2.4179999999999997,15.0475935828877,33.06666666666667,3.3333333333333335,6.333333333333333,-1.3333333333333333,3.4641016151377544,0.5773502691896257,0.3860820367279656,0.41845483553591445,0.40421542842708735,0.15814571278931433,0.03766212857756804,0.04495373306463529,349.0749250996601,349.07492509965994,0.6552521220324193,1.604415158243028,10.446635504853784,22.637211253450225,2.3094010767585034,1.5275252316519465,2.0816659994661326,3.0,1
LRL_2025-12-13_4,23005168,LRL_2025-12-13_4_23005168,14.0,5.0,16.17046135227092,16.74723871832665,14.959238031553554,1.7880006867730955,6.7180899967037515,2.406498688820682,1419.7999999999997,1419.7999999999997,1.3107857142857142,1.531,20.58571428571429,20.6,4.0,8.0,2.0,13.0,4.5,16.346843336821912,16.726566002561526,15.407301554680231,1.319264447881297,6.7730484020595645,2.414070263524266,1315.85,1315.85,1.4116011904761905,1.3495,22.792857142857144,18.700000000000003,4.0,8.0,3.0,1.4142135623730951,0.7071067811865476,0.24944179471029457,0.029235635006119746,0.6336575112104181,0.6628931462165366,0.07772292222058885,0.010707823634329768,147.00749980868306,147.00749980868306,0.1425746137256733,0.25667976157071676,3.121371362666329,2.6870057685088797,0.0,0.0,1.4142135623730951,2.0,1
LRL_2025-12-13_4,23017715,LRL_2025-12-13_4_23017715,17.0,3.0,15.689963030837234,16.18059477964046,14.98510727601153,1.1954875036289323,6.8678636091962515,2.2849904714718043,1718.7999999999997,1718.7999999999997,0.6887647058823531,0.214,10.55294117647059,2.8,2.0,8.0,1.0,14.333333333333334,3.6666666666666665,16.105153536772253,16.7872870197302,15.073471081722262,1.7138159380079372,7.012795744209811,2.297006890726781,1448.6999999999998,1448.6999999999998,0.8022509337068161,0.8483333333333333,12.67598039215686,11.699999999999998,3.0,7.666666666666667,1.6666666666666667,2.516611478423583,2.0816659994661326,0.4002650969686095,0.5301722735620119,0.6008225319164375,0.803835889656739,0.1297669225167397,0.01779203870628087,254.68818190092767,254.68818190092756,0.10452316951183739,1.2875730399994145,1.8457729772391656,17.894971360692363,1.7320508075688772,1.5275252316519465,3.0550504633038935,3.0,1
LRL_2025-12-13_4,23004415,LRL_2025-12-13_4_23004415,17.0,2.0,15.758876179757006,16.3559934819487,14.510446777084534,1.8455467048641676,6.477645783745216,2.4315706210735013,1721.1,1721.0999999999997,0.04658823529411765,0.057,0.7529411764705882,0.7,1.0,3.0,-1.0,14.5,3.5,16.16752419071299,16.53950455641927,15.281568303512525,1.2579362529067462,6.584007631535474,2.4548669781441212,1469.0499999999997,1469.0499999999997,0.7960441176470587,0.6134999999999999,13.126470588235295,8.75,2.5,5.0,-0.5,3.5355339059327378,2.1213203435596424,0.5779155593307379,0.2595238503619384,1.0905305209123084,0.8310066705503694,0.15041836766404557,0.03294602412315707,356.4525283961388,356.4525283961385,1.059890673223824,0.7870098474606273,17.49881310854003,11.384419177103416,2.1213203435596424,2.8284271247461903,0.7071067811865476,2.0,1
LRL_2025-12-13_4,23014784,LRL_2025-12-13_4_23014784,12.0,2.0,16.629824833468874,17.792488344964298,15.359627597489368,2.4328607474749298,7.411469292280333,2.241976182550537,1213.8999999999999,1213.9,0.06616666666666667,0.446,0.9583333333333334,6.2,1.0,2.0,0.0,11.666666666666666,4.0,16.472356929184798,17.42546905192073,15.14739443850103,2.2780746134196996,7.2992913571360605,2.2561098195847085,1180.2,1180.2,0.7859621212121212,1.5533333333333335,12.442929292929291,21.833333333333332,3.3333333333333335,6.333333333333333,1.3333333333333333,0.5773502691896258,2.0,0.16414946551701975,0.3820001105083259,0.22334148752032032,0.36432813500161604,0.10203882441079515,0.02550124652140941,55.02717510466991,55.027175104669936,0.8441531247299131,1.7400989435469851,13.306522465926644,24.442244850531495,2.0816659994661326,3.785938897200183,1.5275252316519468,3.0,1
LRL_2025-12-13_4,23014465,LRL_2025-12-13_4_23014465,12.0,4.0,16.35073546371537,16.65039717913165,15.732874236951464,0.917522942180188,7.290092811485741,2.2426070867592958,1216.8999999999999,1216.8999999999999,1.4569999999999999,1.621,23.483333333333334,22.7,4.0,7.0,1.0,12.0,4.0,16.35073546371537,16.65039717913165,15.732874236951464,0.917522942180188,7.290092811485741,2.2426070867592958,1216.8999999999999,1216.8999999999999,1.4569999999999999,1.621,23.483333333333334,22.7,4.0,7.0,1.0,,,,,,,,,,,,,,,,,,1.0,1
LRL_2025-12-13_5,23005943,LRL_2025-12-13_5_23005943,16.0,5.0,16.02257232786438,16.981784627524934,14.68239365004872,2.2993909774762145,inf,2.1035611192334285,1616.8,1616.8,1.3483125,2.474,21.137500000000003,33.7,5.0,7.0,1.0,14.666666666666666,4.333333333333333,16.21731062240281,16.797036870288412,15.318230078653757,1.4788067916346577,inf,2.2121177124948366,1483.6666666666667,1483.6666666666667,1.1617916666666666,1.4376666666666669,18.769444444444446,20.2,4.333333333333333,8.0,2.6666666666666665,2.3094010767585034,3.0550504633038935,0.22705636868505538,0.5497436957304835,0.5538041264354393,0.8503183928009721,,0.09412401722315095,236.07067444588145,236.07067444588142,0.20842827315909743,1.2849009040907915,2.760536422978802,17.82105496316085,3.0550504633038935,1.7320508075688772,2.886751345948129,3.0,1
LRL_2025-12-13_5,23016365,LRL_2025-12-13_5_23016365,12.0,6.0,16.245358675171808,17.156356546783393,15.03776642055169,2.1185901262317017,7.1299699434406465,2.2793088677663227,1216.3999999999999,1216.3999999999999,0.79325,1.785,12.458333333333334,25.4,2.0,7.0,-4.0,13.666666666666666,3.6666666666666665,16.240803201839935,16.961064398723597,15.159112335883307,1.8019520628402912,7.170460006554326,2.2654895794751906,1382.533333333333,1382.533333333333,0.8879950980392158,1.173,14.008006535947713,16.400000000000002,2.3333333333333335,6.0,0.3333333333333333,2.8867513459481287,2.0816659994661326,0.24085287271705466,0.45830037319048406,0.10547997699394683,0.4989778593441018,0.03506677238962175,0.03664226512672388,289.6587187248701,289.6587187248699,0.3944950142252223,0.6787370624918017,6.245409123853391,9.897474425326898,0.5773502691896258,1.7320508075688772,4.509249752822894,3.0,1
LRL_2025-12-13_5,23009922,LRL_2025-12-13_5_23009922,14.0,7.0,16.10570280061813,17.144589361827265,14.627322800719515,2.51726656110775,6.9670617495390355,2.3106502531073017,1412.6999999999996,1412.6999999999996,0.7587142857142857,1.145,11.885714285714286,15.1,4.0,8.0,-2.0,14.0,6.666666666666667,16.468578353996147,17.243535753584016,15.435126840915075,1.808408912668942,7.029911738290575,2.342924706199514,1415.3333333333333,1415.333333333333,0.7438049401578812,1.1280000000000001,12.120906544435956,15.966666666666667,3.6666666666666665,7.0,-2.3333333333333335,3.0,2.516611478423583,0.7583413793518397,0.3064698022245794,1.4238099399787496,1.127599329226439,0.15443937012008999,0.05810016496298712,301.65862051884636,301.6586205188462,0.27976603017395874,0.17312712092563667,5.483463328438532,4.0698075302566,1.5275252316519468,2.6457513110645907,1.5275252316519468,3.0,1
LRL_2025-12-13_5,23019191,LRL_2025-12-13_5_23019191,12.0,1.0,16.766626188723134,17.363417954916535,15.868733359715495,1.49468459520104,7.371891188126984,2.2731230424920796,1215.6999999999998,1215.6999999999998,0.48025000000000007,0.0,8.341666666666667,0.0,1.0,7.0,6.0,11.666666666666666,4.0,16.865936409052953,17.05380523730376,15.952814720354402,1.1009905169493586,7.365529559522515,2.2903749113919516,1181.7333333333333,1181.7333333333333,0.821098484848485,0.7623333333333333,14.013636363636364,11.299999999999999,3.3333333333333335,7.666666666666667,3.6666666666666665,0.5773502691896258,3.605551275463989,0.1949114928217143,0.9789071396363658,0.8852696104025348,1.8553355723946885,0.1311778902196011,0.021610469217481946,58.14054809969827,58.14054809969813,0.7303339177188224,0.7428353339289491,12.72738273311045,11.201339205648582,4.041451884327381,4.041451884327381,2.516611478423583,3.0,1
LRL_2025-12-13_5,23014975,LRL_2025-12-13_5_23014975,12.0,2.0,16.620143214589774,17.50634716605982,15.4432779177811,2.0630692482787225,7.475387385902351,2.2238436654462346,1211.2,1211.1999999999998,0.16674999999999998,0.391,2.5749999999999997,5.5,1.0,3.0,-1.0,11.666666666666666,3.0,16.60388611960514,17.17941342979314,15.624831671605685,1.554581758187452,7.468320054324419,2.2250961237331253,1178.3,1178.3,0.25477272727272726,0.612,4.1871212121212125,9.299999999999999,1.0,4.333333333333333,-1.0,0.5773502691896258,2.6457513110645907,0.3228144571238523,0.308254720437024,0.4539672934304489,0.7028216576256578,0.07927432631605365,0.022558808855765573,60.92314830998144,60.923148309981364,0.16562012038656265,0.7474202298573407,2.8139542460073144,11.673474204366068,0.0,1.5275252316519465,3.0,3.0,1
LRL_2025-12-13_5,23014565,LRL_2025-12-13_5_23014565,12.0,3.0,16.7014789877481,18.14412283289478,14.847500212114783,3.2966226207799973,7.130120650824156,2.338468954902147,1218.4999999999998,1218.5,0.2678333333333333,1.126,3.891666666666666,15.4,1.0,3.0,-2.0,12.0,7.0,16.532624925521375,17.892554881207516,14.742121490033114,3.1504333911744036,7.098016758965216,2.326892456047963,1215.9999999999998,1216.0,0.5747916666666666,1.9755,8.895833333333334,28.349999999999998,2.5,7.0,-3.5,0.0,5.656854249492381,0.23879570486282464,0.35577080913454795,0.14902801795344223,0.20674279118110508,0.045401759271871865,0.01637164168438344,3.5355339059327378,3.5355339059327378,0.43410463808344124,1.2013744212359445,7.076960368375364,18.31406563273158,2.1213203435596424,5.656854249492381,2.1213203435596424,2.0,1
LRL_2025-12-13_5,23005166,LRL_2025-12-13_5_23005166,12.0,2.0,16.732261614690596,17.770483300320194,15.303844486214988,2.466638814105206,7.474791442269456,2.236409706846555,1219.9999999999998,1219.9999999999998,0.7191666666666666,0.862,11.691666666666668,11.8,2.0,5.0,1.0,12.0,2.0,16.732261614690596,17.770483300320194,15.303844486214988,2.466638814105206,7.474791442269456,2.236409706846555,1219.9999999999998,1219.9999999999998,0.7191666666666666,0.862,11.691666666666668,11.8,2.0,5.0,1.0,,,,,,,,,,,,,,,,,,1.0,1
LRL_2025-12-13_6,22002577,LRL_2025-12-13_6_22002577,11.0,1.0,16.98802714585614,17.6392208966501,15.42265856513071,2.216562331519391,7.298870644202549,2.3260761436905173,1109.0,1109.0,0.04118181818181818,0.0,0.6727272727272727,0.0,1.0,2.0,0.0,11.0,4.5,17.206392011577467,17.616707889079414,16.04490907725626,1.5717988118231538,7.361602902494819,2.3376670855643313,1108.9,1108.9,0.40409090909090917,0.7575,7.018181818181818,11.85,3.0,5.0,0.0,0.0,4.949747468305833,0.3088145546488802,0.031838200636273996,0.8799951134415571,0.9118333140778311,0.08871681047522002,0.016392067198626036,0.14142135623726126,0.14142135623726126,0.513230958272127,1.0712667734976196,8.97382787760382,16.758430714121175,2.8284271247461903,4.242640687119285,0.0,2.0,1
LRL_2025-12-13_6,21004771,LRL_2025-12-13_6_21004771,16.0,3.0,16.30639556419608,17.15659811323078,15.384961976373436,1.7716361368573423,7.33832063877242,2.2230029254828096,1615.1,1615.0999999999997,0.30018750000000005,1.215,4.575,17.3,1.0,3.0,-1.0,16.333333333333332,3.3333333333333335,16.508253497722947,16.72606356813444,16.130257214426432,0.59580635370801,7.4497680096441,2.217545896638155,1650.8333333333333,1650.833333333333,0.2781384803921569,0.6783333333333333,4.492647058823529,10.133333333333333,2.0,5.666666666666667,1.3333333333333333,0.5773502691896255,0.5773502691896258,0.17506229513749869,0.3917077157594602,0.6580568396644408,1.0481293945016161,0.10643944921105537,0.014797702254569821,57.19495898532775,57.19495898532784,0.14351496160070265,0.4683720031484945,2.4025293944818817,6.2788003100380045,1.7320508075688772,3.7859388972001824,4.041451884327381,3.0,1
LRL_2025-12-13_6,22008047,LRL_2025-12-13_6_22008047,17.0,2.0,16.58887436139373,16.78539933241616,16.273436373984097,0.5119629584320613,7.017043653565962,2.365529117083977,1724.1,1724.1,0.3318235294117647,0.144,5.4941176470588236,2.2,2.0,4.0,2.0,13.333333333333334,2.0,17.19911065603617,16.979177378516827,17.187728988059785,-0.20855160954295945,7.071885590929363,2.432386109814409,1348.8,1348.8,0.5666154188948307,0.19066666666666665,9.886423054070114,3.0,2.0,8.0,6.0,3.214550253664318,1.0,0.5284887693525382,0.17661987823860323,0.8287224994133733,0.6521367168992673,0.053055085726298114,0.058418837893932,328.8656108503897,328.8656108503897,0.22412190477474078,0.21778276638277266,4.1263587365669325,3.4698703145794942,1.0,3.605551275463989,3.4641016151377544,3.0,1
LRL_2025-12-13_6,21016438,LRL_2025-12-13_6_21016438,12.0,2.0,16.93297742168023,17.921268357007794,15.710385056292711,2.210883300715082,6.753039820096486,2.5054831608925663,1218.0,1218.0,0.5653333333333334,1.179,9.374999999999998,16.8,2.0,5.0,3.0,11.666666666666666,5.666666666666667,17.01175401707346,17.49164769542871,16.212641747584644,1.2790059478440667,6.8324239389179455,2.4893149451177554,1182.3,1182.3,0.7547424242424242,1.0223333333333333,12.694696969696968,14.9,3.0,7.0,-1.6666666666666667,0.5773502691896258,3.5118845842842465,0.15566270584553674,0.5023622313260208,0.7285724362525166,1.2253309490122932,0.07961297447477138,0.01601101349084601,63.39944794712328,63.39944794712343,0.23246382806588425,0.4547134628899097,3.8398736725231806,6.17332973362026,1.0,2.0,4.509249752822894,3.0,1
LRL_2025-12-13_6,22004627,LRL_2025-12-13_6_22004627,12.0,4.0,16.783314652147645,17.479796939698318,15.615387090325195,1.8644098493731232,6.800642642025083,2.4653816024794333,1211.1,1211.1,0.5346666666666667,1.248,8.691666666666666,18.2,3.0,4.0,-1.0,12.0,5.0,16.801567695068975,17.538950515745448,15.627221404217119,1.9117291115283273,6.924355919852377,2.4258458674976042,1211.5,1211.5,0.7264166666666667,1.6320000000000001,11.891666666666666,23.95,4.5,6.5,-0.5,0.0,1.4142135623730951,0.02581370085392202,0.08365578950871858,0.016736247207339745,0.06691954230137757,0.1749569953489899,0.05591197260969121,0.5656854249492863,0.5656854249492863,0.2711754505850409,0.5430580079512686,4.525483399593904,8.131727983645296,2.1213203435596424,3.5355339059327378,0.7071067811865476,2.0,1
LRL_2025-12-13_6,22015100,LRL_2025-12-13_6_22015100,12.0,3.0,16.847820164903776,17.625607667265324,15.615788231060757,2.009819436204568,6.795180406137089,2.4774517749321503,1207.8999999999999,1207.9,0.16408333333333333,0.775,2.525,11.3,1.0,3.0,-2.0,12.0,3.0,16.847820164903776,17.625607667265324,15.615788231060757,2.009819436204568,6.795180406137089,2.4774517749321503,1207.8999999999999,1207.9,0.16408333333333333,0.775,2.525,11.3,1.0,3.0,-2.0,,,,,,,,,,,,,,,,,,1.0,1
LRL_2025-12-13_6,22006485,LRL_2025-12-13_6_22006485,12.0,1.0,16.97281223987208,17.687717495888908,16.24179020708935,1.4459272887995596,6.697352781046373,2.534995659433905,1211.8,1211.8,0.17325000000000002,0.0,2.966666666666667,0.0,1.0,5.0,0.0,11.5,5.5,17.207210397792345,17.402199602316593,16.500667565721322,0.9015320365952721,6.8270725367664875,2.521257746311634,1159.9499999999998,1159.95,0.5816704545454545,0.5835,10.201515151515153,9.2,5.5,8.0,0.5,0.7071067811865476,6.363961030678928,0.3314890539261067,0.40378327739016495,0.36610787156866115,0.7698911489588248,0.183451437847111,0.01942834305621914,73.3269732090451,73.32697320904485,0.577593745968766,0.825193613644701,10.231620848987166,13.010764773832474,6.363961030678928,4.242640687119285,0.7071067811865476,2.0,1
LRL_2025-12-13_7,20016522,LRL_2025-12-13_7_20016522,12.0,1.0,17.265345553401254,17.287363233352195,16.694428465796374,0.5929347675558212,7.34634838365469,2.351527962965378,1214.1999999999998,1214.1999999999998,0.25225000000000003,0.0,4.483333333333333,0.0,1.0,5.0,3.0,11.5,2.0,17.153941208548652,16.983380241177123,16.656988527511658,0.3263917136654655,7.2657336710957034,2.362183711689185,1162.1999999999998,1162.1999999999998,0.41244318181818185,0.285,7.132575757575758,4.3,2.0,6.0,3.5,0.7071067811865476,1.4142135623730951,0.15754953539783761,0.42989687026474044,0.05294806849665662,0.3769488017680838,0.11400641982772762,0.01506950436244755,73.53910524340094,73.53910524340094,0.22654737032697186,0.40305086527633205,3.746594566377813,6.081118318204308,1.4142135623730951,1.4142135623730951,0.7071067811865476,2.0,1
LRL_2025-12-13_7,20007029,LRL_2025-12-13_7_20007029,12.0,3.0,16.961010009132206,17.91608747655497,15.63075342319696,2.28533405335801,6.960398603118399,2.4365037366482896,1211.8,1211.8,0.5303333333333333,1.663,8.183333333333334,23.2,1.0,4.0,1.0,12.0,3.5,17.023176616612325,17.766210274122592,15.91607063628882,1.850139637833772,7.012336398943525,2.427419592395455,1210.55,1210.55,0.62125,1.4955,9.991666666666667,21.45,2.0,6.5,3.0,0.0,0.7071067811865476,0.08791685942510905,0.21195837237040743,0.40349947233300243,0.6154578447034099,0.07345113525565716,0.01284692000491238,1.7677669529663689,1.7677669529663689,0.12857558304575387,0.2368807716974934,2.5573695252913464,2.4748737341529163,1.4142135623730951,3.5355339059327378,2.8284271247461903,2.0,1
LRL_2025-12-13_7,20013954,LRL_2025-12-13_7_20013954,12.0,1.0,17.172798490284507,18.37956840662445,15.362745455824033,3.0168229508004174,7.024354026617526,2.441515308180924,1217.3999999999999,1217.3999999999999,0.26225,0.0,4.908333333333333,0.0,1.0,7.0,6.0,12.0,1.6666666666666667,17.25370477975704,17.857222976089023,16.08321196340689,1.7740110126821331,7.150022526731451,2.411652030825711,1217.1333333333332,1217.1333333333332,0.4274166666666667,0.29933333333333334,7.5055555555555555,4.3,1.6666666666666667,6.666666666666667,4.666666666666667,0.0,1.1547005383792517,0.07403475970814104,0.4835517267635661,0.6243437970536445,1.08649733874997,0.12468084121973981,0.030904182856989742,2.3115651263446684,2.3115651263448944,0.3465623540977551,0.518460541732284,5.753696476887546,7.447818472546173,1.1547005383792517,0.5773502691896257,1.1547005383792515,3.0,1
LRL_2025-12-13_7,18005570,LRL_2025-12-13_7_18005570,12.0,6.0,16.640475093171823,17.709133645610514,15.013209792897268,2.6959238527132463,7.266290961727197,2.287578318290827,1213.8,1213.8,1.0425833333333334,3.317,16.183333333333334,46.3,3.0,6.0,-3.0,12.0,5.666666666666667,16.89006484343976,17.640603486769525,15.329484649361731,2.311118837407794,7.371809976934185,2.289126934216219,1212.0999999999997,1212.0999999999997,0.6573109945609946,1.851,10.594910644910644,26.5,2.6666666666666665,5.666666666666667,-2.3333333333333335,1.0,1.5275252316519465,0.22515730318372645,0.4716369423898071,0.2847363964771098,0.6393973323545495,0.09138308124683049,0.007596191331198024,100.76075624964291,100.76075624964291,0.49054738044407414,1.4786585136535075,7.715155269218424,20.64654934849889,1.5275252316519468,1.5275252316519465,0.5773502691896257,3.0,1
LRL_2025-12-13_7,18007346,LRL_2025-12-13_7_18007346,17.0,7.0,15.938331470025519,16.67720701456178,14.453959861453281,2.223247153108499,7.474572776627307,2.130478660924016,1723.1,1723.1,0.7078235294117646,2.85,10.917647058823531,40.3,3.0,7.0,-3.0,14.666666666666666,4.0,16.59967657222822,17.473919215895915,15.175544600882738,2.2983746150131767,7.601062432280924,2.1812759890537596,1483.8333333333333,1483.8333333333333,0.32660234863176035,1.0733333333333335,5.178959276018101,15.199999999999998,2.3333333333333335,4.666666666666667,-1.0,2.081665999466133,2.6457513110645907,0.6116340081570024,0.7156498390094903,0.627431636090817,0.14877218667469752,0.11542497151549573,0.04716489069366255,212.47447689859914,212.47447689859914,0.35584694563429825,1.548222313924371,5.459419821536055,21.874871428193583,1.1547005383792515,2.0816659994661326,2.0,3.0,1
LRL_2025-12-13_7,17007087,LRL_2025-12-13_7_17007087,14.0,4.0,16.59677081141798,16.996836611303028,15.386950542205057,1.6098860690979713,7.332660121365813,2.261796736434893,1409.0999999999997,1409.1,0.8437857142857144,0.759,14.307142857142859,10.9,4.0,8.0,4.0,15.0,4.5,16.397685635061848,16.83619420206479,15.363604500398178,1.4725897016666094,inf,2.180207284145385,1512.1,1512.1,0.8609553571428572,1.7805,14.041071428571428,25.7,4.5,7.0,2.0,1.4142135623730951,0.7071067811865476,0.28154895647028083,0.22718267383700788,0.03301628895101684,0.19416638488599164,,0.11538490997441507,145.66399692442903,145.66399692442872,0.024281541789673705,1.4446191539641167,0.3762818228457013,20.930360723121808,0.7071067811865476,1.4142135623730951,2.8284271247461903,2.0,1
LRL_2025-12-13_8,22016072,LRL_2025-12-13_8_22016072,,,,,,,,,,,,,,,,,,,,,,,,,,,,,,,,,,,,,,,,,,,,,,,,,,,,0.0,0
LRL_2025-12-13_8,21008850,LRL_2025-12-13_8_21008850,,,,,,,,,,,,,,,,,,,,,,,,,,,,,,,,,,,,,,,,,,,,,,,,,,,,0.0,0
LRL_2025-12-13_8,22019160,LRL_2025-12-13_8_22019160,12.0,3.0,16.758799661371864,17.247071419201717,15.983239029238302,1.2638323899634152,6.962588651125285,2.4074586591106217,1211.2999999999997,1211.2999999999997,0.1655,0.242,2.691666666666667,3.5,2.0,3.0,-1.0,15.333333333333334,3.6666666666666665,16.37346789311002,16.659092172236374,15.784073007848344,0.8750191643880315,6.977399367012221,2.3474116035016137,1551.1999999999998,1551.1999999999996,0.49752314814814813,1.5053333333333334,7.9282407407407405,22.133333333333336,2.6666666666666665,4.333333333333333,-1.0,3.0550504633038935,1.1547005383792515,0.3344494904317729,0.549870904065008,0.5707847527028561,0.8236068145215999,0.08829617710599212,0.05738902010268893,314.40135177826454,314.4013517782644,0.29150449338400575,1.0971473617219034,4.645903365468951,16.293045551195558,1.1547005383792515,1.5275252316519465,0.0,3.0,1
LRL_2025-12-13_8,19010610,LRL_2025-12-13_8_19010610,12.0,4.0,17.157815285388804,17.833918373208974,16.131154825252324,1.7027635479566499,7.663762951132564,2.24008002376199,1214.3999999999999,1214.4,0.50275,1.059,8.25,15.3,2.0,4.0,-2.0,14.5,6.0,16.678345290195168,17.422587778043585,15.422970771983866,1.9996170060597196,7.6036622011359585,2.1931692598635166,1464.4499999999998,1464.4499999999998,0.6809338235294118,2.975,11.107352941176469,46.199999999999996,2.0,6.0,-3.5,3.5355339059327378,2.8284271247461903,0.6780729699538013,0.5817093063018894,1.0015234927886034,0.4198141864867146,0.08499529575399428,0.06634183852650322,353.6241012713924,353.62410127139214,0.2519899798307883,2.70963318550685,4.0409072818984155,43.699199077328636,0.0,2.8284271247461903,2.1213203435596424,2.0,1
LRL_2025-12-13_8,22000284,LRL_2025-12-13_8_22000284,12.0,3.0,17.143835205035835,17.772270272026716,16.11140962812267,1.6608606439040479,7.463613239728617,2.296472836540083,1222.8999999999999,1222.8999999999999,1.0746666666666667,0.13,18.558333333333334,1.8,3.0,9.0,6.0,12.0,3.3333333333333335,17.104140125647373,17.526075815880425,16.270346141686286,1.2557296741941393,7.487696452019814,2.2843015007470506,1217.2333333333333,1217.2333333333333,0.8199444444444445,0.27799999999999997,14.16388888888889,4.066666666666666,3.3333333333333335,7.666666666666667,4.333333333333333,0.0,0.5773502691896258,0.06463889120204933,0.21522511236440828,0.13764318353659513,0.3520660728348847,0.03575854136296301,0.010717784035048087,4.907477288111852,4.907477288111852,0.22317538465255257,0.17764290022401683,3.8636512427917116,2.731910198621714,0.5773502691896258,1.1547005383792515,1.5275252316519468,3.0,1
LRL_2025-12-13_8,21010862,LRL_2025-12-13_8_21010862,18.0,4.0,15.740110679801726,16.34615753895054,14.586403461721522,1.759754077229017,6.960600508825949,2.2597591715884433,1815.1,1815.0999999999997,1.5221111111111112,2.524,23.73333333333333,33.4,4.0,6.0,2.0,14.666666666666666,2.0,16.487958583736983,16.911192264791598,15.614852435309738,1.2963398294818607,7.144964305994933,2.306960773975651,1480.6999999999998,1480.6999999999998,0.98889417989418,0.8413333333333334,16.132142857142856,11.133333333333333,2.0,8.0,5.666666666666667,3.0550504633038935,1.7320508075688772,0.6551502323030522,0.5849665348878436,0.8907976625042094,0.5234248408491152,0.16451174786301354,0.04874519912666404,305.79529100363857,305.7952910036384,0.5634100098056831,1.4572320794346154,8.507901572793118,19.2834989909335,1.7320508075688772,2.6457513110645907,4.041451884327381,3.0,1
LRL_2025-12-13_9,23004937,LRL_2025-12-13_9_23004937,12.0,2.0,16.560967280031154,17.547072449070093,15.044140591331484,2.5029318577386093,6.757532345826288,2.4490106933350266,1212.8,1212.8,0.3521666666666667,0.631,5.783333333333334,8.9,2.0,6.0,4.0,11.666666666666666,1.6666666666666667,16.410633477870267,17.246289873629888,15.118091602067778,2.1281982715621073,6.667987082300084,2.4617092351976773,1179.4333333333334,1179.4333333333332,0.26229040404040405,0.222,4.391919191919192,3.1333333333333333,1.3333333333333333,5.666666666666667,4.0,0.5773502691896258,0.5773502691896257,0.1412784573957515,0.2718344972240471,0.3952434121761734,0.5693028740816717,0.11649266499070576,0.026163772620759435,55.89833032688294,55.89833032688299,0.11982458443000368,0.3546364335485005,2.0133064766907167,5.000333322222963,0.5773502691896258,2.516611478423583,2.0,3.0,1
LRL_2025-12-13_9,23011140,LRL_2025-12-13_9_23011140,12.0,4.0,16.209682445119896,17.357711724070626,14.513464534560608,2.8442471895100176,6.80427937637173,2.3792697977680337,1212.1999999999998,1212.1999999999998,1.3935833333333332,3.471,21.625,48.0,4.0,4.0,0.0,11.5,2.5,16.412810336963318,17.315534550423987,15.029022376250444,2.2865121741735432,6.847955176180643,2.395462246795157,1161.85,1161.85,0.9287916666666666,1.7355,14.735227272727272,24.0,2.5,4.5,0.5,0.7071067811865476,2.1213203435596424,0.287266219541222,0.05964753099364193,0.7291088919055664,0.7887564228992082,0.06176690843725669,0.022899581022192722,71.2056528654852,71.2056528654852,0.6573146786779948,2.4543676374985064,9.74361003257736,33.94112549695428,2.1213203435596424,0.7071067811865476,0.7071067811865476,2.0,1
LRL_2025-12-13_9,23007699,LRL_2025-12-13_9_23007699,11.0,1.0,16.95009079331484,17.4580077037176,16.41725479768399,1.0407529060336067,7.045801116582799,2.406987442535314,1121.8,1121.8,0.03663636363636364,0.0,0.6181818181818183,0.0,1.0,2.0,0.0,11.0,4.0,16.79359791150022,17.772941167621315,15.326070314965442,2.4468708526558753,6.976841930635342,2.405321263582866,1119.8,1119.8,0.15275757575757573,0.9846666666666666,2.278787878787879,13.933333333333332,1.0,4.333333333333333,-2.6666666666666665,0.0,3.0,0.23225792615168225,0.2892948119366456,1.007167705387746,1.2435209470150022,0.11582965949486312,0.006626955644521035,3.207802986469126,3.207802986468894,0.14143658840605886,0.9496843335200035,2.1378395933095082,13.70595977424906,0.0,2.516611478423583,2.5166114784235836,3.0,1
LRL_2025-12-13_9,23012905,LRL_2025-12-13_9_23012905,12.0,5.0,16.13544589198911,17.484125633492248,14.477302392488875,3.0068232410033726,6.7201439275157275,2.3966073120453437,1212.0,1212.0,0.21358333333333335,1.423,2.9916666666666667,19.2,1.0,5.0,-4.0,12.0,3.0,16.395653320134173,17.542383695255058,14.910844361105315,2.6315393341497417,6.832688148049442,2.3976735230761976,1211.8,1211.8000000000002,0.16195833333333334,0.7115,2.4583333333333335,9.6,1.0,4.0,-1.5,0.0,2.8284271247461903,0.36798887391296914,0.08238934106253581,0.6131209318753013,0.5307315908127661,0.15916156304548776,0.0015078501001854038,0.2828427124746833,0.28284271247444215,0.07300877515751104,1.006212949628457,0.7542472332656506,13.576450198781712,0.0,1.4142135623730951,3.5355339059327378,2.0,1
LRL_2025-12-13_9,23005659,LRL_2025-12-13_9_23005659,10.0,6.0,17.55522283636684,17.8323955171364,16.691608229097397,1.1407872880390038,7.3139988429803395,2.3998368735676827,1006.3,1006.3000000000001,0.8913,1.22,15.48,19.3,6.0,9.0,2.0,11.0,6.5,16.804458972245353,17.667993891401082,15.352519665995688,2.3154742254053957,7.095759616308474,2.3645036294381367,1111.0,1111.0,1.1992333333333334,2.665,19.39,37.5,6.0,8.0,1.0,1.4142135623730951,0.7071067811865476,1.06174043878024,0.23249900879107052,1.8937572071571378,1.661258198366066,0.3086368742011687,0.04996875305064346,148.0681599804629,148.06815998046284,0.43548349630675515,2.043538597629123,5.529575028878798,25.738686835190336,0.0,1.4142135623730951,1.4142135623730951,2.0,1
LRL_2025-12-13_9,23016039,LRL_2025-12-13_9_23016039,12.0,1.0,16.754891331522042,17.26032960435951,15.86423241121996,1.396097193139548,7.162619803917828,2.340845620087697,1208.3999999999999,1208.3999999999999,0.0,0.0,0.0,0.0,1.0,1.0,0.0,14.5,3.5,16.62853269874339,17.20694959611388,16.03773260253561,1.1692169935782717,7.230996992391663,2.3021959982462348,1462.0499999999997,1462.0499999999997,0.09964705882352941,0.568,1.6264705882352941,9.0,1.0,3.5,-2.0,3.5355339059327378,3.5355339059327378,0.17869809219849417,0.07549073162055468,0.2453663236329173,0.32085705525347136,0.09669994729663953,0.05465881938878732,358.71527009593547,358.71527009593547,0.14092222203882487,0.8032733034279179,2.3001767646832985,12.727922061357855,0.0,3.5355339059327378,2.8284271247461903,2.0,1
LRL_2025-12-13_9,23013929,LRL_2025-12-13_9_23013929,,,,,,,,,,,,,,,,,,,,,,,,,,,,,,,,,,,,,,,,,,,,,,,,,,,,0.0,0
LRL_2025-12-14_1,17011275,LRL_2025-12-14_1_17011275,17.0,5.0,16.52012460724942,15.914001517500315,17.61729694736674,-1.703295429866424,7.484489398661267,2.2057665677512053,1717.7999999999997,1717.7999999999995,0.7545294117647059,0.783,12.552941176470586,13.7,5.0,7.0,1.0,17.333333333333332,4.0,16.675974497732934,16.47996173237916,16.740385365241277,-0.2604236328621153,7.492521750407076,2.2257418835014313,1752.4333333333332,1752.4333333333332,0.792116557734205,0.6376666666666667,13.305010893246186,10.266666666666666,4.0,8.0,3.3333333333333335,0.5773502691896263,1.0,0.15859108236285516,0.5466631118303996,0.8810981026163254,1.4268625328850333,0.04526827705664603,0.01737367323283263,62.251934374229094,62.25193437422926,0.19784168415997916,0.17459190511972006,3.3277586559732977,3.353108010985231,1.0,1.0,2.0816659994661326,3.0,1
LRL_2025-12-14_1,15000089,LRL_2025-12-14_1_15000089,16.0,4.0,16.555767914932172,16.436016122442027,16.369800292517546,0.06621582992448083,7.1096769113414835,2.3283661057413116,1624.8,1624.7999999999997,0.813125,0.362,13.51875,5.4,4.0,10.0,6.0,16.333333333333332,2.3333333333333335,16.74082546827076,16.454270681447813,16.757467503943232,-0.30319682249541674,7.120761208511113,2.3505100381853463,1655.8333333333333,1655.833333333333,0.7806041666666667,0.18666666666666668,13.15294117647059,2.8000000000000003,2.3333333333333335,10.0,7.333333333333333,0.5773502691896255,1.5275252316519465,0.21610231663187646,0.10082955896223665,0.5440691440921308,0.617115611868058,0.04630116346013643,0.019870784372875608,59.6478275659167,59.6478275659167,0.13530732284168268,0.1812659188411692,2.332824187659173,2.705549851693737,1.5275252316519465,2.0,2.309401076758503,3.0,1
LRL_2025-12-14_1,19002713,LRL_2025-12-14_1_19002713,12.0,4.0,16.568308232617436,17.718633618815073,14.888509936307388,2.8301236825076845,7.1273600394721734,2.32159978612424,1212.1,1212.1,0.3531666666666667,0.828,5.508333333333333,11.5,2.0,4.0,-1.0,11.666666666666666,3.0,16.775542111029676,17.734181133016058,15.312059435842116,2.4221216971739437,7.144869992617909,2.345604414781057,1177.533333333333,1177.533333333333,0.16166666666666665,0.4746666666666666,2.5348484848484847,6.633333333333333,1.3333333333333333,3.3333333333333335,-0.6666666666666666,0.5773502691896258,1.7320508075688772,0.18213391770420181,0.42012718841184793,0.4756514639466889,0.8044792213659822,0.01604480941307871,0.021226639861083356,59.698101589023096,59.698101589023096,0.17737726586133987,0.4271268351828685,2.760139812770766,5.950070027599115,0.5773502691896258,1.1547005383792515,1.5275252316519468,3.0,1
LRL_2025-12-14_1,20012355,LRL_2025-12-14_1_20012355,16.0,3.0,15.828113840012099,16.621628479307823,14.476458919984054,2.1451695593237687,6.965042104510422,2.2700488245245802,1614.4,1614.3999999999996,1.368125,1.78,21.4375,22.6,3.0,7.0,3.0,16.5,3.0,15.948062608714725,16.588237845939858,15.036046578571861,1.5521912673679967,7.024355843525258,2.2688533794688777,1668.2,1668.1999999999998,0.9990625,1.4255,15.789338235294117,19.3,3.0,5.5,2.0,0.7071067811865476,0.0,0.16963317548920642,0.04722148656520371,0.7913764561114819,0.8385979426766855,0.0838822941498398,0.0016906146108462787,76.08468965567245,76.08468965567269,0.5219331928633205,0.5013387078612622,7.987706970124213,4.666904755831214,0.0,2.1213203435596424,1.4142135623730951,2.0,1
LRL_2025-12-14_1,20015303,LRL_2025-12-14_1_20015303,17.0,4.0,16.106928653869062,16.224113883253363,15.82865091626463,0.39546296698873284,7.274927607965714,2.2137681460422787,1724.1,1724.0999999999997,1.0380588235294117,0.607,16.629411764705882,8.7,4.0,9.0,5.0,15.666666666666666,4.333333333333333,16.30175910778911,16.610470389763847,15.650578979561693,0.9598914102021556,7.319678986217382,2.2269659496779415,1583.6999999999998,1583.6999999999998,1.1429957983193277,1.272,18.40950630252101,18.066666666666666,4.333333333333333,8.333333333333334,3.0,1.5275252316519468,0.5773502691896257,0.26285687637368993,0.4490561847655835,0.4283654432975761,0.49896297033083936,0.12011380708671884,0.013598572683515806,159.41684352664885,159.41684352664856,0.10702856393664517,1.0748139373863739,1.6566933871754195,15.280815859545372,0.5773502691896257,3.055050463303893,2.6457513110645907,3.0,1
LRL_2025-12-14_1,F0046453,LRL_2025-12-14_1_F0046453,16.0,6.0,15.774203374947476,16.804474552951874,13.886890697513508,2.917583855438366,6.564455365131577,2.398552754470513,1617.5,1617.4999999999998,1.147375,2.841,17.55625,36.0,5.0,7.0,1.0,16.0,5.5,16.150537266744912,16.553623872024186,15.038937467133028,1.5146864048911581,6.694882406854502,2.4113138214932626,1617.0,1616.9999999999998,1.1438125000000001,1.9100000000000001,18.35625,25.3,5.0,9.0,3.0,0.0,0.7071067811865476,0.5322164937605837,0.35475643509846133,1.6292401660840383,1.9839966011824997,0.18445169130476202,0.018046874053924217,0.7071067811865476,0.7071067811865476,0.005038135815954106,1.3166328265693517,1.1313708498984771,15.13208511739212,0.0,2.8284271247461903,2.8284271247461903,2.0,1
LRL_2025-12-14_1,19001576,LRL_2025-12-14_1_19001576,,,,,,,,,,,,,,,,,,,,,,,,,,,,,,,,,,,,,,,,,,,,,,,,,,,,0.0,0
LRL_2025-12-14_2,23004610,LRL_2025-12-14_2_23004610,16.0,2.0,16.356419645691535,17.37679808728752,15.0329403235416,2.343857763745918,7.058949767927825,2.316370513162202,1614.8999999999999,1614.8999999999999,0.027062500000000003,0.017,0.46874999999999994,0.2,1.0,2.0,-1.0,16.5,1.5,16.223517624173013,17.31857177059095,14.846594599589224,2.4719771710017246,7.046337822484625,2.301040761972409,1666.35,1666.35,0.013531250000000002,0.0085,0.23437499999999997,0.1,1.0,1.5,-0.5,0.7071067811865476,0.7071067811865476,0.18795184129829307,0.08234444675931867,0.2635326501036831,0.18118820334436378,0.017835984293682824,0.021679542040410456,72.76128778409573,72.76128778409573,0.019136077265860946,0.012020815280171309,0.3314563036811941,0.14142135623730953,0.0,0.7071067811865476,0.7071067811865476,2.0,1
LRL_2025-12-14_2,23015101,LRL_2025-12-14_2_23015101,17.0,1.0,15.925886853670633,16.434942298265906,15.061307468732357,1.3736348295335485,7.18330656289189,2.217068715131532,1720.9,1720.8999999999996,0.18911764705882353,0.0,3.1235294117647054,0.0,1.0,5.0,4.0,17.0,1.0,15.925886853670633,16.434942298265906,15.061307468732357,1.3736348295335485,7.18330656289189,2.217068715131532,1720.9,1720.8999999999996,0.18911764705882353,0.0,3.1235294117647054,0.0,1.0,5.0,4.0,,,,,,,,,,,,,,,,,,1.0,1
LRL_2025-12-14_2,23017670,LRL_2025-12-14_2_23017670,14.0,2.0,15.939261724358607,16.405832513384375,14.795352289146486,1.6104802242378895,7.355137703592378,2.16624647274552,1414.1999999999998,1414.1999999999998,0.8933571428571428,0.137,14.271428571428572,1.8,2.0,8.0,5.0,15.333333333333334,4.0,16.00868316899167,16.31711865685914,15.386077088143423,0.9310415687157155,7.403206701012252,2.1628001237525525,1547.0999999999997,1547.0999999999997,0.7962857142857143,1.1356666666666666,12.727976190476191,17.03333333333333,4.0,6.333333333333333,2.0,1.1547005383792517,4.358898943540674,0.11630264473588182,0.3382310629631439,0.5239306796737622,0.626912024068356,0.05759223071356523,0.025283913651970878,115.14951150569428,115.14951150569412,0.7524607691990816,1.8496557337335326,12.030735555305863,27.95824267248092,4.358898943540674,4.725815626252608,2.6457513110645907,3.0,1
LRL_2025-12-14_2,23013139,LRL_2025-12-14_2_23013139,16.0,3.0,16.208314494122554,17.437854294864827,14.697844760688351,2.740009534176476,7.07220313276615,2.289707490759656,1613.5,1613.4999999999995,0.23062500000000002,0.997,3.36875,13.6,1.0,3.0,-1.0,16.5,3.0,16.105975545222623,17.21009663181674,14.759603757309163,2.4504928745075762,7.201087364314834,2.2360648197739934,1668.8,1668.7999999999997,0.4942830882352942,0.9505,7.428492647058824,12.7,2.0,4.0,0.5,0.7071067811865476,0.0,0.1447291294932891,0.3220979760170075,0.08734041061970628,0.40943838663671384,0.18226982823218232,0.0758621928298417,78.2060099992321,78.20600999923234,0.3728688442117152,0.0657609306503489,5.741343111215038,1.2727922061357855,1.4142135623730951,1.4142135623730951,2.1213203435596424,2.0,1
LRL_2025-12-14_3,23010382,LRL_2025-12-14_3_23010382,12.0,5.0,16.23039795636416,17.66332774773389,14.611915986358342,3.051411761375549,6.748946171051757,2.4015142265161664,1216.7999999999997,1216.7999999999997,0.4408333333333334,1.254,6.458333333333333,16.9,1.0,5.0,-4.0,11.333333333333334,4.333333333333333,16.886354604848634,17.6253875645299,15.508079715360955,2.1173078491689448,7.005183641708594,2.4101523524963278,1148.7,1148.6999999999998,0.41191414141414145,1.1306666666666667,6.5739898989898995,16.133333333333333,1.6666666666666667,4.666666666666667,-1.6666666666666667,0.5773502691896255,1.1547005383792517,0.5841240063770228,0.1490836124410327,0.7929974297159339,0.8656950090354614,0.23686300755525247,0.011012214047989601,59.53679534539941,59.53679534539938,0.05470590108674647,0.1215414881155128,0.7206311056211319,0.8621678104251707,1.1547005383792517,1.5275252316519465,2.0816659994661326,3.0,1
LRL_2025-12-14_3,23002688,LRL_2025-12-14_3_23002688,,,,,,,,,,,,,,,,,,,,,,,,,,,,,,,,,,,,,,,,,,,,,,,,,,,,0.0,0
LRL_2025-12-14_3,23009173,LRL_2025-12-14_3_23009173,11.0,6.0,16.308622644869146,16.83517801399444,15.108500657245903,1.726677356748537,6.738547261198208,2.4194391704256035,1113.9,1113.9,1.124,2.374,18.027272727272727,34.6,3.0,10.0,4.0,13.0,5.666666666666667,15.926622385527585,16.793592473886722,14.463215521821242,2.3303769520654782,6.673439745299485,2.3838887484550977,1315.0,1315.0,1.1351666666666667,2.972,17.969507575757575,40.233333333333334,4.0,8.0,1.6666666666666667,2.6457513110645907,0.5773502691896257,0.4190796299758366,0.07562987320756506,0.8051743450071969,0.8311886155685054,0.05789036612865282,0.046274433686388054,269.5625530373239,269.5625530373236,0.09225824263085294,0.842868910329477,0.14338497191887398,7.771958140220092,1.0,2.0,2.0816659994661326,3.0,1
LRL_2025-12-14_3,23001790,LRL_2025-12-14_3_23001790,11.0,10.0,16.14720853710131,16.63660762211487,15.276794540392926,1.3598130817219438,6.574570696975159,2.4555793753778405,1113.5,1113.5,1.530909090909091,2.911,24.44545454545454,42.4,6.0,10.0,-2.0,11.5,7.5,16.13409275137084,16.771058346380656,15.107513278361544,1.6635450680191104,6.573087334889841,2.4534945582364722,1163.55,1163.55,1.4064545454545456,2.6235,22.376893939393938,37.4,5.5,9.0,0.0,0.7071067811865476,3.5355339059327378,0.018548522061210198,0.19014203772756022,0.23939985662041244,0.429541894347972,0.0020977907789659143,0.002948376676390988,70.78138879677334,70.78138879677334,0.17600530608079698,0.40658639918226497,2.9253864636816154,7.0710678118654755,0.7071067811865476,1.4142135623730951,2.8284271247461903,2.0,1
LRL_2025-12-14_3,23008616,LRL_2025-12-14_3_23008616,12.0,3.0,16.20159967869085,17.17336776056648,15.009160797279456,2.1642069632870253,6.77685594223854,2.3910998740385296,1214.3,1214.3,0.8686666666666666,1.365,13.383333333333333,18.6,3.0,6.0,3.0,12.0,5.666666666666667,15.951010924413046,16.902282245943212,14.720967140631094,2.1813151053121183,6.739367751608531,2.3664321678559617,1212.8333333333333,1212.8333333333333,1.3196944444444445,2.9606666666666666,20.45277777777778,41.833333333333336,4.333333333333333,7.333333333333333,1.0,0.0,2.3094010767585034,0.33918487893210725,0.2565976409326204,0.48876760316338536,0.3170164954610585,0.1201605399937663,0.021394130254387977,1.3650396819629091,1.3650396819629715,0.7939386010988603,2.4322040073425857,12.280739021977706,35.09135696055844,2.309401076758503,1.1547005383792515,1.7320508075688772,3.0,1
LRL_2025-12-14_3,23014518,LRL_2025-12-14_3_23014518,11.0,9.0,16.29656432489406,16.525237837576338,15.326377107757589,1.1988607298187492,6.934891154038257,2.3502932175319637,1122.6,1122.6000000000001,1.5936363636363637,2.829,25.55454545454545,41.2,6.0,11.0,0.0,12.666666666666666,8.0,16.392685219704926,16.591389852561804,15.736373338550115,0.8550165140116898,6.953693394332368,2.3578674165079736,1285.7666666666667,1285.7666666666667,1.192657196969697,2.4883333333333333,19.4280303030303,37.233333333333334,6.0,9.0,0.0,2.8867513459481287,1.0,0.21570294780260293,0.4337526139690878,0.5387487610900549,0.88664083971579,0.02976353319236287,0.03663874215095237,293.06668751895575,293.0666875189557,0.3849404211714718,0.32873292097587886,6.04164111327359,5.159780357082398,2.0,2.0,1.0,3.0,1
LRL_2025-12-14_3,23016206,LRL_2025-12-14_3_23016206,12.0,9.0,15.89308352445341,16.519709175770735,14.865926635521047,1.6537825402496882,7.06000180989725,2.2526060045650125,1211.9999999999998,1212.0,1.4810833333333333,2.673,23.28333333333333,37.5,9.0,11.0,2.0,12.0,9.0,15.89308352445341,16.519709175770735,14.865926635521047,1.6537825402496882,7.06000180989725,2.2526060045650125,1211.9999999999998,1212.0,1.4810833333333333,2.673,23.28333333333333,37.5,9.0,11.0,2.0,,,,,,,,,,,,,,,,,,1.0,1
LRL_2025-12-14_3,23000425,LRL_2025-12-14_3_23000425,11.0,8.0,16.259072833612922,16.636857836049064,15.744848345898179,0.892009490150885,7.326118771567606,2.2202877997113197,1118.0,1118.0,1.5564545454545453,2.615,24.881818181818186,38.1,3.0,11.0,-5.0,13.0,6.333333333333333,15.86780619150972,16.712256649132055,14.769498915505544,1.9427577336265092,7.047828037274541,2.2509245885561096,1313.1333333333334,1313.1333333333332,1.3428390151515153,3.2159999999999997,21.152272727272727,43.166666666666664,3.6666666666666665,8.666666666666666,-2.0,2.6457513110645907,1.5275252316519468,0.4951025982996711,0.32875845625925204,1.4353908774762325,1.7397169937904569,0.26432762959476785,0.03351329469862592,261.5299664155781,261.5299664155779,0.23349741072771263,1.4407959605717946,5.2489082886958975,15.53265377626545,1.1547005383792515,2.5166114784235836,2.6457513110645907,3.0,1
LRL_2025-12-14_4,18001544,LRL_2025-12-14_4_18001544,12.0,2.0,17.057391845504878,17.75902065471715,15.983335170674447,1.7756854840427039,6.844831553981884,2.4917734173786195,1216.3999999999999,1216.4,0.6465833333333334,1.272,10.500000000000002,18.2,2.0,4.0,-1.0,14.5,4.0,16.528021682863113,16.89761693116916,15.568275300814687,1.3293416303544738,6.738086652361484,2.4514262547294825,1467.6499999999999,1467.65,0.8378210784313727,1.6295000000000002,13.526470588235295,23.1,2.5,5.5,0.0,3.5355339059327378,2.8284271247461903,0.7486424635236366,1.2182088285202526,0.5869832971524851,0.6312255313677674,0.1509600875857509,0.05705950462168266,355.32115754624016,355.32115754624004,0.2704510127552959,0.5055813485483817,4.280075752005629,6.929646455628167,0.7071067811865476,2.1213203435596424,1.4142135623730951,2.0,1
LRL_2025-12-14_4,21012195,LRL_2025-12-14_4_21012195,12.0,3.0,16.710875524716176,17.30224081497158,15.782324856929721,1.5199159580418584,6.771734580422772,2.4672720951032034,1211.1999999999998,1211.2,0.018166666666666664,0.146,0.26666666666666666,2.1,1.0,3.0,-2.0,12.0,5.0,16.58239117760565,17.302469845982856,15.50982313329331,1.7926467126895478,6.780354852750254,2.444514933962515,1213.75,1213.75,1.02675,2.117,16.675,30.3,3.5,5.5,-2.0,0.0,2.8284271247461903,0.18170430623635625,0.00032389876235215176,0.3853756333366579,0.3856995320990113,0.01219090603687449,0.03218348592627116,3.606244584051569,3.606244584051328,1.4263522287834642,2.7874149314373704,23.204887535938536,39.88082245892128,3.5355339059327378,3.5355339059327378,0.0,2.0,1
LRL_2025-12-14_4,21013577,LRL_2025-12-14_4_21013577,12.0,6.0,16.802956516166358,17.646789875321193,15.428212634421019,2.2185772409001743,7.358436650052,2.2809638111502486,1216.5,1216.5,1.2871666666666666,2.702,21.00833333333333,38.7,6.0,8.0,1.0,12.666666666666666,6.333333333333333,16.69449570397249,17.589764620138137,15.316566268661553,2.2731983514765823,7.35715446651614,2.2679754236419263,1280.0,1280.0,0.8366904761904762,2.0306666666666664,13.509523809523808,28.833333333333332,4.0,7.666666666666667,-2.0,1.1547005383792515,4.509249752822894,0.41007234818982125,0.1924666156403298,1.0287141138972016,0.8394711519492708,0.13328660410532567,0.019088989890387077,111.54770280019218,111.54770280019218,0.5930136358766136,1.5492295934861733,9.562049049731884,21.748869702431282,2.6457513110645907,3.5118845842842465,3.605551275463989,3.0,1
LRL_2025-12-14_4,20013447,LRL_2025-12-14_4_20013447,11.0,5.0,17.44700620094572,17.193046051780886,16.628039452495972,0.5650065992849136,6.885637811704887,2.5386009918248784,1109.9,1109.9,0.6099090909090911,0.259,10.845454545454546,3.9,4.0,9.0,4.0,11.333333333333334,6.333333333333333,17.470670699331695,17.108808844535393,17.415310683951148,-0.3065018394157531,6.949067548761481,2.518056126565624,1146.2666666666667,1146.2666666666667,0.624189393939394,0.672,11.04318181818182,10.9,3.6666666666666665,9.333333333333334,0.3333333333333333,0.5773502691896258,3.214550253664318,0.15933791208207176,0.07494833336598901,0.7286583918843326,0.803039729892271,0.05516158307125827,0.030966639104016504,61.179272088946384,61.179272088946306,0.049974850768825574,0.4508625067578807,0.8503736417472697,7.490660852021001,0.5773502691896258,0.5773502691896258,6.3508529610858835,3.0,1
LRL_2025-12-14_4,19022004,LRL_2025-12-14_4_19022004,12.0,3.0,16.968521709652222,17.92342900314,14.937084232998421,2.9863447701415797,6.866497557565112,2.4684545064475762,1214.3999999999999,1214.4,0.36541666666666667,2.099,5.608333333333333,30.0,1.0,4.0,-1.0,11.5,3.5,16.748744476934448,17.615563903877074,14.975156814186322,2.640407089690754,6.827974037369707,2.450903106130002,1161.75,1161.75,0.43298106060606056,1.8840000000000001,6.67689393939394,26.95,1.0,4.0,-2.0,0.7071067811865476,0.7071067811865476,0.31081194321030337,0.43538699875896836,0.05384276067048039,0.4892297594294475,0.05448048473069597,0.024821428367753015,74.45834405894334,74.45834405894358,0.09555048224260941,0.3040559159102156,1.511172901308524,4.313351365237941,0.0,0.0,1.4142135623730951,2.0,1
LRL_2025-12-14_4,21004662,LRL_2025-12-14_4_21004662,17.0,4.0,15.780435024697347,16.761594330149094,14.349027670956715,2.412566659192379,7.150691371515349,2.205673556154306,1717.5,1717.4999999999998,0.6996470588235295,2.3,10.264705882352942,31.3,1.0,5.0,-3.0,14.666666666666666,7.333333333333333,16.293499383408193,16.964873741268722,15.027475892863933,1.93739784840479,7.410467894135727,2.198404451874655,1482.2,1482.1999999999998,1.0287838680926917,3.3509999999999995,16.838045900178255,51.96666666666667,3.0,7.666666666666667,-3.6666666666666665,3.2145502536643185,3.055050463303893,0.5370039870612388,0.4122802559373649,0.5923250416791328,0.6081919551465669,0.22694154744550146,0.04914466064906146,328.1016458355549,328.1016458355549,0.3104063961659219,1.0435808545579974,5.972450473974186,19.563827164778708,2.6457513110645907,2.5166114784235836,4.041451884327381,3.0,1
LRL_2025-12-14_4,20004769,LRL_2025-12-14_4_20004769,12.0,7.0,16.083671223559687,17.02720988880646,14.63544986597314,2.3917600228333207,6.890429526306664,2.3312111845078625,1212.0,1211.9999999999998,1.2376666666666667,3.394,19.641666666666666,49.0,5.0,7.0,-2.0,11.333333333333334,5.333333333333333,16.86474409616565,17.197111305816865,15.816681299480479,1.380430006336385,7.153915247892551,2.356265148094898,1146.6000000000001,1146.6,0.940070707070707,1.542,15.532070707070707,22.266666666666666,4.333333333333333,7.0,0.6666666666666666,0.5773502691896255,1.5275252316519468,0.7944192553165811,0.3990770886958411,1.474391518155619,1.6792271020922043,0.3052199092751518,0.023051242437643622,56.91423372057284,56.914233720572774,0.2772094336325665,1.6360797657816077,3.7573280353745653,23.52962671470445,1.1547005383792517,0.0,2.5166114784235836,3.0,1
LRL_2025-12-14_5,21002357,LRL_2025-12-14_5_21002357,14.0,3.0,16.28356272386439,17.25153073634627,15.180571253910905,2.0709594824353665,6.875349847109378,2.367561135890024,1409.2999999999997,1409.2999999999997,0.45628571428571424,0.861,7.228571428571428,12.0,3.0,5.0,2.0,13.333333333333334,3.6666666666666665,16.345903875838093,17.16462284136735,15.285006253619917,1.8796165877474327,6.9345939998247195,2.3568977230400083,1342.8999999999999,1342.8999999999999,0.5321865079365079,0.8676666666666666,8.648809523809524,12.566666666666668,2.3333333333333335,5.0,0.0,1.1547005383792515,3.0550504633038935,0.05435636724510508,0.20309571803282028,0.226364643970516,0.42940764701376494,0.05425760546415531,0.012184424501239258,116.74450736544298,116.74450736544318,0.21126573467590098,0.8710191348835761,3.39658879998602,12.859367532399615,1.1547005383792515,2.0,3.4641016151377544,3.0,1
LRL_2025-12-14_5,22001067,LRL_2025-12-14_5_22001067,14.0,6.0,16.00361715582057,16.853374791004263,14.259127920894034,2.5942468701102293,7.516004055766268,2.126436932526355,1412.8999999999999,1412.8999999999999,1.3037857142857143,3.109,20.728571428571428,43.4,6.0,7.0,1.0,13.0,6.0,16.353788796056996,17.111138684991573,15.023713392896358,2.087425292095215,7.574885316094955,2.157431280470338,1315.1,1315.1,1.0039345238095239,1.9135,16.226785714285715,27.0,5.5,7.0,0.0,1.4142135623730951,0.0,0.4952174827807835,0.36453319476695406,1.0812871440991205,0.7167539493321665,0.08327067692645038,0.04383262721929162,138.31008640008864,138.31008640008864,0.42405362026514676,1.690692313817035,6.366486412040308,23.19310242291876,0.7071067811865476,0.0,1.4142135623730951,2.0,1
LRL_2025-12-14_5,22002328,LRL_2025-12-14_5_22002328,12.0,2.0,16.58109727068913,17.11629993695414,15.660478715339854,1.4558212216142845,6.811078163894698,2.4337174155984655,1211.9,1211.9,0.5233333333333333,0.51,8.666666666666666,7.2,2.0,8.0,6.0,12.0,2.3333333333333335,16.57822555825192,17.20360980781607,15.610795953848632,1.5928138539674344,6.854876608131204,2.417439933294292,1210.4333333333332,1210.4333333333334,0.41558333333333336,0.6756666666666667,6.780555555555556,9.6,2.0,5.0,2.6666666666666665,0.0,0.5773502691896258,0.02067353095482426,0.16462156216256954,0.06409304754306287,0.2271735895847868,0.037966698701108116,0.014220386908232317,1.7473789896109906,1.7473789896108711,0.09961833415591731,0.221305972204397,1.6909960356525355,3.251153641401772,0.0,2.6457513110645907,2.8867513459481287,3.0,1
LRL_2025-12-14_5,22013360,LRL_2025-12-14_5_22013360,12.0,1.0,16.57770937820364,17.530149616389842,15.225579277332432,2.3045703390574097,7.180903646131189,2.306650645286512,1211.9999999999998,1211.9999999999998,0.20508333333333337,0.0,3.516666666666667,0.0,1.0,4.0,2.0,12.333333333333334,3.3333333333333335,16.661472050519503,17.32819037879924,15.334703747423077,1.9934866313761646,7.213386519816477,2.3080436322700018,1243.8333333333333,1243.8333333333333,0.4640775613275612,1.242,7.558585858585858,17.900000000000002,2.3333333333333335,4.666666666666667,0.0,1.5275252316519468,2.0816659994661326,0.4544400388574644,0.21888542269203887,0.81388983029001,0.9778355038995461,0.09171429826310366,0.03528657617254896,152.46318681351673,152.46318681351673,0.2438934862961046,1.1196624491336664,4.046218953241362,15.881120867243597,2.3094010767585034,1.1547005383792517,2.6457513110645907,3.0,1
LRL_2025-12-14_5,22005591,LRL_2025-12-14_5_22005591,11.0,5.0,17.37792494881688,16.7925847155573,16.999309616281955,-0.20672490072465521,7.3394250718377725,2.3673715284066934,1108.1,1108.1,1.2167272727272724,0.7,21.463636363636365,11.0,5.0,9.0,4.0,10.0,3.6666666666666665,16.96445304066487,16.784661410284738,16.6225450757359,0.16211633454883886,6.987706498539391,2.4303276348856238,1011.8000000000001,1011.8000000000001,1.0559461279461277,1.0253333333333334,18.055286195286197,15.700000000000001,3.6666666666666665,6.333333333333333,2.0,1.0,2.3094010767585034,0.37194794186487584,0.6674028415928566,0.4726559245809849,1.058671287020279,0.31672904974027694,0.05681009854077794,98.36101870151604,98.36101870151604,0.8165155077297431,1.2209526335338867,13.790702401272775,18.503242959005863,2.3094010767585034,3.055050463303893,2.0,3.0,1
LRL_2025-12-14_5,22003414,LRL_2025-12-14_5_22003414,14.0,2.0,16.391267643147202,17.17464658559393,15.240307024114028,1.9343395614799022,7.048811957214483,2.324532866138516,1413.7999999999997,1413.7999999999997,0.2807142857142857,0.503,4.621428571428572,7.0,1.0,5.0,2.0,15.333333333333334,2.6666666666666665,16.50118479433836,16.903200949871053,15.663894379354879,1.2393065705161757,7.192476075219507,2.2947801728090202,1547.1999999999998,1547.1999999999996,0.4217460317460317,0.8436666666666667,6.837566137566138,12.033333333333333,2.0,4.666666666666667,1.0,2.3094010767585034,1.1547005383792515,0.10151862925800437,0.45493919806571903,0.8346051072220261,1.2884059570802628,0.17795023460813636,0.04204468329200001,231.05557772968825,231.0555777296881,0.22848027489616876,1.004310874845699,3.5110562452060043,14.329107904309092,1.0,0.5773502691896257,1.0,3.0,1
LRL_2025-12-14_5,22006659,LRL_2025-12-14_5_22006659,10.0,1.0,17.836611174816998,18.339881547984206,16.694415414149006,1.6454661338351997,7.160719435229804,2.490016668931742,1019.5,1019.5000000000001,0.1402,0.0,2.48,0.0,1.0,6.0,5.0,10.666666666666666,3.3333333333333335,17.485562953660857,18.16652646219706,15.965917426743813,2.2006090354532457,7.058781109005094,2.475522019255008,1081.5666666666666,1081.5666666666666,0.1695212121212121,0.43999999999999995,2.82969696969697,6.466666666666666,1.6666666666666667,5.0,1.3333333333333333,0.5773502691896255,2.0816659994661326,0.3353103174710949,0.1511890177141685,0.6345066369664594,0.48333127097723566,0.09850712050577316,0.013093157518454914,53.758844233607995,53.75884423360792,0.13951219068548187,0.6207253821135398,2.2612805070756794,9.200724609145377,1.1547005383792517,1.0,3.2145502536643185,3.0,1
LRL_2025-12-14_6,23016656,LRL_2025-12-14_6_23016656,11.0,3.0,17.14448866727946,17.802353195700633,16.169359599101437,1.6329935965991957,6.7544983664267155,2.538642420510497,1117.5,1117.5,0.1706363636363636,0.472,2.8363636363636364,6.8,1.0,4.0,0.0,11.0,3.0,17.218260569517057,17.5397077475955,16.547749214636067,0.9919585329594334,6.8065023049795625,2.5319995523641325,1112.0,1112.0,0.3445151515151515,0.5626666666666666,5.875757575757576,8.533333333333333,1.6666666666666667,4.666666666666667,0.3333333333333333,0.0,0.0,0.06705969894671941,0.5540059419730372,0.5153555979809821,1.0599265766901147,0.10936615674187805,0.03896775114182606,4.900000000000021,4.900000000000021,0.3813529236043665,0.14508388378222212,6.6812574491579335,2.5813433195399123,1.1547005383792517,2.081665999466133,2.516611478423583,3.0,1
LRL_2025-12-14_6,23000429,LRL_2025-12-14_6_23000429,11.0,10.0,16.779166557321734,16.61264673413066,15.912154010216026,0.7004927239146337,6.970102763495649,2.405670372945591,1108.3999999999999,1108.3999999999999,1.270909090909091,1.717,21.709090909090914,26.3,10.0,10.0,0.0,10.333333333333334,6.333333333333333,16.6844199754668,16.65402591946318,15.61026383287159,1.043762086591591,6.820340450384002,2.446954828005577,1045.0333333333333,1045.0333333333333,1.4101515151515152,2.079,23.503030303030304,30.2,6.333333333333333,7.666666666666667,1.3333333333333333,1.1547005383792517,3.214550253664318,0.31315967383211224,0.047045521801810826,0.3451475538960131,0.3921921993132008,0.26725061445850956,0.05595180999450307,113.67367036096505,113.67367036096496,0.14160165093744265,1.5519932345213363,1.5664175407105596,22.307173734025564,3.214550253664318,2.5166114784235836,1.5275252316519468,3.0,1
LRL_2025-12-14_6,23004717,LRL_2025-12-14_6_23004717,12.0,4.0,16.268904806721935,17.039168204356137,15.296100830173012,1.7430673741831253,7.019635655643834,2.319504652530208,1216.3999999999999,1216.3999999999999,1.1524166666666664,0.925,18.46666666666667,12.5,4.0,8.0,4.0,12.0,3.0,16.329511737204683,17.117854061014274,15.187384477943525,1.9304695830707495,6.928001933317894,2.358243914632944,1215.4333333333332,1215.4333333333332,0.7213888888888889,0.9870000000000001,11.513888888888891,13.633333333333335,2.3333333333333335,7.333333333333333,3.6666666666666665,0.0,1.0,0.1089221319326437,0.45843160472205247,0.19463894217171357,0.6444610303919326,0.10243219032373688,0.03470666588627674,4.331666346030518,4.331666346030685,0.40202824608247123,0.2576567484076441,6.540612087678146,3.5388321990924263,1.5275252316519465,3.0550504633038935,3.5118845842842465,3.0,1
LRL_2025-12-14_6,23002970,LRL_2025-12-14_6_23002970,12.0,5.0,16.476549927977466,17.63697789022381,15.07937749305767,2.5576003971661407,6.413559702442725,2.5668491327370786,1222.8,1222.8,1.1994166666666668,2.524,19.008333333333336,34.7,5.0,8.0,3.0,13.333333333333334,6.0,16.336341162042075,16.91481728356218,15.33500335803074,1.579813925531439,6.4741619295554615,2.522932296441358,1352.0,1352.0,1.338,2.626333333333333,22.097916666666666,38.23333333333333,5.333333333333333,9.0,2.6666666666666665,2.3094010767585034,3.605551275463989,0.14826448139248347,0.6287348489681321,0.4581191455146603,0.9111979893637246,0.08513970176525718,0.04016194223300634,236.62571711460274,236.6257171146026,0.4613427488803139,1.9115554748249743,6.891652496458625,29.260439732398645,2.516611478423583,1.0,2.516611478423583,3.0,1
LRL_2025-12-14_6,23009121,LRL_2025-12-14_6_23009121,,,,,,,,,,,,,,,,,,,,,,,,,,,,,,,,,,,,,,,,,,,,,,,,,,,,0.0,0
LRL_2025-12-14_6,23012748,LRL_2025-12-14_6_23012748,12.0,6.0,16.193473476033553,17.562902166617988,14.513242597688569,3.0496595689294193,6.3409383011571085,2.5494459005771204,1220.1,1220.1,0.7214166666666667,1.778,11.0,23.9,2.0,6.0,-4.0,12.0,6.666666666666667,16.319734353241977,17.740706953436693,14.486636610159026,3.254070343277666,6.434719150378765,2.530902009552815,1216.8999999999999,1216.8999999999999,0.5575555555555556,2.0533333333333332,8.4,28.266666666666666,1.6666666666666667,6.666666666666667,-4.666666666666667,0.0,2.081665999466133,0.11379606516045879,0.508695667424457,0.45416883698840627,0.9549654923258325,0.09665237189057797,0.02804287094226396,4.2332020977033835,4.2332020977033835,0.18969017746295122,0.35722868492512355,3.212745883370036,6.965869172855123,0.5773502691896257,2.081665999466133,1.1547005383792517,3.0,1
LRL_2025-12-14_6,23015826,LRL_2025-12-14_6_23015826,11.0,2.0,16.311369441796817,16.522307079337157,15.935101104268922,0.587205975068235,7.046443865653919,2.31763560588103,1111.5,1111.5,1.5044545454545455,2.067,24.3,30.1,2.0,12.0,10.0,11.5,2.0,16.217446476569094,16.737199920673255,15.428745089956458,1.3084548307167978,6.95594503416852,2.332905974091888,1160.15,1160.15,1.2154772727272727,1.7075,19.395833333333336,24.200000000000003,2.0,9.5,7.5,0.7071067811865476,0.0,0.13282713124334206,0.30390437067440007,0.7160955428298722,1.019999913504272,0.12798467486556878,0.021595561826226246,68.80148980945113,68.80148980945113,0.40867557830849793,0.5084097756731277,6.935539012138053,8.34386001800126,0.0,3.5355339059327378,3.5355339059327378,2.0,1
LRL_2025-12-14_7,22003776,LRL_2025-12-14_7_22003776,16.0,1.0,16.315397877213535,16.802467160951483,15.348939895133517,1.453527265817966,7.170225619709346,2.2769247686982776,1614.8,1614.7999999999997,0.1295625,0.0,2.16875,0.0,1.0,4.0,3.0,14.333333333333334,3.0,16.578442389528018,17.103661230751573,15.48792031615921,1.6157409145923651,7.302681340037176,2.271413537896478,1448.9333333333332,1448.9333333333332,0.5660721153846154,0.7833333333333333,9.357348901098902,11.166666666666666,3.0,7.0,4.0,1.5275252316519468,2.6457513110645907,0.2736292418174693,0.2641352967123241,0.31857088327766864,0.2897151100534344,0.13095106133917908,0.00537955320451263,152.4296996432564,152.42969964325624,0.4843651810180572,0.7450317666605454,8.044311770077472,10.730486164817199,2.6457513110645907,3.0,1.0,3.0,1
LRL_2025-12-14_7,20011903,LRL_2025-12-14_7_20011903,12.0,5.0,16.630113367316067,17.96380151891531,14.641245773514052,3.3225557454012584,6.8625390393866015,2.4213156896119323,1211.8,1211.8,1.0515,2.65,16.64166666666667,36.2,4.0,5.0,0.0,12.333333333333334,4.0,16.804112630683747,18.149705654585983,14.976913348841913,3.17279230574407,6.897317328427463,2.4335465860217496,1243.4333333333332,1243.4333333333332,0.4977393162393163,1.7123333333333335,7.818162393162393,24.166666666666668,2.0,4.666666666666667,-0.3333333333333333,0.5773502691896258,2.6457513110645907,0.2499655769115371,0.16162055911020753,0.5054765991010036,0.44693245215576144,0.11758858160374903,0.014519851309893738,57.67203250565503,57.67203250565503,0.5245317191370698,1.4851620562528969,8.307824180194785,20.92900698392863,1.7320508075688772,1.5275252316519465,2.516611478423583,3.0,1
LRL_2025-12-14_7,22010639,LRL_2025-12-14_7_22010639,,,,,,,,,,,,,,,,,,,,,,,,,,,,,,,,,,,,,,,,,,,,,,,,,,,,0.0,0
LRL_2025-12-14_7,22001496,LRL_2025-12-14_7_22001496,14.0,1.0,16.145265583266386,17.023153113236663,14.807046158215373,2.2161069550212904,7.260257783956545,2.222769401329685,1416.0999999999997,1416.0999999999997,0.3925714285714286,0.0,6.192857142857143,0.0,1.0,4.0,2.0,12.333333333333334,5.0,16.511825954184804,17.085722419350766,15.28500875800293,1.800713661347837,7.322165678709614,2.2540938987891406,1247.2666666666667,1247.2666666666667,0.7133596681096681,1.3716666666666668,11.677164502164501,20.400000000000002,3.0,6.0,0.0,1.5275252316519465,4.0,0.3610755237384175,0.8001760303296992,0.8215872484072109,1.5503502908324716,0.14851488379213273,0.032145910501782594,155.4383586291791,155.4383586291791,0.4510468830186612,1.2399525528556863,8.086180858315666,18.79042309262886,3.4641016151377544,2.6457513110645907,2.0,3.0,1
LRL_2025-12-14_7,22003953,LRL_2025-12-14_7_22003953,16.0,5.0,16.169226307055926,16.31710780665643,15.29296768073308,1.024140125923351,7.117253340155948,2.2730562850060507,1617.3000000000002,1617.2999999999997,0.7731250000000001,2.372,12.3,35.8,5.0,6.0,1.0,16.0,5.0,16.251930576672663,16.471322238457198,15.523337564542437,0.9479846739147613,7.195470255951838,2.261080955260997,1624.6000000000001,1624.6,0.81584375,2.1775,12.853125,32.0,4.5,6.5,0.0,0.0,0.0,0.11696149975815251,0.21809214096630572,0.3257922140455072,0.10770007307920083,0.11061542312554211,0.016935673739344518,10.323759005323529,10.32375900532377,0.06041343561762558,0.2750645378815667,0.7822368766876178,5.374011537017759,0.7071067811865476,0.7071067811865476,1.4142135623730951,2.0,1
LRL_2025-12-14_7,21011854,LRL_2025-12-14_7_21011854,,,,,,,,,,,,,,,,,,,,,,,,,,,,,,,,,,,,,,,,,,,,,,,,,,,,0.0,0
LRL_2025-12-14_8,20015226,LRL_2025-12-14_8_20015226,14.0,4.0,16.236963286497108,16.959490644512485,15.100857466112553,1.8586331783999324,7.296116864372664,2.225247844683219,1410.3999999999999,1410.3999999999999,0.8129285714285713,1.261,13.12857142857143,17.6,4.0,6.0,2.0,14.666666666666666,6.0,16.270723709048532,16.82951172389171,15.307857662868223,1.5216540610234854,7.3306879693318345,2.219917276989292,1480.1999999999998,1480.1999999999998,0.847702380952381,2.0086666666666666,13.682142857142859,29.73333333333333,3.6666666666666665,7.0,-1.3333333333333333,1.1547005383792515,2.6457513110645907,0.18344375743605126,0.38708112580747517,0.36118251881537394,0.7435683778730335,0.034630473047727324,0.029953617354505305,118.13670047872512,118.13670047872503,0.08189852118389468,0.6663785210624165,1.4950215000842926,11.243368415796633,0.5773502691896258,1.7320508075688772,3.055050463303893,3.0,1
LRL_2025-12-14_8,22009607,LRL_2025-12-14_8_22009607,16.0,2.0,16.433918193559307,16.012036767095644,16.84165179656528,-0.8296150294696361,7.215887487127111,2.2779399958011144,1616.3,1616.2999999999997,1.1125625000000001,0.661,18.275000000000002,10.4,2.0,9.0,7.0,15.0,3.0,16.488184279985653,16.342314273444973,16.497038006445052,-0.15472373300007783,7.118227075371796,2.3171055212697604,1517.5999999999997,1517.5999999999997,0.8135355392156863,1.0453333333333334,13.155555555555557,15.433333333333332,2.0,6.333333333333333,3.3333333333333335,2.6457513110645907,1.0,0.1696508486757825,0.7906197919103677,0.6742366622332976,1.4634358892947126,0.12386003004343009,0.06260436495020154,260.7577228003036,260.75772280030355,0.2699634594053565,0.7701391649132858,4.65061475426557,10.497777542572205,0.0,2.3094010767585034,3.2145502536643185,3.0,1
LRL_2025-12-14_8,22000246,LRL_2025-12-14_8_22000246,14.0,7.0,15.968972385461983,17.502783172343182,13.994821759166479,3.5079614131767034,7.029741693936527,2.267699487642063,1414.5999999999997,1414.6,0.755,3.394,11.207142857142857,47.4,2.0,7.0,-4.0,14.0,7.0,15.968972385461983,17.502783172343182,13.994821759166479,3.5079614131767034,7.029741693936527,2.267699487642063,1414.5999999999997,1414.6,0.755,3.394,11.207142857142857,47.4,2.0,7.0,-4.0,,,,,,,,,,,,,,,,,,1.0,1
LRL_2025-12-14_8,22017992,LRL_2025-12-14_8_22017992,16.0,1.0,15.80004763059248,17.317653155558887,13.935484291605828,3.3821688639530585,6.381650577393078,2.4719657648030773,1627.0,1626.9999999999995,0.5972500000000001,0.0,9.05,0.0,1.0,5.0,4.0,16.0,4.666666666666667,16.18821259306929,16.578259114530795,15.528275315276412,1.0499837992543835,6.509161966262603,2.4875443514313855,1623.1333333333332,1623.133333333333,0.7507083333333334,0.6346666666666666,12.112499999999999,9.833333333333334,3.3333333333333335,6.0,0.3333333333333333,0.0,3.5118845842842465,0.3366542287835988,0.6555455178947975,1.3795200639978542,2.025963869721124,0.1319007513489387,0.033073651789403205,3.401960219246119,3.4019602192460443,0.43707005808804084,0.715447645417422,7.398004376181456,11.119502386947598,2.516611478423583,1.7320508075688772,3.2145502536643185,3.0,1
LRL_2025-12-14_8,22002372,LRL_2025-12-14_8_22002372,16.0,2.0,16.44305627976116,16.05755948399701,16.639209487202514,-0.5816500032055032,7.4193030844429115,2.2175069126402214,1617.9,1617.8999999999996,1.5759375,0.569,26.01875,8.6,2.0,9.0,7.0,16.333333333333332,2.6666666666666665,16.272109379672962,16.12125626519829,16.42896692063721,-0.3077106554389193,7.296944843442695,2.2309942277133445,1657.4333333333334,1657.4333333333332,0.7658553921568627,0.338,12.592769607843138,5.3,2.3333333333333335,7.333333333333333,4.333333333333333,0.5773502691896255,2.0816659994661326,0.19681392047282245,0.3258136845943201,0.7104937033741449,1.0354223235381546,0.17629727712240528,0.02854611929614875,64.615813338016,64.615813338016,0.7059998743730763,0.2992106281534799,11.696098034191493,4.635730794599704,1.5275252316519468,1.5275252316519468,2.5166114784235836,3.0,1
LRL_2025-12-14_8,21019222,LRL_2025-12-14_8_21019222,18.0,7.0,16.50281194966802,16.429339021288456,16.258112062031028,0.17122695925742804,7.306117107285328,2.260142466206135,1819.6999999999998,1819.6999999999996,0.34755555555555556,1.03,5.738888888888889,16.3,2.0,7.0,-3.0,17.333333333333332,6.333333333333333,16.633107043379056,16.914149926129785,16.26285172254364,0.6512982035861441,7.2907640614353015,2.282103233557871,1754.5666666666664,1754.5666666666664,0.3514204793028322,0.8553333333333333,5.856100217864924,13.466666666666667,2.0,6.333333333333333,-2.0,0.5773502691896263,0.5773502691896258,0.18884940744366788,0.4271625691300357,0.059708824164431365,0.4161918304603834,0.028021765727483005,0.02294876095870931,56.41988420170091,56.41988420170075,0.2690796420127512,0.26288083485361446,4.557013044261677,4.315476026272575,1.0,0.5773502691896258,1.0,3.0,1
LRL_2025-12-19_1,23006366,LRL_2025-12-19_1_23006366,12.0,4.0,16.499919631449444,17.436258417747002,15.254154375495528,2.182104042251474,7.120228772511914,2.316757392563225,1208.8,1208.8,0.8491666666666666,1.918,13.308333333333335,26.3,4.0,7.0,0.0,11.333333333333334,3.3333333333333335,17.013406310036583,17.37808724279257,16.263990579690645,1.1140966631019207,7.217150140221858,2.3569660973057087,1141.7,1141.7,0.45802525252525256,0.9586666666666667,7.430050505050506,13.699999999999998,2.6666666666666665,4.666666666666667,0.0,0.5773502691896255,1.1547005383792515,0.44919913959175817,0.4586909479273661,0.8805002670360046,1.0802881925330448,0.08525811710084767,0.03727138982251244,58.12168270103672,58.12168270103672,0.3687548540818654,0.8748236012667544,5.667476056953142,11.692305161943048,1.5275252316519468,2.0816659994661326,1.0,3.0,1
LRL_2025-12-19_1,23015894,LRL_2025-12-19_1_23015894,14.0,7.0,16.07453430446018,16.666731507788352,14.512613571943517,2.1541179358448357,7.115969801585548,2.257353372855833,1416.2999999999997,1416.2999999999997,1.1660000000000001,1.892,18.25,25.4,3.0,8.0,-2.0,14.333333333333334,7.0,16.30558552111992,16.73151667071935,15.361900949869572,1.3696157208497788,7.220230182114725,2.2587576757837815,1453.533333333333,1453.533333333333,0.7439460784313726,1.4203333333333334,11.905392156862746,20.333333333333332,3.3333333333333335,8.0,-2.0,2.5166114784235836,2.0,0.2787334595877526,0.3492588267284653,0.822479339719511,0.9847408489046178,0.09278112608020518,0.032153899512183746,256.38577053599005,256.38577053598993,0.3655642414199721,0.49893319526098207,5.497942036601659,6.652317891782783,0.5773502691896258,1.0,1.0,3.0,1
LRL_2025-12-19_1,23006203,LRL_2025-12-19_1_23006203,12.0,3.0,16.383595856174352,17.6214323675061,15.002124005843097,2.619308361663002,6.9354692389964745,2.3590091318283126,1209.9999999999998,1210.0,0.5338333333333333,1.508,8.341666666666667,21.1,2.0,6.0,3.0,11.666666666666666,3.6666666666666665,16.72984625814674,17.399020060593525,15.528966085062413,1.8700539755311116,7.053674808074291,2.3704715895263324,1180.9666666666665,1180.9666666666665,0.43797727272727266,1.1393333333333333,7.0272727272727264,16.233333333333334,2.3333333333333335,5.333333333333333,0.0,0.5773502691896258,2.0816659994661326,0.5392032132850664,0.20384519538717044,0.9405985936073133,1.1008232918979481,0.21749986781639322,0.00995121386983561,54.14243560584729,54.14243560584736,0.11112013602581151,0.6454899947585039,1.5074404157308772,8.865852092908687,0.5773502691896258,1.1547005383792517,3.0,3.0,1
LRL_2025-12-19_1,23017289,LRL_2025-12-19_1_23017289,,,,,,,,,,,,,,,,,,,,,,,,,,,,,,,,,,,,,,,,,,,,,,,,,,,,0.0,0
LRL_2025-12-19_1,23009571,LRL_2025-12-19_1_23009571,14.0,6.0,16.16501447195789,17.095007083430033,14.210299795982182,2.884707287447851,7.049019566169457,2.2906809583411554,1415.4999999999998,1415.5,0.46414285714285713,1.607,6.892857142857143,21.6,1.0,6.0,-5.0,15.0,6.5,15.720315623786815,17.34451563539541,12.966508473158193,4.37800716223722,6.940116316630454,2.254768665825347,1519.4499999999998,1519.4499999999998,1.2256964285714285,7.2204999999999995,16.530803571428574,87.39999999999999,1.0,6.5,-5.5,1.4142135623730951,0.7071067811865476,0.6288991422552261,0.3528583781175121,1.7589865574996606,2.111844935617171,0.15401245248455891,0.050787651131766205,147.00749980868352,147.0074998086832,1.0769993891879532,7.938687832381369,13.63011455271105,93.05525240414964,0.0,0.7071067811865476,0.7071067811865476,2.0,1
LRL_2025-12-19_1,23006091,LRL_2025-12-19_1_23006091,,,,,,,,,,,,,,,,,,,,,,,,,,,,,,,,,,,,,,,,,,,,,,,,,,,,0.0,0
LRL_2025-12-19_1,23003648,LRL_2025-12-19_1_23003648,,,,,,,,,,,,,,,,,,,,,,,,,,,,,,,,,,,,,,,,,,,,,,,,,,,,0.0,0
LRL_2025-12-19_2,21004535,LRL_2025-12-19_2_21004535,,,,,,,,,,,,,,,,,,,,,,,,,,,,,,,,,,,,,,,,,,,,,,,,,,,,0.0,0
LRL_2025-12-19_2,22018034,LRL_2025-12-19_2_22018034,11.0,8.0,16.571313096481543,17.372873157801816,15.61547373111354,1.757399426688277,7.145352528687735,2.320424302053411,1115.3,1115.3,0.8687272727272728,1.96,13.91818181818182,29.5,1.0,9.0,-7.0,11.0,3.6666666666666665,17.219866168855066,17.579794419384058,16.493042297444095,1.0867521219399652,7.352339835812256,2.343700216458251,1112.7,1112.7,0.3057878787878788,0.7136666666666667,4.906060606060607,10.766666666666666,1.0,4.0,-2.6666666666666665,0.0,3.785938897200183,0.5623112638600017,0.1834886051330478,0.7778039189348698,0.6158894405718511,0.18195758811231694,0.020946840043187115,3.9949968710876007,3.9949968710875536,0.4881259518849427,1.0831437269971762,7.8149693893497645,16.283836566771768,0.0,4.358898943540674,3.785938897200183,3.0,1
LRL_2025-12-19_2,19010023,LRL_2025-12-19_2_19010023,11.0,5.0,17.788662632033944,18.045311582701537,17.18958813529613,0.8557234474054063,7.089866141427394,2.5089231022398666,1115.8,1115.8,0.4027272727272727,0.294,7.209090909090909,4.7,4.0,5.0,-1.0,13.333333333333334,4.333333333333333,17.389054834594322,17.48332088046068,17.034475344196082,0.44884553626459933,7.0407941958594185,2.469851299293491,1348.8666666666666,1348.8666666666666,0.33231268568033273,0.5043333333333333,5.834729649435531,8.033333333333333,2.6666666666666665,4.666666666666667,-1.6666666666666667,3.2145502536643185,0.5773502691896258,0.4629347309034372,0.6060823739939836,0.14975540115710873,0.553915658685901,0.042652668317070465,0.05373741782040827,322.7904325306643,322.79043253066413,0.22137592260729358,0.24145876114428597,3.920808091797986,3.629508690350986,1.5275252316519468,0.5773502691896257,1.1547005383792517,3.0,1
LRL_2025-12-19_2,18013711,LRL_2025-12-19_2_18013711,14.0,2.0,16.398769659584566,16.834183883122485,15.622656367719557,1.2115275154029277,7.439602005995682,2.206059036292934,1408.4999999999998,1408.4999999999998,0.7501428571428572,0.478,12.107142857142856,6.7,3.0,8.0,3.0,13.333333333333334,3.0,16.553649886131183,16.941972135967475,15.811262559559944,1.1307095764075281,7.447817338322493,2.2242850757038686,1342.6999999999998,1342.6999999999998,0.720797619047619,0.9296666666666668,11.753174603174605,13.666666666666666,3.3333333333333335,6.666666666666667,2.3333333333333335,1.1547005383792515,1.7320508075688772,0.1596750033708478,0.09492789379710156,0.3504021191620959,0.33465504863629114,0.0437536934871449,0.015788488103108914,114.7492483635513,114.74924836355115,0.2673356932288497,0.5612560318903783,4.451044702291694,8.6152964739081,1.5275252316519468,2.309401076758503,0.5773502691896257,3.0,1
LRL_2025-12-19_2,21004468,LRL_2025-12-19_2_21004468,,,,,,,,,,,,,,,,,,,,,,,,,,,,,,,,,,,,,,,,,,,,,,,,,,,,0.0,0
LRL_2025-12-19_3,22005635,LRL_2025-12-19_3_22005635,,,,,,,,,,,,,,,,,,,,,,,,,,,,,,,,,,,,,,,,,,,,,,,,,,,,0.0,0
LRL_2025-12-19_3,21013063,LRL_2025-12-19_3_21013063,16.0,7.0,15.898939570327482,16.516671735959736,15.139525373500897,1.3771463624588396,7.231274415831409,2.1996272258281513,1615.6999999999998,1615.6999999999998,0.783375,1.495,12.325,20.8,3.0,9.0,-1.0,16.333333333333332,7.333333333333333,15.90170728030484,16.297087332359137,15.110583347238487,1.186503985120649,7.279163051301754,2.1852285213347105,1653.7666666666664,1653.7666666666664,1.2596593137254903,2.8356666666666666,20.195220588235298,42.46666666666667,5.333333333333333,8.333333333333334,-1.0,0.5773502691896255,2.516611478423583,0.050111287033425024,0.19023329415538062,0.1375993652970803,0.2167068878998683,0.05156677332305351,0.02041163633436879,62.50130665300791,62.50130665300791,0.5665927290637285,1.8968501082935716,9.62848793556856,30.62226858567688,2.516611478423583,2.0816659994661326,1.0,3.0,1
LRL_2025-12-19_3,22013886,LRL_2025-12-19_3_22013886,16.0,8.0,16.271403158080155,16.591889380018547,15.707453325910683,0.884436054107864,7.724084197730816,2.1068735216456416,1627.6999999999998,1627.6999999999996,0.7918125,1.554,12.8375,23.4,7.0,10.0,1.0,15.333333333333334,5.333333333333333,16.277760898514163,16.760123677035075,15.483317372458693,1.2768063045763824,7.601587853838379,2.1419579810658536,1552.533333333333,1552.533333333333,0.7506041666666666,0.9740000000000001,12.243452380952382,14.433333333333332,4.666666666666667,7.333333333333333,1.6666666666666667,1.1547005383792515,2.5166114784235836,0.09075930833514753,0.20893199435825893,0.3683213463233353,0.5741300255937405,0.1332021161496599,0.032253953264094096,121.29733440324797,121.29733440324775,0.40109081895760623,0.5159689913163388,6.8728531743958206,7.899578047803144,2.516611478423583,3.0550504633038935,1.1547005383792517,3.0,1
LRL_2025-12-19_3,22003142,LRL_2025-12-19_3_22003142,17.0,2.0,16.340496979494496,16.648276437101686,15.542293090472928,1.1059833466287579,7.384431466086722,2.2136267014121636,1725.6999999999998,1725.6999999999998,0.9130588235294118,0.826,14.899999999999999,12.1,2.0,10.0,8.0,16.5,3.5,16.116572355929236,16.540784376342412,15.577277061042475,0.9635073152999372,7.354484942502076,2.1926162687615425,1671.6499999999999,1671.6499999999999,0.707716911764706,0.7015,11.44375,10.5,3.0,8.0,3.5,0.7071067811865476,2.1213203435596424,0.31667723959527705,0.15201673017319772,0.04947480564511449,0.20149153581831222,0.04235077979933291,0.02971323880583483,76.43824304626573,76.43824304626573,0.29039731654126655,0.17606958851545038,4.8878756249520094,2.2627416997969516,1.4142135623730951,2.8284271247461903,6.363961030678928,2.0,1
LRL_2025-12-19_3,22013867,LRL_2025-12-19_3_22013867,,,,,,,,,,,,,,,,,,,,,,,,,,,,,,,,,,,,,,,,,,,,,,,,,,,,0.0,0
LRL_2025-12-19_3,22008704,LRL_2025-12-19_3_22008704,16.0,5.0,15.913597421456073,16.496341891936858,14.900333343285961,1.5960085486508966,7.065894047571007,2.2527579053046267,1613.0,1612.9999999999998,0.4474375,1.228,7.025,17.0,2.0,5.0,-2.0,13.333333333333334,4.666666666666667,16.248370520428583,17.11335059874732,14.961612501515825,2.1517380972314952,7.054888840199976,2.302323967672452,1344.5666666666666,1344.5666666666664,0.8623680555555556,1.76,13.752777777777778,24.46666666666667,3.0,5.666666666666667,0.0,2.309401076758503,0.5773502691896257,0.29273355873441975,0.5395278179803749,0.12656159645025306,0.48295987786496597,0.02662353777821839,0.04296221897902121,232.4716398473873,232.47163984738714,0.3640443684882508,0.7352530176748683,5.853117244809083,10.364522822268919,1.0,1.1547005383792517,2.0,3.0,1
LRL_2025-12-19_3,21002201,LRL_2025-12-19_3_21002201,16.0,2.0,16.066307554896703,16.504681327133625,15.377010645572279,1.1276706815613462,7.173223882415696,2.240696815918982,1615.9,1615.8999999999996,0.383125,0.319,6.168749999999999,4.4,2.0,6.0,3.0,16.333333333333332,2.6666666666666665,16.022386544918415,16.203902651698446,15.719389034816373,0.4845136168820729,7.270584927853849,2.2047463630692374,1648.1666666666667,1648.1666666666663,0.4441335784313725,0.6643333333333333,7.040073529411764,9.533333333333333,2.0,5.0,0.6666666666666666,0.5773502691896255,1.1547005383792515,0.08104567660428534,0.2614973808000365,0.4914451672404025,0.6945610977448518,0.0858579241878705,0.03438062667021472,55.62790067343302,55.62790067343303,0.05419159179710217,0.3847146128409127,0.7804549587838563,5.658032638058332,0.0,1.0,2.516611478423583,3.0,1
LRL_2025-12-19_4,22000551,LRL_2025-12-19_4_22000551,16.0,5.0,15.479643847506711,16.26372813089805,14.294464025458876,1.9692641054391729,6.820354864146682,2.267637685947167,1621.5,1621.4999999999995,1.2134375,1.603,18.3,20.2,5.0,7.0,0.0,16.666666666666668,8.0,15.938576036525703,16.215849707838426,15.332974540864669,0.8828751669737548,7.077444233398047,2.252007942840289,1684.6000000000001,1684.5999999999997,1.3147144607843138,2.3636666666666666,21.08823529411765,35.833333333333336,7.0,8.666666666666666,-0.6666666666666666,0.5773502691896263,2.6457513110645907,0.4562277851330248,0.330662336325527,1.0288767303137645,0.9563716696053042,0.2299972926213648,0.018993980658006622,54.646774836215265,54.64677483621549,0.3053951928840489,1.4227021238942932,5.3049431802168,24.359050337263422,2.0,1.5275252316519465,1.1547005383792517,3.0,1
LRL_2025-12-19_4,19017639,LRL_2025-12-19_4_19017639,16.0,2.0,15.729163838767473,16.738476356404185,14.179462390421424,2.5590139659827607,6.993344806622352,2.247345014593443,1620.1,1620.0999999999997,0.012999999999999998,0.045,0.19375,0.6,1.0,2.0,0.0,14.666666666666666,3.6666666666666665,16.16202784094632,17.005343878858735,14.76866141378188,2.236682465076855,7.124551556595101,2.2680338867478977,1480.3333333333333,1480.3333333333333,0.3006527777777778,0.6373333333333333,4.864583333333333,8.866666666666667,2.3333333333333335,4.666666666666667,1.0,2.3094010767585034,2.0816659994661326,0.47409481092606903,0.5482606145655665,0.5125619980843645,0.5284103522859757,0.11522871403694303,0.037721058322223,236.2184652675006,236.21846526750033,0.41535211871753847,0.6866850321168602,6.767062732148516,9.737213838328362,2.3094010767585034,2.5166114784235836,1.0,3.0,1
LRL_2025-12-19_4,19019286,LRL_2025-12-19_4_19019286,16.0,6.0,15.847409003737347,16.491420348591866,14.735043176628073,1.756377171963793,7.127891332396118,2.221589500408251,1613.2999999999997,1613.2999999999997,0.8009375000000001,2.064,12.28125,27.7,4.0,6.0,0.0,16.5,5.0,15.887460061507841,16.615118361077663,14.67728477365143,1.9378335874262351,7.187946445379133,2.2092587279623066,1668.0499999999997,1668.0499999999997,0.5725863970588236,1.6745,8.752389705882354,22.299999999999997,3.0,6.0,1.0,0.7071067811865476,1.4142135623730951,0.05664074908642127,0.1749354068960111,0.08168271683058022,0.25661812372659254,0.08493075527042886,0.017438345627591164,77.42819253992695,77.42819253992704,0.3229372267622665,0.5508361825443205,4.990562087661084,7.636753236814715,1.4142135623730951,0.0,1.4142135623730951,2.0,1
LRL_2025-12-19_4,22013966,LRL_2025-12-19_4_22013966,17.0,6.0,16.331647397972425,15.684088173454864,16.289251920124705,-0.6051637466698416,7.478787889005109,2.184523111872807,1720.6999999999998,1720.7,1.3369411764705883,1.729,21.88235294117647,26.5,5.0,9.0,2.0,17.0,4.0,16.33664885196749,16.249228361537117,16.140793918910788,0.10843444262632691,7.473918097722648,2.1868769029727453,1716.6333333333332,1716.6333333333332,0.7896215958605666,0.7906666666666666,12.987404684095859,12.166666666666666,3.3333333333333335,8.0,3.6666666666666665,1.0,2.0,0.21774363211879277,0.5005221417315379,0.740035268202852,0.8782134602675339,0.03878545920131193,0.018430532180387982,102.66042729958475,102.66042729958492,0.4984285815366206,0.8409663092736436,8.121025047453863,12.924524491575438,2.0816659994661326,1.0,1.5275252316519465,3.0,1
LRL_2025-12-19_5,18007504,LRL_2025-12-19_5_18007504,12.0,7.0,16.200552151531447,17.316959470305136,14.86443417926469,2.4525252910404465,6.943372546915845,2.3316926192171903,1207.8999999999999,1207.9,1.28675,2.557,20.25,35.7,4.0,7.0,-3.0,11.5,6.5,16.233423127940362,17.227517728590477,14.53787707774756,2.6896406508429207,6.843884456806523,2.3691982522599684,1160.4499999999998,1160.45,1.3873295454545456,3.3129999999999997,21.679545454545455,46.25,5.0,7.0,-1.5,0.7071067811865476,0.7071067811865476,0.04648658064593555,0.12648972417514015,0.4618214818547735,0.33533175767963525,0.14069740632719946,0.05304097491448528,67.10443353460334,67.10443353460342,0.14224095727913943,1.0691454531540596,2.021682569846993,14.919953083036148,1.4142135623730951,0.0,2.1213203435596424,2.0,1
LRL_2025-12-19_5,18016073,LRL_2025-12-19_5_18016073,17.0,4.0,15.635718498750657,16.07209926317093,14.54412520151586,1.5279740616550708,6.422804092253648,2.4326855764042743,1716.1,1716.0999999999997,1.2030588235294117,2.046,18.270588235294117,27.5,3.0,6.0,2.0,17.0,4.0,15.635718498750657,16.07209926317093,14.54412520151586,1.5279740616550708,6.422804092253648,2.4326855764042743,1716.1,1716.0999999999997,1.2030588235294117,2.046,18.270588235294117,27.5,3.0,6.0,2.0,,,,,,,,,,,,,,,,,,1.0,1
LRL_2025-12-19_5,21019287,LRL_2025-12-19_5_21019287,17.0,8.0,15.458015353130417,16.492979043910815,13.365811044443978,3.1271679994668364,6.861083817922295,2.248811199337868,1716.1,1716.1,1.1030588235294119,3.849,16.25294117647059,49.0,5.0,8.0,-1.0,17.0,8.0,15.905108164072791,16.659925629916053,14.51751702687407,2.142408603041983,6.998580475600112,2.2707120847653126,1716.25,1716.25,0.6215294117647059,2.5215,9.223529411764707,33.6,3.0,8.0,-2.0,0.0,0.0,0.6322847168742157,0.23609812612049447,1.628758220218866,1.3926600940983707,0.19444963806893914,0.03097252919947177,0.21213203435609287,0.21213203435609287,0.6809854247991858,1.8773685040502839,9.94108945315205,21.778888860545663,2.8284271247461903,0.0,1.4142135623730951,2.0,1
LRL_2025-12-19_5,19001706,LRL_2025-12-19_5_19001706,,,,,,,,,,,,,,,,,,,,,,,,,,,,,,,,,,,,,,,,,,,,,,,,,,,,0.0,0
LRL_2025-12-19_5,21017703,LRL_2025-12-19_5_21017703,12.0,6.0,16.054248902046087,16.472068209984418,15.08858114080857,1.3834870691758479,6.6689425556971855,2.406725881515843,1216.3999999999999,1216.3999999999999,1.8406666666666665,2.328,29.358333333333338,32.1,6.0,7.0,1.0,12.0,6.0,16.054248902046087,16.472068209984418,15.08858114080857,1.3834870691758479,6.6689425556971855,2.406725881515843,1216.3999999999999,1216.3999999999999,1.8406666666666665,2.328,29.358333333333338,32.1,6.0,7.0,1.0,,,,,,,,,,,,,,,,,,1.0,1
LRL_2025-12-19_5,18022195,LRL_2025-12-19_5_18022195,,,,,,,,,,,,,,,,,,,,,,,,,,,,,,,,,,,,,,,,,,,,,,,,,,,,0.0,0
LRL_2025-12-19_5,21015050,LRL_2025-12-19_5_21015050,,,,,,,,,,,,,,,,,,,,,,,,,,,,,,,,,,,,,,,,,,,,,,,,,,,,0.0,0
LRL_2025-12-19_6,23018283,LRL_2025-12-19_6_23018283,16.0,2.0,15.68950900940196,16.461730084013745,14.389118003293941,2.0726120807198036,7.305644181038204,2.1489869011740748,1613.1999999999998,1613.1999999999996,0.4315,0.228,7.05,2.8,2.0,11.0,5.0,16.333333333333332,6.333333333333333,15.918862658522395,15.999470186859378,15.61588887987997,0.3835813069794085,7.423977252536044,2.1453297572104955,1649.2333333333333,1649.233333333333,0.7568541666666667,1.3843333333333334,12.340563725490197,21.733333333333334,4.666666666666667,10.333333333333334,0.0,0.5773502691896255,3.785938897200183,0.24942526066018486,0.5053627072235712,1.0651741844253713,1.4809973060563284,0.10437712486115755,0.01416665172475149,61.89267592642386,61.8926759264239,0.3096962746822819,1.1764932355663305,5.05389252258394,19.416831186713587,2.5166114784235836,0.5773502691896255,4.58257569495584,3.0,1
LRL_2025-12-19_6,23000245,LRL_2025-12-19_6_23000245,14.0,8.0,15.58039720245463,16.69053970429658,14.137661907137673,2.5528777971589065,7.246925132808687,2.1492975842233326,1419.3999999999996,1419.3999999999999,2.462428571428571,4.951,37.35,66.5,4.0,9.0,-4.0,15.5,7.0,15.901045574827773,16.405202368752594,15.243490526186545,1.1617118425660493,7.384987786263682,2.1533834987145517,1570.4499999999998,1570.4499999999998,1.6233025210084033,3.08,25.054411764705883,42.6,5.0,9.5,0.0,2.1213203435596424,1.4142135623730951,0.4534652769629564,0.40352792977770713,1.563877830719225,1.967405760496932,0.19525007697327137,0.0057783556881788,213.61695859645627,213.61695859645593,1.186703441044771,2.6459935752000603,17.388587639708014,33.799704140716976,1.4142135623730951,0.7071067811865476,5.656854249492381,2.0,1
LRL_2025-12-19_6,23017976,LRL_2025-12-19_6_23017976,16.0,3.0,15.697453545132106,16.867426126381453,14.37417525337599,2.493250873005463,7.0624241208606575,2.220662096328822,1610.9,1610.8999999999996,0.060875,0.0,1.0125,0.0,1.0,5.0,3.0,16.5,3.5,15.473260240588754,16.477425556014637,14.399521608758683,2.0779039472559555,7.054876409007443,2.1917352168717343,1664.1,1664.1,1.191672794117647,1.409,17.862132352941178,18.2,2.5,6.0,3.0,0.7071067811865476,0.7071067811865476,0.3170572118784493,0.5515440959459934,0.035845159538932,0.5873892554849247,0.010674076467699894,0.04090878524534528,75.2361615182484,75.23616151824896,1.5991895767427555,1.992626909383691,23.828978594529897,25.73868683519033,2.1213203435596424,1.4142135623730951,0.0,2.0,1
LRL_2025-12-19_6,23009996,LRL_2025-12-19_6_23009996,16.0,6.0,15.627046779618755,16.886929345717125,14.07433465495753,2.8125946907595942,7.157555352805562,2.1806786792701995,1614.6,1614.5999999999997,0.18162499999999998,0.783,2.45625,9.8,1.0,6.0,-4.0,12.666666666666666,6.333333333333333,16.08126596124139,17.043962849093507,14.57191934536145,2.4720435037320594,7.245718418068009,2.2180659626285384,1279.4333333333332,1279.4333333333332,0.8296931818181817,1.7216666666666667,12.988446969696971,23.96666666666667,2.3333333333333335,8.333333333333334,-3.0,2.886751345948129,1.5275252316519465,0.3934590793238515,0.2538415930757208,0.7617779723415555,0.8926488845531031,0.1062798724165606,0.037450318403298724,290.30171086876726,290.3017108687671,0.6987142348621266,1.7052338060610144,11.07504489497862,24.450835023232507,2.3094010767585034,2.081665999466133,4.58257569495584,3.0,1
LRL_2025-12-19_6,23004092,LRL_2025-12-19_6_23004092,12.0,5.0,16.18023283430718,17.530245257607795,14.8168090648958,2.7134361927119954,7.188292452834832,2.2493892521785357,1216.8,1216.8,1.11,2.727,16.816666666666666,38.1,3.0,7.0,-2.0,15.0,5.333333333333333,15.66713466139798,16.8704857926901,14.109619656783435,2.760866135906666,7.0188981310259955,2.2300980366735685,1517.3,1517.3,1.2117867647058824,3.9263333333333335,17.81609477124183,51.9,3.0,6.333333333333333,-2.3333333333333335,2.6457513110645907,1.5275252316519465,0.47275149553593443,0.6499191401770541,0.6645309934726505,0.06613108460613575,0.15151032655011845,0.04010608240373715,264.58505248785315,264.585052487853,0.09661790083009006,1.1729558104776723,0.9888992531229442,14.004285058509767,1.0,1.1547005383792517,0.5773502691896258,3.0,1
LRL_2025-12-19_6,23008991,LRL_2025-12-19_6_23008991,12.0,7.0,16.14722930089879,16.93884909792296,14.6658063473769,2.273042750546061,7.104933218300796,2.273127586342801,1216.2,1216.2,1.6410833333333334,4.267,25.108333333333334,58.8,5.0,9.0,2.0,12.0,7.0,16.14722930089879,16.93884909792296,14.6658063473769,2.273042750546061,7.104933218300796,2.273127586342801,1216.2,1216.2,1.6410833333333334,4.267,25.108333333333334,58.8,5.0,9.0,2.0,,,,,,,,,,,,,,,,,,1.0,1
LRL_2025-12-19_6,23000358,LRL_2025-12-19_6_23000358,12.0,8.0,16.103198210231096,16.62849893434609,15.399608474973236,1.2288904593728542,7.518047352698754,2.142772847352713,1212.1999999999998,1212.1999999999998,2.3091666666666666,3.113,37.49166666666667,44.7,7.0,8.0,-1.0,12.0,8.0,16.103198210231096,16.62849893434609,15.399608474973236,1.2288904593728542,7.518047352698754,2.142772847352713,1212.1999999999998,1212.1999999999998,2.3091666666666666,3.113,37.49166666666667,44.7,7.0,8.0,-1.0,,,,,,,,,,,,,,,,,,1.0,1
LRL_2025-12-19_6,23016735,LRL_2025-12-19_6_23016735,16.0,5.0,15.663565227579873,16.818362972808462,14.11752210003892,2.7008408727695414,6.625383644839669,2.3626823115327724,1619.1,1619.1,0.1994375,0.755,2.79375,9.4,1.0,6.0,-4.0,13.333333333333334,6.0,15.910584219912922,17.144504871920418,14.350372949219812,2.794131922700604,6.635116571711717,2.396736819773709,1346.1,1346.1,0.8145902777777779,2.4223333333333334,12.164583333333333,33.166666666666664,1.6666666666666667,6.333333333333333,-4.333333333333333,2.309401076758503,1.7320508075688772,0.2548393092873085,0.2825517367183244,0.36862163807040815,0.32641595473927554,0.008768681645390158,0.03634830361920289,236.43339442642193,236.43339442642193,0.5474739562605375,1.453236502890474,8.393218937448518,20.6843741344362,1.1547005383792517,1.5275252316519465,0.5773502691896257,3.0,1
LRL_2025-12-19_7,23005036,LRL_2025-12-19_7_23005036,12.0,2.0,16.278207241951232,17.264960435379,15.192967399485015,2.0719930358939838,7.099152645289531,2.293670525843362,1215.6,1215.6,0.9308333333333332,0.822,14.75,11.1,2.0,7.0,5.0,12.0,3.6666666666666665,16.266509443433872,17.074577583482156,15.195061347920879,1.8795162355612784,7.03052453364765,2.313288867174164,1213.5666666666666,1213.5666666666666,0.7933055555555555,1.5493333333333332,13.030555555555557,21.833333333333332,3.3333333333333335,6.333333333333333,2.3333333333333335,0.0,2.886751345948129,0.28531734381711177,0.27630084149876877,0.606600153924867,0.41942735406232046,0.07842664731569905,0.029999514034202066,1.8448125469361896,1.8448125469361896,0.5947557641431325,1.3305428716630416,10.12262432119992,19.02533398743195,3.2145502536643185,3.0550504633038935,2.5166114784235836,3.0,1
LRL_2025-12-19_7,23009535,LRL_2025-12-19_7_23009535,,,,,,,,,,,,,,,,,,,,,,,,,,,,,,,,,,,,,,,,,,,,,,,,,,,,0.0,0
LRL_2025-12-19_7,23004276,LRL_2025-12-19_7_23004276,11.0,9.0,17.290244003732724,17.018010775402285,17.200884517762407,-0.18287374236012255,7.017312433967083,2.4651947484276295,1108.6000000000001,1108.6,1.0259090909090907,0.871,17.927272727272726,14.0,9.0,11.0,1.0,11.0,6.666666666666667,16.964137964248128,17.13901732761889,16.7164851717385,0.42253215588038984,6.8524856656147115,2.476114424862294,1108.9333333333334,1108.9333333333334,0.9178181818181818,1.0556666666666665,15.327272727272726,15.799999999999999,5.333333333333333,8.0,0.0,0.0,2.516611478423583,0.49543569226366424,0.10972215477371054,1.0087395614826777,1.0285265860527752,0.19076573889169082,0.01577727739961286,1.7243356208503702,1.724335620850325,0.13262801394367854,0.39666778711326345,2.3690148595900946,4.293017586733136,3.5118845842842465,3.0,1.0,3.0,1
LRL_2025-12-19_7,23009929,LRL_2025-12-19_7_23009929,,,,,,,,,,,,,,,,,,,,,,,,,,,,,,,,,,,,,,,,,,,,,,,,,,,,0.0,0
LRL_2025-12-19_7,23006307,LRL_2025-12-19_7_23006307,,,,,,,,,,,,,,,,,,,,,,,,,,,,,,,,,,,,,,,,,,,,,,,,,,,,0.0,0
LRL_2025-12-19_7,23012790,LRL_2025-12-19_7_23012790,,,,,,,,,,,,,,,,,,,,,,,,,,,,,,,,,,,,,,,,,,,,,,,,,,,,0.0,0
LRL_2025-12-19_7,23000894,LRL_2025-12-19_7_23000894,12.0,4.0,16.529792046518416,18.04799607713985,14.949295010657666,3.0987010664821835,6.831348034112402,2.418110153261933,1217.1999999999998,1217.2,0.41291666666666665,1.858,6.083333333333333,25.6,2.0,4.0,-2.0,12.0,4.0,16.529792046518416,18.04799607713985,14.949295010657666,3.0987010664821835,6.831348034112402,2.418110153261933,1217.1999999999998,1217.2,0.41291666666666665,1.858,6.083333333333333,25.6,2.0,4.0,-2.0,,,,,,,,,,,,,,,,,,1.0,1
LRL_2025-12-19_8,22012730,LRL_2025-12-19_8_22012730,14.0,7.0,16.353613345325062,17.161534968661297,15.093516069918012,2.0680188987432846,7.357837945778002,2.2212272473119756,1409.6999999999998,1409.6999999999998,0.8113571428571429,2.1,13.057142857142855,30.7,5.0,7.0,-2.0,13.0,6.0,16.648540064996553,17.29874393064433,15.627655257192291,1.671088673452041,7.393131919343352,2.2514370694492674,1309.3999999999999,1309.3999999999999,0.5735119047619048,1.443,9.349404761904761,21.4,4.0,6.5,-2.0,1.4142135623730951,1.4142135623730951,0.4170893668656287,0.1940427749155422,0.7553868828382277,0.561344107922685,0.04991321608615566,0.042723140183436925,141.84562030602137,141.84562030602137,0.3363639614601436,0.9291383104791235,5.2435335000131,13.152186130069785,1.4142135623730951,0.7071067811865476,0.0,2.0,1
LRL_2025-12-19_8,21009228,LRL_2025-12-19_8_21009228,14.0,1.0,16.707984417725022,16.967241880131045,16.00458998225486,0.9626518978761851,7.202228742245947,2.3220824564079936,1412.5999999999997,1412.5999999999997,0.42771428571428577,0.0,7.242857142857142,0.0,1.0,6.0,5.0,14.0,1.0,16.707984417725022,16.967241880131045,16.00458998225486,0.9626518978761851,7.202228742245947,2.3220824564079936,1412.5999999999997,1412.5999999999997,0.42771428571428577,0.0,7.242857142857142,0.0,1.0,6.0,5.0,,,,,,,,,,,,,,,,,,1.0,1
LRL_2025-12-19_8,22018092,LRL_2025-12-19_8_22018092,14.0,3.0,16.65360534240091,16.43571605088877,16.279020817350343,0.15669523353842862,7.2912561754286145,2.2847706261821172,1416.8999999999996,1416.8999999999999,1.1978571428571427,0.651,20.071428571428573,9.5,3.0,8.0,4.0,14.0,3.0,16.65360534240091,16.43571605088877,16.279020817350343,0.15669523353842862,7.2912561754286145,2.2847706261821172,1416.8999999999996,1416.8999999999999,1.1978571428571427,0.651,20.071428571428573,9.5,3.0,8.0,4.0,,,,,,,,,,,,,,,,,,1.0,1
LRL_2025-12-19_8,21004097,LRL_2025-12-19_8_21004097,17.0,3.0,16.125973988376092,16.170838998400455,15.473795962663104,0.6970430357373516,7.381648309189702,2.184200961453874,1714.3,1714.2999999999997,0.5967647058823529,0.717,9.605882352941176,9.6,3.0,5.0,2.0,16.0,4.0,16.255853116682513,16.486726562520836,15.50856170751903,0.9781648550018041,7.269475211509227,2.2366595537983596,1615.4999999999998,1615.4999999999998,0.5886904761904762,0.8803333333333333,9.481372549019609,12.333333333333334,3.3333333333333335,6.666666666666667,2.0,1.7320508075688772,1.0,0.34865987893332656,0.5543088317349497,0.13611192247481088,0.4258212782624699,0.11179979233811495,0.053249268291746636,174.6021763896431,174.60217638964284,0.0657907167352651,0.15484616021501252,1.2355963682515607,2.4986663109213545,0.5773502691896258,2.886751345948129,4.0,3.0,1
LRL_2025-12-19_8,21012026,LRL_2025-12-19_8_21012026,12.0,5.0,16.446820981160844,16.803915266915247,15.263300362921068,1.5406149039941788,6.802980045096063,2.41705595689199,1212.8999999999999,1212.8999999999999,0.8535833333333332,1.697,13.683333333333332,23.8,4.0,7.0,-1.0,12.333333333333334,5.0,16.927634116078462,16.994673443439087,16.139740008250442,0.8549334351886451,6.959825658179479,2.4324074939204183,1246.3,1246.3,0.7196338383838383,0.852,12.265223665223665,12.4,4.666666666666667,7.666666666666667,1.6666666666666667,1.5275252316519468,4.0,0.5509319475417196,0.27256354698890134,0.844038575904222,0.8342541634495267,0.13623964226366445,0.04990058648588748,155.9067349411178,155.90673494111775,0.3812366400384883,0.848521655586939,6.747448005528301,11.931470990619724,4.041451884327381,2.081665999466133,3.0550504633038935,3.0,1
LRL_2025-12-19_8,21005073,LRL_2025-12-19_8_21005073,17.0,4.0,16.13249333115445,16.433374815536023,15.08343927861706,1.349935536918963,7.190418604888895,2.2431609495896927,1717.6999999999998,1717.6999999999998,0.1615294117647059,1.009,2.429411764705882,13.6,1.0,4.0,-1.0,17.0,4.333333333333333,16.143518513376417,16.445846822998956,15.260709823955146,1.185136999043807,7.252400637140373,2.225933795528816,1716.7666666666664,1716.7666666666664,0.4313725490196078,0.8966666666666666,6.829411764705882,12.466666666666667,2.3333333333333335,5.0,-0.3333333333333333,0.0,2.516611478423583,0.2033611131385756,0.32900464937390045,0.1585722853079688,0.3224287149235452,0.06277923685854077,0.02311407770586245,3.5921210076128305,3.5921210076127936,0.2597313579759523,0.4657728344733442,4.158274362610106,6.771508940652248,1.5275252316519468,1.7320508075688772,2.0816659994661326,3.0,1
LRL_2025-12-19_8,21007729,LRL_2025-12-19_8_21007729,14.0,12.0,16.010670679521628,17.341580310237028,13.990296600127138,3.3512837101098896,7.226548974865028,2.2128276234022244,1410.3999999999996,1410.3999999999999,1.2716428571428573,4.778,19.535714285714285,67.5,3.0,12.0,-8.0,14.0,7.333333333333333,16.292321333558206,17.18528438382276,14.988390426639262,2.1968939571835002,7.2481111142333665,2.2469770575371766,1410.733333333333,1410.7333333333333,0.973624007936508,2.7396666666666665,15.416765873015871,39.0,4.333333333333333,8.0,-2.3333333333333335,2.0,4.163331998932265,0.36376588393363835,0.3823276454225755,0.9340957223300125,0.999736836269099,0.07200740698973279,0.03317725031475257,200.30020802119333,200.30020802119333,0.4306969961965309,1.880944532231967,6.810021030676473,26.537709019431198,1.5275252316519465,3.605551275463989,4.932882862316247,3.0,1
LRL_2025-12-19_8,21007462,LRL_2025-12-19_8_21007462,16.0,1.0,16.97640975073122,18.03495857169063,15.594043231180956,2.440915340509674,7.0016964910350765,2.424307651772667,1620.6,1620.5999999999997,0.255375,0.0,4.33125,0.0,1.0,6.0,4.0,15.333333333333334,3.6666666666666665,16.702194186014278,17.082037577954047,16.232631783119885,0.8494057948341608,6.959832606739059,2.4006396976746323,1551.3666666666666,1551.3666666666666,0.46557738095238094,0.626,7.600595238095238,9.166666666666666,3.0,7.0,1.3333333333333333,1.1547005383792517,2.516611478423583,0.237514905308492,0.9748882669814187,0.9658234854744292,1.9020816666382527,0.04507453863172409,0.022446863816794973,117.92939978365591,117.92939978365591,0.400447729466486,0.758859670821951,6.3456841661194785,10.617124532251346,2.6457513110645907,3.605551275463989,2.516611478423583,3.0,1
LRL_2025-12-19_9,22013926,LRL_2025-12-19_9_22013926,,,,,,,,,,,,,,,,,,,,,,,,,,,,,,,,,,,,,,,,,,,,,,,,,,,,0.0,0
LRL_2025-12-19_9,21003152,LRL_2025-12-19_9_21003152,16.0,7.0,16.50854558908138,16.99468263556364,16.028443753287995,0.9662388822756434,7.3955393457063625,2.2330169817184267,1614.3,1614.2999999999997,0.1085625,0.937,1.75,14.7,1.0,7.0,-3.0,17.0,6.0,16.435706183935608,16.70823005414623,16.096155065369725,0.6120749887765063,7.418788128544839,2.216709854911367,1718.3666666666666,1718.3666666666666,0.2812103758169935,1.2633333333333334,4.553376906318083,19.566666666666666,1.6666666666666667,6.0,-3.3333333333333335,1.0,2.6457513110645907,0.0670356084903243,0.3122941532507517,0.2967770695883474,0.5701544742136486,0.054634461851637464,0.01877162811742674,105.79018543009228,105.79018543009236,0.16236450551584272,0.2838526613109929,2.6542237078917434,4.215843134336635,0.5773502691896258,2.6457513110645907,2.516611478423583,3.0,1
LRL_2025-12-19_9,22008884,LRL_2025-12-19_9_22008884,12.0,3.0,16.16356195900069,17.15517270396405,14.622611420194659,2.5325612837693896,7.083540700027978,2.2788592981511218,1214.1,1214.1,0.42275,0.554,6.925,7.2,2.0,5.0,2.0,14.333333333333334,5.333333333333333,15.881136757761155,16.776513131666206,14.324720977500888,2.4517921541653194,7.074212772782899,2.2424862033731934,1448.9999999999998,1449.0,0.7094614845938376,2.5983333333333336,11.016736694677872,37.300000000000004,2.3333333333333335,6.0,-2.0,2.5166114784235836,2.516611478423583,0.44437848621097525,0.466332836164806,0.6718071736320254,0.29709523490740275,0.12647418703987742,0.03459992700221546,256.2669116370663,256.2669116370663,0.5581588254325939,3.063000870606036,8.403409423006723,44.81194037307468,1.5275252316519468,1.7320508075688772,3.4641016151377544,3.0,1
LRL_2025-12-19_9,22005771,LRL_2025-12-19_9_22005771,17.0,9.0,16.02638878371228,17.19689800866493,14.240452341866789,2.9564456667981425,6.83520510951988,2.3422835077042947,1715.8999999999999,1715.8999999999999,0.39211764705882357,2.865,5.894117647058823,42.0,1.0,9.0,-7.0,16.666666666666668,5.0,16.252980640700184,17.10971366515592,15.328701352626718,1.781012312529202,6.9846806558582015,2.326866839794029,1681.9333333333332,1681.9333333333332,0.2002230392156863,1.0343333333333333,3.0886029411764704,15.200000000000001,1.0,6.0,-3.0,0.5773502691896255,3.4641016151377544,0.1966862807323189,0.30471595543653845,0.9545637519045701,1.1116924461983522,0.13021476630932763,0.014893396621195557,56.08353888025732,56.08353888025732,0.16838059727015184,1.5858591782795008,2.4679122357606142,23.217234977490325,0.0,2.6457513110645907,3.605551275463989,3.0,1
LRL_2025-12-19_9,22018416,LRL_2025-12-19_9_22018416,12.0,9.0,16.75550947077363,17.121171676548997,16.350077822784808,0.7710938537641887,7.372349647906866,2.273983710217054,1209.5,1209.5,1.2806666666666666,2.079,21.583333333333332,31.7,9.0,10.0,1.0,12.0,9.0,16.75550947077363,17.121171676548997,16.350077822784808,0.7710938537641887,7.372349647906866,2.273983710217054,1209.5,1209.5,1.2806666666666666,2.079,21.583333333333332,31.7,9.0,10.0,1.0,,,,,,,,,,,,,,,,,,1.0,1
LRL_2025-12-19_9,21009377,LRL_2025-12-19_9_21009377,12.0,7.0,15.979489488005385,17.171787783679388,14.614141577651004,2.5576462060283838,6.9401216516983455,2.3020176252282387,1209.8999999999999,1209.8999999999999,1.9274166666666666,4.284,29.958333333333332,59.9,3.0,7.0,-4.0,12.0,6.5,16.210375811054526,17.328650275701605,14.669418706908283,2.65923156879332,7.0243193482643145,2.3068838561800664,1209.5,1209.5,1.331208333333333,2.9255,20.96666666666667,40.8,3.0,6.5,-3.0,0.0,0.7071067811865476,0.32652256942255237,0.2218370636454595,0.07817366588469443,0.1436633977607638,0.11907352440416791,0.006881889809714311,0.5656854249491254,0.5656854249491254,0.8431659109998592,1.9212091244838496,12.716136948338077,27.01147904132612,0.0,0.7071067811865476,1.4142135623730951,2.0,1
LRL_2025-12-19_9,22012513,LRL_2025-12-19_9_22012513,16.0,4.0,16.04607153234612,16.558542604414264,15.406217684524155,1.152324919890109,7.3320834760844384,2.1887821401358005,1618.7,1618.6999999999996,0.554625,0.671,8.83125,9.3,3.0,7.0,3.0,16.333333333333332,3.0,16.015839327079206,16.25737475173839,15.595236236906606,0.6621385148317825,7.337846781673413,2.183368840150996,1651.6666666666667,1651.6666666666663,0.5330919117647058,0.953,8.434926470588236,13.666666666666666,2.6666666666666665,5.666666666666667,2.6666666666666665,0.5773502691896255,1.0,0.026766082670240388,0.2972535255067838,0.2527672950478912,0.5408956535783628,0.025671026280903474,0.00920852557539167,56.23613903295042,56.23613903295059,0.18567596367516126,0.7056110826794034,2.9333844163128,10.271481554933219,0.5773502691896258,2.309401076758503,1.5275252316519468,3.0,1
LRL_2025-12-19_9,22010651,LRL_2025-12-19_9_22010651,16.0,6.0,15.939544339167352,16.29436214569993,15.169923377918128,1.124438767781804,7.07223747194575,2.253513186598079,1617.1,1617.0999999999997,0.7991874999999999,1.296,12.71875,18.0,6.0,9.0,2.0,16.333333333333332,5.0,15.858144798266197,15.980743513037462,15.356246282131252,0.624497230906209,7.073921486403571,2.2417196559175583,1648.6333333333332,1648.6333333333332,0.9798468137254902,1.845,15.480392156862743,26.433333333333334,4.0,7.333333333333333,2.0,0.5773502691896255,1.7320508075688772,0.20147696778035984,0.3329481770168241,0.4263959039984515,0.7296137659378069,0.07449785317218592,0.010588218755271944,60.334097601052484,60.334097601052555,0.187965629174712,1.6236708410265919,3.042081905205488,23.60812007198653,1.7320508075688772,1.5275252316519468,2.0,3.0,1
LRL_2025-12-20_1,22016018,LRL_2025-12-20_1_22016018,16.0,2.0,15.746660140387217,17.49698577039873,13.325439477077092,4.171546293321638,6.719183290557222,2.336220121494693,1621.1999999999998,1621.1999999999998,0.034937499999999996,0.401,0.44999999999999996,4.6,1.0,3.0,1.0,16.333333333333332,2.6666666666666665,16.14583109882485,16.78183684094397,14.981858053692845,1.799978787251126,6.867904079583297,2.3491984012992657,1654.033333333333,1654.033333333333,0.31762745098039213,0.319,5.178308823529412,4.2,1.3333333333333333,4.0,0.6666666666666666,0.5773502691896255,1.1547005383792515,0.3480814250098428,0.6565412351870459,1.502611743793248,2.158856608292899,0.1289844728774869,0.011999284601040857,62.67171078990362,62.67171078990382,0.37716377370623855,0.24453834055215148,6.2326225872844,3.318132004607411,0.5773502691896257,1.0,1.5275252316519468,3.0,1
LRL_2025-12-20_1,22000184,LRL_2025-12-20_1_22000184,16.0,7.0,16.251400691438125,16.194912801444595,15.913461123955049,0.2814516774895459,6.8412230154983735,2.37601159652474,1616.5,1616.4999999999998,1.8024375,2.246,29.1625,33.8,7.0,11.0,3.0,16.5,8.5,16.14218478320526,16.176641237685203,15.75256702708486,0.4240742106003452,6.756290939818276,2.390009122318121,1669.1499999999999,1669.1499999999999,1.6773069852941176,3.1574999999999998,27.304779411764706,48.65,8.0,11.0,1.0,0.7071067811865476,2.1213203435596424,0.15445461864981774,0.025839893274292484,0.22753861389959193,0.2016987206252982,0.12011209330729047,0.01979549081666676,74.45834405894325,74.45834405894358,0.1769612709637848,1.2890556621030762,2.627213650982075,21.001071401240463,1.4142135623730951,0.0,2.8284271247461903,2.0,1
LRL_2025-12-20_1,21001939,LRL_2025-12-20_1_21001939,12.0,5.0,16.203471381340233,16.448403127640233,15.417960056110985,1.0304430715292483,6.859243684672343,2.3607562138181017,1207.8,1207.8,1.4619999999999997,1.564,23.650000000000002,22.6,5.0,10.0,5.0,12.0,4.0,16.35083851202359,16.878001993820757,15.449030530535126,1.4289714632856285,6.825895939268876,2.3953226553805,1212.7666666666667,1212.7666666666667,1.0294444444444444,1.6616666666666664,16.491666666666667,23.53333333333333,4.0,7.666666666666667,3.6666666666666665,0.0,1.0,0.21192082799805098,0.3922095653675042,0.27377743405642635,0.3756509502801994,0.12094920151206509,0.03467239805183048,4.303874223688881,4.303874223688881,0.4262307777788059,0.6193031029579403,6.9555782969099305,8.73746721500764,1.0,2.516611478423583,1.5275252316519468,3.0,1
LRL_2025-12-20_1,22012789,LRL_2025-12-20_1_22012789,14.0,6.0,15.837515125529128,17.00671412545453,13.795045732768287,3.211668392686242,6.60969663423546,2.3906099295487886,1419.2999999999997,1419.2999999999997,0.8986428571428571,2.412,13.4,31.9,3.0,6.0,-1.0,14.0,6.333333333333333,16.10411718925071,16.692082758933438,14.940892457779304,1.7511903011541368,6.769708781690544,2.3772740542253943,1418.2666666666664,1418.2666666666664,0.7854017857142858,1.8373333333333333,12.236805555555556,26.066666666666663,3.0,7.666666666666667,-0.3333333333333333,2.0,2.516611478423583,0.23122635164510288,0.44190823551834774,1.0365325375440526,1.4208550125133952,0.1448707849800218,0.01624966213602123,207.7519273877702,207.75192738777014,0.22564466655624868,0.49864048505244074,3.2942581658737553,5.204164998665331,1.0,1.5275252316519468,4.041451884327381,3.0,1
LRL_2025-12-20_1,22018492,LRL_2025-12-20_1_22018492,16.0,4.0,15.51679821650572,16.581976767690154,14.052154615248677,2.5298221524414775,6.5821572113293305,2.355015026223918,1617.1,1617.0999999999997,1.5803124999999998,0.768,24.16875,8.8,4.0,9.0,2.0,14.0,5.333333333333333,15.831479758504663,16.75821937676319,14.517488984028697,2.240730392734489,6.621461008705321,2.3893144548244525,1414.4333333333332,1414.4333333333332,1.3843700396825396,2.267,21.390773809523807,30.86666666666667,3.6666666666666665,7.666666666666667,-1.0,2.0,1.5275252316519465,0.30992421861417385,0.20277426008946414,0.5763175918428968,0.37448896617550204,0.0650830715988343,0.029836863619753094,201.60846543072873,201.6084654307286,0.2176625711175003,1.3343249229479304,3.1781917326052995,19.484438234994958,0.5773502691896258,1.1547005383792515,2.6457513110645907,3.0,1
LRL_2025-12-20_1,22012576,LRL_2025-12-20_1_22012576,12.0,6.0,16.52256134307296,17.52209272114407,15.361451349122124,2.1606413720219457,7.357944923996537,2.2434238979456165,1215.0,1214.9999999999998,0.652,1.654,10.441666666666666,23.7,3.0,6.0,0.0,11.5,8.0,16.67445769670514,17.21954093138042,15.481227124965976,1.7383138064144434,7.288898644014795,2.286905866650768,1161.95,1161.9499999999998,1.1912272727272728,2.347,20.089015151515152,35.45,6.0,8.0,-0.5,0.7071067811865476,2.8284271247461903,0.21481388338164778,0.4278728444040088,0.16938852664213463,0.5972613710461429,0.09764618558158941,0.06149278986150794,75.02402948389263,75.02402948389263,0.7625825222923648,0.980049998724555,13.643411068212258,16.61700935788387,4.242640687119285,2.8284271247461903,0.7071067811865476,2.0,1
LRL_2025-12-20_1,22010120,LRL_2025-12-20_1_22010120,16.0,5.0,15.552842440957896,16.96719771285614,13.657256570705377,3.3099411421507643,6.6078137801543475,2.3487948263406966,1614.3,1614.2999999999997,1.049375,0.828,15.975,9.5,4.0,8.0,3.0,12.666666666666666,5.333333333333333,16.579901323281224,17.024690783836686,15.67820242404006,1.3464883597966242,6.915929845965003,2.396284990778536,1276.9333333333334,1276.9333333333332,0.8287310606060606,0.859,13.512878787878789,12.0,4.666666666666667,7.333333333333333,1.3333333333333333,2.886751345948129,0.5773502691896257,0.889899571204287,0.14086332556543268,1.752065367980892,1.7136643742375153,0.26874931383528966,0.044066158626354573,292.1684502702735,292.16845027027347,0.2585271439016668,0.048590122453025394,3.695396072816313,2.233830790368868,1.1547005383792517,0.5773502691896258,1.5275252316519465,3.0,1
LRL_2025-12-20_1,22007924,LRL_2025-12-20_1_22007924,16.0,3.0,15.599678103554172,16.618620577980213,14.330815291861636,2.2878052861185765,6.99122591709861,2.2299016648016172,1615.0,1614.9999999999998,0.624625,2.92,8.95,38.9,1.0,4.0,0.0,13.0,4.666666666666667,16.042957588696577,16.91467642701663,14.756321818420906,2.1583546085957237,7.077393852426465,2.265979254467662,1312.6666666666667,1312.6666666666665,1.1686805555555555,2.307,18.393939393939394,31.599999999999998,4.0,6.0,0.0,2.6457513110645907,1.5275252316519468,0.40119928093951124,0.29464570995507894,0.3955314179423917,0.3098887263935487,0.08575608619765354,0.031430390996980834,267.3187111545567,267.31871115455664,0.5046313876328534,0.6417063191211382,8.592405272952137,8.819863944528848,2.6457513110645907,1.7320508075688772,0.0,3.0,1
LRL_2025-12-20_1,20005532,LRL_2025-12-20_1_20005532,12.0,3.0,16.287813317708643,16.839469181391536,15.530572118634884,1.3088970627566514,6.865244010551769,2.372092719691005,1207.9999999999998,1207.9999999999998,0.8643333333333333,0.992,13.75,14.3,3.0,8.0,2.0,14.666666666666666,6.333333333333333,16.344062692134376,16.5014767615028,16.0321654411133,0.4693113203895016,6.965284373244522,2.3466837467297244,1482.6666666666667,1482.6666666666663,0.6528402777777779,0.9003333333333333,10.541666666666666,13.566666666666668,3.6666666666666665,8.666666666666666,-1.0,2.309401076758503,3.055050463303893,0.05522190292195083,0.4170285582777321,0.4702489473466198,0.8696811369178219,0.0872155877702067,0.022011852443311285,237.88479004201463,237.88479004201454,0.32551256611724144,0.2447331880504427,5.2727273441581755,3.65558932777375,2.0816659994661326,0.5773502691896255,5.196152422706632,3.0,1
LRL_2025-12-20_2,22009002,LRL_2025-12-20_2_22009002,12.0,1.0,17.058236143016597,17.49269904346794,16.103466183641046,1.389232859826894,7.080859906187501,2.4089193637343866,1209.0,1208.9999999999998,0.15033333333333332,0.0,2.7083333333333335,0.0,1.0,5.0,4.0,13.0,1.0,16.856137045161454,17.41587213211549,15.773977968038817,1.6418941640766684,7.088284368919327,2.377650066899907,1310.85,1310.85,0.19270238095238096,0.0,3.364880952380952,0.0,1.0,5.0,4.0,1.4142135623730951,0.0,0.28581128513011195,0.10864965998987408,0.46596670314678196,0.35731704315690604,0.010499775888681078,0.04422146366919122,144.0376513276996,144.03765132769985,0.059918881767688656,0.0,0.9284985472009067,0.0,0.0,0.0,0.0,2.0,1
LRL_2025-12-20_2,21010163,LRL_2025-12-20_2_21010163,12.0,5.0,16.916645548957515,17.932692393126015,15.312514569789336,2.620177823336679,7.1812950269824745,2.3540180655815526,1212.1,1212.1,0.17416666666666666,1.093,2.566666666666667,15.5,1.0,5.0,-4.0,12.0,5.0,16.916645548957515,17.932692393126015,15.312514569789336,2.620177823336679,7.1812950269824745,2.3540180655815526,1212.1,1212.1,0.17416666666666666,1.093,2.566666666666667,15.5,1.0,5.0,-4.0,,,,,,,,,,,,,,,,,,1.0,1
LRL_2025-12-20_2,20011779,LRL_2025-12-20_2_20011779,14.0,6.0,16.70809418781391,17.350872210059013,15.266741188597361,2.0841310214616513,7.188125523852195,2.3221335532904144,1415.3999999999996,1415.3999999999996,0.6270714285714286,0.7,10.60714285714286,9.5,3.0,8.0,2.0,14.0,6.0,16.70809418781391,17.350872210059013,15.266741188597361,2.0841310214616513,7.188125523852195,2.3221335532904144,1415.3999999999996,1415.3999999999996,0.6270714285714286,0.7,10.60714285714286,9.5,3.0,8.0,2.0,,,,,,,,,,,,,,,,,,1.0,1
LRL_2025-12-20_2,21008169,LRL_2025-12-20_2_21008169,16.0,1.0,16.555781480215252,16.38718548052196,16.753435543502142,-0.3662500629801819,7.206168965310491,2.299971402627086,1611.4,1611.3999999999996,0.20256249999999998,0.0,3.3625000000000003,0.0,1.0,4.0,1.0,16.666666666666668,2.6666666666666665,16.535634797129592,16.780947331245596,16.014550967507788,0.7663963637378105,7.152691736458654,2.3130763905304135,1678.1000000000001,1678.0999999999997,0.23825462962962962,0.6956666666666665,3.847916666666667,10.233333333333333,1.3333333333333333,4.333333333333333,0.0,1.1547005383792517,2.0816659994661326,0.17103049729505376,0.37918326148566744,0.7469259500741531,1.0051513293507066,0.15662646740600678,0.026289407293947385,115.96107105403924,115.96107105403951,0.057755813605840874,0.602574753315581,1.0018407537295206,8.869235216935751,0.5773502691896257,0.5773502691896257,2.6457513110645907,3.0,1
LRL_2025-12-20_2,21007720,LRL_2025-12-20_2_21007720,12.0,1.0,16.9014771514543,17.3190228520109,15.998998813781967,1.320024038228933,7.589642255139188,2.226029888146875,1215.8999999999999,1215.8999999999999,0.07791666666666666,0.0,1.375,0.0,1.0,4.0,3.0,12.0,3.0,16.941674446788184,17.590726858071093,15.829701020907574,1.7610258371635172,7.575501467810027,2.235144568812503,1214.85,1214.85,0.11408333333333333,0.412,1.8833333333333333,6.15,1.0,4.5,0.5,0.0,2.8284271247461903,0.056847560231893676,0.38424749032142647,0.23942323476279653,0.6236707250842217,0.019998093223533443,0.012890105014030689,1.4849242404916856,1.4849242404916856,0.05114739050582694,0.5826559876977151,0.7188918942063233,8.697413408594535,0.0,0.7071067811865476,3.5355339059327378,2.0,1
LRL_2025-12-20_2,21010862,LRL_2025-12-20_2_21010862,16.0,3.0,16.104393157933913,16.727422382954007,15.279608480180007,1.4478139027739996,7.005764063296735,2.298930153735535,1613.6,1613.5999999999997,0.258875,0.855,4.025,11.6,2.0,5.0,1.0,15.333333333333334,2.6666666666666665,16.268400554115246,16.862605572776978,15.326532234178883,1.536073338598096,7.054622422150381,2.3052682127380932,1548.0,1547.9999999999998,0.7268287037037037,1.1263333333333334,11.566666666666665,15.0,2.3333333333333335,6.0,2.6666666666666665,3.055050463303893,1.5275252316519468,0.6266035940046141,0.595657753281502,0.764671209707063,0.19514319114481027,0.12578161946949917,0.04898655740340145,305.23356630619776,305.2335663061976,0.6923145443402451,1.2836901235630558,10.637084630877222,16.957594168985175,1.5275252316519468,1.0,2.0816659994661326,3.0,1
LRL_2025-12-20_2,22003263,LRL_2025-12-20_2_22003263,17.0,7.0,15.99594318778982,16.551702940029564,14.978876601376209,1.5728263386533552,7.229514638888627,2.2124726263996024,1713.6999999999998,1713.7,1.4105882352941177,3.43,21.94705882352941,48.3,3.0,7.0,-2.0,15.333333333333334,7.666666666666667,16.65148487289809,16.772499228551908,16.095280279160374,0.6772189493915336,7.308175720212561,2.2806920561448387,1548.4333333333332,1548.4333333333334,1.644529411764706,2.1293333333333333,27.468627450980392,31.566666666666663,5.666666666666667,9.333333333333334,-0.3333333333333333,2.8867513459481287,2.081665999466133,0.5680660579168777,0.2925817644895954,0.9773928964567485,0.8570958032131126,0.112486377366057,0.06453938969646614,290.2430935153036,290.2430935153037,0.5455168242468164,1.291108567601243,9.865725390744588,17.95447947820636,2.5166114784235836,2.5166114784235836,2.886751345948129,3.0,1
LRL_2025-12-20_3,23008213,LRL_2025-12-20_3_23008213,12.0,4.0,16.5425246809661,18.066674985995395,15.074929797103863,2.9917451888915316,7.071315939706196,2.3375589950174267,1213.7,1213.6999999999998,1.0295833333333333,2.71,15.725,38.1,3.0,4.0,0.0,12.0,4.0,16.5425246809661,18.066674985995395,15.074929797103863,2.9917451888915316,7.071315939706196,2.3375589950174267,1213.7,1213.6999999999998,1.0295833333333333,2.71,15.725,38.1,3.0,4.0,0.0,,,,,,,,,,,,,,,,,,1.0,1
LRL_2025-12-20_3,23007473,LRL_2025-12-20_3_23007473,,,,,,,,,,,,,,,,,,,,,,,,,,,,,,,,,,,,,,,,,,,,,,,,,,,,0.0,0
LRL_2025-12-20_3,23006925,LRL_2025-12-20_3_23006925,14.0,2.0,16.289284502972468,16.756048962453725,15.27199939626313,1.4840495661905955,7.279739060355141,2.2377096505675347,1416.3999999999996,1416.3999999999996,0.9424285714285714,0.434,14.964285714285717,5.8,2.0,5.0,1.0,13.0,2.5,16.47891750016729,17.410335772602885,15.281190046847172,2.1291457257557127,7.226315123543404,2.28023387499194,1312.1999999999998,1312.1999999999998,0.800297619047619,1.0595,12.515476190476193,14.75,1.5,4.5,-0.5,1.4142135623730951,0.7071067811865476,0.2681815565063793,0.9253012805947715,0.01299754270298441,0.912303737891787,0.07555285599452087,0.06013833491039165,147.36105319927623,147.36105319927623,0.2010035204901474,0.884590583264371,3.463139640239831,12.6572113832392,0.7071067811865476,0.7071067811865476,2.1213203435596424,2.0,1
LRL_2025-12-20_3,23019680,LRL_2025-12-20_3_23019680,,,,,,,,,,,,,,,,,,,,,,,,,,,,,,,,,,,,,,,,,,,,,,,,,,,,0.0,0
LRL_2025-12-20_3,23008615,LRL_2025-12-20_3_23008615,16.0,6.0,15.334024917960267,16.242857848986098,14.338898206906382,1.903959642079716,6.9966854632762825,2.1921289282885357,1612.6999999999998,1612.6999999999998,0.8189375,2.952,12.25,40.8,6.0,7.0,1.0,14.666666666666666,4.0,15.827134302917472,16.361079912275017,14.906667482909294,1.4544124293657206,7.11941305555634,2.2223170473356686,1482.1666666666667,1482.1666666666667,1.110203765597148,2.4146666666666667,17.382976827094478,33.46666666666667,4.0,8.333333333333334,4.0,3.2145502536643185,2.0,0.5307186613887448,0.1258425936524222,0.7895471285057656,0.6694281262594415,0.1373164712440565,0.03106308630549745,325.83826253731047,325.83826253731047,0.7441290901696136,0.8598106380670881,12.249240415455226,12.875299349270808,2.0,1.5275252316519468,2.6457513110645907,3.0,1
LRL_2025-12-20_3,23007607,LRL_2025-12-20_3_23007607,,,,,,,,,,,,,,,,,,,,,,,,,,,,,,,,,,,,,,,,,,,,,,,,,,,,0.0,0
LRL_2025-12-20_3,23008719,LRL_2025-12-20_3_23008719,14.0,4.0,16.267304297292842,16.73866628022424,15.064652651248057,1.6740136289761836,7.258876602882679,2.242225193181618,1418.0999999999997,1418.1,1.2375,0.989,19.807142857142857,13.3,4.0,9.0,5.0,13.0,3.5,16.5298969928796,17.116104338300268,15.346111479839223,1.7699928584610474,7.272588935779124,2.272380648694231,1319.1999999999998,1319.1999999999998,0.6531666666666667,0.626,10.445238095238095,8.55,2.5,6.5,2.0,1.4142135623730951,0.7071067811865476,0.37136215147890234,0.5337780206868828,0.3980428926432707,0.13573512804361404,0.019392167153927924,0.04264625416547536,139.86572131869892,139.86572131869914,0.8263721249466786,0.5133595231414335,13.239732683930974,6.7175144212722016,2.1213203435596424,3.5355339059327378,4.242640687119285,2.0,1
LRL_2025-12-20_4,20010035,LRL_2025-12-20_4_20010035,12.0,7.0,16.5785635265653,17.679227983790597,15.008456914530836,2.670771069259761,7.042355416027182,2.3505369266114085,1210.2999999999997,1210.3,1.2405833333333334,3.434,19.541666666666668,48.0,7.0,8.0,0.0,14.0,5.666666666666667,16.532134875820915,17.33651876579911,15.31466207462168,2.0218566911774274,7.13221580057287,2.3164169104374044,1413.6666666666663,1413.6666666666667,0.6985962301587302,2.1453333333333333,11.007936507936508,30.400000000000002,4.333333333333333,6.0,-0.6666666666666666,2.0,2.309401076758503,0.20880849823870182,0.5905433780657526,0.26850910511483217,0.7315853377415312,0.08130315323302283,0.04584971149808893,203.20020505239006,203.20020505238992,0.5854779172778561,1.3570115450258091,9.292984663953485,19.03365440476421,3.0550504633038935,2.6457513110645907,1.1547005383792517,3.0,1
LRL_2025-12-20_4,22013665,LRL_2025-12-20_4_22013665,11.0,8.0,17.177508797073525,17.848805755860013,15.723849351175993,2.1249564046840206,6.989805334151511,2.457850058670473,1107.0,1107.0,0.43618181818181817,1.551,7.363636363636363,24.0,2.0,8.0,-3.0,11.666666666666666,6.333333333333333,16.906078385556416,18.029341761231905,15.21168388594734,2.8176578752845653,6.938013813319323,2.4337766580926137,1176.9666666666665,1176.9666666666665,0.34444949494949495,1.7463333333333333,5.44621212121212,25.53333333333333,1.3333333333333333,6.333333333333333,-3.3333333333333335,0.5773502691896255,2.081665999466133,0.30320249956252837,0.21668599395692686,0.6595413679590336,0.8758454839629978,0.06800513249693273,0.02407205826531592,60.60035753469873,60.60035753469873,0.2370419627871347,1.1702907046257067,3.7726042787545495,16.453672335783686,0.5773502691896258,2.081665999466133,0.5773502691896258,3.0,1
LRL_2025-12-20_4,20020171,LRL_2025-12-20_4_20020171,12.0,1.0,17.189175715989204,17.637748924314273,16.54724287451744,1.0905060497968329,7.626151027253759,2.2540411662313313,1211.8,1211.7999999999997,0.11133333333333334,0.0,1.8999999999999997,0.0,1.0,3.0,1.0,12.0,1.0,17.093565548274753,17.655027632599456,16.186215829895268,1.468811802704189,7.55682827339764,2.261843757792149,1213.85,1213.85,0.26158333333333333,0.0,4.591666666666667,0.0,1.0,4.0,2.5,0.0,0.0,0.13521319588254405,0.02443578359719364,0.5105693428881537,0.535005126485348,0.09803717868437553,0.011034530806965849,2.8991378028647805,2.8991378028650217,0.21248558774655754,0.0,3.806591505387582,0.0,0.0,1.4142135623730951,2.1213203435596424,2.0,1
LRL_2025-12-20_4,21000672,LRL_2025-12-20_4_21000672,12.0,4.0,16.85844185087321,17.911321050745283,15.586803949113387,2.324517101631896,7.180395502688724,2.3462657274934857,1212.0,1212.0,0.08108333333333333,0.367,1.3083333333333333,5.4,1.0,4.0,-2.0,12.0,4.5,16.955683283917512,17.63296778601822,15.964168032042824,1.6687997539753985,7.388173114925612,2.296913036710949,1209.8,1209.8,0.5110833333333333,0.753,8.695833333333333,11.149999999999999,3.0,6.0,0.5,0.0,0.7071067811865476,0.13752015343584853,0.39365096210783906,0.5336734040312954,0.9273243661391325,0.2938419171829049,0.069795244644269,3.111269837220873,3.111269837220873,0.6081118318204308,0.5458864350760148,10.44750269203124,8.131727983645295,2.8284271247461903,2.8284271247461903,3.5355339059327378,2.0,1
LRL_2025-12-20_4,16013161,LRL_2025-12-20_4_16013161,12.0,4.0,16.914773194296025,17.77731927031569,15.318446072948895,2.4588731973667954,7.239744823130803,2.3322622383575045,1211.2,1211.2,0.5458333333333333,1.524,8.691666666666668,21.6,2.0,4.0,-2.0,12.0,4.0,16.914773194296025,17.77731927031569,15.318446072948895,2.4588731973667954,7.239744823130803,2.3322622383575045,1211.2,1211.2,0.5458333333333333,1.524,8.691666666666668,21.6,2.0,4.0,-2.0,,,,,,,,,,,,,,,,,,1.0,1
LRL_2025-12-20_4,18011492,LRL_2025-12-20_4_18011492,11.0,2.0,17.82090621226151,18.169944513968947,17.215755509124033,0.9541890048449133,7.295899336369746,2.443153527174696,1109.1000000000001,1109.1000000000001,0.27845454545454545,0.021,4.9363636363636365,0.3,2.0,3.0,1.0,11.0,2.6666666666666665,17.799564681084515,17.9277788312343,17.07524521485799,0.8525336163763093,7.204644119511087,2.4713739301691615,1109.6666666666667,1109.6666666666667,0.23078787878787876,0.20066666666666666,4.121212121212121,3.1333333333333333,2.0,4.333333333333333,1.6666666666666667,0.0,0.5773502691896257,0.025569336020261194,0.21249147233593688,0.12737252009883357,0.08810324259540388,0.07916022322262067,0.02447861658694477,0.6027713773340407,0.6027713773340753,0.07152415839532666,0.15657692465153775,1.310867901677123,2.4664414311581235,0.0,2.309401076758503,2.0816659994661326,3.0,1
LRL_2025-12-20_4,18007223,LRL_2025-12-20_4_18007223,12.0,2.0,16.84555083265538,17.974236682467783,15.000657297552447,2.973579384915336,6.865776249213748,2.448940777587814,1209.3,1209.3,0.022000000000000002,0.004,0.39999999999999997,0.1,1.0,5.0,3.0,12.0,4.0,16.95030701500493,18.102065701755627,15.149442011243162,2.9526236905124676,6.874851930442352,2.462114373581369,1211.75,1211.75,0.06441666666666666,0.488,0.9916666666666666,7.1499999999999995,1.0,5.5,-1.0,0.0,2.8284271247461903,0.14814761382116232,0.18077753274172276,0.21041335997520644,0.029635827233482414,0.0128349514812672,0.018630278119309267,3.4648232278140667,3.464823227814147,0.059986225270658784,0.684479364188578,0.8367430244040811,9.97020561473032,0.0,0.7071067811865476,5.656854249492381,2.0,1
LRL_2025-12-20_4,20006451,LRL_2025-12-20_4_20006451,12.0,5.0,16.54734586336931,17.473927239316357,15.448154904271892,2.025772335044465,7.092625388364863,2.331610918578592,1211.1999999999998,1211.1999999999998,1.0684166666666666,2.571,17.241666666666667,38.0,5.0,7.0,1.0,12.333333333333334,6.333333333333333,16.89126470065227,17.436812205268115,16.03674802797372,1.400064177294399,7.169351146585146,2.3562276535287876,1245.9666666666665,1245.9666666666665,0.7847687590187591,1.8630000000000002,12.966702741702742,28.233333333333334,3.6666666666666665,7.333333333333333,-2.0,1.5275252316519468,2.309401076758503,0.6245018048785179,0.44526978415507684,0.6957477412975033,0.5426774804450706,0.165198970395962,0.03366475895491461,153.0409857957446,153.0409857957446,0.24599676801951817,0.6344422747579169,3.7102267898589507,8.599030953155903,1.1547005383792517,1.5275252316519465,3.0,3.0,1
LRL_2025-12-20_5,21007291,LRL_2025-12-20_5_21007291,16.0,2.0,17.15306085049417,17.301231610513497,16.59823858528352,0.7029930252299756,7.407054948947367,2.3174126838072198,1611.6,1611.6,0.013312500000000001,0.075,0.21250000000000002,1.1,1.0,2.0,-1.0,14.666666666666666,1.6666666666666667,17.15363339563008,17.49711977410569,16.33711093229219,1.160008841813499,7.456747163096684,2.3009596948506434,1480.6666666666663,1480.6666666666663,0.07405654761904762,0.043000000000000003,1.3113095238095238,0.6333333333333334,1.0,3.0,1.0,1.1547005383792515,0.5773502691896258,0.2133965955688614,0.462013523324732,0.22703728233746687,0.5695870124071949,0.05732994376020273,0.022600725161308535,113.42867068485532,113.42867068485532,0.0549232943874368,0.03869108424430621,0.9866654529202867,0.5686240703077328,0.0,1.0,2.0,3.0,1
LRL_2025-12-20_5,22013479,LRL_2025-12-20_5_22013479,14.0,3.0,16.813806814479967,16.730903622882476,15.993351956478785,0.7375516664036912,7.4430507412907945,2.2583200931741056,1414.4999999999998,1414.4999999999998,1.173357142857143,0.12,19.985714285714288,1.7,3.0,9.0,6.0,12.666666666666666,2.6666666666666665,17.051356898020895,17.201352362629105,16.394091302199797,0.8072610604293052,7.4883864646460765,2.2773966102078504,1281.3,1281.3,0.8566468253968255,0.328,14.673015873015876,4.833333333333333,2.6666666666666665,8.333333333333334,5.0,1.1547005383792517,1.5275252316519468,0.20596725104064265,0.41678795082169795,0.34705354824067697,0.1054031626106849,0.05994021181093514,0.022148358381630328,115.391030847289,115.391030847289,0.30747111619164996,0.46805127924192236,5.114328019984049,6.9514986393822555,1.5275252316519468,0.5773502691896255,2.6457513110645907,3.0,1
LRL_2025-12-20_5,22007555,LRL_2025-12-20_5_22007555,12.0,1.0,17.375817452544055,17.640996209207618,16.73238416019687,0.908612049010749,7.32682247469126,2.3689341675862776,1212.1,1212.1,0.30050000000000004,0.0,5.358333333333333,0.0,1.0,4.0,3.0,12.333333333333334,3.0,17.481851061769166,17.670977035745562,16.605521418589316,1.0654556171562486,7.264488637404868,2.4050041685425505,1247.3,1247.3,0.3689675324675325,0.22666666666666668,6.60515873015873,3.6666666666666665,2.6666666666666665,5.666666666666667,2.0,1.5275252316519468,3.4641016151377544,0.27870200385460264,0.4222511372685243,0.5507611031007467,0.9706943096648087,0.07605787552739493,0.06207585602754877,154.73257575572103,154.73257575572103,0.2349493933768212,0.39259818304894556,4.212180051929344,6.3508529610858835,2.886751345948129,2.081665999466133,1.7320508075688772,3.0,1
LRL_2025-12-20_5,21010815,LRL_2025-12-20_5_21010815,14.0,1.0,17.379086667800372,17.72024259673084,16.733915899647165,0.9863266970836762,7.553341551439121,2.3037488916982545,1410.8999999999996,1410.8999999999996,0.005714285714285714,0.0,0.10714285714285714,0.0,1.0,2.0,1.0,16.0,2.0,16.877848215096872,16.95323737651914,16.713337240916992,0.23990013560214507,7.475243068759358,2.259592402054649,1617.2499999999995,1617.2499999999995,0.020884920634920635,0.2215,0.33134920634920634,3.35,1.0,2.5,-0.5,2.8284271247461903,1.4142135623730951,0.7088582177961953,1.084709184834353,0.029102618271654467,1.0556065665626961,0.11044793340648149,0.062446706520773734,291.8229685956883,291.8229685956883,0.021454517654572788,0.3132483040656406,0.3170756598177773,4.737615433949869,0.0,0.7071067811865476,2.1213203435596424,2.0,1
LRL_2025-12-20_5,21013111,LRL_2025-12-20_5_21013111,16.0,8.0,16.305253331693862,16.59430375487424,15.4701557720707,1.1241479828035388,7.247512292492556,2.251388069332856,1617.4,1617.3999999999999,0.8298125000000001,2.285,13.23125,33.1,4.0,8.0,-3.0,16.0,7.0,16.555246408647548,16.997598256736545,15.44244116856529,1.5551570881712546,7.360187716545986,2.2502921816459,1616.85,1616.85,0.8260624999999999,2.2725,13.396875,33.0,4.5,7.0,-2.0,0.0,1.4142135623730951,0.35354359992728357,0.5703445541641736,0.039194368153144525,0.6095389223173181,0.15934711284250036,0.0015498192297307126,0.7778174593053792,0.7778174593052183,0.005303300858899268,0.01767766952966394,0.23422912126804438,0.14142135623731153,0.7071067811865476,1.4142135623730951,1.4142135623730951,2.0,1
LRL_2025-12-20_6,19016903,LRL_2025-12-20_6_19016903,15.0,3.0,16.75740104734407,17.660825193265108,15.877812166916803,1.7830130263483053,7.36825877847475,2.274437889165395,1466.8999999999996,1466.8999999999999,0.6256666666666665,0.43,10.240000000000002,5.9,3.0,7.0,4.0,14.0,2.6666666666666665,16.990513974396325,17.596634434955376,15.87737983969087,1.719254595264508,7.346550545137737,2.3129109514430093,1398.233333333333,1398.233333333333,0.5711782661782662,0.848,9.412417582417584,11.799999999999999,2.3333333333333335,5.666666666666667,2.3333333333333335,1.0,1.5275252316519468,0.4224060791917628,0.2923930013658353,0.8222951215145817,0.5380758443935048,0.1677627796798354,0.03335951839063831,74.87712156148449,74.87712156148473,0.3281903875821566,1.117269886822338,5.087821157187115,15.609932735281085,1.1547005383792515,1.1547005383792517,2.8867513459481287,3.0,1
LRL_2025-12-20_6,19015690,LRL_2025-12-20_6_19015690,,,,,,,,,,,,,,,,,,,,,,,,,,,,,,,,,,,,,,,,,,,,,,,,,,,,0.0,0
LRL_2025-12-20_6,22018757,LRL_2025-12-20_6_22018757,14.0,7.0,16.210303204517125,17.085855704016925,14.633593926607258,2.4522617774096673,6.962611590113374,2.327031246440755,1418.0999999999997,1418.0999999999997,0.9618571428571429,3.054,14.828571428571431,43.2,3.0,7.0,-4.0,15.5,4.0,16.1913377863215,16.937975496217156,14.827657664338396,2.110317831878759,7.048340908843485,2.2970231012748483,1569.8999999999999,1569.8999999999996,0.4951344537815126,1.527,7.643697478991598,21.6,2.0,5.0,-1.0,2.1213203435596424,4.242640687119285,0.026821151628328346,0.20913419547698514,0.27444756986419294,0.48358176534117747,0.12123956524112929,0.04243792587528568,214.6776187682361,214.67761876823602,0.6600455567579975,2.159504109743716,10.160946183436945,30.547012947258857,1.4142135623730951,2.8284271247461903,4.242640687119285,2.0,1
LRL_2025-12-20_6,22008378,LRL_2025-12-20_6_22008378,17.0,1.0,16.126404774267296,16.259491472955663,15.517135037594025,0.7423564353616374,7.073967050703101,2.2808034853609165,1719.3999999999999,1719.3999999999999,0.02529411764705882,0.0,0.4117647058823529,0.0,1.0,2.0,1.0,15.5,3.0,16.572643496214134,17.379110683074252,15.25291571573863,2.126194967335624,7.148880670616018,2.3179608935975957,1567.8999999999996,1567.8999999999996,0.4181113445378151,1.506,6.3880252100840345,21.0,1.5,4.0,0.0,2.1213203435596424,2.8284271247461903,0.6310768526332529,1.5833806716431624,0.3736625484089215,1.9570432200520858,0.10594385728731008,0.05254851067094552,214.25335469952412,214.25335469952412,0.5555274498026969,2.1298056249338813,8.451708657316688,29.698484809834994,0.7071067811865476,2.8284271247461903,1.4142135623730951,2.0,1
LRL_2025-12-20_6,21014582,LRL_2025-12-20_6_21014582,17.0,2.0,15.642678474152216,16.08771117735727,15.091820644532977,0.9958905328242942,6.94759325553697,2.2513487700724055,1712.7999999999997,1712.7999999999997,1.178,0.88,18.211764705882352,11.7,2.0,8.0,6.0,17.0,2.6666666666666665,15.842117382248789,15.883240504934578,15.472642043980239,0.41059846095433983,6.95464256331469,2.2778359428848343,1716.333333333333,1716.3333333333333,1.0508449074074073,0.8796666666666667,16.637486383442265,12.333333333333334,3.0,6.666666666666667,3.6666666666666665,1.0,1.1547005383792515,0.25672134210612224,0.2329135780784291,0.43248378633178947,0.5229053122225688,0.053467042541733005,0.02489515330187096,102.04588837054288,102.04588837054322,0.11030856000844552,0.3305001260715846,1.364510644129188,5.1791247651831425,1.0,1.1547005383792515,2.0816659994661326,3.0,1
LRL_2025-12-20_6,21015936,LRL_2025-12-20_6_21015936,17.0,4.0,16.00256271405452,16.19231194876754,15.240458830202817,0.9518531185647223,6.912611320644082,2.314709244464596,1719.6999999999998,1719.6999999999998,0.2771176470588235,0.845,4.276470588235294,12.1,1.0,4.0,-3.0,15.666666666666666,3.3333333333333335,16.307102940484302,16.82187295741053,15.674407877287736,1.1474650801227952,7.017048134653056,2.324295749647575,1583.9333333333332,1583.9333333333332,0.12461362044817927,0.531,1.949894957983193,8.066666666666666,1.0,4.0,-2.0,1.5275252316519468,2.0816659994661326,0.3067203635784534,0.5629035269021244,0.791208647005164,0.8532458475245479,0.1158175381818238,0.008303785660761374,153.67349587138762,153.67349587138747,0.1354535637423372,0.4624099912415388,2.076200683170814,6.985938257194472,0.0,1.0,1.7320508075688772,3.0,1
LRL_2025-12-20_6,21017680,LRL_2025-12-20_6_21017680,13.0,5.0,16.326342313790562,17.875595457861706,14.530948115806932,3.344647342054774,7.131476798701922,2.2850261435920314,1312.7999999999997,1312.7999999999997,0.9732307692307693,2.673,15.246153846153845,38.3,4.0,5.0,-1.0,15.0,5.333333333333333,16.71107041285536,17.236725750183805,15.80440138770964,1.4323243624741622,7.301793603377324,2.287598590044968,1511.9666666666665,1511.9666666666665,0.9568060897435897,1.6286666666666667,15.865384615384615,24.333333333333332,4.333333333333333,6.666666666666667,-0.3333333333333333,1.7320508075688772,4.509249752822894,0.387087436729728,0.6597568504588568,1.103478411890018,1.687123104321077,0.191988958559587,0.011914274305614266,172.48502350445798,172.48502350445776,0.7646010706889933,1.4290963345181924,12.948609628418474,21.15001970054244,3.5118845842842465,2.886751345948129,2.0816659994661326,3.0,1
LRL_2025-12-20_6,20016744,LRL_2025-12-20_6_20016744,16.0,1.0,17.078623244573468,16.548977437449274,17.48460300158809,-0.9356255641388174,7.922576404490272,2.1577264885911647,1619.9,1619.9,0.1583125,0.0,2.65,0.0,1.0,3.0,2.0,16.5,3.0,16.743294970918164,16.652412268212693,16.911229631342913,-0.2588173631302215,7.809045888557392,2.1451346787956442,1671.0,1671.0,0.5692738970588236,0.185,9.32205882352941,2.75,3.0,5.5,1.5,0.7071067811865476,2.8284271247461903,0.4742257924504854,0.1462789404873917,0.8108723965043017,0.9571513369916921,0.16055639537549254,0.017807508187647546,72.26631303726502,72.26631303726495,0.5811871813323829,0.2616295090390226,9.435716077186369,3.8890872965260113,2.8284271247461903,3.5355339059327378,0.7071067811865476,2.0,1
LRL_2025-12-20_6,20001190,LRL_2025-12-20_6_20001190,17.0,2.0,16.057428594249046,16.056258400771753,15.634109627773956,0.4221487729977973,6.760995954932364,2.3754505629293026,1720.5,1720.5,0.6325294117647059,0.551,9.988235294117645,7.9,2.0,7.0,2.0,17.0,2.0,16.057428594249046,16.056258400771753,15.634109627773956,0.4221487729977973,6.760995954932364,2.3754505629293026,1720.5,1720.5,0.6325294117647059,0.551,9.988235294117645,7.9,2.0,7.0,2.0,,,,,,,,,,,,,,,,,,1.0,1
LRL_2025-12-20_7,21012274,LRL_2025-12-20_7_21012274,13.0,3.0,16.61516503172582,18.135850387478747,14.813151494645973,3.322698892832774,6.743183601841716,2.460594306226165,1314.6999999999998,1314.6999999999998,0.2589230769230769,1.284,3.907692307692308,18.4,1.0,3.0,0.0,12.5,3.0,16.837824676583743,18.108071469018615,15.274943617989585,2.8331278510290305,6.792296322578243,2.4762745034652056,1262.4499999999998,1262.4499999999998,0.19558653846153845,1.105,2.9621794871794878,16.0,1.0,3.0,-0.5,0.7071067811865476,0.0,0.31488828955125114,0.039285323234375676,0.6530726838296043,0.6923580070639793,0.06945587575063812,0.02217514759613681,73.89265863399422,73.89265863399413,0.08957139168607287,0.25314422766478406,1.3371570541668685,3.3941125496954268,0.0,0.0,0.7071067811865476,2.0,1
LRL_2025-12-20_7,22009021,LRL_2025-12-20_7_22009021,14.0,3.0,16.61375509494059,17.101922134565093,15.311519447801466,1.7904026867636276,7.282030404768948,2.279689973947479,1412.9999999999998,1412.9999999999998,0.16121428571428573,0.47,2.65,6.6,1.0,5.0,2.0,14.0,2.0,16.710266216127167,17.133636646502598,15.799368609671923,1.3342680368306752,7.432874427028667,2.248717420175974,1412.3999999999996,1412.3999999999996,0.3458214285714286,0.235,5.789285714285715,3.3,1.0,8.0,6.0,0.0,1.4142135623730951,0.136487336501889,0.04485109290606278,0.689922901109548,0.6450718082034852,0.21332566208260326,0.043801805604992305,0.8485281374239696,0.8485281374239696,0.2610739251395189,0.3323401871576773,4.439620433306966,4.666904755831213,0.0,4.242640687119285,5.656854249492381,2.0,1
LRL_2025-12-20_7,21006052,LRL_2025-12-20_7_21006052,13.0,2.0,16.763305433531244,18.13941435216564,15.445728927865012,2.6936854243006287,7.173262285600383,2.335145952202324,1309.7999999999997,1309.7999999999997,0.03892307692307692,0.019,0.6384615384615385,0.3,1.0,3.0,-1.0,15.333333333333334,1.3333333333333333,16.588253561706747,17.36617824700519,15.715245717598705,1.650932529406487,7.157096408622078,2.3186214038992325,1535.7666666666664,1535.7666666666664,0.03725744720965309,0.006333333333333333,0.633776395173454,0.09999999999999999,1.0,2.6666666666666665,0.0,2.0816659994661326,0.5773502691896257,0.15172608958110909,0.729303078686042,0.45410442463623846,1.1294962027029165,0.10772648948584523,0.03398549986488044,199.33866492312364,199.3386649231237,0.007159682562226105,0.01096965511460289,0.137376108716997,0.17320508075688773,0.0,0.5773502691896257,1.0,3.0,1
LRL_2025-12-20_7,20016866,LRL_2025-12-20_7_20016866,12.0,5.0,16.6720762290478,17.485232643735326,15.260059465168831,2.2251731785664948,7.085520388973176,2.35129405577474,1208.6,1208.6,0.22558333333333333,0.653,3.6583333333333328,9.2,2.0,5.0,-2.0,11.5,4.0,16.761846885942013,17.327628383408232,15.600589512664573,1.7270388707436597,7.160550576694778,2.3413959813831453,1159.25,1159.25,0.4384280303030303,1.158,7.042803030303031,16.549999999999997,2.5,5.5,0.5,0.7071067811865476,1.4142135623730951,0.1269548804829371,0.22288608244235525,0.48158221156403286,0.7044682940063874,0.10610870906328877,0.013997991045971254,69.79143930311211,69.79143930311211,0.301007857133737,0.714177848998413,4.786362946895307,10.394469683442246,0.7071067811865476,0.7071067811865476,3.5355339059327378,2.0,1
LRL_2025-12-20_7,22013715,LRL_2025-12-20_7_22013715,14.0,1.0,16.723171842953697,16.97753453772973,15.850229510826212,1.1273050269035192,7.118835692537316,2.3498768952049427,1416.8999999999996,1416.8999999999996,0.3207142857142857,0.0,5.421428571428572,0.0,1.0,7.0,6.0,13.0,1.0,16.902162558201,17.0645442262506,16.308973550261985,0.7555706759886158,7.172759777832571,2.3577327946185265,1313.5499999999997,1313.5499999999997,0.32714880952380954,0.0,5.560714285714285,0.0,1.0,6.5,5.5,1.4142135623730951,0.0,0.25313109704159653,0.12305028156407137,0.6487620422278877,0.5257117606638156,0.07626017276311281,0.011109919495329024,146.15897167125925,146.15897167125925,0.00909979083884122,0.0,0.19697974618768008,0.0,0.0,0.7071067811865476,0.7071067811865476,2.0,1
LRL_2025-12-20_7,22013268,LRL_2025-12-20_7_22013268,12.0,3.0,16.6492931224825,17.22443035923461,15.43929886168445,1.785131497550159,7.135480510688396,2.332733541732924,1207.8999999999999,1207.9,0.1605,0.418,2.4916666666666667,5.9,1.0,3.0,0.0,12.0,2.3333333333333335,17.007760476478904,17.977606312192552,15.524994111020625,2.4526122011719274,7.244014169343273,2.346141073585738,1210.4666666666665,1210.4666666666665,0.29230555555555554,0.953,4.566666666666667,13.799999999999999,1.0,2.6666666666666665,-0.3333333333333333,0.0,1.1547005383792515,0.40486068888202054,0.7551591699938072,0.13969431556692766,0.6347368277991534,0.10146463120777832,0.025467464807126482,2.3158871590243497,2.315887159024192,0.37119490175996833,1.3054842013597865,5.798006122797733,19.022880959518197,0.0,0.5773502691896258,1.5275252316519468,3.0,1
LRL_2025-12-20_7,22009796,LRL_2025-12-20_7_22009796,14.0,2.0,16.744657853895013,17.57212745760305,15.649612224822885,1.9225152327801638,6.806897593673901,2.4598555033861538,1411.4999999999998,1411.5,0.04757142857142856,0.304,0.7642857142857142,4.3,1.0,2.0,-1.0,14.0,2.0,16.744657853895013,17.57212745760305,15.649612224822885,1.9225152327801638,6.806897593673901,2.4598555033861538,1411.4999999999998,1411.5,0.04757142857142856,0.304,0.7642857142857142,4.3,1.0,2.0,-1.0,,,,,,,,,,,,,,,,,,1.0,1
LRL_2025-12-20_7,22009436,LRL_2025-12-20_7_22009436,12.0,1.0,16.57074488626414,17.694591550767907,14.972837641178819,2.721753909589088,6.980951056374483,2.3704077916073207,1210.8999999999999,1210.8999999999999,0.0,0.0,0.0,0.0,1.0,1.0,0.0,12.0,1.0,16.739768328745942,17.58879742065131,15.534182985117972,2.0546144355333373,7.0734182333061515,2.364778651130271,1210.35,1210.35,0.0,0.0,0.0,0.0,1.0,1.0,0.0,0.0,0.0,0.23903524471675253,0.14961549363035412,0.7938621985737416,0.9434776922040964,0.1307683356911182,0.007960806807147289,0.777817459305138,0.777817459305138,0.0,0.0,0.0,0.0,0.0,0.0,0.0,2.0,1
LRL_2025-12-20_8,22008556,LRL_2025-12-20_8_22008556,18.0,1.0,16.19492967198257,16.965697150315293,15.157129310201539,1.8085678401137546,7.131565508484637,2.271991954284112,1829.6,1829.6,0.431,0.0,7.0777777777777775,0.0,1.0,4.0,2.0,18.0,1.0,16.29124388641336,16.47580273928802,16.068753581850657,0.40704915743736336,7.148079868663627,2.280126867070757,1823.4499999999998,1823.4499999999998,0.29780555555555555,0.0,4.886111111111111,0.0,1.0,3.5,1.5,0.0,0.0,0.13620886829732995,0.6928153202055486,1.2892314087546781,1.9820467289602266,0.023354832139042294,0.011504503991595697,8.697413408594663,8.697413408594663,0.18836538976608308,0.0,3.099484724201033,0.0,0.0,0.7071067811865476,0.7071067811865476,2.0,1
LRL_2025-12-20_8,20013355,LRL_2025-12-20_8_20013355,,,,,,,,,,,,,,,,,,,,,,,,,,,,,,,,,,,,,,,,,,,,,,,,,,,,0.0,0
LRL_2025-12-20_8,20008679,LRL_2025-12-20_8_20008679,18.0,2.0,16.39846258575801,15.869562680073853,17.124129037016043,-1.25456635694219,7.238806463266703,2.26586595202737,1817.8999999999996,1817.8999999999996,0.563888888888889,0.144,9.233333333333333,2.2,2.0,6.0,3.0,17.333333333333332,2.0,16.590861220799827,16.184568712525543,16.6961215551658,-0.5115528426402568,7.204361244818712,2.3034436907928044,1749.033333333333,1749.0333333333328,0.4505231481481482,0.289,7.511342592592594,4.5,2.0,4.0,1.6666666666666667,1.1547005383792517,1.0,0.1773470667136229,0.42190427951544285,0.38588846730792414,0.773452686647001,0.08007873567140456,0.03630672588565289,117.63895329920821,117.63895329920844,0.22749099677500023,0.38268916890865884,3.753098021570508,5.990826320300064,1.0,1.7320508075688772,1.5275252316519468,3.0,1
LRL_2025-12-20_8,21012937,LRL_2025-12-20_8_21012937,18.0,3.0,15.992188264707702,17.08627346450731,14.579759757808892,2.506513706698419,7.180861836825416,2.2264730514328117,1818.4999999999998,1818.4999999999998,0.08572222222222221,0.978,1.1555555555555557,12.9,1.0,3.0,-2.0,17.0,5.333333333333333,16.603042028690727,16.707070950326568,16.253371744615922,0.45369920571064704,7.483557866014671,2.219753409383056,1716.0666666666666,1716.0666666666664,0.39965127995642696,0.8206666666666665,6.6777096949891055,12.200000000000001,3.0,5.333333333333333,-2.0,1.0,2.0816659994661326,0.5361280901524231,0.43174189557143244,1.4555378088325772,1.7838274234653053,0.26342274683578554,0.007134725023744604,101.174420350864,101.17442035086414,0.35826331313834314,0.17765509655884723,6.2217961320699136,1.8520259177452136,2.6457513110645907,2.0816659994661326,1.0,3.0,1
LRL_2025-12-20_8,22009309,LRL_2025-12-20_8_22009309,14.0,6.0,16.633471141121046,16.93152203065929,15.510236061804761,1.42128596885453,7.614525245337141,2.1827898097537353,1410.5999999999997,1410.5999999999997,0.9162142857142858,0.716,15.264285714285714,10.3,5.0,7.0,1.0,17.0,4.666666666666667,16.346683383145265,16.941675097696315,15.26493781667511,1.676737281021205,7.471129312264168,2.1873215488791864,1714.7999999999995,1714.8,0.7179983291562239,1.276,11.63595098858257,18.3,4.0,6.666666666666667,1.0,2.6457513110645907,3.214550253664318,0.2551705915591982,0.1749794033630107,0.29984603086765,0.4452221998782713,0.13632139321889306,0.009959565620299602,268.39321899034627,268.3932189903463,0.6241278702151527,1.62982698468273,10.000487823215295,23.351445351412405,2.6457513110645907,2.516611478423583,2.0,3.0,1
LRL_2025-12-20_9,23001038,LRL_2025-12-20_9_23001038,12.0,7.0,16.947497660524714,17.600269654815527,16.138527860225594,1.4617417945899334,6.935802075355407,2.4438105835357677,1215.3999999999999,1215.3999999999999,0.5843333333333334,1.264,9.741666666666667,19.2,6.0,8.0,-1.0,12.0,7.0,17.06573423969356,17.825755329420023,16.215443432025715,1.6103118973943058,7.018062808364092,2.4323054259904393,1212.7999999999997,1212.7999999999997,0.6266666666666667,1.1955,10.45,18.1,4.5,7.5,-2.5,0.0,0.0,0.16721177382917937,0.31888489914652446,0.10877504479741472,0.2101098543491085,0.11633424427163395,0.016270749837842623,3.6769552621701598,3.6769552621701598,0.05986837414046102,0.09687362902255703,1.0017346066809412,1.5556349186104028,2.1213203435596424,0.7071067811865476,2.1213203435596424,2.0,1
LRL_2025-12-20_9,23001458,LRL_2025-12-20_9_23001458,17.0,7.0,15.99605258786014,16.505279294163046,15.128054601708271,1.3772246924547744,7.0158592534340425,2.281874202274577,1680.3999999999999,1680.3999999999999,1.4673529411764705,2.354,23.3,33.3,6.0,9.0,2.0,14.5,6.5,15.995373423250097,16.38261946171725,15.206358638025893,1.1762608236913588,6.952695762104923,2.3022019895085117,1448.5499999999997,1448.5499999999997,2.142551470588235,3.348,34.22916666666667,46.4,6.0,8.0,1.5,3.5355339059327378,0.7071067811865476,0.0009604838026063677,0.1734671986032541,0.11073863014893572,0.2842058287521892,0.08932666608447677,0.02874783239926526,327.8854144362022,327.8854144362022,0.9548749175884866,1.4057282809988563,15.456175725435957,18.526197667087548,0.0,1.4142135623730951,0.7071067811865476,2.0,1
LRL_2025-12-20_9,23006398,LRL_2025-12-20_9_23006398,,,,,,,,,,,,,,,,,,,,,,,,,,,,,,,,,,,,,,,,,,,,,,,,,,,,0.0,0
LRL_2025-12-20_9,23008625,LRL_2025-12-20_9_23008625,11.0,4.0,16.39022707800027,16.863433758922863,15.504304555012814,1.359129203910049,6.847449682380939,2.394992688182873,1119.2,1119.2,1.1685454545454543,2.202,18.681818181818183,32.1,3.0,5.0,0.0,11.0,4.0,16.39022707800027,16.863433758922863,15.504304555012814,1.359129203910049,6.847449682380939,2.394992688182873,1119.2,1119.2,1.1685454545454543,2.202,18.681818181818183,32.1,3.0,5.0,0.0,,,,,,,,,,,,,,,,,,1.0,1
LRL_2025-12-20_9,23017895,LRL_2025-12-20_9_23017895,11.0,5.0,16.341896656874745,16.807416604489127,15.252277076312234,1.555139528176893,6.868465128408503,2.3795075365639193,1116.0,1116.0,1.103909090909091,2.234,17.700000000000003,32.5,2.0,5.0,0.0,11.5,6.5,16.056540917081385,17.270079621700674,14.288275266492622,2.9818043552080518,6.7558868190267045,2.372264773799414,1165.65,1165.65,1.0709128787878788,3.654,16.308333333333334,51.4,1.5,6.5,-3.5,0.7071067811865476,2.1213203435596424,0.4035539573167781,0.6543043137490263,1.3633044335991042,2.0176087473481306,0.15920977195677363,0.010242813330614569,70.21570337182422,70.21570337182422,0.046663690688757774,2.0081832585697947,1.9681138743025604,26.728636328851493,0.7071067811865476,2.1213203435596424,4.949747468305833,2.0,1
LRL_2025-12-20_9,23016487,LRL_2025-12-20_9_23016487,12.0,3.0,16.30342244519882,17.399573554949885,14.803532935052285,2.5960406198976003,6.81556022890663,2.391850217255541,1216.6999999999998,1216.7,0.6264166666666666,0.912,9.950000000000001,12.3,2.0,6.0,2.0,12.0,3.5,16.2973161542688,17.572031756461392,14.617230839542263,2.954800916919127,6.829712467168147,2.38375351331538,1214.7999999999997,1214.8,0.7535833333333333,1.361,11.820833333333333,17.700000000000003,3.0,6.0,1.0,0.0,0.7071067811865476,0.008635599449032015,0.24389272752004387,0.2634709501688009,0.5073636776888429,0.020014287287372007,0.011450468522695267,2.687005768508929,2.6870057685090094,0.17984082468177862,0.6349818895055196,2.645757872939663,7.636753236814715,1.4142135623730951,0.0,1.4142135623730951,2.0,1
LRL_2025-12-21_1,22008620,LRL_2025-12-21_1_22008620,,,,,,,,,,,,,,,,,,,,,,,,,,,,,,,,,,,,,,,,,,,,,,,,,,,,0.0,0
LRL_2025-12-21_1,22018806,LRL_2025-12-21_1_22018806,12.0,6.0,16.21422488199093,17.7393123286568,14.223969165495408,3.5153431631613934,6.694022194115873,2.417734282945198,1209.8,1209.8,0.4364166666666667,1.953,6.358333333333333,26.3,1.0,6.0,-4.0,14.0,4.333333333333333,16.02460474066565,17.01541318736491,14.518792895046138,2.4966202923187732,6.777577147194843,2.3624941953862355,1415.4333333333332,1415.4333333333332,0.6891716269841269,2.073,10.501289682539683,28.0,2.0,6.0,0.0,2.0,2.081665999466133,0.2657412450817548,0.645103329600649,0.3020159761379933,0.9362583936640273,0.07303024592353015,0.05847992807543169,204.31305228333648,204.3130522833363,0.22034220842565228,0.10514751542475925,3.653937934656163,1.4933184523068077,1.0,1.0,4.0,3.0,1
LRL_2025-12-21_1,22001738,LRL_2025-12-21_1_22001738,11.0,3.0,17.204617767736003,16.623401622836138,17.209754799091247,-0.5863531762551091,7.047631786542531,2.441879316020879,1108.3,1108.3,0.7477272727272729,0.558,12.909090909090908,8.5,3.0,9.0,5.0,11.0,3.0,17.204617767736003,16.623401622836138,17.209754799091247,-0.5863531762551091,7.047631786542531,2.441879316020879,1108.3,1108.3,0.7477272727272729,0.558,12.909090909090908,8.5,3.0,9.0,5.0,,,,,,,,,,,,,,,,,,1.0,1
LRL_2025-12-21_1,22015381,LRL_2025-12-21_1_22015381,14.0,9.0,15.390000657870688,16.89946611681718,13.256843029501608,3.642623087315572,6.385231523851187,2.406404050839695,1412.1,1412.1,1.2320714285714287,4.589,18.09285714285714,62.6,5.0,9.0,-3.0,13.0,8.0,15.65117129248317,16.89723455635147,13.729636016432714,3.1675985399187576,6.362555639460836,2.45596511678892,1310.5,1310.5,1.3601190476190474,3.681,20.817261904761907,50.1,5.5,8.0,-1.5,1.4142135623730951,1.4142135623730951,0.3693510535625602,0.003155903075861984,0.6686302543128547,0.671786157388716,0.03206854324363962,0.07008993163106114,143.6840979371064,143.6840979371064,0.18108667948672597,1.2841059146347706,3.85289016367956,17.67766952966369,0.7071067811865476,1.4142135623730951,2.1213203435596424,2.0,1
LRL_2025-12-21_1,21013073,LRL_2025-12-21_1_21013073,11.0,4.0,17.160728481458154,16.990694509097025,16.59832864069806,0.39236586839896503,7.5578098161205025,2.2734765250615507,1110.8999999999999,1110.9,0.8855454545454545,0.735,15.3,11.1,4.0,8.0,4.0,12.0,3.0,16.70204552856001,17.094469493822576,15.659823457897893,1.434646035924682,7.4589048393307635,2.240427659351379,1211.2666666666664,1211.2666666666667,0.5848722943722944,1.343,9.623593073593073,19.03333333333333,2.3333333333333335,6.333333333333333,2.6666666666666665,1.7320508075688772,1.0,0.4004340989597404,0.4879332663569706,1.0618142750841673,1.472069685678775,0.15535361503901812,0.041474795827744264,176.00966829504938,176.00966829504935,0.26434213287309366,1.1862617754947684,4.933971270362982,15.955041000678541,1.5275252316519465,2.081665999466133,1.5275252316519468,3.0,1
LRL_2025-12-21_1,22004198,LRL_2025-12-21_1_22004198,,,,,,,,,,,,,,,,,,,,,,,,,,,,,,,,,,,,,,,,,,,,,,,,,,,,0.0,0
LRL_2025-12-21_1,21019445,LRL_2025-12-21_1_21019445,12.0,5.0,16.227282047263504,17.343634069638952,14.696456462091254,2.6471776075476985,6.775375150773211,2.3933101643511483,1215.3999999999999,1215.3999999999999,0.4753333333333332,1.626,7.0,22.6,1.0,5.0,-4.0,12.0,5.0,16.00662750167147,17.15269437258397,14.624092423469417,2.5286019491145515,6.69967850980693,2.3878216668949817,1216.5499999999997,1216.5499999999997,0.8061666666666665,1.6105,12.058333333333334,21.75,2.5,5.5,-2.0,0.0,0.0,0.31205265097552676,0.2700295091705668,0.1023382048470913,0.16769130432347615,0.10705121628060194,0.007761907539561253,1.6263455967289469,1.6263455967289469,0.46786898688509887,0.021920310216782837,7.1535636030039065,1.2020815280171329,2.1213203435596424,0.7071067811865476,2.8284271247461903,2.0,1
LRL_2025-12-21_1,22002359,LRL_2025-12-21_1_22002359,,,,,,,,,,,,,,,,,,,,,,,,,,,,,,,,,,,,,,,,,,,,,,,,,,,,0.0,0
LRL_2025-12-21_1,21013781,LRL_2025-12-21_1_21013781,,,,,,,,,,,,,,,,,,,,,,,,,,,,,,,,,,,,,,,,,,,,,,,,,,,,0.0,0
LRL_2025-12-21_1,19010208,LRL_2025-12-21_1_19010208,,,,,,,,,,,,,,,,,,,,,,,,,,,,,,,,,,,,,,,,,,,,,,,,,,,,0.0,0
LRL_2025-12-21_2,22013122,LRL_2025-12-21_2_22013122,14.0,2.0,16.699187363400736,17.247132106639746,15.502427054456167,1.7447050521835799,6.918035770662747,2.413238103467562,1417.4999999999998,1417.4999999999998,0.25685714285714284,0.017,4.314285714285714,0.2,2.0,4.0,2.0,14.0,2.3333333333333335,16.844937590028398,17.137379020317326,16.09026359295403,1.0471154273632948,7.026729150601587,2.3981415576956944,1415.9666666666665,1415.9666666666665,0.4553968253968254,0.546,7.595039682539682,8.133333333333333,2.0,6.333333333333333,3.6666666666666665,2.0,0.5773502691896258,0.12965618361103518,0.2347639949929673,0.5554224774702531,0.7454785701522082,0.15158934789718917,0.04652715843981609,203.20433886443797,203.20433886443797,0.3215062704442888,0.756892991115653,5.256871863612274,11.164377874889999,1.0,2.516611478423583,2.886751345948129,3.0,1
LRL_2025-12-21_2,22015103,LRL_2025-12-21_2_22015103,16.0,8.0,16.60540889236967,16.614384534806128,16.252185145135552,0.3621993896705753,7.365935255748891,2.2549047138639593,1613.4,1613.3999999999999,1.5538124999999998,1.319,25.99375,20.1,8.0,10.0,1.0,16.0,8.0,16.60540889236967,16.614384534806128,16.252185145135552,0.3621993896705753,7.365935255748891,2.2549047138639593,1613.4,1613.3999999999999,1.5538124999999998,1.319,25.99375,20.1,8.0,10.0,1.0,,,,,,,,,,,,,,,,,,1.0,1
LRL_2025-12-21_2,22000942,LRL_2025-12-21_2_22000942,12.0,6.0,16.81717439853839,18.023935125814468,15.277633256332617,2.746301869481851,7.167400413378723,2.3445919392820103,1210.2999999999997,1210.2999999999997,0.6640833333333335,2.025,10.583333333333334,29.4,2.0,6.0,-2.0,12.333333333333334,4.0,16.485559535538354,17.572658648441777,14.847453646665299,2.725205001776482,7.091495557184643,2.3227851192271896,1244.4999999999998,1244.4999999999998,0.5009423076923077,1.3076666666666668,7.959188034188035,18.5,2.3333333333333335,5.666666666666667,1.0,0.5773502691896258,2.6457513110645907,0.29024719609701155,0.42532683601115584,0.37309319273304004,0.18890070522385208,0.06654318019320797,0.021183355032139545,58.63096451534798,58.63096451534798,0.38886864082137934,1.1342514418475884,6.1157973820991725,16.10620998248812,1.5275252316519468,0.5773502691896257,3.0,3.0,1
LRL_2025-12-21_2,22004555,LRL_2025-12-21_2_22004555,14.0,6.0,17.03550334508601,18.06323380049082,15.474035801619971,2.5891979988708496,7.645127311961801,2.2273338159152316,1414.8999999999996,1414.8999999999999,0.10714285714285714,0.637,1.9071428571428568,9.4,1.0,6.0,-4.0,14.0,6.0,17.03550334508601,18.06323380049082,15.474035801619971,2.5891979988708496,7.645127311961801,2.2273338159152316,1414.8999999999996,1414.8999999999999,0.10714285714285714,0.637,1.9071428571428568,9.4,1.0,6.0,-4.0,,,,,,,,,,,,,,,,,,1.0,1
LRL_2025-12-21_2,21004504,LRL_2025-12-21_2_21004504,18.0,7.0,16.479886124247567,17.002885552592836,15.554153829879104,1.4487317227137329,7.385374486984986,2.232926730584421,1818.7999999999997,1818.8,0.18355555555555558,1.47,2.8277777777777775,21.7,1.0,7.0,-6.0,15.666666666666666,6.333333333333333,16.605589893123334,17.195872060290366,15.717265251978334,1.4786068083120323,7.329894261530189,2.265697936042562,1586.5666666666666,1586.5666666666666,0.4930953159041394,1.7256666666666665,7.805827886710239,24.933333333333334,1.6666666666666667,6.666666666666667,-3.6666666666666665,3.2145502536643185,1.1547005383792517,0.19409813175252877,0.46821011142842034,0.9541047224622169,1.381196882689167,0.18987583468323352,0.04337230853073601,322.7696443802194,322.76964438021946,0.6527984209116083,1.6286209913093141,10.368867378663877,22.82243048698656,1.1547005383792517,1.5275252316519465,2.516611478423583,3.0,1
LRL_2025-12-21_3,23002277,LRL_2025-12-21_3_23002277,16.0,8.0,15.532484379316573,16.746961569801094,13.084946184647194,3.6620153851539,6.689617257188034,2.3149980681938134,1619.1999999999998,1619.1999999999998,1.5615625,8.053,22.781249999999996,108.4,2.0,8.0,-4.0,16.0,8.0,15.532484379316573,16.746961569801094,13.084946184647194,3.6620153851539,6.689617257188034,2.3149980681938134,1619.1999999999998,1619.1999999999998,1.5615625,8.053,22.781249999999996,108.4,2.0,8.0,-4.0,,,,,,,,,,,,,,,,,,1.0,1
LRL_2025-12-21_3,23014780,LRL_2025-12-21_3_23014780,17.0,9.0,14.8123945550604,15.692701537767874,12.799506937457886,2.8931946003099878,6.504267509047818,2.2719828684598267,1721.8999999999999,1721.8999999999999,2.769823529411765,8.237,40.72941176470588,108.3,9.0,9.0,0.0,15.5,8.0,15.346301059345446,16.312230827593723,13.514587438452839,2.797643389140884,6.61079835592474,2.3168474612948198,1567.6499999999996,1567.6499999999999,2.2338046218487397,6.0645,33.52542016806723,81.15,8.0,8.0,0.0,2.1213203435596424,1.4142135623730951,0.75505781939912,0.8761467239590871,1.0112765426956094,0.13512981873652233,0.15065736846443542,0.06344811565759405,218.14244199605014,218.1424419960499,0.7580452087640405,3.072378964255549,10.18798261918819,38.39589821842952,1.4142135623730951,1.4142135623730951,0.0,2.0,1
LRL_2025-12-21_3,23018868,LRL_2025-12-21_3_23018868,,,,,,,,,,,,,,,,,,,,,,,,,,,,,,,,,,,,,,,,,,,,,,,,,,,,0.0,0
LRL_2025-12-21_3,23002053,LRL_2025-12-21_3_23002053,11.0,3.0,16.226690833136114,16.982018899120416,14.734256205388206,2.2477626937322093,7.0139188672323804,2.312760453563915,1114.7,1114.7,0.42918181818181816,0.964,6.654545454545455,13.4,2.0,5.0,2.0,11.5,3.0,16.263895264928877,16.863289447143906,15.005025216006972,1.8582642311369337,7.1949913460207835,2.26203794416623,1162.3,1162.3,0.8868825757575758,1.901,13.739772727272728,26.25,2.5,7.0,3.5,0.7071067811865476,0.0,0.05261501202171068,0.167908801238305,0.38292520708740335,0.5508340083257083,0.25607515527507446,0.07173246070780254,67.31656556895919,67.31656556895919,0.6472866188720766,1.32511810794359,10.020024501586644,18.17264427649427,0.7071067811865476,2.8284271247461903,2.1213203435596424,2.0,1
LRL_2025-12-21_3,23004968,LRL_2025-12-21_3_23004968,12.0,4.0,16.244774252027756,16.9391484209917,15.382867655193214,1.5562807657984852,6.995233052294637,2.323588623508916,1209.5,1209.4999999999998,1.3036666666666668,3.014,19.875000000000004,41.5,4.0,6.0,0.0,12.0,4.0,16.244774252027756,16.9391484209917,15.382867655193214,1.5562807657984852,6.995233052294637,2.323588623508916,1209.5,1209.4999999999998,1.3036666666666668,3.014,19.875000000000004,41.5,4.0,6.0,0.0,,,,,,,,,,,,,,,,,,1.0,1
LRL_2025-12-21_3,23007154,LRL_2025-12-21_3_23007154,12.0,9.0,15.325196382350214,17.068615947628828,12.948645880543816,4.119970067085012,6.723820469354313,2.2724978779376257,1207.5,1207.5,2.4209166666666664,8.537,35.98333333333334,117.6,4.0,9.0,-4.0,12.0,9.0,15.325196382350214,17.068615947628828,12.948645880543816,4.119970067085012,6.723820469354313,2.2724978779376257,1207.5,1207.5,2.4209166666666664,8.537,35.98333333333334,117.6,4.0,9.0,-4.0,,,,,,,,,,,,,,,,,,1.0,1
LRL_2025-12-21_3,23000349,LRL_2025-12-21_3_23000349,11.0,2.0,16.24249177189918,16.88231284571798,15.73556060522567,1.1467522404923098,6.893534805913433,2.357961956383358,1112.6000000000001,1112.6,0.9184545454545456,0.74,14.436363636363637,10.3,2.0,6.0,4.0,11.0,5.0,16.207519259344636,16.98252367098044,15.131985838578712,1.8505378324017308,6.883690018180995,2.3554853153508093,1110.35,1110.35,0.852318181818182,1.216,13.468181818181819,17.200000000000003,4.5,7.5,2.0,0.0,4.242640687119285,0.04945860156489747,0.14171950818277484,0.8535836208983033,0.9953031290810794,0.013922632329897646,0.0035024993373596676,3.181980515339705,3.181980515339464,0.09353094242058428,0.6731656556895932,1.36921585811577,9.758073580374358,3.5355339059327378,2.1213203435596424,2.8284271247461903,2.0,1
LRL_2025-12-21_3,23008380,LRL_2025-12-21_3_23008380,,,,,,,,,,,,,,,,,,,,,,,,,,,,,,,,,,,,,,,,,,,,,,,,,,,,0.0,0
LRL_2025-12-21_3,23014027,LRL_2025-12-21_3_23014027,,,,,,,,,,,,,,,,,,,,,,,,,,,,,,,,,,,,,,,,,,,,,,,,,,,,0.0,0
LRL_2025-12-21_4,22013102,LRL_2025-12-21_4_22013102,14.0,3.0,16.04948620329033,16.792177332932233,14.727882335896812,2.0642949970354216,6.903619500231912,2.324325989355247,1411.0999999999997,1411.0999999999997,0.5957857142857143,0.958,9.65,13.0,1.0,7.0,4.0,13.333333333333334,4.666666666666667,16.4003428475849,17.00310482337515,15.157898575540633,1.8452062478345173,7.02298780361609,2.3349166708202524,1347.4666666666665,1347.4666666666665,0.8398333333333333,1.776,13.520238095238094,25.333333333333332,3.3333333333333335,6.333333333333333,0.6666666666666666,1.1547005383792515,1.5275252316519468,0.384674972268452,0.4069987008065906,0.4890790132645553,0.19539091218386362,0.10440565132867663,0.03803184497176395,111.86564858495795,111.86564858495792,0.21145580583925622,0.7385959653288123,3.3560148814261446,11.370722639011705,2.0816659994661326,0.5773502691896258,2.8867513459481287,3.0,1
LRL_2025-12-21_4,22002517,LRL_2025-12-21_4_22002517,11.0,5.0,16.791110110098575,17.08081521562234,15.421942511366908,1.6588727042554332,7.249340100688506,2.3144258572652814,1110.2,1110.2,0.9107272727272726,1.046,15.081818181818182,15.1,4.0,8.0,3.0,12.333333333333334,2.6666666666666665,16.59971728630219,17.11609900257073,15.290646737092963,1.8254522654777687,7.181889928953826,2.310122400091922,1245.8999999999999,1245.8999999999999,0.45002813852813855,0.739,7.369733044733045,10.466666666666667,2.0,5.333333333333333,2.6666666666666665,1.5275252316519468,2.0816659994661326,0.17034733195930532,0.06199696056602836,0.2765195914574922,0.24507466078024065,0.06788645779379611,0.016559444093570824,152.41249948741068,152.41249948741068,0.40199664311611977,0.6430373239556162,6.707764641879709,9.084235429211054,1.7320508075688772,2.5166114784235836,1.5275252316519468,3.0,1
LRL_2025-12-21_4,22007775,LRL_2025-12-21_4_22007775,11.0,6.0,16.746930092722454,16.697612061926808,15.514731564818737,1.182880497108071,7.084691797973291,2.3627107012742856,1113.3,1113.3,1.0773636363636365,1.189,17.83636363636364,17.2,5.0,8.0,0.0,12.333333333333334,4.0,16.629950286801957,17.14498439360042,15.319900619794941,1.8250837738054813,7.029759951464714,2.3641610321630924,1246.6333333333332,1246.6333333333332,0.4545497835497836,1.0036666666666667,7.339502164502165,14.233333333333334,2.3333333333333335,5.0,-1.0,1.5275252316519468,2.0,0.20837608200260194,0.46086430028182396,0.5452597265784472,0.6177668032863899,0.0721225036970226,0.008620108159126571,151.70989860036585,151.7098986003659,0.5510092873154979,0.7669819641512656,9.233079791263167,10.761195720426857,2.3094010767585034,2.6457513110645907,1.7320508075688772,3.0,1
LRL_2025-12-21_4,21008059,LRL_2025-12-21_4_21008059,14.0,3.0,16.447970233244618,17.01530839327926,15.293233595413072,1.7220747978661866,7.291685722616636,2.2552860929583987,1417.9999999999998,1417.9999999999998,0.6454285714285714,1.533,10.078571428571427,21.4,2.0,4.0,-1.0,14.0,3.0,16.447970233244618,17.01530839327926,15.293233595413072,1.7220747978661866,7.291685722616636,2.2552860929583987,1417.9999999999998,1417.9999999999998,0.6454285714285714,1.533,10.078571428571427,21.4,2.0,4.0,-1.0,,,,,,,,,,,,,,,,,,1.0,1
LRL_2025-12-21_4,19017987,LRL_2025-12-21_4_19017987,12.0,3.0,16.233096253116603,17.400636025352494,14.58686412042383,2.8137719049286645,6.620638649883876,2.4499567716730253,1215.3,1215.3,0.4641666666666668,1.027,7.133333333333333,13.5,3.0,4.0,0.0,14.0,6.0,16.26000850371512,17.226072644981045,14.954368583637702,2.2717040613433435,6.737964274522886,2.4125505062185164,1421.65,1421.6499999999999,0.3478958333333334,1.297,5.397916666666666,18.55,2.0,6.5,-3.0,2.8284271247461903,4.242640687119285,0.03805966979040789,0.24686990001499654,0.5197297961097026,0.7665996961246985,0.16592348957838288,0.05290044792349463,291.8229685956883,291.82296859568805,0.16443178940842182,0.3818376618407357,2.4542497863683086,7.141778489984131,1.4142135623730951,3.5355339059327378,4.242640687119285,2.0,1
LRL_2025-12-21_4,21019874,LRL_2025-12-21_4_21019874,16.0,7.0,15.263116553983188,16.349280753577702,13.447392824669738,2.901887928907964,6.784988190887674,2.2444574319059667,1619.8,1619.8,1.518,3.632,22.3375,45.7,5.0,7.0,0.0,15.0,7.0,15.602127385636432,16.4890658939049,13.905466379258014,2.5835995146468864,6.9005178830298615,2.2565303913338406,1518.6,1518.6,1.8320714285714286,4.0295,27.990178571428572,53.45,6.0,7.0,0.0,1.4142135623730951,0.0,0.4794337159153999,0.1976860412689505,0.6478138334631928,0.45012779219424226,0.16338365748427033,0.01707374296087923,143.11841251215736,143.11841251215736,0.444164073839607,0.5621498910433048,7.994094699450061,10.960155108391486,1.4142135623730951,0.0,0.0,2.0,1
LRL_2025-12-21_4,21006102,LRL_2025-12-21_4_21006102,,,,,,,,,,,,,,,,,,,,,,,,,,,,,,,,,,,,,,,,,,,,,,,,,,,,0.0,0
LRL_2025-12-21_5,21009929,LRL_2025-12-21_5_21009929,14.0,9.0,16.85451043781287,17.721774682332047,15.040139489814438,2.681635192517609,7.1473038872072205,2.356339431720308,1412.6999999999998,1412.6999999999998,1.1467857142857143,2.311,19.164285714285715,33.8,5.0,9.0,-2.0,14.0,9.0,16.85451043781287,17.721774682332047,15.040139489814438,2.681635192517609,7.1473038872072205,2.356339431720308,1412.6999999999998,1412.6999999999998,1.1467857142857143,2.311,19.164285714285715,33.8,5.0,9.0,-2.0,,,,,,,,,,,,,,,,,,1.0,1
LRL_2025-12-21_5,22007300,LRL_2025-12-21_5_22007300,12.0,3.0,16.378571734608627,17.067920141083864,14.971327347148831,2.0965927939350326,7.146895216915083,2.289197075487667,1211.3,1211.3,0.6309166666666667,0.864,10.266666666666667,12.0,3.0,5.0,1.0,11.666666666666666,4.666666666666667,16.892492168569323,17.15830922029613,15.989449910810352,1.1688593094857744,7.338475923175466,2.3007228437887375,1178.5,1178.5,0.624179292929293,0.9363333333333332,10.503282828282828,13.966666666666669,3.0,6.666666666666667,1.3333333333333333,0.5773502691896258,3.7859388972001824,0.48555800519408365,0.10998813999564978,1.0632863699526545,0.95540786141813,0.20928381124483697,0.017535323096018646,61.19248319851062,61.19248319851059,0.07088448579733352,0.35999212954359616,1.1155725112489543,6.574445477250028,1.0,2.081665999466133,1.5275252316519468,3.0,1
LRL_2025-12-21_5,22009594,LRL_2025-12-21_5_22009594,12.0,6.0,16.602197831206947,17.399769778853262,15.402901606290564,1.9968681725626976,6.842482081703622,2.4248974274069712,1214.6,1214.6,0.658,2.183,10.5,32.1,3.0,6.0,-2.0,11.0,7.0,17.04786619335546,17.41984806368854,15.865957597762755,1.5538904659257886,6.991131119837124,2.4366015901312625,1115.1,1115.1,0.65625,1.7645,10.975,26.65,4.5,7.0,-2.0,1.4142135623730951,1.4142135623730951,0.630270242071033,0.02839498272324249,0.6548600632780912,0.6264650805548468,0.21022148576211447,0.016552185660914563,140.71424945612293,140.71424945612293,0.002474873734152958,0.5918483758531401,0.6717514421272196,7.707463914933371,2.1213203435596424,1.4142135623730951,0.0,2.0,1
LRL_2025-12-21_5,22019251,LRL_2025-12-21_5_22019251,12.0,10.0,16.424627893980844,17.514392103066367,14.862893150730365,2.651498952336002,6.977253454696815,2.3507848690296824,1214.3,1214.3,0.8380833333333334,1.936,13.283333333333333,26.9,5.0,10.0,-5.0,12.0,5.0,16.71461204123255,17.710882772063226,15.463018157902175,2.247864614161052,7.021327744401365,2.3790217714964372,1212.1,1212.1,0.3235277777777778,0.918,5.116666666666666,13.033333333333333,2.3333333333333335,5.0,-2.6666666666666665,0.0,4.358898943540674,0.3962556404302432,0.17693033612681713,0.595053920159384,0.4247724875888141,0.10600933587269576,0.026410373617500687,2.9866369046136287,2.9866369046136287,0.45006118668383227,0.9604186587108768,7.140572650549658,13.292980603812422,2.3094010767585034,4.358898943540674,2.0816659994661326,3.0,1
LRL_2025-12-21_5,22008736,LRL_2025-12-21_5_22008736,,,,,,,,,,,,,,,,,,,,,,,,,,,,,,,,,,,,,,,,,,,,,,,,,,,,0.0,0
LRL_2025-12-21_5,21016168,LRL_2025-12-21_5_21016168,16.0,3.0,16.023729333612522,16.406134933705594,15.21319227030772,1.192942663397874,7.270996417964955,2.202372881179981,1614.3,1614.2999999999997,0.5749375,0.618,9.28125,8.6,2.0,9.0,6.0,16.0,4.666666666666667,16.17109454168376,16.439248828700673,15.615025480553568,0.8242233481471081,7.21719349471642,2.2401341410169224,1614.3666666666666,1614.3666666666666,0.9795416666666666,1.78,15.93125,26.433333333333334,4.333333333333333,9.0,4.333333333333333,0.0,3.7859388972001824,0.13880043686049434,0.19976864315860798,0.39619974846597195,0.5018070917164822,0.06015024487038767,0.03288940097324978,2.4006943440039743,2.400694344004031,0.3805784163475162,1.176768031516832,6.390058807436753,19.04844700581476,4.041451884327381,0.0,3.7859388972001824,3.0,1
LRL_2025-12-21_5,22009401,LRL_2025-12-21_5_22009401,,,,,,,,,,,,,,,,,,,,,,,,,,,,,,,,,,,,,,,,,,,,,,,,,,,,0.0,0
LRL_2025-12-21_6,19010669,LRL_2025-12-21_6_19010669,17.0,6.0,16.021656168985945,16.564502499667313,15.189905983121065,1.374596516546248,7.568129014929216,2.1179980333226904,1720.8999999999999,1720.9,0.5291176470588235,0.975,8.429411764705883,14.0,2.0,7.0,0.0,17.0,5.0,16.11438387913201,16.417931033868836,15.285253466766038,1.1326775671027978,7.594520598450746,2.1221319655993036,1718.7666666666664,1718.7666666666664,0.7076666666666666,1.247,11.360784313725489,17.96666666666667,3.3333333333333335,6.666666666666667,1.3333333333333333,0.0,1.0,0.09718309838017228,0.14816911054404644,0.19343587088981035,0.3272214229825707,0.02724417119138099,0.004788361421664542,3.5232560697930477,3.5232560697931303,0.1933376963274948,0.2475156560704797,3.148154473009304,3.496188400720611,1.5275252316519468,0.5773502691896257,1.1547005383792517,3.0,1
LRL_2025-12-21_6,18010641,LRL_2025-12-21_6_18010641,16.0,6.0,16.030407695727916,17.120973902222964,14.640014686799494,2.4809592154234696,6.9442267160404505,2.3063226934137093,1620.4,1620.3999999999996,0.5769375,2.062,8.51875,27.9,2.0,7.0,0.0,16.0,6.0,16.030407695727916,17.120973902222964,14.640014686799494,2.4809592154234696,6.9442267160404505,2.3063226934137093,1620.4,1620.3999999999996,0.5769375,2.062,8.51875,27.9,2.0,7.0,0.0,,,,,,,,,,,,,,,,,,1.0,1
LRL_2025-12-21_6,20002421,LRL_2025-12-21_6_20002421,,,,,,,,,,,,,,,,,,,,,,,,,,,,,,,,,,,,,,,,,,,,,,,,,,,,0.0,0
LRL_2025-12-21_6,20011403,LRL_2025-12-21_6_20011403,17.0,5.0,15.758755700581233,17.06157198560242,14.18205054076461,2.8795214448378097,6.952516672266622,2.2649067288016265,1714.8999999999999,1714.8999999999996,0.5774117647058823,2.415,8.288235294117646,32.9,1.0,5.0,-2.0,16.666666666666668,5.333333333333333,15.765181255118504,16.882761748371944,14.159141438404118,2.723620309967826,6.9698103073135504,2.2598925224477564,1685.3,1685.3,0.8350257352941176,3.422333333333333,12.134313725490196,46.36666666666667,1.6666666666666667,5.666666666666667,-3.0,0.5773502691896255,3.5118845842842465,0.08700955276973937,0.31636787530384125,0.32749523965341215,0.6177078033598125,0.03726913607319195,0.004698902325777381,55.38889780452385,55.38889780452405,0.275407765940885,1.286839668852858,4.101097343796992,17.39032297955772,0.5773502691896258,3.0550504633038935,2.6457513110645907,3.0,1
LRL_2025-12-21_6,19004530,LRL_2025-12-21_6_19004530,12.0,4.0,16.639315953493412,17.19034929929848,15.676054327803982,1.5142949714944969,7.737417046030981,2.1506103484327883,1212.3999999999999,1212.4,0.34366666666666673,0.601,5.591666666666668,8.7,3.0,4.0,-1.0,13.333333333333334,4.666666666666667,16.48840642778521,17.26309894207898,15.18884063866461,2.074258303414369,7.685221120378688,2.14387512305994,1348.3666666666666,1348.3666666666666,0.6052916666666668,1.6843333333333332,9.671527777777778,23.7,2.6666666666666665,5.333333333333333,-1.3333333333333333,2.3094010767585034,0.5773502691896258,0.40617716482484956,0.19330670580577572,0.6460574317871287,0.5736770746762008,0.10674781320847854,0.024059224892289333,230.06678016031208,230.06678016031177,0.556674764474534,1.0427048160113837,9.209914158550575,14.852272553383875,1.5275252316519468,1.5275252316519465,0.5773502691896257,3.0,1
LRL_2025-12-21_6,18003479,LRL_2025-12-21_6_18003479,,,,,,,,,,,,,,,,,,,,,,,,,,,,,,,,,,,,,,,,,,,,,,,,,,,,0.0,0
LRL_2025-12-21_6,21008895,LRL_2025-12-21_6_21008895,17.0,4.0,15.877240139399111,16.76982680657435,14.660770469850542,2.1090563367238087,7.416515928122404,2.1396713557324145,1716.8,1716.8,0.4697058823529412,0.749,7.205882352941177,10.1,2.0,4.0,-1.0,15.666666666666666,4.333333333333333,16.15839735854261,16.817470897637012,15.144366523070032,1.6731043745669816,7.41595507326213,2.1777691239992234,1579.3999999999999,1579.3999999999999,0.5371162464985995,0.9896666666666668,8.955234593837535,13.833333333333334,2.3333333333333335,5.0,-0.3333333333333333,1.5275252316519468,0.5773502691896257,0.24542718073418668,0.2531953742365956,0.44023656778449094,0.5395781946729221,0.04746158322954381,0.03428595520457413,156.33627218275367,156.33627218275353,0.3246140672253525,0.7967442082207646,4.7943184333889475,11.465309997262757,1.5275252316519468,1.0,1.1547005383792517,3.0,1
LRL_2025-12-21_6,20018850,LRL_2025-12-21_6_20018850,17.0,2.0,15.910850538649607,16.591154731071057,14.802554498533144,1.7886002325379131,6.978231404671857,2.27910104409248,1716.8,1716.8,1.0091764705882351,1.431,15.841176470588236,19.5,2.0,7.0,5.0,17.0,3.3333333333333335,15.96638088329386,16.40252859210945,15.027543166687478,1.3749854254219755,7.00405155234461,2.2788760598136504,1722.0666666666666,1722.0666666666666,1.0508823529411764,1.306,16.637254901960784,18.033333333333335,3.0,7.666666666666667,3.3333333333333335,0.0,1.5275252316519468,0.06321658079491523,0.4128792789660526,0.19688604732667783,0.5014501097343675,0.026330285332082357,0.0020513436485480718,4.8675798230058485,4.867579823005789,0.4345330907081937,0.5238081709939241,7.080702204863313,7.606795207795023,1.0,1.1547005383792517,3.7859388972001824,3.0,1
LRL_2025-12-21_6,17004170,LRL_2025-12-21_6_17004170,17.0,3.0,15.928174255217911,16.925391671959357,14.52051292615341,2.404878745805947,6.8659418020499094,2.318729725565684,1719.9,1719.8999999999999,0.42358823529411765,1.437,6.329411764705882,19.6,2.0,4.0,1.0,17.0,4.5,15.921085796796099,16.842394873371376,14.571410125339902,2.2709847480314735,6.891337549006294,2.308755834454337,1722.15,1722.15,0.597735294117647,1.2905,9.161764705882353,17.5,3.0,5.5,1.0,0.0,2.1213203435596424,0.010024594036445013,0.11737519819667108,0.07197950937634207,0.18935470757301315,0.03591500977231401,0.01410521207929931,3.1819805153393834,3.181980515339705,0.24628113243562041,0.20718228688765852,4.00555194283909,2.969848480983501,1.4142135623730951,2.1213203435596424,0.0,2.0,1
LRL_2025-12-21_6,21004662,LRL_2025-12-21_6_21004662,11.0,5.0,16.550370633996696,17.034087638341976,15.929957388698492,1.1041302496434842,7.307874363293069,2.268083451917785,1112.7,1112.7,1.398909090909091,1.147,23.12727272727273,16.3,5.0,7.0,2.0,13.0,6.333333333333333,16.39413714428788,17.078333271566464,15.190217328825804,1.888115942740659,7.323031994697317,2.2390889014345414,1312.5333333333335,1312.5333333333333,1.056336898395722,2.271,17.236720142602497,34.0,2.6666666666666665,7.333333333333333,-3.0,3.4641016151377544,3.214550253664318,0.5524114147183963,0.34102133085702735,0.7953324517520938,0.691751590193379,0.1803976713561078,0.03143893036157394,350.7214326689108,350.72143266891067,0.3498447203374168,1.1097842132594968,6.499121169574973,19.192967462067976,2.0816659994661326,2.516611478423583,5.0,3.0,1
LRL_2025-12-21_6,21011287,LRL_2025-12-21_6_21011287,12.0,2.0,16.721694251834545,17.07176568986435,16.146360253171707,0.9254054366926425,7.3853025870906315,2.2653755981462047,1212.2999999999997,1212.2999999999997,0.4605833333333334,0.139,7.683333333333333,2.0,2.0,5.0,2.0,12.0,5.0,16.905333164895197,17.34581834314172,16.193814684790986,1.1520036583507345,7.4389991168295655,2.2742012089128765,1214.6,1214.6,0.7050416666666667,0.675,11.695833333333333,9.65,2.0,5.0,2.5,0.0,4.242640687119285,0.25970464142982796,0.3875689790691871,0.06711070079068987,0.32045827827849843,0.07593836060917103,0.01248129844245322,3.2526911934582956,3.252691193458376,0.3457162904351228,0.758018469431979,5.674531919022045,10.818733752154177,0.0,0.0,0.7071067811865476,2.0,1
LRL_2025-12-21_7,19006044,LRL_2025-12-21_7_19006044,18.0,2.0,16.339772071126095,17.008260304313595,15.28283784599924,1.7254224583143554,7.201036671752787,2.2691924688286815,1821.1,1821.0999999999997,0.13944444444444443,0.655,2.1722222222222225,8.7,1.0,2.0,0.0,18.0,2.0,16.339772071126095,17.008260304313595,15.28283784599924,1.7254224583143554,7.201036671752787,2.2691924688286815,1821.1,1821.0999999999997,0.13944444444444443,0.655,2.1722222222222225,8.7,1.0,2.0,0.0,,,,,,,,,,,,,,,,,,1.0,1
LRL_2025-12-21_7,17007087,LRL_2025-12-21_7_17007087,12.0,5.0,16.598225370560574,16.966735497429482,15.791138751551921,1.1755967458775611,7.289727172304734,2.2762989081833243,1208.4999999999998,1208.4999999999998,1.0325,1.473,16.9,20.7,5.0,6.0,0.0,14.0,4.666666666666667,16.464532213561423,16.879707967186352,15.506115917449426,1.3735920497369267,inf,2.2122378254913646,1410.8999999999996,1410.8999999999996,0.9181369047619047,1.6780000000000002,14.994047619047619,24.03333333333333,4.666666666666667,6.666666666666667,1.3333333333333333,2.0,0.5773502691896257,0.23030480371900997,0.17744386974767623,0.24793860054036038,0.21966314614112992,,0.09866461098920679,203.30597630173114,203.30597630173102,0.10051857937799388,1.0368129050122785,1.6719105430451646,15.078903585252256,0.5773502691896257,1.1547005383792517,2.3094010767585034,3.0,1
LRL_2025-12-21_7,21007943,LRL_2025-12-21_7_21007943,16.0,6.0,16.303545104819662,17.102233802546582,15.205987728824056,1.8962460737225264,7.15702739968591,2.277643858221714,1617.1,1617.1,0.966375,1.302,15.406250000000002,17.3,6.0,8.0,2.0,16.0,6.0,16.303545104819662,17.102233802546582,15.205987728824056,1.8962460737225264,7.15702739968591,2.277643858221714,1617.1,1617.1,0.966375,1.302,15.406250000000002,17.3,6.0,8.0,2.0,,,,,,,,,,,,,,,,,,1.0,1
LRL_2025-12-21_7,22009085,LRL_2025-12-21_7_22009085,17.0,2.0,15.930556233635901,16.42372751264954,14.997191267983672,1.4265362446658667,7.477783540307259,2.131725508620726,1717.0,1717.0000000000002,0.8406470588235294,1.556,13.088235294117647,21.4,2.0,5.0,3.0,17.5,5.5,16.134796773950804,16.586886451582128,15.259023498491585,1.327862953090543,7.487202764178682,2.15585190783296,1770.6499999999999,1770.65,1.2051846405228759,2.7605,19.21078431372549,39.9,5.5,7.5,2.0,0.7071067811865476,4.949747468305833,0.28883974209974284,0.2307415842608718,0.37028669145068943,0.1395451071898176,0.013320794145994847,0.03411988097716939,75.87255762131636,75.87255762131628,0.5155339920339059,1.703420235878393,8.658591859823508,26.16295090390226,4.949747468305833,3.5355339059327378,1.4142135623730951,2.0,1
LRL_2025-12-21_7,20002596,LRL_2025-12-21_7_20002596,,,,,,,,,,,,,,,,,,,,,,,,,,,,,,,,,,,,,,,,,,,,,,,,,,,,0.0,0
LRL_2025-12-21_7,21000568,LRL_2025-12-21_7_21000568,17.0,3.0,15.873496596135272,16.39809751465537,14.784384847518648,1.6137126671367206,6.678127008667314,2.377221289695138,1713.7999999999997,1713.7999999999997,0.6234117647058824,1.663,9.505882352941176,22.9,2.0,4.0,-1.0,17.0,2.0,16.0619150789003,16.563210395968447,15.246035037729333,1.3171753582391137,6.812825192466043,2.3585701304513016,1715.7499999999998,1715.75,0.43302941176470594,0.8315,6.685294117647059,11.45,1.5,4.5,0.0,0.0,1.4142135623730951,0.26646397372806063,0.2335048760754544,0.6528719600680699,0.4193670839926155,0.19049199835518724,0.02637672235661379,2.7577164466275996,2.7577164466278408,0.26924130556591314,1.1759185771132286,3.9889141362229354,16.19274528917194,0.7071067811865476,0.7071067811865476,1.4142135623730951,2.0,1
LRL_2025-12-21_7,21004898,LRL_2025-12-21_7_21004898,12.0,5.0,16.629712973937142,17.646903218370877,15.118603349081544,2.5282998692893326,7.390275050231938,2.249357699607654,1210.1,1210.1,0.9746666666666667,2.99,15.125,41.8,1.0,6.0,-4.0,13.0,2.6666666666666665,16.745922687231005,17.217062557249083,15.90142766907278,1.3156348881763023,7.505200239229328,2.232348675804358,1311.0999999999997,1311.0999999999997,0.8608778998779,1.329,14.142948717948718,18.933333333333334,1.3333333333333333,6.0,0.3333333333333333,1.0,2.0816659994661326,0.2331056009513217,0.49731904181419523,0.9825670583188413,1.478711031698477,0.1619653905265351,0.017519466910332158,102.06620400504764,102.06620400504764,0.32676810795068595,1.5223971229610231,5.468463355406891,21.175772319642398,0.5773502691896257,0.0,4.041451884327381,3.0,1
LRL_2025-12-21_7,20008862,LRL_2025-12-21_7_20008862,16.0,3.0,16.56084215754629,16.620344548768294,16.02778113267469,0.5925634160936042,7.64775693866675,2.165794172745739,1619.7,1619.6999999999998,0.4948125,0.758,8.0375,11.0,3.0,8.0,5.0,15.333333333333334,4.333333333333333,16.95911379263656,17.094369011406638,16.116948159564952,0.9774208518416891,7.747647830929804,2.189191036493216,1551.1666666666667,1551.1666666666667,0.6520089285714287,1.1983333333333335,10.861309523809524,17.566666666666666,4.333333333333333,7.333333333333333,3.0,1.1547005383792515,1.1547005383792515,0.3868298724169468,0.484604366498846,0.07748825662955657,0.4172917860686686,0.08831352124456067,0.03384878866948686,114.65698118009813,114.65698118009804,0.17017316618420836,0.3844116716923842,3.00610684421621,5.783021125098311,1.1547005383792515,1.1547005383792517,2.0,3.0,1
LRL_2025-12-21_8,21012546,LRL_2025-12-21_8_21012546,12.0,6.0,16.64509389292036,18.044495730175946,14.985609299613852,3.0588864305620938,7.012839585858246,2.3718279631945,1214.3,1214.2999999999997,0.25899999999999995,1.627,3.9249999999999994,23.8,1.0,6.0,-2.0,12.0,6.0,16.64509389292036,18.044495730175946,14.985609299613852,3.0588864305620938,7.012839585858246,2.3718279631945,1214.3,1214.2999999999997,0.25899999999999995,1.627,3.9249999999999994,23.8,1.0,6.0,-2.0,,,,,,,,,,,,,,,,,,1.0,1
LRL_2025-12-21_8,22009165,LRL_2025-12-21_8_22009165,14.0,5.0,16.69292519614977,17.504266987026902,14.961208766277522,2.54305822074938,7.009710046345942,2.3797867528934,1411.3999999999996,1411.3999999999999,0.14507142857142857,0.569,2.3999999999999995,8.2,1.0,5.0,-3.0,14.0,5.0,16.69292519614977,17.504266987026902,14.961208766277522,2.54305822074938,7.009710046345942,2.3797867528934,1411.3999999999996,1411.3999999999999,0.14507142857142857,0.569,2.3999999999999995,8.2,1.0,5.0,-3.0,,,,,,,,,,,,,,,,,,1.0,1
LRL_2025-12-21_8,20009045,LRL_2025-12-21_8_20009045,,,,,,,,,,,,,,,,,,,,,,,,,,,,,,,,,,,,,,,,,,,,,,,,,,,,0.0,0
LRL_2025-12-21_8,21004487,LRL_2025-12-21_8_21004487,12.0,2.0,17.079886433589568,18.05593031465982,16.052844397767096,2.003085916892722,7.256844109178751,2.354329111101256,1212.3,1212.2999999999997,0.01325,0.009,0.19999999999999998,0.1,1.0,2.0,-1.0,12.666666666666666,2.3333333333333335,16.872563580802204,17.629035237815227,15.745575864374667,1.8834593734405598,7.231799441587398,2.3336144846588662,1279.8,1279.8,0.2718375,1.252,4.156666666666666,17.3,1.3333333333333333,2.3333333333333335,-1.0,3.055050463303893,0.5773502691896257,0.6367698047364205,0.7094764754354449,0.6798935265479058,0.10553463678324619,0.055517256997076304,0.07209376143160409,303.5322223422086,303.5322223422087,0.23475770987073033,1.503408460798329,3.481326375583498,20.035967658189108,0.5773502691896258,0.5773502691896257,0.0,3.0,1
LRL_2025-12-21_8,17017015,LRL_2025-12-21_8_17017015,12.0,4.0,17.116603980410225,17.91918159855654,16.11359730335517,1.8055842952013705,7.274939763239754,2.3522637398863995,1216.3999999999999,1216.3999999999999,0.12091666666666667,0.094,2.1,1.4,2.0,4.0,-2.0,12.0,4.0,17.13605201987066,17.68378075789207,16.216298217777204,1.4674825401148652,7.2514019789065625,2.3623018494889036,1214.6499999999999,1214.6499999999999,0.5546249999999999,0.6245,9.54166666666667,9.35,3.0,5.5,0.5,0.0,0.0,0.027503681166516265,0.3329070614617238,0.1452410260437586,0.4781480875054824,0.03328745383221227,0.014196030740449003,2.4748737341529163,2.4748737341529163,0.613356207114231,0.750240294838927,10.524105926659786,11.242997820866107,1.4142135623730951,2.1213203435596424,3.5355339059327378,2.0,1
LRL_2025-12-21_8,20003972,LRL_2025-12-21_8_20003972,12.0,2.0,16.91299199957364,17.935051130572894,15.825485834997059,2.1095652955758357,6.896149536009041,2.451757069839212,1212.7,1212.7,0.07108333333333333,0.013,1.258333333333333,0.2,1.0,6.0,1.0,13.0,2.0,16.804602040880045,17.714403445698636,15.489476512615111,2.2249269330835264,6.892780862509806,2.4365361671629504,1310.0999999999997,1310.1,0.15660836385836385,0.4903333333333333,2.5601037851037853,7.1000000000000005,1.3333333333333333,4.0,0.6666666666666666,1.0,1.0,0.1485354086314424,0.4777799120707085,0.2940450856556985,0.4904460031144271,0.014551062771037623,0.025304536607213417,98.46679643412783,98.4667964341278,0.13761799123017554,0.8380491234607511,2.04259011827836,12.124768039018313,0.5773502691896257,1.7320508075688772,0.5773502691896258,3.0,1
LRL_2025-12-21_8,19002312,LRL_2025-12-21_8_19002312,12.0,5.0,17.004859931239995,17.901361454543498,15.998630799651636,1.9027306548918617,7.1515132316119745,2.377179543774108,1212.3999999999999,1212.3999999999999,0.212,0.332,3.591666666666667,4.9,3.0,5.0,-2.0,12.0,4.0,17.271821705064223,18.039803581110508,16.131332839106573,1.9084707420039362,7.181541340510473,2.4040242344968488,1212.5666666666666,1212.5666666666666,0.2923333333333334,0.5233333333333333,4.927777777777778,7.599999999999999,2.3333333333333335,5.333333333333333,0.0,0.0,1.7320508075688772,0.3575635852880526,0.24807083223943893,0.20707009924882663,0.04519632475254377,0.09431921421694123,0.024677956228466767,2.653927906581779,2.653927906581779,0.1584262008353136,0.43019220510526845,2.4894267152037974,6.207253821135398,1.1547005383792515,0.5773502691896257,2.0,3.0,1
LRL_2025-12-21_8,21018895,LRL_2025-12-21_8_21018895,12.0,2.0,16.973033107345262,17.642867175009147,15.767014964326528,1.8758522106826199,7.079984676072282,2.39892933335076,1208.5,1208.5,0.5708333333333334,1.36,9.158333333333333,19.0,2.0,7.0,3.0,12.0,3.6666666666666665,17.03830198610211,17.66515398678966,15.944781065495917,1.7203729212937446,7.186037997540873,2.3728722141799303,1209.1999999999998,1209.1999999999998,0.6365,1.293,10.541666666666666,18.666666666666668,3.0,7.333333333333333,2.6666666666666665,0.0,2.0816659994661326,0.11747511825614754,0.08716620095265593,0.27670430153327996,0.19781904944194434,0.12409530337044748,0.025751805203406256,2.5238858928246333,2.5238858928246333,0.06938404595678559,0.3720524156620945,1.3875187686418269,5.607435539828643,1.0,0.5773502691896257,1.5275252316519468,3.0,1
LRL_2025-12-21_9,19008389,LRL_2025-12-21_9_19008389,18.0,4.0,15.622361730178252,15.9552286679358,15.070732950020279,0.884495717915522,6.856144966733371,2.2796102203880384,1818.6,1818.6,0.4613333333333334,0.689,7.0777777777777775,9.5,1.0,5.0,-3.0,17.0,3.5,15.73670766824591,16.101863095090817,15.060936339460149,1.0409267556306663,6.875362876091789,2.2885182950916656,1717.0,1716.9999999999998,0.9370104166666667,1.325,14.601388888888888,17.75,2.0,7.0,0.5,1.4142135623730951,0.7071067811865476,0.16170957641755518,0.2073723955934326,0.01385449951942291,0.22122689511285423,0.02717822805513179,0.012597920060502433,143.68409793710632,143.68409793710666,0.6727089825600769,0.8994398256692885,10.639992871354243,11.667261889578034,1.4142135623730951,2.8284271247461903,4.949747468305833,2.0,1
LRL_2025-12-21_9,21009283,LRL_2025-12-21_9_21009283,17.0,4.0,15.73959552972738,16.58689540954662,14.116944051635354,2.469951357911267,6.910847071988719,2.274268934996229,1725.8,1725.7999999999997,0.6718823529411765,1.804,9.970588235294118,23.0,3.0,4.0,-1.0,16.666666666666668,4.0,16.339674152386845,16.388067352995115,16.142108609440868,0.24595874355424563,7.092829118471241,2.3027762322219143,1688.4333333333332,1688.4333333333332,0.4401997549019608,0.8370000000000001,6.942279411764706,11.566666666666668,2.3333333333333335,4.333333333333333,-1.0,0.5773502691896255,0.0,0.5200874579020182,0.3610132209257535,1.7633644109474955,1.9899498853616846,0.15888679636330164,0.02619442304261667,58.59627405674636,58.59627405674631,0.3467706560136722,0.8519442470021146,5.406769531210348,10.224643433065689,1.1547005383792515,0.5773502691896257,1.0,3.0,1
LRL_2025-12-21_9,22015599,LRL_2025-12-21_9_22015599,16.0,9.0,15.327594017451213,16.82893322814984,13.38596542036257,3.4429678077872694,6.884789755735763,2.2224538017365676,1612.8999999999999,1612.8999999999996,1.6132499999999999,6.042,23.45625,80.0,2.0,9.0,-7.0,16.0,9.0,15.327594017451213,16.82893322814984,13.38596542036257,3.4429678077872694,6.884789755735763,2.2224538017365676,1612.8999999999999,1612.8999999999996,1.6132499999999999,6.042,23.45625,80.0,2.0,9.0,-7.0,,,,,,,,,,,,,,,,,,1.0,1
LRL_2025-12-21_9,20017096,LRL_2025-12-21_9_20017096,17.0,3.0,15.755246664447514,16.652892029402654,14.137405940918526,2.5154860884841277,6.859762388139722,2.2941654190255596,1720.1,1720.1,0.30323529411764705,1.26,4.3882352941176475,16.0,2.0,3.0,-1.0,16.5,2.0,15.974627100302616,16.606692625735345,14.799980790407286,1.80671183532806,6.894931297596779,2.315978790200344,1670.05,1670.0499999999997,0.23414889705882352,0.63,3.5566176470588236,8.0,1.5,4.0,1.5,0.7071067811865476,1.4142135623730951,0.3102507877056072,0.06533582323985772,0.9370223382343154,1.0023581614741723,0.04973634872804122,0.030848765356458637,70.78138879677334,70.78138879677358,0.09770291969608093,0.8909545442950499,1.1760849551793906,11.313708498984761,0.7071067811865476,1.4142135623730951,3.5355339059327378,2.0,1
LRL_2025-12-21_9,21010309,LRL_2025-12-21_9_21010309,17.0,5.0,15.587561728879606,16.421435740086782,14.127187389203886,2.2942483508828957,6.716704859999257,2.318181917535663,1721.2999999999997,1721.2999999999997,1.113705882352941,2.461,16.54705882352941,31.3,4.0,7.0,-1.0,17.0,5.0,15.587561728879606,16.421435740086782,14.127187389203886,2.2942483508828957,6.716704859999257,2.318181917535663,1721.2999999999997,1721.2999999999997,1.113705882352941,2.461,16.54705882352941,31.3,4.0,7.0,-1.0,,,,,,,,,,,,,,,,,,1.0,1
LRL_2025-12-21_9,21010285,LRL_2025-12-21_9_21010285,17.0,6.0,15.624247416495155,16.699164837498092,13.760908235060239,2.9382566024378534,6.79354586209744,2.295608950376791,1719.3999999999999,1719.3999999999999,0.6992352941176471,2.582,10.170588235294117,32.8,2.0,6.0,-1.0,16.666666666666668,5.666666666666667,16.387524705310266,16.541974978301877,15.934497077760264,0.6074779005416092,6.998813402299828,2.3400380384230295,1688.7333333333333,1688.733333333333,0.7652205882352942,1.203,12.375857843137254,16.5,3.0,8.333333333333334,2.3333333333333335,0.5773502691896255,1.5275252316519465,0.6755795613058584,0.1367269045477247,1.8833494835635805,2.019836103188399,0.18362944650423835,0.03880191256575484,55.032475260825215,55.032475260825244,0.4209337327848575,1.194969874097251,7.3429666936051055,14.123384863410044,1.0,2.081665999466133,3.511884584284246,3.0,1
LRL_2025-12-21_9,20004641,LRL_2025-12-21_9_20004641,12.0,7.0,15.95448397080058,16.659318113136994,14.856005351387104,1.8033127617498899,6.930808628718193,2.3029405778304968,1209.8999999999999,1209.8999999999999,1.6951666666666663,2.377,26.816666666666674,32.8,5.0,7.0,-1.0,14.666666666666666,5.333333333333333,15.799070390226055,16.375446700010965,14.91874523291073,1.4567014671002358,6.948392137134742,2.27326583939236,1478.2666666666667,1478.2666666666664,1.098972222222222,2.158,17.105555555555558,29.066666666666666,4.666666666666667,6.666666666666667,0.6666666666666666,2.309401076758503,2.886751345948129,0.14907905949119038,0.6251757687242187,0.8884773297898853,1.4921303034852231,0.039128243681839925,0.0256994879987627,232.41687402883076,232.4168740288306,0.6494781456598941,1.7170069889199637,10.241028919095939,22.731109373132966,2.516611478423583,1.5275252316519465,1.5275252316519465,3.0,1
LRL_2025-12-21_9,20016074,LRL_2025-12-21_9_20016074,17.0,2.0,15.696536986647185,16.107950961804914,14.81728664284402,1.2906643189608928,7.1439738071775984,2.1965279558515354,1714.3999999999999,1714.3999999999999,1.441529411764706,1.073,22.494117647058825,13.7,2.0,8.0,6.0,17.0,2.0,15.696536986647185,16.107950961804914,14.81728664284402,1.2906643189608928,7.1439738071775984,2.1965279558515354,1714.3999999999999,1714.3999999999999,1.441529411764706,1.073,22.494117647058825,13.7,2.0,8.0,6.0,,,,,,,,,,,,,,,,,,1.0,1
LRL_2025-12-26_1,21006938,LRL_2025-12-26_1_21006938,12.0,1.0,16.927645926175572,17.418256829620265,15.768799766431867,1.6494570631883985,7.170416390940954,2.3618611948487036,1210.3,1210.3,0.18575,0.0,3.3249999999999997,0.0,1.0,7.0,3.0,11.666666666666666,1.6666666666666667,16.908003918308566,17.449598389817243,15.855361629484724,1.594236760332521,7.192322467186755,2.3515160677648486,1175.5,1175.5,0.33195454545454545,0.07566666666666666,5.728787878787878,1.0999999999999999,1.6666666666666667,5.333333333333333,2.3333333333333335,0.5773502691896258,0.5773502691896258,0.03637704922553781,0.19938989665204487,0.18486181584378136,0.05569823499789084,0.06202565358571818,0.017330115271288277,59.06708051021309,59.06708051021309,0.18899161373453444,0.0656835849610337,3.1813443911318724,0.9539392014169457,0.5773502691896258,1.5275252316519468,1.1547005383792515,3.0,1
LRL_2025-12-26_1,21012519,LRL_2025-12-26_1_21012519,16.0,5.0,15.848505274840367,17.095056435497376,13.759983067769681,3.335073367727695,7.107059080781802,2.2254872747179806,1614.5,1614.4999999999995,0.6364375,2.255,9.55,28.6,1.0,5.0,0.0,13.0,3.6666666666666665,16.567244438598166,17.330319268763667,15.02365159845752,2.306667670306149,7.321772796536429,2.2603118486063507,1313.3666666666666,1313.3666666666666,0.573511994949495,1.4776666666666667,9.127272727272727,19.933333333333334,2.0,5.0,1.0,2.6457513110645907,1.5275252316519468,0.6224546377112642,0.3368923311079534,1.123810851870851,1.033264547329547,0.18614959962339162,0.030457977829824828,265.9620336313689,265.9620336313686,0.4105006885488266,1.2447466944456342,6.644184370591564,16.77299416721217,1.0,2.0,1.0,3.0,1
LRL_2025-12-26_1,21013577,LRL_2025-12-26_1_21013577,11.0,2.0,16.76483486035784,17.841793317713666,15.642208123757394,2.1995851939562723,7.239005204361138,2.3140381020855862,1112.1,1112.1,0.3991818181818181,0.326,6.545454545454546,4.6,2.0,4.0,0.0,12.333333333333334,6.333333333333333,16.602962295357344,17.621270789621313,15.102334559438924,2.5189362301823874,7.273557750164065,2.2803534140171045,1245.8,1245.8,0.9148066378066377,2.053,14.777453102453102,29.066666666666666,4.333333333333333,7.666666666666667,-1.6666666666666667,1.5275252316519468,4.509249752822894,0.3139649553126538,0.23432657216872216,0.757359190264293,0.5367686291582526,0.07392918227310216,0.03399399699886634,150.50445176140147,150.50445176140147,0.46100203143730756,1.5109291843101051,7.43620007964844,21.34767746930174,2.0816659994661326,3.5118845842842465,3.7859388972001824,3.0,1
LRL_2025-12-26_1,21016215,LRL_2025-12-26_1_21016215,12.0,3.0,16.7289067906985,17.31356094066914,15.862043639493693,1.451517301175448,6.96977149204093,2.3996467443533738,1208.3999999999999,1208.3999999999999,0.21983333333333333,0.466,3.608333333333334,6.9,2.0,3.0,-1.0,12.0,3.0,16.7289067906985,17.31356094066914,15.862043639493693,1.451517301175448,6.96977149204093,2.3996467443533738,1208.3999999999999,1208.3999999999999,0.21983333333333333,0.466,3.608333333333334,6.9,2.0,3.0,-1.0,,,,,,,,,,,,,,,,,,1.0,1
LRL_2025-12-26_1,21003545,LRL_2025-12-26_1_21003545,11.0,9.0,17.168317822223226,16.334054069971092,16.84525847480245,-0.5112044048313571,7.387651202945286,2.3227154445338387,1114.4,1114.4,1.7465454545454546,1.512,30.390909090909087,22.9,9.0,10.0,1.0,11.0,7.333333333333333,17.323313598394964,16.908599443000156,17.084900071730274,-0.17630062873011573,7.444391402579346,2.326358787793742,1112.1333333333334,1112.1333333333334,0.9100606060606061,1.1783333333333335,15.848484848484846,18.7,5.666666666666667,8.333333333333334,0.0,0.0,1.5275252316519468,0.1508029031919571,0.7844018467446539,0.5655244476218801,1.1690086325895284,0.05194200305869684,0.014375865744326425,2.6633312473918562,2.6633312473917408,0.7278881619510926,0.29585863741546126,12.666257424155969,3.671511950137163,3.511884584284246,1.5275252316519465,2.6457513110645907,3.0,1
LRL_2025-12-26_1,21006724,LRL_2025-12-26_1_21006724,12.0,2.0,16.692386348896154,17.764339685813113,15.400674392366756,2.3636652934463562,7.057124201530958,2.3646482293232394,1209.9999999999998,1209.9999999999998,0.30866666666666664,0.04,5.025,0.6,2.0,6.0,4.0,12.0,3.3333333333333335,16.93051049351591,17.76176581810273,15.605953108451393,2.155812709651338,7.154413457735122,2.364751524142238,1213.3333333333333,1213.3333333333333,0.3657777777777778,0.232,6.01111111111111,3.266666666666666,2.6666666666666665,5.666666666666667,2.0,0.0,3.2145502536643185,0.4097301846361927,0.22616431429839273,0.6160823527327843,0.40582723541407834,0.10792172798650931,0.029556932967364762,4.852147290976888,4.852147290976888,0.34382600506543903,0.3677390379059586,5.6606238204845445,5.147167505855364,2.0816659994661326,3.5118845842842465,2.0,3.0,1
LRL_2025-12-26_1,18001931,LRL_2025-12-26_1_18001931,12.0,2.0,16.764988920115062,17.217517683488285,15.86417663155428,1.353341051934006,7.221312512899439,2.320290896685505,1209.3999999999999,1209.3999999999999,0.2014166666666667,0.165,3.4583333333333335,2.4,1.0,5.0,3.0,12.0,4.333333333333333,16.72743698436545,17.47765779898165,15.550095654080437,1.9275621449012128,7.1903274419573355,2.3260490994918914,1209.6999999999998,1209.6999999999998,0.4011388888888889,0.7280000000000001,6.530555555555556,10.833333333333334,2.3333333333333335,5.666666666666667,-0.6666666666666666,0.0,2.0816659994661326,0.03904118895740933,0.3062828501439905,0.3895371000725486,0.6955745059529573,0.04713107187250234,0.00937348967999939,0.6999999999998708,0.6999999999998708,0.17700065390128217,0.6651939566772987,2.72029835645801,10.290934521865998,1.5275252316519468,1.1547005383792517,3.2145502536643185,3.0,1
LRL_2025-12-26_1,16022898,LRL_2025-12-26_1_16022898,,,,,,,,,,,,,,,,,,,,,,,,,,,,,,,,,,,,,,,,,,,,,,,,,,,,0.0,0
LRL_2025-12-26_1,21012195,LRL_2025-12-26_1_21012195,11.0,3.0,16.628763715119174,17.334132369801242,15.746597045620826,1.5875353241804167,6.760239196467257,2.4604086125030666,1112.0,1112.0,0.9576363636363638,0.819,15.827272727272726,11.6,3.0,5.0,1.0,11.666666666666666,4.333333333333333,16.59784869011016,17.313024020588987,15.588747770735814,1.7242762498531707,6.773649633989256,2.449812826809366,1179.8333333333333,1179.8333333333333,1.0037121212121214,1.6843333333333332,16.392424242424244,24.066666666666666,3.3333333333333335,5.333333333333333,-1.0,0.5773502691896255,2.309401076758503,0.13124416760716953,0.01828180133504668,0.3048679789205615,0.297330834418631,0.01446336651331627,0.02453755059156021,58.80070861251019,58.800708612510185,1.0093723653116886,2.108658894495109,16.415631268826868,30.196081423478336,2.516611478423583,2.516611478423583,1.7320508075688772,3.0,1
LRL_2025-12-26_1,21008594,LRL_2025-12-26_1_21008594,,,,,,,,,,,,,,,,,,,,,,,,,,,,,,,,,,,,,,,,,,,,,,,,,,,,0.0,0
LRL_2025-12-26_1,19002713,LRL_2025-12-26_1_19002713,17.0,4.0,15.795972519212361,17.391407120012254,13.96327954712423,3.428127572888023,7.069537983687949,2.2299135509980146,1712.3,1712.3,0.3710588235294118,2.366,5.176470588235294,31.7,1.0,4.0,-3.0,13.666666666666666,4.0,16.404133954088962,17.757302333731133,14.690935255974347,3.0663670777567824,7.115093393861646,2.30161004181015,1378.7666666666664,1378.7666666666664,0.28435294117647064,1.2633333333333334,4.242156862745098,17.2,1.3333333333333333,4.0,-2.0,2.886751345948129,0.0,0.5449486763006268,0.3866823950532105,0.6517301902338866,0.31814787442260695,0.040828346995502855,0.06408418020826408,288.8483569856912,288.8483569856912,0.13498071579697107,0.9619570329974898,1.9128907568583136,12.652667702899654,0.5773502691896257,0.0,1.0,3.0,1
LRL_2025-12-26_2,22002905,LRL_2025-12-26_2_22002905,14.0,2.0,16.0960508606027,17.180822358293703,14.247809392297187,2.9330129659965163,7.010974897510768,2.2929293194217393,1411.8999999999996,1411.8999999999999,0.015642857142857146,0.203,0.20714285714285716,2.7,1.0,2.0,-1.0,12.333333333333334,2.0,16.525705285878395,17.383233255875627,14.991695737753547,2.3915375181220795,7.135791913457112,2.3137615399820164,1245.4999999999998,1245.4999999999998,0.09796176046176047,0.24033333333333337,1.5829365079365079,3.3000000000000003,1.3333333333333333,2.3333333333333335,-0.6666666666666666,1.5275252316519465,0.0,0.4068630400261443,0.28877343421515506,0.7663000284216739,0.7969953942741728,0.1452833064119733,0.019083829080683883,153.50938082084738,153.50938082084764,0.12263736027697517,0.06727803009403094,2.0999103524398848,0.8717797887081346,0.5773502691896257,0.5773502691896258,0.5773502691896258,3.0,1
LRL_2025-12-26_2,22017709,LRL_2025-12-26_2_22017709,11.0,6.0,16.820222456407894,16.69970014480884,16.44881142104056,0.25088872376828064,6.435790727840224,2.6124082460369085,1107.7,1107.7,0.6083636363636363,1.349,10.345454545454546,21.5,5.0,6.0,0.0,11.0,8.333333333333334,16.403105783328648,17.182893274013868,14.985254553393817,2.19763872062005,6.400844876172218,2.5604254410809877,1111.7,1111.7,1.4245757575757576,3.4356666666666666,22.6969696969697,49.699999999999996,5.0,8.333333333333334,-2.6666666666666665,0.0,2.5166114784235836,0.6713444073596928,0.9532158312554464,1.3707930881013883,1.718772285333362,0.22923315768359362,0.0450212278463325,5.2163205422980585,5.216320542297907,0.9003669698743794,1.8731477072920153,13.500282621263695,24.79758052714014,3.0,2.5166114784235836,4.618802153517007,3.0,1
LRL_2025-12-26_2,22002945,LRL_2025-12-26_2_22002945,14.0,3.0,16.0910127526781,17.13614347020997,14.245858456021152,2.8902850141888177,7.049402652084661,2.2816660935414665,1411.6999999999998,1411.6999999999998,0.1122857142857143,0.263,1.8142857142857145,3.5,1.0,4.0,1.0,13.0,3.5,16.297760023988868,17.336750673836107,14.596004460901412,2.740746212934697,7.070689291811426,2.303100959853334,1314.3999999999999,1314.3999999999999,0.29260119047619043,0.5395,4.732142857142857,7.25,2.5,5.0,1.5,1.4142135623730951,0.7071067811865476,0.2923847950713175,0.28370142807782667,0.49518122891242,0.21147980083459209,0.03010385459894228,0.03031347864589691,137.60297961890208,137.60297961890208,0.2550045919343343,0.39103004999616076,4.1264731444957805,5.303300858899107,2.1213203435596424,1.4142135623730951,0.7071067811865476,2.0,1
LRL_2025-12-26_2,22009792,LRL_2025-12-26_2_22009792,,,,,,,,,,,,,,,,,,,,,,,,,,,,,,,,,,,,,,,,,,,,,,,,,,,,0.0,0
LRL_2025-12-26_2,22010780,LRL_2025-12-26_2_22010780,,,,,,,,,,,,,,,,,,,,,,,,,,,,,,,,,,,,,,,,,,,,,,,,,,,,0.0,0
LRL_2025-12-26_3,22010488,LRL_2025-12-26_3_22010488,16.0,5.0,15.93133306578478,16.812066988251217,14.68379477169781,2.128272216553407,6.679253928349421,2.3839673601868836,1617.6,1617.5999999999997,0.45262500000000006,1.832,6.856249999999999,24.7,2.0,7.0,-2.0,16.5,3.0,15.841403607650944,16.76650986373978,14.734502717394488,2.0320071463452924,6.699299593608586,2.3635829286875594,1665.35,1665.35,0.22845955882352945,0.916,3.4634191176470583,12.35,1.5,4.5,-0.5,0.7071067811865476,2.8284271247461903,0.12717945934973482,0.06442750334679304,0.07171186452432032,0.136139367871114,0.028348851676301638,0.028827939487609647,67.5286976033153,67.52869760331554,0.317017807127113,1.2954196231337551,4.798187448661803,17.46553749530772,0.7071067811865476,3.5355339059327378,2.1213203435596424,2.0,1
LRL_2025-12-26_3,22012128,LRL_2025-12-26_3_22012128,16.0,2.0,16.148842318708326,17.015045062521047,15.409822209884078,1.6052228526369685,6.759669977932495,2.3886278055562995,1614.1,1614.1,0.0055,0.012,0.0875,0.2,1.0,2.0,0.0,15.0,4.0,16.13846249269055,16.929365735390466,15.094623227013281,1.8347425083771849,6.746384150271264,2.390943259838444,1514.2333333333333,1514.2333333333333,0.5718022875816994,1.6770000000000003,8.735702614379084,23.133333333333336,2.0,4.0,-1.3333333333333333,2.6457513110645907,1.7320508075688772,0.5067889528605071,0.3843283904874388,0.8301280575756199,0.4528242975602925,0.052688456054980806,0.0576422721213422,267.5635500835891,267.5635500835891,0.7990749597442088,2.4481893309137677,12.091865500613313,33.196586169865924,1.7320508075688772,1.7320508075688772,1.5275252316519468,3.0,1
LRL_2025-12-26_3,22018737,LRL_2025-12-26_3_22018737,16.0,1.0,16.208227455820353,16.98959554073821,15.508355569788325,1.4812399709498862,6.815244039671628,2.378935781735252,1620.6,1620.5999999999997,0.081375,0.0,1.26875,0.0,1.0,4.0,0.0,14.666666666666666,2.0,16.361702874202276,17.219871126396153,15.431171675862558,1.788699450533595,6.838829955480226,2.3921011726160444,1483.5666666666666,1483.5666666666664,0.35690972222222217,0.45933333333333337,5.572916666666667,6.266666666666667,1.3333333333333333,5.0,0.3333333333333333,2.3094010767585034,1.0,0.25127431380620857,0.21557751152337062,0.4790911054502726,0.47431885099616633,0.022314829943268524,0.031010809816267002,230.0267448218431,230.02674482184293,0.242824216195718,0.3992447035758062,3.8022214586782463,5.427092530382483,0.5773502691896257,1.0,1.5275252316519468,3.0,1
LRL_2025-12-26_3,22016324,LRL_2025-12-26_3_22016324,11.0,4.0,16.499206057987244,17.03956703766183,15.250805774519725,1.7887612631421046,6.825580156612736,2.417297836185616,1108.3999999999999,1108.4,0.8490909090909091,1.336,13.581818181818182,19.0,3.0,5.0,-1.0,11.0,4.0,16.499206057987244,17.03956703766183,15.250805774519725,1.7887612631421046,6.825580156612736,2.417297836185616,1108.3999999999999,1108.4,0.8490909090909091,1.336,13.581818181818182,19.0,3.0,5.0,-1.0,,,,,,,,,,,,,,,,,,1.0,1
LRL_2025-12-26_3,22014344,LRL_2025-12-26_3_22014344,16.0,1.0,16.200116001701105,16.770434790567514,15.243834245449094,1.52660054511842,7.019287257971347,2.3093030053926915,1611.4,1611.3999999999999,0.044437500000000005,0.0,0.7812500000000001,0.0,1.0,4.0,1.0,16.0,1.0,16.200116001701105,16.770434790567514,15.243834245449094,1.52660054511842,7.019287257971347,2.3093030053926915,1611.4,1611.3999999999999,0.044437500000000005,0.0,0.7812500000000001,0.0,1.0,4.0,1.0,,,,,,,,,,,,,,,,,,1.0,1
LRL_2025-12-26_3,22013759,LRL_2025-12-26_3_22013759,,,,,,,,,,,,,,,,,,,,,,,,,,,,,,,,,,,,,,,,,,,,,,,,,,,,0.0,0
LRL_2025-12-26_4,23005659,LRL_2025-12-26_4_23005659,12.0,5.0,15.950180372469795,17.112872135575152,14.621272633698663,2.4915995018764896,6.796471026623088,2.3438858807793337,1213.0,1213.0,1.1695833333333334,1.996,18.291666666666668,27.0,5.0,7.0,2.0,11.333333333333334,6.0,16.519699438986834,17.482953306125776,15.108770655230012,2.37418265089576,6.995996753080012,2.357631046551869,1145.0,1145.0,1.1893500000000001,2.442,19.023888888888887,34.0,5.666666666666667,7.666666666666667,1.3333333333333333,1.1547005383792515,1.0,0.8982818906197862,0.36020542630768737,1.4040651411446465,1.1790799118337598,0.27836351538403226,0.03728451860094151,120.12530957296208,120.12530957296205,0.30840878491234835,1.4957312592842342,3.961087229162849,19.183065448462614,0.5773502691896258,1.1547005383792517,1.1547005383792517,3.0,1
LRL_2025-12-26_4,23002365,LRL_2025-12-26_4_23002365,12.0,6.0,15.991416424328618,17.466559136927913,14.128163784006928,3.338395352920985,7.2139611216726856,2.2138890301602343,1214.2,1214.2,0.6313333333333334,2.376,9.275,32.0,2.0,6.0,-4.0,12.0,3.3333333333333335,16.446355327239733,17.434850911984817,15.04025220907627,2.394598702908549,7.468059800229713,2.201471929198924,1213.8333333333333,1213.8333333333333,0.49336111111111114,1.0246666666666666,7.747222222222224,13.933333333333332,2.0,5.333333333333333,-0.3333333333333333,0.0,2.5166114784235836,0.4178454721423643,0.19960423278431635,0.7961513001352309,0.8232140041152309,0.22949661550466202,0.010932031904714052,2.569695182961039,2.569695182961075,0.3291614380738042,1.221219608970202,5.099627800506986,16.395527845523404,1.0,1.1547005383792517,3.2145502536643185,3.0,1
LRL_2025-12-26_4,23014518,LRL_2025-12-26_4_23014518,12.0,1.0,16.216060816054842,17.22438234206851,15.031424609637599,2.1929577324309104,6.834624556353183,2.370962993644403,1219.1999999999998,1219.1999999999998,0.0185,0.0,0.325,0.0,1.0,2.0,1.0,11.333333333333334,6.0,16.384121376414807,16.93467955628198,15.297994962390776,1.6366845938912054,6.902565292345346,2.372985839008918,1150.8,1150.8,0.923469696969697,1.6673333333333336,15.04469696969697,24.2,5.0,7.333333333333333,0.6666666666666666,0.5773502691896255,4.358898943540674,0.22500105857874497,0.36462832937507406,0.2535733831462861,0.507523285787937,0.058861380431898785,0.023768690267416466,59.53923076426155,59.5392307642615,0.8133959603366686,1.4807377665654826,13.13105514266769,21.523010941780427,3.605551275463989,4.725815626252609,0.5773502691896258,3.0,1
LRL_2025-12-26_4,23010163,LRL_2025-12-26_4_23010163,12.0,6.0,16.13875009844504,16.81336810638274,14.951402776821975,1.861965329560764,6.808977418016081,2.372632494993126,1210.1999999999998,1210.1999999999998,0.6696666666666666,1.384,10.550000000000002,19.4,3.0,8.0,2.0,11.5,4.5,16.095200848904476,16.900211916326626,14.926620984098054,1.9735909322285723,6.793700210781374,2.3708473445687486,1162.85,1162.85,0.763060606060606,1.119,11.988636363636367,15.45,3.0,7.5,2.5,0.7071067811865476,2.1213203435596424,0.061587939331438156,0.1228156938307953,0.035046747370088754,0.1578624412008847,0.02160523366650723,0.002524583941030498,66.96301217836593,66.96301217836593,0.13207897573435992,0.3747665940288701,2.034539056777658,5.586143571373724,0.0,0.7071067811865476,0.7071067811865476,2.0,1
LRL_2025-12-26_4,23014256,LRL_2025-12-26_4_23014256,12.0,4.0,16.202202062546956,17.172779707686487,14.900606396448351,2.272173311238136,6.964799412238043,2.325669886422481,1212.2,1212.2,0.46749999999999997,0.906,7.416666666666667,12.2,3.0,6.0,-1.0,12.0,4.5,16.350979327965547,17.418441441760947,15.117228159362362,2.301213282398586,7.0750450443033355,2.3107038244544373,1212.95,1212.95,0.5349583333333333,0.887,8.504166666666666,12.2,2.5,5.5,-0.5,0.0,0.7071067811865476,0.21040282652775186,0.3474181560841941,0.3063494350181629,0.04106872106603176,0.15591086805913046,0.02116520781052362,1.0606601717798212,1.0606601717798212,0.09540048989508507,0.02687005768508883,1.5379572490807405,0.0,0.7071067811865476,0.7071067811865476,0.7071067811865476,2.0,1
LRL_2025-12-26_4,23008752,LRL_2025-12-26_4_23008752,14.0,6.0,15.606046013736576,16.540854178622194,13.732687628915809,2.8081665497063852,7.007193006297894,2.223558858746292,1411.3999999999999,1411.3999999999999,1.1989285714285713,2.335,18.27142857142857,30.7,5.0,8.0,2.0,12.666666666666666,6.333333333333333,16.164227355915035,17.07251803442409,14.850783960860142,2.2217340735639444,7.014628305032737,2.3032048253726445,1278.8666666666666,1278.8666666666666,0.862531746031746,1.7103333333333335,13.46269841269841,23.766666666666666,3.0,7.0,-2.0,1.1547005383792517,0.5773502691896257,0.4864032966517014,0.4690605599997522,0.9787631322031105,0.5584617098320519,0.0359281264904462,0.06907515687104962,114.78250447404137,114.78250447404137,0.29701315214522256,0.6050597766612265,4.265974601965032,7.444013254510858,1.7320508075688772,1.0,3.605551275463989,3.0,1
LRL_2025-12-26_4,23000766,LRL_2025-12-26_4_23000766,12.0,3.0,16.276805300633164,17.276519032379483,14.870591875849463,2.4059271565300193,6.853634914896889,2.3714572251334998,1210.7,1210.7,0.19299999999999998,0.576,3.2083333333333335,7.8,1.0,5.0,2.0,12.0,3.5,16.307344089611668,17.33507659733242,14.738813572166848,2.596263025165573,6.872219934005628,2.3695101577877846,1209.15,1209.15,0.29162499999999997,1.165,4.583333333333333,16.15,1.5,4.5,0.0,0.0,0.7071067811865476,0.04318836955184884,0.08281290253598861,0.18636266429447546,0.26917556683046406,0.02628318608054104,0.002753569047164303,2.1920310216783134,2.1920310216783134,0.1394768125890465,0.832971788237753,1.9445436482630052,11.808683245815342,0.7071067811865476,0.7071067811865476,2.8284271247461903,2.0,1
LRL_2025-12-26_5,19016807,LRL_2025-12-26_5_19016807,17.0,2.0,16.1542695200328,16.622150111449454,15.517864456038648,1.1042856554108056,7.2266024952309,2.236133063696697,1721.9999999999998,1722.0,0.075,0.106,1.2294117647058824,1.5,1.0,3.0,1.0,15.5,2.0,16.41521411718111,16.961608785764668,15.516225589886616,1.445383195878052,7.268515576651259,2.258497492074219,1565.5499999999997,1565.55,0.3360714285714285,0.22649999999999998,5.6218487394958,3.2,1.5,5.0,2.5,2.1213203435596424,0.0,0.3690313883151284,0.48006706108176816,0.002317706739116783,0.48238476782088563,0.05927404818552041,0.031628077926213256,221.2537118332707,221.25371183327078,0.369210755033833,0.17041273426595793,6.211843941616949,2.4041630560342617,0.7071067811865476,2.8284271247461903,2.1213203435596424,2.0,1
LRL_2025-12-26_5,19016165,LRL_2025-12-26_5_19016165,17.0,5.0,17.88449554531012,23.512742444617167,14.364051234872921,9.148691209744246,7.821163407512972,2.2686334459673865,1714.6999999999998,1714.6999999999996,0.2428823529411765,0.662,3.7117647058823526,8.8,1.0,5.0,-4.0,17.0,5.0,17.88449554531012,23.512742444617167,14.364051234872921,9.148691209744246,7.821163407512972,2.2686334459673865,1714.6999999999998,1714.6999999999996,0.2428823529411765,0.662,3.7117647058823526,8.8,1.0,5.0,-4.0,,,,,,,,,,,,,,,,,,1.0,1
LRL_2025-12-26_5,21009051,LRL_2025-12-26_5_21009051,,,,,,,,,,,,,,,,,,,,,,,,,,,,,,,,,,,,,,,,,,,,,,,,,,,,0.0,0
LRL_2025-12-26_5,21004286,LRL_2025-12-26_5_21004286,,,,,,,,,,,,,,,,,,,,,,,,,,,,,,,,,,,,,,,,,,,,,,,,,,,,0.0,0
LRL_2025-12-26_5,18006720,LRL_2025-12-26_5_18006720,12.0,4.0,16.894723082816064,17.533791540154095,15.941779057001629,1.592012483152466,7.094691377067792,2.381631270419892,1221.1,1221.1,0.8463333333333334,1.621,13.841666666666667,24.0,4.0,7.0,3.0,14.5,3.5,17.2481047934766,20.051877457017937,15.178241383842721,4.873636073175216,7.269713379251771,2.3609778816397533,1467.6,1467.6,0.45666666666666667,0.9505,7.417892156862745,13.85,2.5,5.5,1.5,3.5355339059327378,0.7071067811865476,0.4997572079107342,3.5611112548495365,1.0798053327641226,4.640916587613659,0.24751848920227595,0.029208302521836108,348.6036431249679,348.6036431249679,0.551071884804716,0.9482301935711602,9.084589033391286,14.354267658086915,2.1213203435596424,2.1213203435596424,2.1213203435596424,2.0,1
LRL_2025-12-26_5,20016120,LRL_2025-12-26_5_20016120,17.0,8.0,15.702793537706354,16.35023850897079,14.46240383190673,1.8878346770640597,7.276981097881534,2.1568321358714213,1721.3999999999999,1721.3999999999999,2.3448823529411764,6.006,36.417647058823526,84.5,6.0,8.0,-2.0,17.0,8.0,15.702793537706354,16.35023850897079,14.46240383190673,1.8878346770640597,7.276981097881534,2.1568321358714213,1721.3999999999999,1721.3999999999999,2.3448823529411764,6.006,36.417647058823526,84.5,6.0,8.0,-2.0,,,,,,,,,,,,,,,,,,1.0,1
LRL_2025-12-26_5,19010909,LRL_2025-12-26_5_19010909,17.0,2.0,16.033767932493394,16.66572354812647,14.842123587759298,1.8235999603671704,7.064685875928413,2.268460249181801,1723.1,1723.0999999999997,0.6422352941176471,1.877,9.805882352941177,22.4,2.0,5.0,2.0,16.666666666666668,2.3333333333333335,16.61999722954815,18.4987536073687,14.865855320605425,3.632898286763275,7.204081302083124,2.303439006574429,1685.5,1685.4999999999998,0.343094362745098,0.759,5.417524509803922,9.233333333333333,1.3333333333333333,4.666666666666667,1.6666666666666667,0.5773502691896255,0.5773502691896258,0.6868030344343582,2.611152803928062,0.2898389211830406,2.8347189672406485,0.306181524805876,0.04244971677976691,60.67750818878436,60.67750818878441,0.2602395545673753,0.97422122744272,3.8246327652468053,11.49449143430597,0.5773502691896258,1.5275252316519465,2.516611478423583,3.0,1
LRL_2025-12-26_5,17020018,LRL_2025-12-26_5_17020018,14.0,3.0,16.23922889092915,16.812312362496876,14.974903054308738,1.8374093081881373,7.145514413116077,2.2722580112427306,1410.5999999999997,1410.6,0.8487142857142856,0.553,13.792857142857144,7.3,3.0,8.0,3.0,15.666666666666666,4.666666666666667,16.18818808400268,16.70142589251851,15.125630092749526,1.5757957997689858,7.14217696727449,2.266612585323046,1584.7333333333333,1584.733333333333,0.6616976540616246,0.8103333333333333,11.108403361344537,11.200000000000001,3.0,7.333333333333333,2.0,1.5275252316519465,1.5275252316519468,0.10301105866854475,0.17454280610844067,0.13727866375773615,0.2945683733040596,0.023326266775777347,0.007334636599450997,159.78001543789313,159.78001543789298,0.17498638325090599,0.22285944748503106,2.9303149084852707,3.395585369269929,1.0,0.5773502691896258,1.0,3.0,1
LRL_2025-12-26_5,20001085,LRL_2025-12-26_5_20001085,14.0,2.0,16.313823185033076,17.244424014272493,14.955581005261504,2.2888430090109892,7.167262423054547,2.2752196600694945,1411.4999999999998,1411.4999999999998,0.3133571428571429,0.189,4.964285714285714,2.5,2.0,5.0,1.0,12.666666666666666,6.0,16.56154802770671,17.400680813395326,15.340215884889467,2.0604649285058585,7.1735464043607715,2.3082670072506524,1277.8999999999999,1277.8999999999999,0.8344246031746031,1.7489999999999999,13.618650793650794,25.866666666666664,5.0,7.333333333333333,-0.6666666666666666,1.1547005383792517,3.605551275463989,0.21591465492536824,0.14698046375928997,0.3538211823542974,0.2651933655342876,0.049238764560854686,0.03136896245993562,115.70946374432812,115.70946374432812,0.4590321222706163,1.492791010155139,7.583246461090708,22.291777258292647,2.6457513110645907,2.0816659994661326,2.0816659994661326,3.0,1
LRL_2025-12-26_6,20004494,LRL_2025-12-26_6_20004494,12.0,8.0,15.675436942367106,16.168460264215547,14.665780932277716,1.5026793319378307,6.839009032989066,2.292128271742686,1212.6,1212.6,2.0184166666666665,2.486,31.633333333333336,32.5,7.0,10.0,-1.0,13.0,8.0,16.36756115267458,16.79635680599534,15.641233107766553,1.1551236982287871,7.068911424876087,2.315794312426411,1316.4333333333334,1316.4333333333334,0.8784419191919192,1.3126666666666666,14.010732323232324,18.266666666666666,4.0,8.666666666666666,-3.0,2.6457513110645907,2.0,0.6845607588910244,0.5606272513861098,0.9401781418496499,0.40854840011992505,0.19974929044087494,0.04547918586235723,273.36320771701025,273.36320771701025,0.9950606778203946,1.0178478930239692,15.424685206839852,12.343554323343554,2.6457513110645907,2.3094010767585034,1.7320508075688772,3.0,1
LRL_2025-12-26_6,21007150,LRL_2025-12-26_6_21007150,12.0,8.0,15.740527854204453,18.203208454289854,12.457470371627073,5.745738082662781,6.594994995840047,2.371860969244948,1208.3999999999999,1208.3999999999999,1.109,6.725,15.841666666666667,93.1,1.0,8.0,-7.0,12.0,6.0,16.041060872339756,17.785962666976545,13.697031149664571,4.088931517311972,6.6973888681476925,2.3865045964472102,1211.3999999999999,1211.3999999999999,0.65125,3.7895,9.341666666666667,52.449999999999996,1.0,6.0,-5.0,0.0,2.8284271247461903,0.42501787018786513,0.5900746512615228,1.753003663686376,2.3430783149479,0.14480680292137166,0.020709216191774783,4.242640687119285,4.242640687119285,0.6473562581762843,4.15142391234622,9.192388155425117,57.48778131046631,0.0,2.8284271247461903,2.8284271247461903,2.0,1
LRL_2025-12-26_6,22003918,LRL_2025-12-26_6_22003918,17.0,11.0,15.890876817789557,17.32740080304287,13.695055340398586,3.6323454626442846,6.574086035077024,2.413313493520115,1729.0,1728.9999999999998,0.9414705882352943,5.01,14.282352941176471,73.5,2.0,11.0,-6.0,14.0,6.666666666666667,16.277016987456765,17.054643724840634,14.939662723153342,2.114981001687291,6.706078783730934,2.425668367257773,1417.8,1417.8,0.9010140056022409,2.4476666666666667,14.393035395976574,35.43333333333333,3.0,7.333333333333333,-2.0,3.0,3.785938897200183,0.429240895271802,0.25573449658683967,1.1710230424052315,1.4267502446041156,0.12206015571110387,0.027680367140617588,310.4030927680973,310.4030927680972,0.4465907651450491,2.233252411469275,7.67040414063113,33.14156504049459,1.7320508075688772,3.5118845842842465,3.605551275463989,3.0,1
LRL_2025-12-26_6,22004908,LRL_2025-12-26_6_22004908,11.0,9.0,17.093788699908057,17.082916736099534,16.526852421962626,0.5560643141369077,7.4864075806612895,2.2833495106200234,1110.3,1110.3,0.5638181818181818,0.643,9.781818181818181,10.2,4.0,10.0,1.0,11.0,9.0,17.093788699908057,17.082916736099534,16.526852421962626,0.5560643141369077,7.4864075806612895,2.2833495106200234,1110.3,1110.3,0.5638181818181818,0.643,9.781818181818181,10.2,4.0,10.0,1.0,,,,,,,,,,,,,,,,,,1.0,1
LRL_2025-12-26_6,22018734,LRL_2025-12-26_6_22018734,12.0,9.0,15.692839593346335,17.126378436046704,13.503478088526245,3.622900347520458,6.676140866469019,2.3459390141114764,1209.6,1209.6,0.89525,3.081,13.333333333333334,40.2,3.0,9.0,-6.0,12.0,9.0,15.692839593346335,17.126378436046704,13.503478088526245,3.622900347520458,6.676140866469019,2.3459390141114764,1209.6,1209.6,0.89525,3.081,13.333333333333334,40.2,3.0,9.0,-6.0,,,,,,,,,,,,,,,,,,1.0,1
LRL_2025-12-26_6,21005601,LRL_2025-12-26_6_21005601,12.0,2.0,16.15829512923606,17.281158942469368,14.624297698712713,2.656861243756655,6.645480426019904,2.43044548383912,1212.3,1212.3,0.30358333333333337,0.403,4.95,5.3,1.0,3.0,0.0,11.5,2.5,16.652309352737007,17.41964202347387,15.571102137916228,1.8485398855576403,6.843051095712009,2.4340438789828562,1160.55,1160.55,0.15842803030303032,0.2745,2.5795454545454546,3.8,1.0,3.0,-1.0,0.7071067811865476,0.7071067811865476,0.6986416148802533,0.19584465131577697,1.338983678836663,1.1431390275208873,0.27940712060571005,0.005088899215049169,73.18555185280766,73.18555185280766,0.205280598195831,0.18172644276494276,3.352328967170769,2.1213203435596424,0.0,0.0,1.4142135623730951,2.0,1
LRL_2025-12-26_6,22006112,LRL_2025-12-26_6_22006112,12.0,4.0,16.05825050255051,16.88369671718442,14.57122017483816,2.3124765423462605,6.755238843578373,2.3726140213551594,1216.4999999999998,1216.5,1.0762500000000002,1.316,17.299999999999997,17.2,4.0,9.0,5.0,12.0,5.0,16.30541634917854,17.235442254051385,14.95089875828379,2.2845434957675956,6.826940536462799,2.386360328964939,1214.9333333333332,1214.9333333333334,1.2254444444444443,1.9433333333333334,19.655555555555555,26.666666666666668,4.666666666666667,7.666666666666667,2.6666666666666665,0.0,1.7320508075688772,0.21437971936258718,0.32685786985760545,0.34379562686903303,0.22022522644809858,0.062160274347660596,0.01195536522631115,1.4011899704653619,1.4011899704655209,0.13852823452011223,0.6001544245719873,2.087235234928238,8.994628026401832,1.1547005383792517,1.5275252316519465,2.0816659994661326,3.0,1
LRL_2025-12-26_6,22006600,LRL_2025-12-26_6_22006600,16.0,9.0,15.869695198082685,16.308963223956972,15.08754638692939,1.2214168370275829,7.151625918106778,2.2196912681109664,1617.0,1617.0,0.8255,1.729,12.98125,24.0,4.0,9.0,-5.0,13.333333333333334,5.666666666666667,16.253575102633093,16.868839406746826,15.323888664562352,1.544950742184475,7.186592094391616,2.261481736173952,1346.7333333333333,1346.7333333333333,1.2070555555555555,1.781,19.374305555555555,24.766666666666666,4.0,8.0,0.3333333333333333,2.309401076758503,3.055050463303893,0.33249334747312653,0.535358881651785,0.4256385427388737,0.6623430854371332,0.053682874434576644,0.03895923808405738,234.06909948417658,234.06909948417658,0.45935025317571415,0.3439607535751718,7.368668519638729,4.89523577913601,1.0,1.0,4.725815626252609,3.0,1
LRL_2025-12-26_6,22006107,LRL_2025-12-26_6_22006107,12.0,7.0,15.774364693110606,16.20267149391446,14.830998604359685,1.3716728895547732,6.727215539246942,2.34343284264556,1213.8,1213.8,2.0169166666666665,2.142,31.90833333333333,28.0,7.0,10.0,1.0,13.333333333333334,9.0,16.27886128361908,16.441081969804667,15.691614718112396,0.749467251692271,7.040944129419891,2.3123547987829975,1346.6666666666667,1346.6666666666665,1.458633541295306,1.7826666666666668,23.6794266191325,25.633333333333336,8.0,10.666666666666666,-0.6666666666666666,3.2145502536643185,2.6457513110645907,0.6715528406220354,0.34504042200755874,1.1579917998066385,0.813769899521319,0.27241186806914175,0.07074427472404546,326.07694388492615,326.0769438849261,0.680615088298532,1.1826754979001355,10.30732177102598,17.27203906124964,3.605551275463989,1.1547005383792515,2.0816659994661326,3.0,1
LRL_2025-12-26_6,20003183,LRL_2025-12-26_6_20003183,17.0,7.0,16.63997936760416,17.398277416625966,16.069554054848172,1.3287233617777936,7.495670841492206,2.2211631740704685,1722.6,1722.6,0.3201764705882353,1.674,5.241176470588235,26.5,1.0,7.0,-4.0,13.333333333333334,7.0,16.804511771256323,17.50492474404435,15.901654152798072,1.603270591246276,7.447487474397021,2.2564104475415205,1346.6333333333332,1346.6333333333332,0.84369266191325,2.0176666666666665,14.067765894236482,30.76666666666667,3.3333333333333335,7.0,-3.0,3.214550253664318,1.0,0.5187030625266517,0.11996599577080994,0.557781286060728,0.5195337733768948,0.20587716652305113,0.03098321343476853,329.45145823525087,329.45145823525087,0.4606219270317402,0.32034720746922896,7.97238926251148,3.700450423034114,4.041451884327381,1.0,2.6457513110645907,3.0,1
LRL_2025-12-26_6,22001570,LRL_2025-12-26_6_22001570,16.0,4.0,16.59582323821985,16.97084729359709,16.282846908400664,0.6880003851964247,7.320643916072306,2.268639866796141,1617.8,1617.7999999999995,0.23012500000000002,0.521,3.8,8.2,1.0,7.0,-3.0,16.0,4.0,16.5397987387514,16.93558595071494,16.220348751124504,0.7152371995904367,7.298897300493337,2.2684086382630326,1622.65,1622.6499999999996,0.26909375,0.3635,4.43125,5.6499999999999995,1.5,5.5,-1.5,0.0,0.0,0.07923060697344689,0.049867069331421376,0.08838574164327194,0.03851867231185056,0.030754358687491618,0.0003270065275292477,6.858935777509624,6.858935777509784,0.05511013475872654,0.22273863607376249,0.8927223112480167,3.6062445840513915,0.7071067811865476,2.1213203435596424,2.1213203435596424,2.0,1
LRL_2025-12-26_7,22003162,LRL_2025-12-26_7_22003162,,,,,,,,,,,,,,,,,,,,,,,,,,,,,,,,,,,,,,,,,,,,,,,,,,,,0.0,0
LRL_2025-12-26_7,21010871,LRL_2025-12-26_7_21010871,,,,,,,,,,,,,,,,,,,,,,,,,,,,,,,,,,,,,,,,,,,,,,,,,,,,0.0,0
LRL_2025-12-26_7,22013799,LRL_2025-12-26_7_22013799,12.0,2.0,16.54971842154804,17.389475971947594,15.030188468558396,2.359287503389197,7.385968177010072,2.2401926230253633,1211.1,1211.1,0.17299999999999996,0.165,2.9583333333333326,2.3,1.0,3.0,1.0,11.666666666666666,4.666666666666667,16.632246030728727,17.81741074891096,14.845137454122641,2.9722732947883177,7.457121131733563,2.2283473547609933,1179.6000000000001,1179.6,0.6657752525252526,1.8313333333333333,10.605555555555556,26.566666666666666,1.0,5.333333333333333,-2.3333333333333335,0.5773502691896258,4.618802153517007,0.2818723816046141,0.39426201583752146,0.27845112974370656,0.5389783275662962,0.16055770589201376,0.01256542614680133,53.60979388134227,53.60979388134213,0.5536700075783932,1.6247345424201867,9.120491021950599,24.65894023135085,0.0,4.041451884327381,4.932882862316247,3.0,1
LRL_2025-12-26_7,22004294,LRL_2025-12-26_7_22004294,12.0,2.0,16.45056649678012,17.44555516030067,15.162823047643755,2.282732112656916,6.702207690063215,2.4529086885396487,1208.1999999999998,1208.1999999999998,0.66175,1.252,10.541666666666666,17.8,1.0,4.0,-2.0,12.0,2.5,16.569845668889556,17.437645586013296,15.260713152969611,2.1769324330436852,6.8019990990761485,2.434705491561352,1210.2999999999997,1210.2999999999997,0.5563333333333333,1.0005,9.024999999999999,14.2,1.5,4.5,-0.5,0.0,0.7071067811865476,0.16868622290579988,0.011185827229802823,0.1384375145739564,0.14962334180375922,0.14112636403441095,0.0257432080452559,2.9698484809834516,2.9698484809834516,0.1490816797001637,0.35567471093683345,2.1448905695991947,5.091168824543144,0.7071067811865476,0.7071067811865476,2.1213203435596424,2.0,1
LRL_2025-12-26_7,22018268,LRL_2025-12-26_7_22018268,11.0,2.0,17.466398338933207,17.39370265385362,16.921646394176864,0.472056259676755,7.346747501468872,2.378551209047224,1112.3,1112.3,0.2360909090909091,0.624,4.045454545454546,10.0,2.0,5.0,3.0,13.5,4.5,16.895926597469867,16.541010015569896,16.802463529152092,-0.2614535135821985,7.259369694734469,2.329201574898254,1367.3,1367.2999999999997,0.46270170454545456,0.7969999999999999,7.647727272727273,12.7,4.0,6.5,1.0,3.5355339059327378,3.5355339059327378,0.8067688737280534,1.205889493596538,0.16855002412051354,1.0373394694760258,0.12357087933420896,0.06979092191162331,360.62445840513925,360.624458405139,0.3204760603119735,0.24465894629054538,5.094382946275808,3.818376618407356,2.8284271247461903,2.1213203435596424,2.8284271247461903,2.0,1
LRL_2025-12-26_7,22019572,LRL_2025-12-26_7_22019572,12.0,3.0,16.838010607129885,17.02830445357797,16.093950261027434,0.9343541925505363,7.2023200622439445,2.3357590376955013,1213.1999999999998,1213.2,0.9224166666666668,1.211,15.575000000000001,17.8,3.0,8.0,5.0,11.666666666666666,3.0,17.194310673755,16.997266654195737,17.060430373164337,-0.06316371896860318,7.376875440687243,2.3310500010611697,1176.3333333333333,1176.3333333333333,0.8465631313131313,0.7530000000000001,14.655555555555557,11.5,3.0,9.333333333333334,5.666666666666667,0.5773502691896258,1.0,0.31712159075120483,0.3615493416960433,0.9556822393153855,1.1923337941405538,0.1573092036687604,0.005534983919036636,59.23996398828512,59.239963988285155,0.10379611345714895,0.5437894813252644,1.6069798565194466,8.146778504415103,1.0,1.1547005383792517,2.081665999466133,3.0,1
LRL_2025-12-26_7,22000676,LRL_2025-12-26_7_22000676,13.0,6.0,16.726889572058248,18.149779894068956,14.88654161205703,3.263238282011926,6.895253732930404,2.423265712149087,1312.1999999999998,1312.1999999999998,0.7821538461538461,2.335,12.023076923076925,33.3,2.0,6.0,-4.0,13.0,6.0,16.726889572058248,18.149779894068956,14.88654161205703,3.263238282011926,6.895253732930404,2.423265712149087,1312.1999999999998,1312.1999999999998,0.7821538461538461,2.335,12.023076923076925,33.3,2.0,6.0,-4.0,,,,,,,,,,,,,,,,,,1.0,1
LRL_2025-12-26_7,21009540,LRL_2025-12-26_7_21009540,12.0,6.0,15.909736169015773,16.9360370568583,14.469359942140269,2.4666771147180313,7.11356745281464,2.2348607747621685,1210.8999999999999,1210.8999999999999,1.5480833333333335,3.103,24.25833333333333,43.3,6.0,6.0,0.0,12.0,6.0,15.909736169015773,16.9360370568583,14.469359942140269,2.4666771147180313,7.11356745281464,2.2348607747621685,1210.8999999999999,1210.8999999999999,1.5480833333333335,3.103,24.25833333333333,43.3,6.0,6.0,0.0,,,,,,,,,,,,,,,,,,1.0,1
LRL_2025-12-26_8,22006485,LRL_2025-12-26_8_22006485,12.0,1.0,16.90317052046937,17.02574426161291,16.46654037507407,0.5592038865388389,6.645948022254539,2.543958365094972,1209.9999999999998,1210.0,0.17508333333333334,0.0,3.0499999999999994,0.0,1.0,4.0,2.0,11.666666666666666,4.0,17.10586377201802,17.2767144887487,16.489291835505572,0.7874226532431278,6.766697698595838,2.5288246192394133,1176.6333333333332,1176.6333333333334,0.44614141414141417,0.389,7.817676767676768,6.133333333333333,4.0,6.666666666666667,1.0,0.5773502691896258,5.196152422706632,0.29284110384974243,0.35883144891635854,0.25962609369262607,0.579162364738585,0.166621061923403,0.018986915354278797,59.35843102149296,59.35843102149281,0.4710749728754816,0.6737677641442933,8.33013138668881,10.623244953089113,5.196152422706632,3.7859388972001824,1.0,3.0,1
LRL_2025-12-26_8,22002682,LRL_2025-12-26_8_22002682,12.0,2.0,16.756057107137487,17.273478760195417,16.10651007436249,1.1669686858329271,7.265187209301122,2.3071547665504455,1211.3999999999999,1211.3999999999999,0.21775,0.205,3.5083333333333333,3.0,1.0,4.0,-1.0,12.0,4.333333333333333,16.889810906174915,17.500758997319863,15.993389886140747,1.5073691111791139,inf,2.2506343948403456,1212.533333333333,1212.5333333333333,0.6822222222222223,1.164,11.302777777777777,17.2,2.6666666666666665,7.0,0.0,0.0,2.516611478423583,0.19237547081173872,0.19725955289449323,0.3515137810298053,0.4384727493819811,,0.0839628834919919,4.410593308539459,4.410593308539626,0.4134356588170419,1.0592766399765454,6.920306940313279,15.724821143656929,1.5275252316519465,2.6457513110645907,4.58257569495584,3.0,1
LRL_2025-12-26_8,22018894,LRL_2025-12-26_8_22018894,12.0,1.0,16.564146704337848,17.151718785644217,15.21975861098188,1.9319601746623363,7.296958036340306,2.2693071887537135,1211.6,1211.6,0.27791666666666665,0.0,4.833333333333333,0.0,1.0,4.0,1.0,12.0,1.6666666666666667,16.777074764177097,17.3576661450271,15.510782533068623,1.8468836119584768,7.422805181580256,2.2598255248805263,1211.2666666666664,1211.2666666666667,0.42825,0.5883333333333333,7.238888888888888,8.5,1.3333333333333333,4.666666666666667,2.3333333333333335,0.0,0.5773502691896258,0.2019214389492619,0.23244681815522897,0.4211390439357983,0.4920115657958526,0.10950849056003119,0.010322678854755801,1.9218047073865263,1.9218047073864701,0.16082471911300755,0.5835600511801107,2.5193188747343185,8.601744009211155,0.5773502691896257,0.5773502691896258,1.1547005383792517,3.0,1
LRL_2025-12-26_8,22019160,LRL_2025-12-26_8_22019160,16.0,5.0,15.992215269174723,16.760850246375504,15.032130646952876,1.7287195994226288,6.986480811029065,2.2875885626620853,1612.0,1611.9999999999998,0.3878125,1.652,5.9125,22.4,2.0,5.0,0.0,14.666666666666666,3.6666666666666665,16.30318171429035,16.86018442818721,15.385253195084454,1.4749312331027564,6.9488382010441825,2.3455700122207683,1478.0,1477.9999999999998,0.3896458333333333,1.3163333333333334,6.047222222222222,18.366666666666664,2.0,4.0,-0.6666666666666666,2.3094010767585034,1.1547005383792517,0.40324428124377076,0.3480197132152733,0.5206921454608453,0.2353653031390343,0.04608300981301384,0.060030489327373406,230.9698898125036,230.96988981250345,0.2250681002265388,0.9519697124033587,3.4249045336789776,13.31628076203462,0.0,1.0,0.5773502691896258,3.0,1
LRL_2025-12-26_8,22007910,LRL_2025-12-26_8_22007910,12.0,1.0,17.034937830266422,17.470228932624494,16.520842517327832,0.9493864152966616,7.02157771920437,2.425673065802774,1214.6999999999998,1214.6999999999998,0.0,0.0,0.0,0.0,1.0,1.0,0.0,12.0,1.0,17.034937830266422,17.470228932624494,16.520842517327832,0.9493864152966616,7.02157771920437,2.425673065802774,1214.6999999999998,1214.6999999999998,0.0,0.0,0.0,0.0,1.0,1.0,0.0,,,,,,,,,,,,,,,,,,1.0,1
LRL_2025-12-26_8,21018352,LRL_2025-12-26_8_21018352,11.0,7.0,17.439303293573726,17.842809119091655,16.444676149875274,1.3981329692163804,7.1066423859858165,2.455655105485741,1111.6,1111.6000000000001,0.23,0.651,3.954545454545455,10.1,1.0,7.0,-4.0,11.0,5.5,17.416809455577084,17.3146470435482,17.171013770848322,0.14363327269987813,7.152172870944387,2.4368614742043446,1110.6,1110.6000000000001,0.20390909090909093,0.5515,3.5545454545454547,8.9,1.0,6.0,-3.0,0.0,2.1213203435596424,0.031811090764673984,0.7469339703646773,1.0271965144418933,1.7741304848065693,0.06438982932983489,0.026578208244390406,1.4142135623730148,1.4142135623730951,0.03689811749100711,0.140714249456123,0.5656854249492383,1.6970562748477134,0.0,1.4142135623730951,1.4142135623730951,2.0,1
LRL_2025-12-26_8,21009515,LRL_2025-12-26_8_21009515,12.0,5.0,17.05369897843069,17.987180045899056,15.842983526369835,2.1441965195292205,7.2383850439077575,2.354043176813485,1212.4999999999998,1212.5,0.36308333333333326,1.113,5.791666666666667,16.4,2.0,5.0,-1.0,12.0,4.333333333333333,17.119703184609747,17.736680487336418,16.04889145522534,1.6877890321110793,7.252071476810404,2.359546971530111,1213.533333333333,1213.5333333333333,0.5269444444444444,0.8113333333333334,8.822222222222223,11.733333333333334,3.3333333333333335,5.333333333333333,0.6666666666666666,0.0,2.081665999466133,0.22110528517331435,0.4784217269889379,0.3262893104719558,0.4238965209917371,0.02444408021234143,0.036614924001812224,1.3051181300300998,1.305118130029976,0.43941991696545346,0.5337999000874141,7.550019928842966,7.739078325830107,2.3094010767585034,2.516611478423583,1.5275252316519465,3.0,1
LRL_2025-12-26_8,20019378,LRL_2025-12-26_8_20019378,12.0,4.0,16.804838338885983,17.01627776702203,15.99020011839902,1.0260776486230085,7.343274895777086,2.287751623274483,1212.6999999999998,1212.6999999999998,0.4726666666666666,0.334,8.066666666666668,4.9,3.0,6.0,2.0,11.666666666666666,2.6666666666666665,17.2440417560361,17.277607438411405,16.617880388052573,0.659727050358832,7.492528729467903,2.300607967231277,1180.8666666666666,1180.8666666666666,0.57875,0.4426666666666667,10.021464646464649,6.733333333333333,2.3333333333333335,7.666666666666667,5.0,0.5773502691896258,1.1547005383792517,0.43767136737284656,0.4469674003304664,0.7531031133592767,0.9605700502911672,0.13569876128311403,0.01974105149978051,60.31868146215844,60.31868146215844,0.21303590920572785,0.09444751628991271,3.9545451884747784,1.6502525059315416,0.5773502691896257,2.081665999466133,3.0,3.0,1
LRL_2025-12-26_9,22010453,LRL_2025-12-26_9_22010453,11.0,3.0,16.594099774078714,17.443093109076713,14.499608396179633,2.94348471289708,6.54191807634497,2.5314610324705487,1107.6,1107.6,0.23100000000000004,1.239,3.436363636363636,17.7,1.0,3.0,-1.0,11.5,2.0,16.65175346142643,17.392358878611393,15.048929378573098,2.3434295000382956,6.615805973166731,2.5150217458620197,1157.6,1157.6,0.17120833333333335,0.6195,2.718181818181818,8.85,1.0,5.0,2.5,0.7071067811865476,1.4142135623730951,0.08153462656796033,0.0717490368006178,0.7768571833969492,0.8486062201975669,0.10449326578055847,0.02324866207752012,70.71067811865476,70.71067811865476,0.08455818591689133,0.8761053018901325,1.0156624675224954,12.51579002700189,0.0,2.8284271247461903,4.949747468305833,2.0,1
LRL_2025-12-26_9,20001748,LRL_2025-12-26_9_20001748,11.0,7.0,17.48535953557011,17.70813448425528,16.121355328584198,1.5867791556710813,7.059573623180012,2.476191365674804,1112.3999999999999,1112.3999999999999,0.405,0.675,7.163636363636362,10.3,3.0,7.0,-4.0,11.0,7.0,17.48535953557011,17.70813448425528,16.121355328584198,1.5867791556710813,7.059573623180012,2.476191365674804,1112.3999999999999,1112.3999999999999,0.405,0.675,7.163636363636362,10.3,3.0,7.0,-4.0,,,,,,,,,,,,,,,,,,1.0,1
LRL_2025-12-26_9,21007744,LRL_2025-12-26_9_21007744,12.0,3.0,16.116718533282363,16.467675801172923,15.539344287480276,0.9283315136926475,6.987379530950261,2.3081333818328518,1210.3999999999999,1210.4,1.6669166666666666,1.378,26.733333333333334,19.0,3.0,7.0,1.0,15.0,3.6666666666666665,15.8771772673593,16.58349728429946,14.871260974726804,1.712236309572657,6.862484652586612,2.313995856911783,1518.1333333333332,1518.1333333333332,1.1280310457516338,2.055,17.351429738562093,27.600000000000005,2.6666666666666665,5.666666666666667,-0.6666666666666666,2.6457513110645907,1.1547005383792515,0.20747261164911399,0.3052520145482168,0.6133389991050118,0.8383314510965085,0.10830307628027688,0.005525516069377601,272.57419784956414,272.5741978495638,0.4774057785587853,0.7174461652277472,8.281825498248406,9.141115905621152,0.5773502691896258,1.5275252316519465,1.5275252316519465,3.0,1
LRL_2025-12-26_9,19017925,LRL_2025-12-26_9_19017925,16.0,2.0,15.965551700510357,17.117731901873405,14.63474065053568,2.482991251337726,6.7785300345405055,2.3520435395446375,1613.3,1613.2999999999997,0.21468749999999998,1.347,3.0125,17.8,1.0,4.0,2.0,16.333333333333332,3.3333333333333335,15.865464499860392,16.686004024714805,14.657056584313677,2.0289474404011263,6.779842452110409,2.336968326729972,1651.6666666666667,1651.6666666666663,0.6349191176470587,2.3953333333333333,9.185294117647059,32.1,1.6666666666666667,4.333333333333333,0.0,0.5773502691896255,3.2145502536643185,0.4921650315539184,0.3742258015986073,1.313795043842582,1.3560033491251926,0.150088223411874,0.025810806459832664,66.7129922378941,66.71299223789423,0.8173411863991198,3.0574061446483247,11.72390233332231,41.157380869049476,1.1547005383792517,2.516611478423583,2.6457513110645907,3.0,1
LRL_2025-12-26_9,21005169,LRL_2025-12-26_9_21005169,12.0,5.0,16.148287396460493,16.863189309823547,15.209081875524193,1.6541074342993536,7.213829738928808,2.237660194948884,1211.4999999999998,1211.4999999999998,1.3715,1.516,21.791666666666668,20.9,4.0,5.0,0.0,12.0,5.0,16.148287396460493,16.863189309823547,15.209081875524193,1.6541074342993536,7.213829738928808,2.237660194948884,1211.4999999999998,1211.4999999999998,1.3715,1.516,21.791666666666668,20.9,4.0,5.0,0.0,,,,,,,,,,,,,,,,,,1.0,1
LRL_2025-12-26_9,21000328,LRL_2025-12-26_9_21000328,16.0,8.0,15.585707787610882,17.069674540992366,13.635291609394685,3.434382931597682,6.871393549376469,2.263302928498297,1610.5,1610.4999999999998,0.7300625000000001,4.069,10.21875,53.9,1.0,8.0,-7.0,16.0,6.5,16.024596526992177,16.643493150910075,15.236966478540213,1.4065266723698624,7.036589199977481,2.2750551612033623,1612.8,1612.7999999999997,0.4165625,2.419,5.971875,33.2,1.0,6.5,-5.5,0.0,2.1213203435596424,0.6206824076058585,0.6027115018853951,2.2651103224577582,2.867821824343153,0.23362192952499822,0.01662016687966817,3.252691193458054,3.252691193458054,0.4433559518039653,2.3334523779156067,6.005988222703238,29.274220741123063,0.0,2.1213203435596424,2.1213203435596424,2.0,1
LRL_2025-12-26_9,20003013,LRL_2025-12-26_9_20003013,12.0,2.0,16.653554419423916,17.432925780302256,15.55462883363937,1.8782969466628856,6.721944180304576,2.478336372110462,1211.3999999999999,1211.3999999999999,0.6268333333333334,0.599,10.233333333333334,8.4,2.0,5.0,3.0,11.333333333333334,3.6666666666666665,16.759603808754445,17.324569057185503,15.477190189043847,1.8473788681416548,6.758527469263405,2.481008502912664,1142.7666666666667,1142.7666666666667,0.7601868686868686,1.2276666666666667,12.420202020202021,17.766666666666666,2.3333333333333335,5.666666666666667,0.6666666666666666,0.5773502691896258,2.0816659994661326,0.09489340969111243,0.14758237180996694,0.22171817432000315,0.326339157754638,0.12592214126136775,0.03991283634332876,59.440754817997764,59.440754817997764,0.19846981803680913,0.6755859185428108,3.384120446558698,10.426089071810836,0.5773502691896258,0.5773502691896257,3.2145502536643185,3.0,1
LRL_2025-12-27_1,23006388,LRL_2025-12-27_1_23006388,12.0,2.0,16.6297274487462,17.261103569793733,15.312661583493947,1.9484419862997857,6.881087763628535,2.4154544714965334,1209.1999999999998,1209.1999999999998,0.19358333333333333,0.422,3.2083333333333335,6.0,1.0,2.0,0.0,12.0,2.0,16.693860033205983,17.385861045762084,15.215716344933824,2.17014470082826,6.965739408067421,2.395291099770075,1210.6,1210.6,0.13958333333333334,0.5735,2.2041666666666666,8.0,1.0,2.0,-0.5,0.0,0.0,0.09069717073306513,0.17643371452187837,0.13710127117922052,0.3135349857010989,0.11971550364265766,0.02851531375872741,1.9798989873223813,1.9798989873223813,0.07636753236814713,0.21425335469952392,1.4201061188829833,2.8284271247461903,0.0,0.0,0.7071067811865476,2.0,1
LRL_2025-12-27_1,23012845,LRL_2025-12-27_1_23012845,,,,,,,,,,,,,,,,,,,,,,,,,,,,,,,,,,,,,,,,,,,,,,,,,,,,0.0,0
LRL_2025-12-27_1,23009437,LRL_2025-12-27_1_23009437,11.0,1.0,16.393823333680324,16.944800792902058,15.168708851407848,1.7760919414942098,6.8980086822084425,2.3755131787128763,1111.1,1111.1,0.0,0.0,0.0,0.0,1.0,1.0,0.0,11.666666666666666,3.0,16.540381511687414,17.242643923203048,15.177835472964354,2.0648084502386923,7.023991011752817,2.3535876379403913,1178.6333333333332,1178.6333333333332,0.2232777777777778,0.8676666666666666,3.4555555555555557,12.4,1.3333333333333333,3.0,-0.6666666666666666,0.5773502691896255,2.0,0.13164813516607943,0.26338377847998923,0.1930909589297568,0.35090438290653225,0.1191580247644102,0.02251310495538362,58.494130759703836,58.494130759703836,0.2065675893781052,0.7517887557907029,3.177015254279703,10.742904635153382,0.5773502691896257,2.0,0.5773502691896258,3.0,1
LRL_2025-12-27_1,23012012,LRL_2025-12-27_1_23012012,11.0,3.0,16.24323280553357,16.756344436672304,14.878719920574644,1.8776245160976597,6.95134755266896,2.335705301700065,1108.5,1108.5,0.32136363636363635,0.634,5.109090909090909,8.8,2.0,4.0,1.0,11.333333333333334,2.3333333333333335,16.44820453593808,17.291309316607585,14.949330438897512,2.3419788777100745,7.047159402776825,2.3336430533003276,1145.533333333333,1145.5333333333333,0.270760101010101,0.33,4.505050505050506,4.533333333333334,1.6666666666666667,4.0,1.6666666666666667,0.5773502691896258,1.1547005383792515,0.19631794638601158,0.46513425985968665,0.10627473849903596,0.4221020246053217,0.08532124951202473,0.01900442855826653,58.5209649043257,58.52096490432584,0.12357352094529994,0.317798678411349,1.9414982270862378,4.406056437828882,0.5773502691896257,0.0,1.1547005383792517,3.0,1
LRL_2025-12-27_1,23011876,LRL_2025-12-27_1_23011876,,,,,,,,,,,,,,,,,,,,,,,,,,,,,,,,,,,,,,,,,,,,,,,,,,,,0.0,0
LRL_2025-12-27_1,23013873,LRL_2025-12-27_1_23013873,12.0,4.0,16.549446529706458,17.79463194630442,15.016063499256497,2.778568447047924,6.822963217102752,2.4226877475402904,1214.1999999999998,1214.1999999999998,0.9905833333333334,1.752,15.708333333333334,24.4,3.0,5.0,-1.0,11.5,2.5,16.690687018059577,17.71365410536084,15.264087368605644,2.4495667367551954,6.842493546613172,2.4381847552709113,1162.6999999999998,1162.6999999999998,0.5069280303030304,0.876,8.045075757575757,12.2,2.0,3.5,0.0,0.7071067811865476,2.1213203435596424,0.19974421418518207,0.11451996091410398,0.3507587198258172,0.46527868073992057,0.02762005687125035,0.021916078508844625,72.83199846221432,72.83199846221432,0.6839918890591237,1.2388510806388313,10.837482795594731,17.253405460951758,1.4142135623730951,2.1213203435596424,1.4142135623730951,2.0,1
LRL_2025-12-27_1,23005541,LRL_2025-12-27_1_23005541,12.0,1.0,16.406196873112993,17.148784748877464,15.307640967562143,1.8411437813153206,7.447592471415921,2.204629709975325,1213.5,1213.5,0.29924999999999996,0.0,5.1499999999999995,0.0,1.0,6.0,5.0,11.666666666666666,1.3333333333333333,16.5562040706602,17.39583103649591,15.448549387479313,1.9472816490165965,7.415417055191798,2.2346084783872304,1179.6,1179.6000000000001,0.2680353535353535,0.018666666666666668,4.6179292929292926,0.26666666666666666,1.3333333333333333,4.666666666666667,3.3333333333333335,0.5773502691896258,0.5773502691896257,0.13468668543527568,0.2453158986424417,0.21403840935361862,0.1075392149631858,0.05297168289033246,0.027158692448689212,61.684438880482695,61.68443888048266,0.14341546039364245,0.03233161507461904,2.4375103697989178,0.46188021535170065,0.5773502691896257,1.5275252316519465,1.5275252316519465,3.0,1
LRL_2025-12-27_2,21014741,LRL_2025-12-27_2_21014741,,,,,,,,,,,,,,,,,,,,,,,,,,,,,,,,,,,,,,,,,,,,,,,,,,,,0.0,0
LRL_2025-12-27_2,21008653,LRL_2025-12-27_2_21008653,14.0,4.0,15.889726114293003,16.903666441900604,14.305782409485012,2.5978840324155925,6.3986574821893205,2.481415372424304,1409.0999999999997,1409.1,0.5860000000000001,1.78,9.05,24.1,2.0,5.0,1.0,14.666666666666666,4.0,16.393004370721417,16.80963009812896,15.347469112512686,1.4621609856162745,6.637333556935015,2.4690893355789854,1482.6666666666667,1482.6666666666667,0.7779523809523811,1.288,12.678571428571429,18.166666666666668,3.3333333333333335,6.666666666666667,2.3333333333333335,1.1547005383792515,1.0,0.47496908152112743,0.08433490742617172,1.1502488260275636,1.2024318512782908,0.21974307102986454,0.010766326544713845,122.4326073124858,122.43260731248571,0.21410279494373977,0.4875623037110231,3.748087947915059,5.714309523759922,1.5275252316519468,2.081665999466133,1.1547005383792517,3.0,1
LRL_2025-12-27_2,22004324,LRL_2025-12-27_2_22004324,14.0,5.0,15.864561956723737,16.848332630703737,14.42856746595907,2.4197651647446676,6.898044150859207,2.3001420056646538,1409.5999999999997,1409.6,0.8134285714285714,1.971,12.585714285714287,26.7,4.0,6.0,1.0,15.666666666666666,4.0,16.401142176650293,17.033520401767955,15.637306974281044,1.3962134274869094,7.131649575089263,2.3018141838192494,1581.0,1580.9999999999998,0.33734628851540616,1.0333333333333334,5.283105742296919,14.833333333333334,2.0,4.666666666666667,0.0,1.5275252316519465,1.0,0.4832953810026433,0.16042530297402316,1.0470553805140181,0.886835587272077,0.20265192426897297,0.021966812272472037,155.3714259444124,155.3714259444122,0.4180447340455015,0.8361903690747301,6.427853496740659,10.73421321445281,1.7320508075688772,1.5275252316519465,1.7320508075688772,3.0,1
LRL_2025-12-27_3,21014434,LRL_2025-12-27_3_21014434,,,,,,,,,,,,,,,,,,,,,,,,,,,,,,,,,,,,,,,,,,,,,,,,,,,,0.0,0
LRL_2025-12-27_3,19013832,LRL_2025-12-27_3_19013832,12.0,7.0,16.923834462418913,17.522688391152542,16.218395720750554,1.3042926704019884,7.4135101217472625,2.2835594622993605,1218.0,1218.0,0.8175833333333333,1.121,13.608333333333333,16.7,4.0,8.0,-3.0,12.0,4.0,17.223549670757496,17.736808804244518,16.493168710209318,1.2436400940352026,7.4397995467112565,2.315560037823543,1214.6333333333332,1214.6333333333332,0.3950277777777778,0.5790000000000001,6.658333333333334,8.700000000000001,2.6666666666666665,5.333333333333333,0.0,0.0,3.0,0.2895055965158799,0.2582738698707393,0.26194700915052055,0.2940108558874191,0.025437447686305344,0.033992938807993055,2.9365512652317176,2.936551265231697,0.3903403548092262,0.5614151761397264,6.449327053611442,8.371977066380438,1.5275252316519468,2.5166114784235836,2.6457513110645907,3.0,1
LRL_2025-12-27_3,22014238,LRL_2025-12-27_3_22014238,17.0,2.0,16.185881873842515,17.15788148078338,15.28059271536824,1.8772887654151411,7.11435712800728,2.2751893575382045,1715.6999999999998,1715.6999999999998,0.12170588235294118,1.246,1.6764705882352942,16.8,1.0,2.0,-1.0,16.666666666666668,1.6666666666666667,16.373222076563952,16.97815046332045,15.862976743480539,1.115173719839909,7.170045823710706,2.284334354340883,1680.8999999999996,1680.8999999999996,0.05589705882352941,0.47633333333333333,0.8057598039215685,6.533333333333334,1.0,2.3333333333333335,-0.3333333333333333,0.5773502691896255,0.5773502691896257,0.16308200491699712,0.34088360398432743,0.6491014322486907,0.9707613216278594,0.048238184778615106,0.008223071278752585,59.9292916694332,59.929291669433326,0.0580904299659868,0.6728018529502824,0.7744738430935557,9.000740710260091,0.0,0.5773502691896258,0.5773502691896258,3.0,1
LRL_2025-12-27_3,21008863,LRL_2025-12-27_3_21008863,17.0,4.0,17.764291240263837,22.82038252648015,14.417196911927851,8.403185614552298,7.682088208990005,2.2888346132471282,1718.3999999999999,1718.4,0.2231176470588235,0.36,3.664705882352941,4.8,1.0,5.0,-2.0,17.333333333333332,2.3333333333333335,16.759718509030577,18.662453129850608,15.392251027163061,3.2702021026875485,7.352432087578588,2.2715454326000155,1754.4333333333332,1754.4333333333332,0.08457734204793027,0.19666666666666666,1.3850762527233114,2.6999999999999997,1.0,3.0,-0.6666666666666666,0.5773502691896255,1.5275252316519465,0.8712514030451197,3.6011081893071335,0.8888721799577355,4.456709072188885,0.2855410288917606,0.017164327815396677,60.7735413920675,60.77354139206741,0.12000048847447344,0.18230011885167088,1.9742807926823938,2.455605831561735,0.0,1.7320508075688772,1.5275252316519468,3.0,1
LRL_2025-12-27_3,20003831,LRL_2025-12-27_3_20003831,17.0,5.0,15.955446221714922,16.297147619855032,15.33665014547546,0.9604974743795722,6.6699040250298305,2.3927855857592744,1714.6999999999998,1714.7,1.9499411764705883,2.837,30.61764705882353,38.2,4.0,8.0,3.0,13.666666666666666,5.0,16.400988042162385,16.976454211589196,15.33082011624517,1.6456340953440243,6.751308914077178,2.4278807803503777,1378.8333333333333,1378.8333333333333,1.2213137254901962,2.8249999999999997,19.322549019607845,39.766666666666666,3.6666666666666665,6.666666666666667,0.6666666666666666,2.886751345948129,3.0,0.540225400027004,0.6215792364214755,1.2908369789978125,1.6051843863156123,0.11285517371379662,0.041309655389890024,290.87664624945967,290.87664624945984,0.8534163571704507,1.9870271764623655,13.264093104985793,27.78314836971025,1.5275252316519468,2.309401076758503,3.214550253664318,3.0,1
LRL_2025-12-27_3,21001500,LRL_2025-12-27_3_21001500,17.0,3.0,16.126053780608927,17.202673169393428,15.039641728181271,2.1630314412121567,6.9162068052812,2.3318991207528477,1722.1,1722.1000000000001,0.6346470588235295,2.303,9.65294117647059,31.0,2.0,4.0,1.0,16.666666666666668,4.333333333333333,16.38548608441869,17.042033003348106,15.79654371736258,1.2454892859855236,7.040708469449826,2.328090606203022,1686.9666666666665,1686.9666666666665,0.5833345588235294,1.2663333333333333,9.3390931372549,18.066666666666666,2.6666666666666665,6.0,0.3333333333333333,0.5773502691896255,3.214550253664318,0.25014913675386946,0.374896769646878,0.8128716579574226,1.1482121645294665,0.11193836397350988,0.006562229653402463,54.98548293261898,54.985482932619206,0.07905581539639417,1.0251991676417482,1.1443284064472887,13.59203197955822,1.1547005383792515,2.0,3.0550504633038935,3.0,1
LRL_2025-12-27_4,22008352,LRL_2025-12-27_4_22008352,11.0,2.0,17.00496511714814,17.298049932883078,16.119487148789833,1.1785627840932449,7.6460909419655545,2.2244726400493238,1119.8,1119.8,0.492,0.563,8.19090909090909,8.5,2.0,3.0,1.0,11.666666666666666,1.6666666666666667,16.882148675566395,17.625250739313127,15.700442270891577,1.924808468421552,7.639865676417611,2.208992970419867,1180.533333333333,1180.5333333333333,0.20197222222222222,0.19199999999999998,3.4136363636363627,2.9,1.3333333333333333,4.0,2.3333333333333335,0.5773502691896255,0.5773502691896257,0.10981198957170443,0.32374851615002237,0.3630635546429248,0.6625106660189067,0.017387866556563922,0.015709255587315462,52.65133743157273,52.65133743157279,0.2530619480226868,0.3213611675358427,4.174743961510568,4.850773134253961,0.5773502691896258,1.0,1.1547005383792517,3.0,1
LRL_2025-12-27_4,22006627,LRL_2025-12-27_4_22006627,11.0,6.0,17.74762634324662,17.342440942065,17.120783926308494,0.22165701575650587,7.291162849861829,2.4328491058776134,1117.0,1117.0,0.8503636363636364,0.56,15.209090909090907,8.8,6.0,9.0,3.0,12.333333333333334,3.6666666666666665,17.09981135061329,17.42320841624035,16.13922233952733,1.2839860767130211,7.1122025250160625,2.4030007938032782,1246.6666666666667,1246.6666666666665,0.40504581529581535,0.414,7.151839826839826,6.2,2.6666666666666665,6.333333333333333,2.0,1.5275252316519468,2.0816659994661326,0.5648261179487316,0.08925127740581817,0.8621981358860702,0.9242742293336491,0.1549885691033868,0.027757271434158,149.5050946735038,149.50509467350372,0.40258924129466617,0.34035716534252664,7.302030745760473,5.03189825016365,2.8867513459481287,3.0550504633038935,3.605551275463989,3.0,1
LRL_2025-12-27_4,21018066,LRL_2025-12-27_4_21018066,12.0,6.0,16.58847040014248,16.625610496829232,16.40198643602278,0.2236240608064506,7.331165550127033,2.2647801125263554,1210.0,1210.0,1.4301666666666668,1.409,23.791666666666668,21.0,6.0,7.0,1.0,12.0,6.0,16.58847040014248,16.625610496829232,16.40198643602278,0.2236240608064506,7.331165550127033,2.2647801125263554,1210.0,1210.0,1.4301666666666668,1.409,23.791666666666668,21.0,6.0,7.0,1.0,,,,,,,,,,,,,,,,,,1.0,1
LRL_2025-12-27_4,21012490,LRL_2025-12-27_4_21012490,14.0,7.0,16.48674079401272,16.621882872027363,15.68409659876967,0.9377862732576929,7.472837609953464,2.2063688931234746,1412.6999999999998,1412.6999999999998,1.3179285714285711,1.72,21.514285714285712,24.3,7.0,12.0,5.0,15.0,6.0,16.291507600617898,16.43016307247291,15.590874506477862,0.8392885659950498,7.401557764213521,2.2013340144940967,1513.25,1513.2499999999998,0.9141205357142855,1.5175,14.825892857142856,21.85,5.5,8.5,2.5,1.4142135623730951,1.4142135623730951,0.2761014299243678,0.2711327407053572,0.13183594723187234,0.1392967934734849,0.1008049245692886,0.007120393642568691,142.19917369661488,142.19917369661465,0.5710708007023818,0.2863782463805517,9.458815889050761,3.464823227814083,2.1213203435596424,4.949747468305833,3.5355339059327378,2.0,1
LRL_2025-12-27_4,21014690,LRL_2025-12-27_4_21014690,11.0,4.0,17.515543927523265,17.60037297743303,16.83691875240709,0.7634542250259386,7.368781598817554,2.37704927448827,1109.3,1109.3,0.36272727272727273,0.35,6.427272727272726,5.5,4.0,6.0,2.0,11.0,3.0,17.55903692950314,17.413036469059307,16.995110194527545,0.41792627453176107,7.348730898344413,2.3889143104320087,1111.3999999999999,1111.3999999999999,0.432,0.4426666666666666,7.612121212121212,7.1000000000000005,3.0,6.666666666666667,3.3333333333333335,0.0,1.7320508075688772,0.09936588520499776,0.20313272124826579,0.14775952259296488,0.34796804041990953,0.03642216852916989,0.02479915485777063,2.007485989988435,2.007485989988608,0.23259703387035974,0.4955414547072054,3.98439448963526,8.020598481410225,1.7320508075688772,0.5773502691896258,2.3094010767585034,3.0,1
LRL_2025-12-27_5,21011854,LRL_2025-12-27_5_21011854,14.0,3.0,16.248984481002516,17.515634539811074,14.491128039384769,3.0245065004263054,7.115256204123344,2.281174564819212,1422.5999999999997,1422.6,0.6297857142857143,0.748,9.921428571428573,9.9,3.0,6.0,3.0,14.0,3.0,16.248984481002516,17.515634539811074,14.491128039384769,3.0245065004263054,7.115256204123344,2.281174564819212,1422.5999999999997,1422.6,0.6297857142857143,0.748,9.921428571428573,9.9,3.0,6.0,3.0,,,,,,,,,,,,,,,,,,1.0,1
LRL_2025-12-27_5,22007116,LRL_2025-12-27_5_22007116,17.0,3.0,15.52110067170776,16.360004109918826,14.573886635855626,1.7861174740632002,6.824075117952364,2.2735488438005658,1712.5,1712.4999999999998,0.7082941176470589,1.698,10.48235294117647,22.6,2.0,6.0,1.0,17.666666666666668,3.6666666666666665,16.198034918692173,16.44319324824528,16.007816795827353,0.4353764524179269,7.054170195440688,2.2961105478732193,1783.2333333333333,1783.2333333333333,0.46030174291939,1.0566666666666666,7.23115468409586,15.466666666666667,2.0,6.333333333333333,0.3333333333333333,0.5773502691896263,1.1547005383792515,0.591329912409471,0.20423858802275968,1.2427930498070827,1.1783559284927267,0.21084603106579208,0.022766472293323757,61.32547051049287,61.32547051049294,0.31070546573262686,0.6242646340562096,4.676055534091825,7.823255929172543,1.0,1.5275252316519465,3.0550504633038935,3.0,1
LRL_2025-12-27_5,21003877,LRL_2025-12-27_5_21003877,18.0,4.0,16.59010012783806,16.67352567171025,16.5034642575621,0.1700614141481509,7.222462920298197,2.29733496121726,1814.4999999999998,1814.4999999999998,0.17838888888888887,1.158,2.9333333333333336,18.6,1.0,4.0,-2.0,17.333333333333332,3.3333333333333335,16.634710038277134,16.588429740184463,16.669324156153262,-0.08089441596880202,7.249310600908789,2.2952972715765028,1752.6999999999998,1752.6999999999998,0.3802864923747277,0.7536666666666667,6.299346405228758,11.9,1.3333333333333333,5.333333333333333,-1.3333333333333333,0.5773502691896263,1.1547005383792515,0.06934565552529914,0.2638288584408757,0.2978156813570452,0.21746556630065536,0.044175398046355584,0.004398561824560754,53.60438414906004,53.60438414906004,0.23593700200948894,0.6091931822774557,3.9494544483478373,9.681425514871247,0.5773502691896257,1.5275252316519465,1.1547005383792517,3.0,1
LRL_2025-12-27_5,21002161,LRL_2025-12-27_5_21002161,18.0,3.0,16.564481712092537,16.628925902435864,15.852850469831964,0.7760754326038999,7.43430847690246,2.228742419073411,1821.5,1821.5,0.47455555555555556,0.779,7.672222222222222,10.9,3.0,3.0,0.0,17.333333333333332,2.3333333333333335,16.477114878535712,16.580303951036612,15.716588017752924,0.8637159332836889,7.332152260940283,2.248071161516619,1752.6999999999998,1752.6999999999998,0.4780578703703704,0.38966666666666666,7.887962962962963,5.466666666666666,2.0,4.666666666666667,1.6666666666666667,1.1547005383792517,0.5773502691896257,0.12987399136187633,0.04360727989325947,0.3018709665912972,0.2989808350475136,0.1124308757795222,0.017946931211473824,116.92065685754606,116.92065685754606,0.3002687916489113,0.3482159291780509,5.032636030106155,4.84389650316079,1.0,2.886751345948129,3.7859388972001824,3.0,1
LRL_2025-12-27_5,21005927,LRL_2025-12-27_5_21005927,16.0,4.0,15.901859748291015,17.165868088192763,14.405510011336279,2.760358076856484,6.65709242323666,2.385415471346352,1611.9,1611.8999999999996,0.42781250000000004,1.976,6.325,26.2,2.0,5.0,1.0,16.666666666666668,5.333333333333333,16.37539251065273,16.7574598330679,15.71921805116938,1.038241781898524,6.911476057136877,2.369276476304248,1684.9333333333332,1684.9333333333332,0.5250671296296296,1.4653333333333334,8.495601851851852,21.633333333333336,2.3333333333333335,7.333333333333333,0.3333333333333333,1.1547005383792517,4.163331998932265,0.4261835863756592,0.36849453088673945,1.143008545787166,1.5065836436264077,0.22118843079116704,0.01694616627859208,116.51190211018482,116.511902110185,0.113650275173179,0.9759535508072776,2.3000390342120665,14.692288226594703,0.5773502691896258,2.516611478423583,5.033222956847166,3.0,1
LRL_2025-12-27_5,19016317,LRL_2025-12-27_5_19016317,16.0,4.0,16.82323517057981,17.565349871441832,15.431773554742126,2.133576316699706,7.411522067273408,2.2678374117796456,1612.5,1612.5,0.4834375,0.642,8.06875,9.0,3.0,7.0,3.0,16.0,4.0,16.82323517057981,17.565349871441832,15.431773554742126,2.133576316699706,7.411522067273408,2.2678374117796456,1612.5,1612.5,0.4834375,0.642,8.06875,9.0,3.0,7.0,3.0,,,,,,,,,,,,,,,,,,1.0,1
LRL_2025-12-27_6,22012730,LRL_2025-12-27_6_22012730,16.0,8.0,15.799510560673161,16.924238585975026,14.185646541779779,2.738592044195247,7.143970900399231,2.209003297587005,1611.1999999999998,1611.1999999999998,0.5954375,2.336,8.7625,30.9,1.0,8.0,-5.0,14.0,6.666666666666667,16.365530230222088,17.17390881575456,15.146985685388119,2.026923130366443,7.310078246361978,2.2372924788285133,1410.0,1410.0,0.5808204365079366,1.7406666666666666,9.15376984126984,24.566666666666666,3.0,7.0,-3.0,2.0,1.5275252316519465,0.5720712103518174,0.2560814655087064,0.9891584216682595,0.7330812273769257,0.1481195542699293,0.038895265586610724,201.05016786861927,201.05016786861927,0.23818186579466696,0.8351438997761603,3.7231896069627326,10.796913139102923,2.0,1.0,1.7320508075688772,3.0,1
LRL_2025-12-27_6,22002442,LRL_2025-12-27_6_22002442,12.0,1.0,16.687700000569567,17.390801163978097,15.758920197772746,1.631880966205351,7.222761041737379,2.3107588436319095,1214.2,1214.2,0.0,0.0,0.0,0.0,1.0,1.0,0.0,11.5,2.0,16.61840523820515,17.231506836689434,15.485883386368357,1.7456234503210748,7.225392918568194,2.299616180904675,1161.1,1161.1,0.13054545454545455,0.438,2.0818181818181816,6.2,1.0,2.5,-0.5,0.7071067811865476,1.4142135623730951,0.09799759273717941,0.2252761980607269,0.38613236171519105,0.16085616365446284,0.0037220359086342575,0.015758104749804082,75.09474016201146,75.09474016201146,0.18461915232434223,0.6194255403194157,2.94413550712217,8.76812408671319,0.0,2.1213203435596424,0.7071067811865476,2.0,1
LRL_2025-12-27_6,21010411,LRL_2025-12-27_6_21010411,11.0,3.0,17.37521755211031,21.175013226288097,15.103042648286653,6.071970578001444,7.486045300250467,2.320209459063537,1211.1,1211.1,0.3139090909090909,1.62,4.763636363636365,23.8,1.0,3.0,-2.0,12.333333333333334,1.6666666666666667,16.712126373065097,18.44094198487558,15.466061926046004,2.974880058829573,7.161646200939761,2.333974413860816,1279.0666666666666,1279.0666666666666,0.10687445887445889,0.54,1.625974025974026,7.933333333333334,1.0,2.0,-0.3333333333333333,1.5275252316519468,1.1547005383792517,0.6671681566074464,2.3826398983810813,0.4502803331155636,2.682756753455893,0.3187721657499503,0.011937462017914208,119.8932997849892,119.8932997849892,0.1793286774457724,0.9353074360871938,2.717896064055976,13.740936406713093,0.0,1.0,1.5275252316519465,3.0,1
LRL_2025-12-27_6,22000770,LRL_2025-12-27_6_22000770,,,,,,,,,,,,,,,,,,,,,,,,,,,,,,,,,,,,,,,,,,,,,,,,,,,,0.0,0
LRL_2025-12-27_6,22015126,LRL_2025-12-27_6_22015126,16.0,6.0,16.067547021680582,17.246543957284068,14.38393958458585,2.862604372698218,6.969638273967114,2.3029072267684856,1617.0,1616.9999999999998,0.7803125,2.229,11.6375,29.1,3.0,8.0,-3.0,15.0,5.0,16.22094567059223,16.68683653066248,15.299009777798483,1.3878267528639985,7.049345577404054,2.299616578716213,1514.2666666666664,1514.2666666666664,1.0529783496732026,2.153,16.947630718954247,31.46666666666667,3.6666666666666665,7.333333333333333,0.6666666666666666,2.6457513110645907,3.605551275463989,0.47415261624936184,0.9240451117406753,0.8160718181314658,1.4076735677970764,0.0834800766540163,0.0484805315428044,268.94245357201106,268.942453572011,0.8258725231575996,2.116023865649913,13.454665563250147,32.71426803908859,3.0550504633038935,1.1547005383792517,4.041451884327381,3.0,1
LRL_2025-12-27_6,22006185,LRL_2025-12-27_6_22006185,11.0,5.0,17.23321023301331,21.201470463076337,15.071512258458739,6.129958204617598,7.455848990424118,2.307433321788813,1213.6999999999998,1213.6999999999998,0.7577272727272727,2.408,11.70909090909091,35.3,1.0,5.0,-3.0,11.0,7.0,17.169674765891806,19.13055851436874,15.410788020435609,3.7197704939331344,7.270409500188712,2.360155510162325,1147.9333333333332,1147.9333333333332,0.7618590909090909,2.3320000000000003,12.223030303030304,34.73333333333333,2.6666666666666665,7.0,-3.3333333333333335,1.0,1.7320508075688772,0.23411276617128737,1.7979335430675372,0.5489808522091368,2.16919073333217,0.16435955094101415,0.06343292893724684,118.00492927557428,118.00492927557428,0.21985412110332544,0.6523289047712051,3.30015155341116,8.464238496954895,1.5275252316519468,1.7320508075688772,1.5275252316519468,3.0,1
LRL_2025-12-27_6,22004645,LRL_2025-12-27_6_22004645,14.0,1.0,16.134490178088964,16.855612553345146,15.042023708145308,1.8135888451998383,inf,2.2045559931809877,1419.8,1419.8,0.5951428571428571,0.0,9.592857142857142,0.0,1.0,7.0,3.0,15.0,3.0,16.306361876763116,17.168953984416373,15.161267181529654,2.0076868028867185,inf,2.30712235104037,1516.25,1516.25,0.6237276785714285,0.523,10.02767857142857,7.25,2.5,7.0,1.0,1.4142135623730951,2.8284271247461903,0.24306328725308857,0.44313170147432235,0.1686357372846172,0.2744959641897051,,0.14505073432795024,136.400898090885,136.400898090885,0.04042504214229884,0.7396336931211287,0.6149303614961581,10.253048327204938,2.1213203435596424,0.0,2.8284271247461903,2.0,1
LRL_2025-12-27_6,22007066,LRL_2025-12-27_6_22007066,16.0,3.0,16.15467621991379,16.832925548959867,15.347683582247964,1.4852419667119037,6.810644534172791,2.371368203599137,1622.1,1622.0999999999997,0.42418750000000005,0.51,6.775,6.9,3.0,8.0,2.0,13.333333333333334,2.6666666666666665,16.510667057873007,17.008717729440306,15.79242293720378,1.2162947922365277,6.894202788574247,2.394673283005801,1347.9333333333332,1347.9333333333332,0.5538680555555556,0.39033333333333337,9.113888888888889,5.466666666666666,2.6666666666666665,7.666666666666667,4.0,2.309401076758503,1.5275252316519468,0.3189709174988683,0.16914734642207138,0.3856801845645036,0.2390038266136552,0.07338783614896922,0.021669000358955214,237.43555616910737,237.43555616910723,0.43544033644462615,0.3463673387219605,7.21515252270705,4.909514572066502,1.5275252316519468,1.5275252316519465,1.7320508075688772,3.0,1
LRL_2025-12-27_6,21006298,LRL_2025-12-27_6_21006298,,,,,,,,,,,,,,,,,,,,,,,,,,,,,,,,,,,,,,,,,,,,,,,,,,,,0.0,0
LRL_2025-12-27_7,23015742,LRL_2025-12-27_7_23015742,14.0,1.0,16.5237772053871,17.319904737714275,15.484541522612199,1.8353632151020758,6.851357270009875,2.4110865835665423,1416.8999999999996,1416.8999999999996,0.0,0.0,0.0,0.0,1.0,1.0,0.0,12.666666666666666,3.0,16.998626264114403,17.89892169742542,15.790310683414939,2.1086110140104766,6.887210260335391,2.466072525645339,1281.1999999999998,1281.1999999999998,0.16308333333333333,0.40066666666666667,2.6583333333333337,5.866666666666667,1.0,3.3333333333333335,-1.0,1.1547005383792517,2.0,0.5550459819923684,0.5065843118293205,0.8726578323539427,0.9339741390367682,0.1659424748481737,0.0477268627958355,117.58601107274608,117.58601107274608,0.14467729895644765,0.3816822413124998,2.3221906563511197,5.39011440818591,0.0,2.0816659994661326,2.6457513110645907,3.0,1
LRL_2025-12-27_7,23013445,LRL_2025-12-27_7_23013445,12.0,1.0,16.921439828484445,17.438918464738677,15.636614530508819,1.8023039342298581,6.994115899483283,2.4189139649976177,1214.8,1214.8,0.15475,0.0,2.683333333333333,0.0,1.0,3.0,2.0,12.5,1.0,16.97023017376503,17.990250052019157,15.359606729176734,2.630643322842422,7.085716131324087,2.3939599034488315,1265.6999999999998,1265.6999999999998,0.1040673076923077,0.0,1.7916666666666665,0.0,1.0,3.5,1.5,0.7071067811865476,0.0,0.06899996800867056,0.77970060809674,0.39174818952698576,1.1714487976237258,0.12954229018578486,0.03529037227858642,71.98347032479035,71.98347032479035,0.07167615083912099,0.0,1.2610070931160096,0.0,0.0,0.7071067811865476,0.7071067811865476,2.0,1
LRL_2025-12-27_7,23005638,LRL_2025-12-27_7_23005638,14.0,2.0,16.497678360870594,17.126701475006765,15.409648386712657,1.717053088294108,6.967380828329352,2.367157758781828,1418.2999999999995,1418.2999999999997,0.3309285714285715,0.304,5.428571428571429,4.0,2.0,4.0,2.0,12.333333333333334,1.6666666666666667,16.966775053578047,17.235021487768755,16.192237818637256,1.0427836691314976,7.077312501011371,2.396895626247371,1247.8666666666666,1247.8666666666666,0.3697918470418471,0.3496666666666666,6.280483405483406,5.166666666666667,1.6666666666666667,5.333333333333333,3.3333333333333335,1.5275252316519465,0.5773502691896257,0.5327511074010292,0.13872819055980445,0.7292410684170585,0.6073388910245697,0.11008116538328086,0.038400976378296606,155.72656592031183,155.726565920312,0.07332124509964326,0.3745935575171219,1.36472086475767,5.838093296045665,0.5773502691896257,1.5275252316519465,2.3094010767585034,3.0,1
LRL_2025-12-27_8,23014779,LRL_2025-12-27_8_23014779,12.0,3.0,16.67037649135794,17.65154192467486,15.543557308446161,2.1079846162286984,7.288934026991029,2.2867171014747867,1212.3999999999999,1212.3999999999999,1.0126666666666666,1.298,16.525,18.0,3.0,9.0,6.0,12.0,3.0,16.67037649135794,17.65154192467486,15.543557308446161,2.1079846162286984,7.288934026991029,2.2867171014747867,1212.3999999999999,1212.3999999999999,1.0126666666666666,1.298,16.525,18.0,3.0,9.0,6.0,,,,,,,,,,,,,,,,,,1.0,1
LRL_2025-12-27_8,23008098,LRL_2025-12-27_8_23008098,16.0,2.0,16.43828790577929,17.200731105207026,15.529318513282547,1.6714125919244793,7.524067534087455,2.1848121923463317,1612.3999999999999,1612.3999999999996,0.260625,0.578,4.2124999999999995,8.0,2.0,4.0,1.0,16.0,2.0,16.43828790577929,17.200731105207026,15.529318513282547,1.6714125919244793,7.524067534087455,2.1848121923463317,1612.3999999999999,1612.3999999999996,0.260625,0.578,4.2124999999999995,8.0,2.0,4.0,1.0,,,,,,,,,,,,,,,,,,1.0,1
LRL_2025-12-27_8,23010813,LRL_2025-12-27_8_23010813,,,,,,,,,,,,,,,,,,,,,,,,,,,,,,,,,,,,,,,,,,,,,,,,,,,,0.0,0
LRL_2025-12-27_8,23011016,LRL_2025-12-27_8_23011016,14.0,1.0,16.47340591846359,17.270951581652454,14.780946744946796,2.4900048367056584,7.304435662356953,2.2534028215547535,1418.7999999999997,1418.7999999999997,0.012642857142857141,0.0,0.21428571428571427,0.0,1.0,2.0,1.0,14.0,1.0,16.47340591846359,17.270951581652454,14.780946744946796,2.4900048367056584,7.304435662356953,2.2534028215547535,1418.7999999999997,1418.7999999999997,0.012642857142857141,0.0,0.21428571428571427,0.0,1.0,2.0,1.0,,,,,,,,,,,,,,,,,,1.0,1
LRL_2025-12-27_8,23013872,LRL_2025-12-27_8_23013872,16.0,1.0,16.3964148865378,17.238764897877598,15.3487159732136,1.890048924663997,7.030416626755533,2.332139044289052,1618.0,1617.9999999999995,0.4636875,0.0,7.675,0.0,1.0,4.0,3.0,15.0,1.0,16.44539554191095,17.302660493278417,15.325923354953837,1.9767371383245793,6.978757650368513,2.3568405817773104,1514.85,1514.8499999999997,0.2771651785714286,0.0,4.623214285714286,0.0,1.0,3.5,2.5,1.4142135623730951,0.0,0.06926910712263101,0.0903620175917408,0.03223362986495181,0.12259564745669198,0.0730568250248353,0.03493324932736219,145.87612895878496,145.87612895878456,0.26378239664959946,0.0,4.31587674659932,0.0,0.0,0.7071067811865476,0.7071067811865476,2.0,1
LRL_2025-12-27_8,23013491,LRL_2025-12-27_8_23013491,16.0,4.0,16.256943023832864,16.870404158667263,15.126109130629256,1.7442950280380067,7.454270377237204,2.181383585815409,1620.1,1620.0999999999997,1.0798125,1.033,17.368750000000002,14.1,4.0,7.0,3.0,14.0,3.0,16.50394809880892,17.275847809988598,15.350738302513768,1.925109507474831,7.526984112077809,2.192080118330318,1417.1999999999998,1417.1999999999998,0.9244895833333333,0.9755,14.938541666666666,13.399999999999999,3.0,7.5,1.5,2.8284271247461903,1.4142135623730951,0.3493179270061193,0.573383910476701,0.3176736213837142,0.255710289092988,0.10283274998238379,0.015127181352949078,286.943931805501,286.94393180550077,0.21965977529734612,0.08131727983645284,3.436833584392119,0.9899494936611675,1.4142135623730951,0.7071067811865476,2.1213203435596424,2.0,1
LRL_2025-12-27_9,22011224,LRL_2025-12-27_9_22011224,16.0,6.0,15.858783294183441,17.031195276418586,14.42278472409664,2.6084105523219456,7.012266093624935,2.2594716049571035,1611.4,1611.3999999999996,0.2981875,1.743,4.25625,23.8,1.0,7.0,1.0,16.0,6.0,15.858783294183441,17.031195276418586,14.42278472409664,2.6084105523219456,7.012266093624935,2.2594716049571035,1611.4,1611.3999999999996,0.2981875,1.743,4.25625,23.8,1.0,7.0,1.0,,,,,,,,,,,,,,,,,,1.0,1
LRL_2025-12-27_9,22004906,LRL_2025-12-27_9_22004906,11.0,6.0,16.375974586542796,16.321776927169555,15.883965479152122,0.4378114480174329,7.193282217036356,2.2772652676022482,1111.6,1111.6,1.472,1.07,24.08181818181818,15.4,6.0,9.0,0.0,11.333333333333334,7.0,16.751111759871026,16.9228022949531,15.974909017748189,0.9478932772049126,7.236861198350546,2.313912423312289,1145.1,1145.1000000000001,1.0240479797979798,1.204,17.125757575757575,18.3,6.0,9.333333333333334,0.6666666666666666,0.5773502691896258,1.7320508075688772,0.38113270034210367,0.5222866419855413,0.7097813248245731,0.8691510763626886,0.11996743468606835,0.03263475810072163,56.214855687798284,56.214855687798426,0.4123097900448025,0.3179355280556106,6.560356038345955,6.183041322844284,2.0,0.5773502691896258,2.0816659994661326,3.0,1
LRL_2025-12-27_9,22003166,LRL_2025-12-27_9_22003166,14.0,5.0,16.263598268446,17.292185136714792,14.142104775423196,3.1500803612915966,inf,2.164031075865069,1416.3999999999999,1416.3999999999999,0.886,2.199,14.0,29.3,4.0,5.0,-1.0,14.0,6.0,16.23928633155543,17.108858486211755,14.825698838064577,2.283159648147176,inf,2.2706549409321295,1413.5666666666666,1413.5666666666664,0.7744027777777779,1.7309999999999999,12.213888888888889,23.733333333333334,3.6666666666666665,6.666666666666667,-1.6666666666666667,2.0,1.7320508075688772,0.3749928721286479,0.3553802021116805,0.7195804294249115,0.756282714053954,,0.09833978982200718,203.16481814854978,203.16481814854967,0.18200849116588344,0.44762484292094423,3.2830618895126493,5.238638499966698,2.516611478423583,2.081665999466133,2.0816659994661326,3.0,1
LRL_2025-12-27_9,22015089,LRL_2025-12-27_9_22015089,16.0,1.0,16.144022889602134,16.922729548745956,15.233660397453814,1.6890691512921414,7.015088012026636,2.3009933554379387,1617.8000000000002,1617.7999999999997,0.07956250000000001,0.0,1.3375,0.0,1.0,5.0,3.0,14.666666666666666,4.0,16.352712274858316,17.09314625512134,15.310716542694285,1.7824297124270565,7.096649638828776,2.3049587051218396,1481.6000000000001,1481.5999999999997,0.5619097222222221,1.121,9.045138888888888,15.966666666666667,2.6666666666666665,6.666666666666667,2.0,2.3094010767585034,4.358898943540674,0.38667238633207535,0.29432612200441455,0.4408628767888839,0.19835932162220377,0.1064823681439944,0.023213963682234537,234.4346177508774,234.4346177508773,0.5036759596872757,1.5091921680157236,7.930560815575216,21.41315794863834,2.0816659994661326,2.081665999466133,2.6457513110645907,3.0,1
LRL_2025-12-27_9,22008443,LRL_2025-12-27_9_22008443,16.0,4.0,15.85624439527189,16.93152583062525,14.739957625159898,2.1915682054653534,6.889314636435157,2.299938209069701,1611.8,1611.8,0.4720625,1.574,6.956250000000001,21.5,2.0,6.0,-1.0,16.333333333333332,4.333333333333333,16.044796308196272,16.870581032561667,15.016668150798338,1.8539128817633284,7.0015725846564765,2.2909849941756195,1652.8666666666668,1652.8666666666666,0.641530637254902,1.4686666666666666,9.98406862745098,20.566666666666666,1.6666666666666667,7.666666666666667,1.6666666666666667,0.5773502691896255,3.5118845842842465,0.16421154698045878,0.22980374618199298,0.31870224310945156,0.5231270424606739,0.13516691130821262,0.03288485102615372,62.751440886511446,62.751440886511396,0.2206293368673178,1.4189352815873362,3.509974747920695,20.116245507880773,0.5773502691896257,1.5275252316519468,5.507570547286102,3.0,1
LRL_2025-12-27_9,21004771,LRL_2025-12-27_9_21004771,12.0,7.0,16.297807601831856,17.063114461707222,15.064421298619655,1.9986931630875677,7.214694380180442,2.2600448747321717,1209.6,1209.6,0.9504166666666668,2.945,15.149999999999999,43.1,3.0,7.0,-1.0,15.0,4.666666666666667,16.401355643266616,16.95019036631661,15.608023103260722,1.3421672630558863,7.367794659970308,2.227947476269448,1513.8333333333333,1513.833333333333,0.5533190359477125,1.5039999999999998,8.859313725490194,22.0,2.6666666666666665,6.666666666666667,1.3333333333333333,2.6457513110645907,2.0816659994661326,0.17196669359006778,0.2804717764907354,0.6830194868804643,0.9473263481423885,0.16976717730243812,0.02993299774059739,268.33591510145135,268.3359151014514,0.34820133490377175,1.3204366701966437,5.565680942534756,19.18671415328847,1.5275252316519468,3.5118845842842465,4.041451884327381,3.0,1
LRL_2025-12-27_9,21002490,LRL_2025-12-27_9_21002490,16.0,2.0,15.988413435344942,16.541617474489687,15.096265869658087,1.4453516048316004,7.231851748035058,2.211453772301704,1611.3,1611.3,0.4739375,0.463,7.625,6.3,2.0,8.0,3.0,16.0,2.0,15.988413435344942,16.541617474489687,15.096265869658087,1.4453516048316004,7.231851748035058,2.211453772301704,1611.3,1611.3,0.4739375,0.463,7.625,6.3,2.0,8.0,3.0,,,,,,,,,,,,,,,,,,1.0,1
LRL_2025-12-28_1,21019882,LRL_2025-12-28_1_21019882,,,,,,,,,,,,,,,,,,,,,,,,,,,,,,,,,,,,,,,,,,,,,,,,,,,,0.0,0
LRL_2025-12-28_1,22011518,LRL_2025-12-28_1_22011518,11.0,1.0,16.5210255477528,17.30030489342346,15.743656476826883,1.556648416596575,7.065909694254183,2.3384958665179365,1111.6000000000001,1111.6000000000001,0.0,0.0,0.0,0.0,1.0,1.0,0.0,11.5,1.5,16.43067667302565,17.1556244618894,15.58070086022634,1.5749236016630581,7.045615163635523,2.333548133323548,1160.05,1160.0500000000002,0.149625,0.232,2.4291666666666667,3.25,1.5,3.0,0.5,0.7071067811865476,0.7071067811865476,0.12777260398428192,0.20460902848545867,0.23045404306135792,0.02584501457589861,0.028700800442905232,0.0069971513865077165,68.5186470969762,68.51864709697644,0.21160170427007435,0.32809754647055805,3.4353604452646436,4.596194077712559,0.7071067811865476,2.8284271247461903,0.7071067811865476,2.0,1
LRL_2025-12-28_1,22006685,LRL_2025-12-28_1_22006685,11.0,4.0,16.42371385784622,16.537698685241832,15.44671001842091,1.0909886668209214,7.3088124148817295,2.248236256519081,1109.0,1109.0,1.1096363636363638,0.88,18.29090909090909,12.7,4.0,8.0,4.0,11.666666666666666,3.3333333333333335,16.73668509523478,17.31050272428664,15.425979513329937,1.8845232109567032,7.202604078225505,2.323855262219512,1178.0,1178.0,0.5232121212121212,0.609,8.64141414141414,8.799999999999999,2.3333333333333335,5.666666666666667,1.3333333333333333,0.5773502691896255,2.0816659994661326,0.29871906380638197,0.7071783619149795,0.16466530305229435,0.6902646521022416,0.10471619924118027,0.06549089304343315,59.75583653501974,59.75583653501974,0.529170881525914,0.528472326617014,8.689927638537858,7.637407937252009,1.5275252316519465,2.0816659994661326,3.0550504633038935,3.0,1
LRL_2025-12-28_1,21012793,LRL_2025-12-28_1_21012793,,,,,,,,,,,,,,,,,,,,,,,,,,,,,,,,,,,,,,,,,,,,,,,,,,,,0.0,0
LRL_2025-12-28_1,22001189,LRL_2025-12-28_1_22001189,11.0,3.0,16.502890688250105,17.560471283532035,14.875456947041142,2.6850143364908927,6.920576737744645,2.383322835485216,1107.3999999999999,1107.4,0.12063636363636364,0.56,1.8272727272727274,8.1,1.0,3.0,-1.0,11.333333333333334,4.333333333333333,16.848911379336627,17.709751968278052,15.65092194235965,2.0588300259184003,7.09330496974203,2.3749738919275405,1143.8333333333333,1143.8333333333333,0.29596717171717174,1.0210000000000001,4.8366161616161625,15.266666666666666,1.6666666666666667,4.666666666666667,-2.6666666666666665,0.5773502691896258,2.309401076758503,0.338802795243159,0.49754875235265184,1.0745021256495588,1.426345805747595,0.20797590689322204,0.023743376101346837,61.20901349746886,61.20901349746891,0.2499549376666571,0.43691761237102816,4.484623275296885,6.373643646559898,1.1547005383792517,2.886751345948129,2.0816659994661326,3.0,1
LRL_2025-12-28_1,21011564,LRL_2025-12-28_1_21011564,16.0,1.0,16.729567355009635,16.51871783113912,16.999369797981007,-0.4806519668418865,7.328492817075908,2.286311180528777,1615.8,1615.8,0.4219375,0.0,7.06875,0.0,1.0,7.0,4.0,16.0,2.5,16.78506233657106,16.743654718718453,16.97382893315112,-0.2301742144326635,7.408051539982512,2.2692066025862796,1618.25,1618.25,0.31528125,0.3115,5.271875,4.95,1.5,5.5,2.0,0.0,2.1213203435596424,0.07848175556780637,0.3181087970926839,0.03612023743717069,0.3542290345298533,0.11251302493960198,0.02418952610494723,3.464823227813906,3.464823227813906,0.15083471526185543,0.44052752467921913,2.5411649948891544,7.000357133746821,0.7071067811865476,2.1213203435596424,2.8284271247461903,2.0,1
LRL_2025-12-28_1,22000678,LRL_2025-12-28_1_22000678,12.0,1.0,16.472323211224012,17.76265786605645,15.001877769135579,2.760780096920872,6.690971724143527,2.458547487965769,1216.6999999999998,1216.6999999999998,0.03375,0.0,0.5416666666666666,0.0,1.0,2.0,0.0,11.333333333333334,2.6666666666666665,16.950615561643488,17.486092065962072,15.758491473991254,1.727600591970819,6.883795522084309,2.4617419913991916,1145.8333333333333,1145.8333333333333,0.2881287878787879,0.37833333333333335,4.889646464646465,5.633333333333333,2.6666666666666665,4.666666666666667,1.6666666666666667,0.5773502691896255,1.5275252316519465,0.5050395297703412,0.26303185241637944,1.1428936974166048,1.3758189168301518,0.27597331524989094,0.034622126337174916,61.440811626583496,61.440811626583496,0.2232721122813808,0.36397023687842023,3.877954480583048,5.291817583149794,1.5275252316519465,3.0550504633038935,2.0816659994661326,3.0,1
LRL_2025-12-28_1,F0047810,LRL_2025-12-28_1_F0047810,11.0,6.0,17.619147906914048,17.26165737481617,17.18727405617311,0.07438331864306136,6.968793549131414,2.5298591305568565,1113.2,1113.2,0.984090909090909,1.177,17.40909090909091,18.7,6.0,10.0,2.0,11.0,6.333333333333333,17.45431983420909,17.23099277892406,17.024007004250898,0.2069857746731607,6.893205559336493,2.532996467829378,1112.1000000000001,1112.1000000000001,0.735,0.8636666666666667,12.887878787878789,13.799999999999999,4.666666666666667,9.0,0.6666666666666666,0.0,1.5275252316519465,0.1461783606864301,0.08887424141036197,0.18174005519308276,0.11853269353403412,0.06577102964882799,0.002916788273024335,1.571623364550223,1.571623364550223,0.24627722402686802,0.3181027087802512,4.434522096674603,4.950757517794624,1.5275252316519465,1.0,3.2145502536643185,3.0,1
LRL_2025-12-28_2,22005320,LRL_2025-12-28_2_22005320,16.0,2.0,16.479296177427102,15.991102378304532,16.694850572153605,-0.7037481938490728,7.335514505555151,2.2480295773452355,1622.4,1622.3999999999996,0.5745625000000001,0.014,9.46875,0.2,2.0,6.0,4.0,16.333333333333332,4.666666666666667,16.373761091774114,16.052476164200968,16.698261511305503,-0.6457853471045342,7.291460791878844,2.246257030496149,1654.533333333333,1654.5333333333328,0.5116299019607843,0.39266666666666666,8.375245098039215,6.2,3.0,6.666666666666667,1.0,0.5773502691896255,2.3094010767585034,0.12932041478206482,0.28914059075575793,0.30831392735151586,0.5946356585287439,0.047502824234013634,0.004492152899082212,60.48225635120871,60.48225635120884,0.05460710963959372,0.34114122197901176,0.947858313475716,5.332916650389353,1.0,0.5773502691896258,3.0,3.0,1
LRL_2025-12-28_2,22004613,LRL_2025-12-28_2_22004613,16.0,8.0,16.382933850054595,16.40124294550544,15.88444687837195,0.516796067133491,7.214374674485691,2.2731661248226,1615.5,1615.4999999999995,0.62625,1.011,10.274999999999999,15.2,6.0,9.0,0.0,16.0,8.0,16.382933850054595,16.40124294550544,15.88444687837195,0.516796067133491,7.214374674485691,2.2731661248226,1615.5,1615.4999999999995,0.62625,1.011,10.274999999999999,15.2,6.0,9.0,0.0,,,,,,,,,,,,,,,,,,1.0,1
LRL_2025-12-28_2,22009565,LRL_2025-12-28_2_22009565,14.0,5.0,15.95192189887475,16.78591728069533,14.553600129664328,2.232317151031001,6.800893977501674,2.343256717705682,1411.7999999999997,1411.8,0.9197857142857143,0.924,14.385714285714286,12.2,4.0,7.0,2.0,13.666666666666666,6.666666666666667,16.397254186244044,16.790484578897345,15.488642064118762,1.3018425147785837,6.953869363141286,2.3577672103343037,1379.3999999999999,1379.3999999999999,0.6318698593073594,1.323,10.179897186147185,19.599999999999998,2.6666666666666665,7.666666666666667,-2.3333333333333335,2.5166114784235836,2.886751345948129,0.40792344701393457,0.07107337713740026,0.8259559166930258,0.839012513446588,0.16096492435419768,0.0509666584069032,257.03612586560666,257.03612586560666,0.38224586466475496,1.1372655802406049,6.102043092427481,17.88742575106882,1.5275252316519468,2.081665999466133,3.785938897200183,3.0,1
LRL_2025-12-28_2,21010436,LRL_2025-12-28_2_21010436,16.0,4.0,16.215727573470375,16.549729764384224,15.475398264210332,1.0743315001738925,7.240353167941285,2.2384223502227067,1618.3,1618.2999999999997,0.9206875,0.818,14.674999999999999,11.6,4.0,7.0,3.0,16.0,4.5,16.47219865432236,16.907533739167185,15.687621303172051,1.219912435995134,7.341371967441089,2.243070906944303,1616.1999999999998,1616.1999999999998,0.8294375,0.677,13.578125,9.65,4.5,7.0,2.5,0.0,0.7071067811865476,0.3627048808973625,0.5060112338090639,0.3001286999476968,0.20588253386136707,0.1428621563072712,0.006574051961142347,2.9698484809836123,2.9698484809834516,0.12904698756654487,0.1994041122946063,1.5512155012279878,2.757716446627535,0.7071067811865476,0.0,0.7071067811865476,2.0,1
LRL_2025-12-28_2,22018758,LRL_2025-12-28_2_22018758,17.0,8.0,16.029573769503124,15.903261367047827,15.89333606974596,0.00992529730186753,7.08444184953675,2.2629334052799006,1720.3999999999999,1720.3999999999999,1.2511764705882353,2.931,20.435294117647057,45.3,6.0,9.0,-1.0,14.0,7.5,16.4693513452405,16.057559550495185,16.442670960420593,-0.38511140992541026,7.122535889647182,2.313107126633266,1414.5,1414.5,1.6041791443850268,2.7845,27.208556149732622,43.7,6.5,8.0,-0.5,4.242640687119285,0.7071067811865476,0.6219394120353599,0.21821058368078425,0.7768768526768083,0.5586662689960259,0.05387310816975689,0.07095635721265822,432.60792872992965,432.60792872992954,0.4992211688373882,0.20718228688765852,9.578839027282154,2.2627416997969467,0.7071067811865476,1.4142135623730951,0.7071067811865476,2.0,1
LRL_2025-12-28_2,22003234,LRL_2025-12-28_2_22003234,14.0,4.0,16.023129101522507,16.732181959356506,15.18795625784863,1.5442257015078766,7.055312971538094,2.2712944869167138,1413.0999999999997,1413.0999999999997,1.0722142857142858,0.325,16.88571428571429,4.3,4.0,7.0,2.0,14.666666666666666,3.3333333333333335,16.43700371193359,16.948382671759774,15.458040262773144,1.4903424089866284,7.217655197473359,2.2772841937459884,1482.7666666666664,1482.7666666666664,0.9210238095238096,0.36433333333333334,15.015773809523813,4.866666666666666,3.3333333333333335,7.333333333333333,3.6666666666666665,1.1547005383792515,1.1547005383792515,0.3665032918438682,0.4429259231100953,0.6849538619650251,1.046226671219677,0.1430572600260481,0.00608386571545608,119.1969938099673,119.19699380996725,0.18740082184241055,0.05723926391327313,2.803070976337266,0.6658328118479393,1.1547005383792515,3.5118845842842465,2.886751345948129,3.0,1
LRL_2025-12-28_3,22010973,LRL_2025-12-28_3_22010973,11.0,3.0,17.155596036368454,17.225625743326816,16.258640602863778,0.9669851404630379,7.309927904755202,2.347414311734443,1113.7,1113.7,0.5887272727272728,0.779,9.963636363636363,11.5,3.0,6.0,1.0,13.0,5.666666666666667,16.687972387227635,17.419074219182665,15.457529118912612,1.9615451002700535,7.10768729573391,2.3471768912801374,1315.7333333333331,1315.7333333333333,0.6391471861471861,1.8206666666666667,10.147402597402598,26.03333333333333,2.3333333333333335,7.0,-1.0,1.7320508075688772,3.7859388972001824,0.45282112262447277,0.18950373812057292,0.8779425643453429,0.971520308975407,0.20221981507081999,0.003712981064093679,174.9747505594257,174.97475055942593,0.49599717971231033,1.780888074341937,7.6195193398589165,24.913115688996694,1.1547005383792515,3.605551275463989,1.7320508075688772,3.0,1
LRL_2025-12-28_3,22004260,LRL_2025-12-28_3_22004260,14.0,9.0,16.376631757883466,17.37668484952396,14.862095136575848,2.514589712948114,7.077320985723199,2.3132535923567694,1409.2999999999997,1409.3,0.687857142857143,2.305,10.707142857142857,32.6,3.0,9.0,-6.0,13.0,7.0,16.688065470580334,17.484765353223924,15.411832377007318,2.072932976216607,7.1299697667423905,2.3404659664879617,1314.1499999999996,1314.1499999999999,0.6229702380952381,1.8820000000000001,9.866071428571429,26.950000000000003,3.5,7.0,-3.5,1.4142135623730951,2.8284271247461903,0.4404337802761152,0.1528489141606029,0.7774458611597441,0.6245969469991407,0.07445662015975127,0.03848410856070271,134.56242045980005,134.5624204598001,0.0917639407346972,0.5982123368838193,1.189454621210228,7.990306627407986,0.7071067811865476,2.8284271247461903,3.5355339059327378,2.0,1
LRL_2025-12-28_3,21016221,LRL_2025-12-28_3_21016221,,,,,,,,,,,,,,,,,,,,,,,,,,,,,,,,,,,,,,,,,,,,,,,,,,,,0.0,0
LRL_2025-12-28_3,22002084,LRL_2025-12-28_3_22002084,11.0,6.0,17.14152717809491,20.728931053228674,15.020637134048732,5.708293919179942,7.127138957991066,2.4037583226562345,1210.3,1210.2999999999997,0.9924545454545456,2.524,15.67272727272727,37.0,5.0,6.0,-1.0,12.333333333333334,3.3333333333333335,16.72824963232407,18.4906319348836,15.408935064661135,3.0816968702224674,6.912793204056039,2.41891908241925,1277.033333333333,1277.033333333333,0.5276038961038961,1.0396666666666665,8.437337662337661,15.266666666666666,2.6666666666666665,5.666666666666667,-0.3333333333333333,1.5275252316519468,2.5166114784235836,0.3673683998704268,1.943889359915108,0.3371555891278253,2.2779330801763074,0.18833146736360526,0.013144014341124813,116.71316692358793,116.71316692358809,0.4171519739809321,1.3194469801145225,6.493950268926787,19.32907999190167,2.0816659994661326,0.5773502691896257,1.1547005383792517,3.0,1
LRL_2025-12-28_3,22003414,LRL_2025-12-28_3_22003414,12.0,1.0,16.59525528714911,17.250119467814443,15.823167101851284,1.4269523659631584,7.096276417642851,2.3381344565854767,1220.0,1220.0,0.2000833333333333,0.0,3.391666666666666,0.0,1.0,4.0,3.0,14.666666666666666,1.6666666666666667,16.525982187906823,16.934249185442894,15.896275369072258,1.037973816370635,7.178874558526256,2.3031156954869325,1482.5999999999997,1482.5999999999997,0.25998809523809524,0.18566666666666667,4.339550264550264,2.6333333333333333,1.3333333333333333,4.333333333333333,2.0,3.055050463303893,0.5773502691896258,0.11668194727510754,0.4832176941627374,0.6954106681486862,1.141684242023783,0.18569238596181545,0.04934583680565686,302.9176125615674,302.9176125615674,0.0526930542372769,0.27614187174952903,0.8430604197423747,3.8083242158898885,0.5773502691896257,0.5773502691896257,1.0,3.0,1
LRL_2025-12-28_3,22007331,LRL_2025-12-28_3_22007331,16.0,1.0,16.374642708318866,17.21144111093016,14.985903198855121,2.2255379120750387,7.376498558037487,2.2201507755539582,1615.4,1615.3999999999996,0.1585625,0.0,2.8,0.0,1.0,7.0,4.0,16.666666666666668,2.3333333333333335,16.1676132058892,16.90778632362641,14.966011341866457,1.9417749817599528,7.386932564726056,2.188540296490149,1688.1333333333332,1688.1333333333332,0.4353639705882353,1.2146666666666668,6.737254901960784,16.333333333333332,2.0,5.0,2.0,0.5773502691896263,2.3094010767585034,0.27991710208301485,0.31442201030555333,0.5963641079204115,0.48986028782250457,0.010847569444333982,0.041702816586894016,63.0175636892869,63.017563689286966,0.5814765121554551,2.1038643809269963,8.66389184573816,28.290163190291665,1.7320508075688772,2.6457513110645907,1.7320508075688772,3.0,1
LRL_2025-12-28_3,22006002,LRL_2025-12-28_3_22006002,12.0,5.0,16.627900965807388,17.498659733063402,15.339370120835415,2.1592896122279868,6.697873801831988,2.4816185566289413,1208.8999999999999,1208.8999999999999,0.3511666666666667,1.37,5.533333333333334,20.4,2.0,5.0,0.0,12.666666666666666,4.666666666666667,16.66919064200451,17.419089793240797,15.566615741776786,1.8524740514640126,6.74670731803145,2.47000753093576,1276.633333333333,1276.6333333333332,0.2690753968253969,1.1313333333333333,4.157539682539682,16.333333333333332,1.3333333333333333,5.666666666666667,-1.6666666666666667,1.1547005383792515,3.5118845842842465,0.23519399689438616,0.25895159750252184,0.8635215171710926,1.122318263009689,0.07101445600342232,0.018098403322435695,116.62544033500278,116.62544033500289,0.1747299991690019,1.0328917335971537,2.5855351417085455,14.72729891505341,0.5773502691896258,2.081665999466133,3.7859388972001824,3.0,1
LRL_2025-12-28_4,19004932,LRL_2025-12-28_4_19004932,17.0,6.0,15.311811939095264,16.289661441588482,13.896664761338684,2.392996680249798,6.749246305576438,2.26599086520066,1729.8999999999999,1729.8999999999999,1.743,3.815,25.38823529411765,49.1,4.0,7.0,-2.0,16.5,8.0,15.841866997909515,16.215318379390386,15.226035398163551,0.9892829812268342,6.976669305167539,2.269743153984918,1677.3,1677.2999999999997,1.23075,2.8970000000000002,18.709742647058825,40.7,3.5,8.5,-3.5,0.7071067811865476,2.8284271247461903,0.7496110529795813,0.10513696682889431,1.8800139840182857,1.98515095084718,0.32162469041730496,0.0053065376886386436,74.38763338082467,74.38763338082491,0.724430897325618,1.298248050258501,9.444814877679581,11.879393923933998,0.7071067811865476,2.1213203435596424,2.1213203435596424,2.0,1
LRL_2025-12-28_4,21007664,LRL_2025-12-28_4_21007664,17.0,1.0,15.849319846106448,16.69139419163923,14.566069731158422,2.125324460480808,7.16151788480643,2.2133711085575896,1713.6,1713.6,0.0,0.0,0.0,0.0,1.0,1.0,0.0,17.0,1.0,15.849319846106448,16.69139419163923,14.566069731158422,2.125324460480808,7.16151788480643,2.2133711085575896,1713.6,1713.6,0.0,0.0,0.0,0.0,1.0,1.0,0.0,,,,,,,,,,,,,,,,,,1.0,1
LRL_2025-12-28_4,20013475,LRL_2025-12-28_4_20013475,18.0,2.0,15.722551958012328,15.983120142056004,15.338093236307893,0.6450269057481108,6.974994062500776,2.254854534945573,1820.0999999999997,1820.0999999999997,0.31972222222222224,0.046,5.011111111111111,0.6,2.0,5.0,1.0,14.666666666666666,4.333333333333333,16.216479768168004,16.889448257165494,15.05967761794075,1.829770639224746,6.974022706419272,2.3234122361996943,1485.1666666666667,1485.1666666666667,0.5868280423280423,1.329,9.193386243386243,18.566666666666666,2.3333333333333335,5.333333333333333,-0.6666666666666666,3.0550504633038935,2.0816659994661326,0.43049451325507404,0.811306490632955,0.3022385848135189,1.0967660578471305,0.06454508828721114,0.061017250212912044,307.53876720396283,307.53876720396283,0.31543456222637867,1.157526241603187,4.932858622370259,16.18342773745208,0.5773502691896258,0.5773502691896257,2.0816659994661326,3.0,1
LRL_2025-12-28_4,19013743,LRL_2025-12-28_4_19013743,,,,,,,,,,,,,,,,,,,,,,,,,,,,,,,,,,,,,,,,,,,,,,,,,,,,0.0,0
LRL_2025-12-28_4,20006400,LRL_2025-12-28_4_20006400,18.0,1.0,15.75948067118536,16.05890819162261,15.137616371242487,0.921291820380123,6.62426266578249,2.378908055353975,1822.2999999999997,1822.3000000000002,0.04566666666666666,0.0,0.7555555555555556,0.0,1.0,5.0,3.0,17.5,1.0,15.833474520775614,16.228318212487274,15.029402193384922,1.1989160191023513,6.642745904587991,2.382970858809773,1768.6999999999998,1768.7,0.02283333333333333,0.0,0.3777777777777778,0.0,1.0,3.0,1.5,0.7071067811865476,0.0,0.10464310562273195,0.23958194910871536,0.15303795796722386,0.3926199070759386,0.02613924699531951,0.0057456717484453594,75.80184694319776,75.80184694319809,0.03229120967418567,0.0,0.5342584568965026,0.0,0.0,2.8284271247461903,2.1213203435596424,2.0,1
LRL_2025-12-28_4,20009759,LRL_2025-12-28_4_20009759,17.0,5.0,15.422869873631457,16.486985577920308,14.12621607560041,2.360769502319897,6.744228629127225,2.2849755454777556,1713.1999999999998,1713.1999999999998,0.6444117647058824,2.65,9.158823529411766,35.2,2.0,5.0,-2.0,17.333333333333332,5.666666666666667,15.883377311838641,16.345574718471497,15.131652907416651,1.2139218110548444,6.968917755110064,2.279333091641013,1751.4333333333332,1751.4333333333332,0.5106557734204793,1.546,7.810130718954249,21.633333333333336,2.3333333333333335,5.666666666666667,-1.6666666666666667,0.5773502691896255,1.1547005383792517,0.5848930862908507,0.566390521006575,1.135585320760463,1.0086663946058172,0.27069685587392844,0.004903919506222702,56.31290556642706,56.31290556642735,0.1159130107625949,0.9759754095262851,1.1949731043985081,12.39529480622923,0.5773502691896258,1.1547005383792517,0.5773502691896257,3.0,1
LRL_2025-12-28_5,23019191,LRL_2025-12-28_5_23019191,16.0,3.0,15.8346305062874,16.305543035687972,14.780238906114572,1.5253041295733993,7.234201880404109,2.188893830374389,1611.6999999999998,1611.6999999999998,0.7719374999999999,1.23,12.1375,15.9,3.0,6.0,3.0,13.0,4.0,16.56391949244262,16.542163572777508,15.842032493879403,0.7001310788981042,7.366501319954594,2.248467958023278,1313.9999999999998,1314.0,0.9705776515151516,0.9046666666666666,16.35669191919192,12.766666666666666,4.0,8.333333333333334,4.333333333333333,2.6457513110645907,3.605551275463989,0.6520127828708395,0.7322037870471751,1.0486981220171894,1.402807899465429,0.12968853397979965,0.05184732129967053,262.7247038251257,262.72470382512546,0.614229496705722,0.7936909558092075,10.763788367817606,11.524032858914161,3.605551275463989,3.2145502536643185,1.5275252316519465,3.0,1
LRL_2025-12-28_5,23015047,LRL_2025-12-28_5_23015047,14.0,3.0,15.89199365761343,17.151694322748103,14.017404431543161,3.1342898912049417,7.018872692961629,2.262346819724261,1410.8999999999996,1410.8999999999999,0.13764285714285715,0.561,2.0785714285714287,7.4,1.0,4.0,1.0,15.5,2.0,15.770409072826556,17.169369285888948,14.248823542194724,2.920545743694226,7.113872896870561,2.215859522117171,1563.1,1563.1,0.07017436974789916,0.2805,1.0628151260504202,3.7,1.0,3.0,1.0,2.1213203435596424,1.4142135623730951,0.17194656878109799,0.024996172588228564,0.3272760448757602,0.3022798722875297,0.1343505767962198,0.06574296675402089,215.24330419318537,215.24330419318522,0.09541484990674778,0.3966869042456532,1.4364963390911585,5.232590180780452,0.0,1.4142135623730951,0.0,2.0,1
LRL_2025-12-28_5,23010766,LRL_2025-12-28_5_23010766,12.0,4.0,16.457716835925826,17.968795353946728,14.483099260424789,3.4856960935219394,7.474039838120459,2.1995693885135164,1212.3999999999999,1212.3999999999999,0.29491666666666666,1.484,4.441666666666666,20.4,1.0,4.0,-3.0,12.0,3.3333333333333335,16.49218275682931,17.60956759046911,14.806046996402303,2.8035205940668053,7.5092222454756765,2.1955723890790533,1211.2666666666667,1211.2666666666667,0.26172222222222224,1.0873333333333333,4.019444444444445,15.233333333333334,1.3333333333333333,3.6666666666666665,-1.3333333333333333,0.0,2.0816659994661326,0.2808638368650386,0.3223368777600796,0.4669298742195351,0.6579157723125107,0.16931513067398457,0.011525691840784535,1.205542754668383,1.205542754668383,0.2103486248623496,0.9530631318718259,3.171151794491034,13.418022705798844,0.5773502691896257,1.5275252316519468,1.5275252316519465,3.0,1
LRL_2025-12-28_5,23013972,LRL_2025-12-28_5_23013972,12.0,4.0,16.469586888811502,17.00089854105205,15.411957568897602,1.5889409721544467,7.143407580639882,2.306792933862651,1215.1999999999998,1215.1999999999998,0.6860833333333333,0.727,11.325000000000001,10.3,3.0,6.0,2.0,11.666666666666666,4.0,16.76160562950989,17.21111600828384,15.915416220226414,1.2956997880574292,7.356811130284561,2.281798762158267,1178.1999999999998,1178.2,0.5606287878787879,0.578,9.31439393939394,8.466666666666667,3.3333333333333335,6.0,2.0,0.5773502691896258,1.0,0.31559792268086895,0.18372375113474132,0.48208401490175745,0.3428886169434629,0.21071689462770377,0.022373543505633215,57.879098127043996,57.879098127044045,0.13872926366609536,0.1305028735315816,2.22857143645496,1.6502525059315423,0.5773502691896258,1.0,0.0,3.0,1
LRL_2025-12-28_5,23014565,LRL_2025-12-28_5_23014565,16.0,4.0,15.714092106627781,16.6988767502833,14.252483816460943,2.4463929338223576,7.018952472084973,2.2367364762885464,1610.9,1610.8999999999999,0.2888125,2.013,3.9312500000000004,26.0,1.0,4.0,-3.0,13.333333333333334,6.0,16.259780652556845,17.494662170899446,14.578908932175722,2.9157532387237217,7.071661996671803,2.2968404627948242,1347.6333333333332,1347.6333333333332,0.47946527777777775,1.9880000000000002,7.240972222222222,27.566666666666663,2.0,6.0,-3.3333333333333335,2.309401076758503,4.358898943540674,0.50184029949686,0.7336499581306033,0.30169470030913964,0.43196714309713774,0.055806633647959875,0.053323374060359606,228.00932729459427,228.00932729459404,0.3485466678345452,0.8497758527988426,5.766921181963689,13.020880666580632,1.7320508075688772,4.358898943540674,1.5275252316519468,3.0,1
LRL_2025-12-28_5,23009922,LRL_2025-12-28_5_23009922,16.0,1.0,16.00701655654167,16.45697131348838,15.184533889307142,1.2724374241812395,7.06580612462494,2.26598916220486,1613.4,1613.3999999999999,0.1879375,0.0,3.1875,0.0,1.0,3.0,1.0,13.666666666666666,5.666666666666667,16.48429893584775,17.062938677436012,15.630325319632997,1.4326133578030167,7.079578210727774,2.328878863513997,1380.3666666666666,1380.3666666666666,0.6541566558441557,0.8123333333333335,10.930465367965368,11.833333333333334,3.3333333333333335,6.666666666666667,-1.6666666666666667,2.5166114784235836,4.163331998932265,0.7428531264155516,0.5695486199141513,1.2852524965257357,1.0140974123108881,0.11999671156135006,0.07371423629034823,250.7682662007562,250.76826620075605,0.42372848535940866,0.7073304272639014,7.312287870185041,10.585052353830534,2.0816659994661326,3.2145502536643185,2.5166114784235836,3.0,1
LRL_2025-12-28_5,23014809,LRL_2025-12-28_5_23014809,14.0,1.0,15.962914460695634,16.596533365610803,14.490469914588903,2.1060634510218996,7.078304134948412,2.2541619382042404,1412.3999999999996,1412.3999999999999,0.3912142857142858,0.0,6.514285714285713,0.0,1.0,6.0,5.0,12.666666666666666,4.333333333333333,16.335525324846888,17.34661660710388,14.804713141079953,2.541903466023925,7.110533508081126,2.2951366821268766,1280.1999999999998,1280.1999999999998,0.5855436507936508,1.167,9.340873015873015,16.53333333333333,1.6666666666666667,6.0,-1.0,1.1547005383792517,3.511884584284246,0.32596553395327676,0.6611372818509101,0.3657370991561168,0.5267072603364995,0.05505830243804828,0.0408608710669351,114.50117903323077,114.50117903323093,0.17089620144566198,1.0215033039594148,2.486685159026156,14.609015481316094,0.5773502691896258,2.0,5.5677643628300215,3.0,1
LRL_2025-12-28_6,22013670,LRL_2025-12-28_6_22013670,12.0,2.0,16.50814588642428,17.188083426369175,15.4585341569625,1.7295492694066752,6.932300665696078,2.381146165251087,1208.1999999999998,1208.2,0.36400000000000005,0.166,6.058333333333333,2.3,2.0,3.0,0.0,12.666666666666666,3.0,16.472831412574475,17.4132105652415,15.226296698211264,2.1869138670302335,6.881117377183933,2.39300431587588,1277.6999999999998,1277.7,0.22389285714285714,0.7280000000000001,3.5087301587301583,10.200000000000001,1.3333333333333333,3.3333333333333335,-1.6666666666666667,1.1547005383792515,1.7320508075688772,0.24431441653758576,0.20524498218715545,0.5494899885404172,0.5974050934154966,0.06423467214531578,0.023472259896007777,117.61713310568317,117.61713310568322,0.17355304502881969,0.8411177087661393,2.8543965802758646,11.747765745025731,0.5773502691896258,1.5275252316519468,2.0816659994661326,3.0,1
LRL_2025-12-28_6,22003953,LRL_2025-12-28_6_22003953,14.0,6.0,15.621021131765408,17.743229961287312,12.780619163216787,4.962610798070525,6.7117319237663375,2.3175196774610134,1421.3999999999999,1421.3999999999999,1.4622857142857144,5.371,20.735714285714284,71.0,2.0,6.0,-3.0,15.333333333333334,5.333333333333333,16.041627428370248,16.89529147940057,14.609098097433886,2.2861933819666826,7.034224145223337,2.279893862661003,1556.8666666666668,1556.8666666666666,1.0313244047619048,3.2420000000000004,15.480654761904761,45.0,3.6666666666666665,6.333333333333333,-1.0,1.1547005383792515,0.5773502691896257,0.37352675777053157,0.7503544780794804,1.600178644096687,2.3190962230551384,0.2900324302415587,0.03471577418157753,117.54447385280753,117.5444738528074,0.37566025785464724,1.8539986515636957,4.584504903990273,22.835060761907336,1.5275252316519468,0.5773502691896257,2.0,3.0,1
LRL_2025-12-28_6,22010064,LRL_2025-12-28_6_22010064,14.0,2.0,15.963133285181945,17.137428260589903,13.981552142131259,3.155876118458645,inf,2.1283578309637727,1414.2999999999997,1414.2999999999997,0.09157142857142857,0.969,1.2642857142857142,12.9,1.0,3.0,-1.0,13.666666666666666,5.666666666666667,16.414035433874858,17.075809303399087,15.33700080963937,1.7388084937597146,inf,2.259102748485994,1382.7666666666664,1382.7666666666664,0.45503896103896097,1.445,7.537337662337663,21.633333333333336,2.6666666666666665,6.333333333333333,-2.3333333333333335,2.5166114784235836,3.5118845842842465,0.5747880300394483,0.30682448423316666,1.1813170324482192,1.2388752064435617,,0.12677820762357891,248.20687607988089,248.20687607988089,0.46024429355364394,0.4128147284194207,7.946081111488811,7.595612768785236,2.886751345948129,3.055050463303893,2.3094010767585034,3.0,1
LRL_2025-12-28_6,22014247,LRL_2025-12-28_6_22014247,16.0,7.0,16.430942725134926,15.828298354101713,16.635494613647428,-0.8071962595457141,7.098496499239318,2.3152117383704267,1621.0,1620.9999999999998,2.1297499999999996,1.065,35.125,16.0,7.0,12.0,5.0,15.333333333333334,5.666666666666667,16.33203769743007,16.399762701953474,16.07905017360662,0.3207125283468522,6.957010639947225,2.3484875229868325,1553.3999999999996,1553.3999999999996,1.4857142857142855,1.6126666666666667,24.177678571428572,23.666666666666668,5.333333333333333,9.0,2.3333333333333335,1.1547005383792515,1.1547005383792515,0.08824756737766928,0.7715357497956475,0.8734107617700634,1.6423805409710275,0.18950271148904246,0.053590038703718146,113.81159870593174,113.81159870593147,0.5590069194288989,0.7138461552276745,9.484230290477246,9.15277735626369,1.5275252316519468,3.0,3.0550504633038935,3.0,1
LRL_2025-12-28_6,21003092,LRL_2025-12-28_6_21003092,12.0,4.0,16.42530776852484,17.01394508015513,15.542758935202565,1.4711861449525632,6.397253279950218,2.5673242235650755,1217.5,1217.4999999999998,1.0058333333333336,1.08,16.15833333333333,15.0,3.0,6.0,-1.0,11.666666666666666,4.666666666666667,16.330290046480254,16.982095806840363,15.200361791435862,1.7817340154044998,6.426498073693945,2.5404267926054565,1178.0666666666666,1178.0666666666666,0.9173383838383838,1.8033333333333335,14.637373737373736,25.566666666666663,3.6666666666666665,6.333333333333333,0.3333333333333333,0.5773502691896258,1.1547005383792517,0.15007124957437679,0.06208676902870825,0.3961051475713037,0.3393817820949337,0.07199745309010026,0.02421841054059131,61.253272021446556,61.25327202144651,0.1783922589585119,0.8052604133653493,2.79799571750932,11.491010979601981,1.1547005383792515,0.5773502691896257,1.5275252316519468,3.0,1
LRL_2025-12-28_6,22000564,LRL_2025-12-28_6_22000564,12.0,4.0,16.375574441577463,17.09518703977551,15.600988536533917,1.4941985032415932,7.022079413280238,2.3323255202442295,1212.7999999999997,1212.8,0.9323333333333333,1.368,14.958333333333334,19.3,4.0,6.0,2.0,13.333333333333334,4.333333333333333,16.131330648964376,16.782089047186886,15.305641624377593,1.4764474228092954,7.00352594166403,2.3032241060700573,1346.4333333333332,1346.4333333333332,0.8704034462269757,1.4686666666666668,13.800727866904339,20.366666666666664,3.6666666666666665,6.333333333333333,1.0,3.2145502536643185,0.5773502691896257,0.5168951937716678,0.2901769417773511,0.9047573292999441,0.7646608940480154,0.10306827720868685,0.04346873922499008,324.4893269944843,324.4893269944843,0.2045366004579499,0.3364897224780178,3.8034827579814205,4.105281151557507,0.5773502691896258,0.5773502691896257,2.6457513110645907,3.0,1
LRL_2025-12-28_6,21003278,LRL_2025-12-28_6_21003278,14.0,5.0,15.957112716032283,16.88033890081305,14.447936897245208,2.4324020035678426,inf,2.178890364391509,1420.3999999999999,1420.3999999999999,0.8736428571428572,1.288,13.535714285714286,17.2,5.0,7.0,2.0,12.666666666666666,6.333333333333333,16.304020127109315,16.991238971706057,15.188067704944217,1.80317126676184,inf,2.318121525268967,1279.5,1279.5,0.9692698412698412,1.9453333333333334,15.517460317460317,28.366666666666664,5.0,7.333333333333333,-0.3333333333333333,1.1547005383792517,1.1547005383792515,0.30314415200928735,0.10582518073481935,0.6412029705385954,0.5484055139553458,,0.1218185992450878,122.02421890755942,122.02421890755934,0.12359794727226205,0.7414110420902384,2.1835723026169416,12.026775683171836,1.0,0.5773502691896257,2.0816659994661326,3.0,1
LRL_2025-12-28_6,19002714,LRL_2025-12-28_6_19002714,14.0,7.0,15.851266032774797,16.91299011573245,14.01059306817475,2.902397047557699,6.621096925947887,2.391284243625424,1417.5999999999997,1417.6,1.0198571428571428,2.057,15.77142857142857,27.5,5.0,8.0,1.0,13.666666666666666,7.333333333333333,16.449810561390144,16.969353725328165,15.506431364114505,1.4629223612136613,6.8077594657300695,2.414709329634073,1379.0,1379.0,0.7620129870129869,1.852,12.452218614718612,27.46666666666667,3.6666666666666665,8.0,-2.3333333333333335,2.5166114784235836,0.5773502691896257,0.7579331219039,0.1986249799382832,1.3752077651914913,1.2753220218282695,0.1869704982508499,0.0512129456853912,254.8023351541348,254.80233515413465,0.4245578301660896,0.18542114226808126,6.997765076469423,0.7505553499465135,2.3094010767585034,0.0,3.511884584284246,3.0,1
LRL_2025-12-28_6,21010127,LRL_2025-12-28_6_21010127,12.0,3.0,16.457336756607695,17.0021137047913,15.518408384747943,1.4837053200433559,7.005611109639408,2.3490403880344974,1208.1999999999998,1208.1999999999998,0.4968333333333334,0.671,8.141666666666667,9.5,2.0,6.0,0.0,11.333333333333334,5.0,16.692167516119657,17.233343103507497,15.573735661908799,1.6596074415986959,6.995734862716479,2.3861172661142223,1144.0,1144.0,0.5573686868686869,1.1253333333333333,9.168434343434344,16.466666666666665,3.0,7.333333333333333,-0.6666666666666666,0.5773502691896255,4.358898943540674,0.2667311855256571,0.4526166153772053,0.05876805307196677,0.46556355627405466,0.02958946934890468,0.036582286567491726,55.6140270075813,55.6140270075813,0.07083516013417022,0.6725952225026084,1.2395792290677554,10.464384039843592,1.7320508075688772,2.309401076758503,4.041451884327381,3.0,1
LRL_2025-12-28_7,20007754,LRL_2025-12-28_7_20007754,16.0,5.0,16.277692706239637,16.596516250233655,15.607237320969062,0.9892789292645929,7.0602271154459615,2.306766992667095,1616.4,1616.3999999999999,0.6705000000000001,0.579,10.8625,8.5,4.0,6.0,1.0,16.666666666666668,4.333333333333333,16.388330598429206,16.59483396575056,16.039234247089862,0.5555997186606962,7.0866898559126525,2.3139484685494325,1686.3,1686.3,0.4412453703703704,0.8093333333333333,7.1759259259259265,12.333333333333334,3.0,5.333333333333333,0.0,1.1547005383792517,1.1547005383792517,0.11096042791376573,0.32331704810213907,0.46790688817641,0.7115297245325629,0.031976699962362944,0.016355560667751765,123.50315785436399,123.5031578543643,0.20437671183889375,0.4429563560141489,3.2784681280227366,6.553116307020145,1.0,1.1547005383792517,1.0,3.0,1
LRL_2025-12-28_7,21001063,LRL_2025-12-28_7_21001063,14.0,3.0,17.209367950409238,18.125796545294264,15.875654282081497,2.2501422632127674,7.551834877330516,2.2790841461095677,1412.4999999999998,1412.4999999999998,0.04378571428571428,0.286,0.6571428571428571,4.1,1.0,3.0,-2.0,14.0,3.0,17.209367950409238,18.125796545294264,15.875654282081497,2.2501422632127674,7.551834877330516,2.2790841461095677,1412.4999999999998,1412.4999999999998,0.04378571428571428,0.286,0.6571428571428571,4.1,1.0,3.0,-2.0,,,,,,,,,,,,,,,,,,1.0,1
LRL_2025-12-28_7,21000715,LRL_2025-12-28_7_21000715,12.0,1.0,17.161187232262318,17.876457619112998,16.40475502855201,1.4717025905609873,7.217539705309662,2.377789884323937,1213.3999999999999,1213.3999999999999,0.022083333333333333,0.0,0.38333333333333336,0.0,1.0,4.0,3.0,14.333333333333334,3.3333333333333335,16.615918512373156,17.276486520793622,15.481527616770352,1.794958904023268,7.1587290205955805,2.320579662451822,1448.8,1448.8,0.2333919234360411,0.7140000000000001,3.8225957049486463,10.2,2.0,5.0,0.3333333333333333,2.5166114784235836,2.0816659994661326,0.5210210900104941,0.5381819323736983,0.8101627090141542,0.2801079797998517,0.0626311773456467,0.05272706860585477,254.82990405366476,254.82990405366476,0.3032507433345342,0.62299518457208,5.0971306027136265,8.879189152169246,1.7320508075688772,1.7320508075688772,3.0550504633038935,3.0,1
LRL_2025-12-28_7,21013111,LRL_2025-12-28_7_21013111,14.0,4.0,16.363366758941687,16.98945226470348,15.016419632124558,1.9730326325789225,7.183002425845729,2.2761288801424917,1413.9999999999995,1413.9999999999998,0.6368571428571429,2.418,9.942857142857141,33.9,3.0,5.0,-1.0,15.333333333333334,6.0,16.49128652541226,16.994882926058857,15.300433989751712,1.694448936307144,7.301125952979234,2.258904414478097,1549.2333333333333,1549.233333333333,0.7629940476190477,2.321,12.245535714285714,33.300000000000004,4.0,6.333333333333333,-1.6666666666666667,1.1547005383792517,2.0,0.2734394604207412,0.4033219238950848,0.24752013201199674,0.4939387672386262,0.15218615880711736,0.01495702620477569,117.11679355811182,117.11679355811165,0.10930211140314425,0.08492938243034628,2.0010442506632002,0.5291502622129186,1.0,1.5275252316519465,1.1547005383792517,3.0,1
LRL_2025-12-28_8,17011275,LRL_2025-12-28_8_17011275,17.0,2.0,15.916962170347166,16.845525764916662,14.752589274282258,2.092936490634404,7.029926728118752,2.2622935740037544,1712.9999999999998,1712.9999999999998,0.8541176470588235,1.02,13.358823529411763,13.7,2.0,4.0,1.0,17.0,3.6666666666666665,16.424752768507712,16.426793201762038,16.37286192872861,0.053931273033426784,7.351894889291752,2.2340606721550276,1715.333333333333,1715.333333333333,0.7414705882352942,0.749,12.109803921568627,11.466666666666667,3.6666666666666665,6.333333333333333,2.0,0.0,1.5275252316519465,0.4674592561527655,0.4728315710469512,1.4688696196139097,1.9137381082759815,0.28027413430555276,0.028263552824857173,2.4027761721252947,2.402776172125239,0.11971186572703539,0.28950129533388963,1.5198380597277454,3.868246803570492,1.5275252316519465,2.0816659994661326,1.7320508075688772,3.0,1
LRL_2025-12-28_8,20012355,LRL_2025-12-28_8_20012355,17.0,7.0,15.409475746011504,16.900115310207397,13.419159962355511,3.4809553478518858,6.875633045753733,2.2362360413939033,1716.6999999999998,1716.6999999999996,1.724764705882353,5.498,25.6,73.6,2.0,7.0,-5.0,16.666666666666668,4.333333333333333,15.768533654480317,16.692197000695703,14.49708437316641,2.195112627529293,6.974781577601417,2.257980933443886,1684.3666666666668,1684.366666666666,1.2409632352941176,2.783,19.05955882352941,37.4,2.6666666666666665,6.0,-0.3333333333333333,0.5773502691896255,2.3094010767585034,0.33328612833236193,0.18313233458175557,1.088383721033305,1.2616128093776389,0.10435968168590533,0.018869534614829757,60.650831266630824,60.65083126663097,0.5583502718847323,2.3778328368495543,7.9990474062502885,31.523324697753562,0.5773502691896257,1.7320508075688772,4.163331998932265,3.0,1
LRL_2025-12-28_8,20010550,LRL_2025-12-28_8_20010550,,,,,,,,,,,,,,,,,,,,,,,,,,,,,,,,,,,,,,,,,,,,,,,,,,,,0.0,0
LRL_2025-12-28_8,21003341,LRL_2025-12-28_8_21003341,16.0,7.0,16.154564731382763,16.525114344183944,15.257068479837528,1.2680458643464156,7.052677810335155,2.2920810143176285,1614.3999999999999,1614.3999999999996,1.219125,1.305,21.00625,17.8,7.0,9.0,2.0,16.0,7.0,16.154564731382763,16.525114344183944,15.257068479837528,1.2680458643464156,7.052677810335155,2.2920810143176285,1614.3999999999999,1614.3999999999996,1.219125,1.305,21.00625,17.8,7.0,9.0,2.0,,,,,,,,,,,,,,,,,,1.0,1
LRL_2025-12-28_8,21003590,LRL_2025-12-28_8_21003590,17.0,6.0,15.611680842901722,16.04652322588849,14.35852798333482,1.6879952425536686,7.186243448812484,2.1696417511624784,1716.8,1716.8,2.5188235294117653,5.765,38.88235294117647,77.6,6.0,8.0,1.0,17.333333333333332,4.333333333333333,16.305444424533317,16.2740570150967,15.969001717427394,0.30505529766930667,7.444557713484852,2.189239976064864,1750.6000000000001,1750.5999999999997,1.498937908496732,2.279333333333333,23.96111111111111,31.13333333333333,4.333333333333333,9.333333333333334,4.0,0.5773502691896255,2.886751345948129,0.6147880874976391,0.19823052257902887,1.4722993933125377,1.2952533848122465,0.22493304309630996,0.019754361941326088,58.89006707416787,58.89006707416783,0.8833175045008052,3.0659804848259116,12.922440028835863,41.009429809902656,2.886751345948129,1.1547005383792517,3.605551275463989,3.0,1
LRL_2025-12-28_8,20013396,LRL_2025-12-28_8_20013396,17.0,8.0,15.53244800145073,16.040405371386175,14.391532876344133,1.648872495042042,7.093527810119495,2.1884994189451166,1718.6999999999998,1718.6999999999996,2.098235294117647,3.324,32.45294117647058,44.8,8.0,9.0,0.0,17.0,8.0,15.53244800145073,16.040405371386175,14.391532876344133,1.648872495042042,7.093527810119495,2.1884994189451166,1718.6999999999998,1718.6999999999996,2.098235294117647,3.324,32.45294117647058,44.8,8.0,9.0,0.0,,,,,,,,,,,,,,,,,,1.0,1
LRL_2026-01-09_1,21002201,LRL_2026-01-09_1_21002201,17.0,1.0,15.554026045957116,15.827641624369667,14.893098584626989,0.9345430397426782,7.0707073281782,2.201149349707866,1721.6999999999998,1721.6999999999996,0.42205882352941176,0.0,6.647058823529412,0.0,1.0,5.0,3.0,16.666666666666668,2.3333333333333335,15.849731404556124,16.136286153532765,15.25625588582046,0.8800302677123041,7.193129784337845,2.2046776744099037,1683.3333333333333,1683.333333333333,0.42259068627450985,0.30466666666666664,6.697426470588236,4.333333333333333,1.6666666666666667,5.0,1.3333333333333333,0.5773502691896255,1.5275252316519468,0.26514931604675107,0.34245188627414885,0.3203310237162646,0.2789211040983107,0.13349319124538528,0.03439099305808634,58.5838146021008,58.58381460210089,0.03973428745223443,0.29775885097396065,0.5555752876998479,4.300387579432037,0.5773502691896258,1.0,2.886751345948129,3.0,1
LRL_2026-01-09_1,19019286,LRL_2026-01-09_1_19019286,17.0,2.0,15.333143515426427,16.982965992706433,13.356463221190278,3.6265027715161544,6.894456354886457,2.2190338442012654,1717.8999999999999,1717.8999999999999,0.3625294117647059,1.589,8.129411764705882,20.4,1.0,3.0,0.0,16.666666666666668,4.0,15.702687879480704,16.737734238287256,14.237010922831047,2.500723315456208,7.090116415214908,2.2125171000419592,1684.6666666666663,1684.6666666666667,0.5025674019607843,1.6460000000000001,8.544730392156863,21.666666666666668,2.3333333333333335,5.0,0.6666666666666666,0.5773502691896255,2.0,0.3225311845104982,0.24577460878733637,0.7647608935236165,0.9916960060812233,0.17977419448074983,0.01356093340969007,61.853886970289395,61.853886970289444,0.25855793400719596,0.3926155880756647,3.5471428145947135,5.510293398117141,1.5275252316519468,1.7320508075688772,1.1547005383792517,3.0,1
LRL_2026-01-09_1,21019874,LRL_2026-01-09_1_21019874,14.0,5.0,16.01770941017805,16.961152170474175,14.47244444315483,2.488707727319346,7.08071874800537,2.259148608891604,1415.2999999999995,1415.2999999999995,0.8809285714285714,1.948,13.514285714285716,26.5,4.0,7.0,2.0,14.666666666666666,6.333333333333333,15.740654727150305,16.64642798609466,14.09445906722362,2.5519689188710397,6.960584838021698,2.2574031305197617,1484.1666666666663,1484.1666666666663,1.5150238095238093,3.3356666666666666,23.164880952380955,44.46666666666667,5.333333333333333,7.0,0.6666666666666666,1.1547005383792515,1.1547005383792515,0.41532856513720223,0.3063141681857189,0.5630151771724564,0.32296903631809126,0.1554709844711948,0.012167225255045348,117.46660518348773,117.46660518348773,0.6326123935524741,1.2657884236053563,10.08976047134161,17.38284595034235,1.5275252316519465,0.0,1.1547005383792517,3.0,1
LRL_2026-01-09_1,22006616,LRL_2026-01-09_1_22006616,,,,,,,,,,,,,,,,,,,,,,,,,,,,,,,,,,,,,,,,,,,,,,,,,,,,0.0,0
LRL_2026-01-09_1,21008045,LRL_2026-01-09_1_21008045,16.0,6.0,15.414772457857033,16.583342713273073,13.790212500714318,2.7931302125587543,6.6529064222213306,2.3137669230151263,1622.0,1621.9999999999998,0.8904375,2.481,12.85,31.2,1.0,6.0,-5.0,16.0,5.5,15.692391938427983,16.619682728250947,14.284584434741195,2.335098293509753,6.79047397866106,2.30848794785253,1619.45,1619.4499999999998,0.5902499999999999,1.992,8.55,25.65,1.5,5.5,-4.0,0.0,0.7071067811865476,0.3926132346024111,0.05139254203855095,0.6991474939574249,0.6477549519188733,0.19454990405959216,0.007465598270373994,3.606244584051328,3.6062445840514084,0.4245292337548735,0.6915504320004434,6.081118318204308,7.848885271170677,0.7071067811865476,0.7071067811865476,1.4142135623730951,2.0,1
LRL_2026-01-09_1,19017639,LRL_2026-01-09_1_19017639,17.0,3.0,15.236773410893186,17.191024536557443,12.830482835567173,4.36054170099027,6.846461528636091,2.2195820335446776,1717.1,1717.1000000000001,0.33811764705882347,2.752,7.494117647058823,35.3,1.0,3.0,-2.0,16.333333333333332,2.6666666666666665,15.684720064852792,16.85703685261133,14.008232170962446,2.848804681648883,7.003607885671769,2.2373703840245973,1650.1666666666667,1650.1666666666667,0.15441421568627448,1.0913333333333333,3.154289215686274,14.1,1.0,3.3333333333333335,0.0,0.5773502691896263,0.5773502691896258,0.42746112574006956,0.2932688506351239,1.1021556187365658,1.3896906568727994,0.1625211180300713,0.015443006291362447,58.06559509152834,58.065595091528664,0.16663329328134463,1.454309572729731,3.840660229822099,18.587361297397752,0.0,1.5275252316519468,2.0,3.0,1
LRL_2026-01-09_1,20018653,LRL_2026-01-09_1_20018653,17.0,3.0,16.254186135636076,16.442198708856107,15.852768146773325,0.5894305620827822,7.5084352279832345,2.168073467810346,1723.0,1723.0,0.7830588235294117,0.602,12.682352941176468,8.7,2.0,10.0,6.0,13.333333333333334,6.666666666666667,16.966308441301734,16.644707602403503,16.722691361869536,-0.07798375946603524,7.550642923464274,2.246827902401169,1351.2333333333333,1351.2333333333333,1.1964387997623291,1.1766666666666665,20.61709744503862,18.166666666666668,6.0,9.666666666666666,1.6666666666666667,3.214550253664318,3.2145502536643185,0.6604936441955741,0.5520447580597875,0.7763259138803345,0.9161548596119596,0.07702276428952705,0.06935495349656344,325.53995658495336,325.53995658495336,0.9057865561491727,0.913475414739408,16.097580916731943,14.533180427330189,3.605551275463989,0.5773502691896258,3.785938897200183,3.0,1
LRL_2026-01-09_1,22014043,LRL_2026-01-09_1_22014043,16.0,4.0,15.545839432608247,16.269924894326117,14.398246902488532,1.8716779918375845,6.897118169848855,2.252177498250289,1620.1,1620.0999999999997,1.0256875,1.057,15.6375,13.3,4.0,6.0,0.0,16.5,3.0,15.953355575973715,16.119873276400604,15.278483416290246,0.8413898601103567,7.090291541811906,2.249455063933527,1670.85,1670.8499999999997,0.9964613970588235,1.283,15.70110294117647,18.200000000000003,3.0,6.5,1.5,0.7071067811865476,1.4142135623730951,0.5763148568334236,0.21220503312628744,1.2448424159143956,1.4570474490406835,0.27318840251948945,0.003850103533434753,71.77133829043457,71.77133829043457,0.041331951154724086,0.31961226509631946,0.08994814201858398,6.929646455628167,1.4142135623730951,0.7071067811865476,2.1213203435596424,2.0,1
LRL_2026-01-09_1,21004183,LRL_2026-01-09_1_21004183,11.0,10.0,17.26769742470002,17.579778502731955,15.944990384417205,1.6347881183147503,7.2001966906826,2.3981168115088147,1114.7,1114.7,0.491,1.682,8.318181818181818,26.3,4.0,10.0,-5.0,11.0,10.0,17.26769742470002,17.579778502731955,15.944990384417205,1.6347881183147503,7.2001966906826,2.3981168115088147,1114.7,1114.7,0.491,1.682,8.318181818181818,26.3,4.0,10.0,-5.0,,,,,,,,,,,,,,,,,,1.0,1
LRL_2026-01-09_2,20008666,LRL_2026-01-09_2_20008666,,,,,,,,,,,,,,,,,,,,,,,,,,,,,,,,,,,,,,,,,,,,,,,,,,,,0.0,0
LRL_2026-01-09_2,20011876,LRL_2026-01-09_2_20011876,16.0,1.0,16.776117831896407,16.878132395949077,16.902641324518214,-0.02450892856913711,7.188651703291129,2.334866023434123,1622.3,1622.2999999999997,0.10275,0.0,1.7125,0.0,1.0,3.0,0.0,16.333333333333332,2.3333333333333335,16.641852739510437,16.705129570063164,16.502328574821316,0.20280099524184672,7.193753295688166,2.315124044641347,1636.1666666666667,1636.1666666666663,0.20425367647058823,0.14733333333333334,3.3936274509803925,2.3333333333333335,2.0,4.666666666666667,1.3333333333333333,0.5773502691896263,2.3094010767585034,0.16911390059465137,0.24924637477833642,0.3883284424195091,0.19834152879709285,0.07111840724643577,0.01828287280763403,21.389327556829112,21.389327556829105,0.16041213305188354,0.2551888189818146,2.661766770934092,4.041451884327381,1.7320508075688772,1.5275252316519465,2.3094010767585034,3.0,1
LRL_2026-01-09_2,19011495,LRL_2026-01-09_2_19011495,12.0,5.0,16.589671480704883,17.48826980640575,15.263628121820325,2.224641684585425,6.488102233034066,2.554193273872224,1209.1,1209.1,0.16625,1.062,2.483333333333333,15.2,1.0,5.0,-4.0,12.0,4.333333333333333,16.777755996431598,17.640642258478348,15.576276892490798,2.06436536598755,6.582370805552784,2.547748291308743,1210.2333333333333,1210.2333333333333,0.11258333333333333,0.7453333333333333,1.6916666666666664,10.833333333333334,1.0,4.333333333333333,-3.3333333333333335,0.0,3.0550504633038935,0.22867255227116448,0.26023190192830675,0.6970303718987532,0.8776317558454947,0.13652810282446082,0.015784417315105045,1.7925772879665327,1.7925772879665327,0.09753535683706362,0.6479022560026576,1.4660273227710017,9.440515522646702,0.0,3.0550504633038935,3.0550504633038935,3.0,1
LRL_2026-01-09_2,21000672,LRL_2026-01-09_2_21000672,12.0,6.0,16.41514070612475,17.73294203824525,14.79736256516753,2.935579473077718,7.28315614393519,2.2519333849663883,1211.1,1211.1,1.31475,2.623,20.825,36.5,3.0,8.0,-3.0,12.0,5.0,16.775502424653258,17.666292536760565,15.575232876417724,2.091059660342838,7.353167457928805,2.2819198194627623,1210.2333333333333,1210.2333333333333,0.7789722222222223,1.3763333333333334,12.738888888888889,19.599999999999998,3.0,6.666666666666667,-0.6666666666666666,0.0,1.0,0.3268812053883258,0.28427479139088563,0.7721498021294394,0.9822807773717194,0.21644335104640428,0.05576807131173413,2.3245071162148427,2.3245071162148427,0.6326083862630738,1.1465728643803383,10.17909872856757,15.724821143656929,2.0,2.309401076758503,3.214550253664318,3.0,1
LRL_2026-01-09_2,18019913,LRL_2026-01-09_2_18019913,13.0,6.0,16.577427696361426,17.301154049207227,15.637399331765167,1.6637547174420604,6.977576560395054,2.3758090737309185,1312.6999999999998,1312.6999999999998,0.3400769230769231,0.854,5.507692307692308,12.5,3.0,8.0,-3.0,12.666666666666666,4.0,16.86424269647041,17.566652920074194,15.725048998442702,1.8416039216314932,7.044470599912439,2.3936096676220617,1279.9999999999998,1279.9999999999998,0.46181837606837606,0.5083333333333333,7.789957264957265,7.333333333333333,2.3333333333333335,6.666666666666667,0.6666666666666666,0.5773502691896258,2.0,0.26357052685659393,0.24315024975333657,0.281641815213347,0.3826721183446845,0.05896651106562103,0.017754132641118303,58.55365061206688,58.55365061206688,0.3059663537264272,0.42345523179355493,5.541696598417383,6.171169527191205,0.5773502691896257,2.309401076758503,4.725815626252609,3.0,1
LRL_2026-01-09_2,19010112,LRL_2026-01-09_2_19010112,,,,,,,,,,,,,,,,,,,,,,,,,,,,,,,,,,,,,,,,,,,,,,,,,,,,0.0,0
LRL_2026-01-09_3,21007150,LRL_2026-01-09_3_21007150,11.0,3.0,16.424151219444692,17.19145553899652,14.819212060150226,2.372243478846295,6.796340189759468,2.4155141309875487,1109.1,1109.1000000000001,0.10954545454545456,0.825,1.5545454545454547,11.5,1.0,3.0,-2.0,11.666666666666666,5.0,16.16875765470807,17.587793624316536,14.07109145315979,3.516702171156746,6.730372642018285,2.39617444129399,1177.3,1177.3,0.4706818181818182,2.8013333333333335,6.745959595959596,38.8,1.0,5.0,-4.0,0.5773502691896255,2.6457513110645907,0.37314809348457734,0.5402841432404392,1.3986687436279304,1.9306339033574584,0.11725311553384629,0.022247550780281403,59.13907337792841,59.13907337792824,0.5543912583684666,3.398025946536214,7.903359133353112,47.02541865842345,0.0,2.6457513110645907,2.6457513110645907,3.0,1
LRL_2026-01-09_3,22006600,LRL_2026-01-09_3_22006600,11.0,2.0,16.41014436291707,16.34600945141464,15.76065001651198,0.5853594349026618,7.178361309218371,2.286139006765143,1110.1,1110.1,1.0578181818181818,0.727,17.354545454545452,10.1,2.0,10.0,6.0,13.0,4.666666666666667,16.239990118019577,16.525595046164224,15.554483917322292,0.9711111288419332,7.163245163068749,2.2675430323754004,1313.6666666666667,1313.6666666666667,1.2000782828282828,1.5346666666666666,19.25637626262626,21.366666666666664,3.0,8.666666666666666,1.6666666666666667,2.6457513110645907,3.7859388972001824,0.3210351106911312,0.34363394312432277,0.4053004176387472,0.3389711875544197,0.013706440927885177,0.041782190272381885,267.7721855109925,267.7721855109925,0.46242228607338015,0.7301604846424746,7.411369541813899,10.208003396028694,1.0,1.5275252316519468,5.8594652770823155,3.0,1
LRL_2026-01-09_3,22008704,LRL_2026-01-09_3_22008704,17.0,5.0,15.177827365688339,15.805662347988553,13.739168306759419,2.0664940412291344,6.7708773431046,2.240775085497868,1723.7999999999997,1723.7999999999997,0.973,3.468,14.2,44.2,4.0,6.0,1.0,15.0,5.0,15.822235866345162,16.54975239789388,14.505618669921025,2.0441337279728544,6.953766162528573,2.27413886772756,1516.0,1515.9999999999998,0.8495347222222223,2.4316666666666666,12.966666666666667,32.5,3.0,5.333333333333333,-0.3333333333333333,2.6457513110645907,0.0,0.6039330150971736,0.772181915456276,0.6638649168425568,0.4373739139038706,0.15973116901364576,0.04778741772622948,269.71547971890675,269.71547971890664,0.35676435598337386,1.1293362357302335,5.4310641989699695,13.992497989994497,1.0,0.5773502691896258,1.5275252316519468,3.0,1
LRL_2026-01-09_3,22013499,LRL_2026-01-09_3_22013499,12.0,6.0,15.92111427833656,17.65995344835744,13.646772399189423,4.013181049168018,6.701438579966819,2.3704011980700708,1210.8,1210.8,0.2834166666666667,2.132,3.7833333333333337,27.8,1.0,6.0,-5.0,11.666666666666666,6.333333333333333,16.356493384090697,17.985455375214297,14.017638550315416,3.967816824898883,6.883092621656103,2.3715249659797633,1176.1999999999998,1176.1999999999998,0.473489898989899,2.7336666666666667,6.88939393939394,38.06666666666667,1.0,6.333333333333333,-4.0,0.5773502691896258,2.516611478423583,0.5366047329550152,0.29669447020712364,0.6326413175799219,0.4542097652587672,0.22860972534878374,0.001753856447610126,59.41010015140524,59.41010015140524,0.19518662638414166,0.7486042568228779,2.878329708356772,10.152011294976646,0.0,2.516611478423583,3.605551275463989,3.0,1
LRL_2026-01-09_3,22001204,LRL_2026-01-09_3_22001204,17.0,9.0,16.401546419117793,15.82604431769584,17.32508073208993,-1.499036414394089,7.340171675410375,2.2362969132069246,1721.4999999999998,1721.4999999999998,1.265235294117647,2.115,21.058823529411764,34.7,8.0,9.0,-1.0,14.5,7.5,16.4859306289743,16.535978988469626,16.338963285387184,0.19701570308244243,7.326377991348922,2.2519408877303286,1468.7999999999997,1468.7999999999997,1.3690759803921568,2.305,22.350245098039217,34.1,7.0,9.5,1.5,3.5355339059327378,2.1213203435596424,0.1193372940292138,1.0039992398071649,1.3945806672197518,2.398579907026917,0.01950721507479703,0.02212392094041718,357.3717672116811,357.3717672116811,0.14685290685554148,0.268700576850888,1.8263458970940787,0.848528137423859,1.4142135623730951,0.7071067811865476,3.5355339059327378,2.0,1
LRL_2026-01-09_3,22008736,LRL_2026-01-09_3_22008736,12.0,7.0,16.310908199499227,17.0816762623445,15.40437549704877,1.6773007652957315,7.7824595032220145,2.098453495106862,1211.1,1211.0999999999997,1.0188333333333335,1.808,16.341666666666665,26.4,5.0,7.0,-2.0,12.0,7.0,16.310908199499227,17.0816762623445,15.40437549704877,1.6773007652957315,7.7824595032220145,2.098453495106862,1211.1,1211.0999999999997,1.0188333333333335,1.808,16.341666666666665,26.4,5.0,7.0,-2.0,,,,,,,,,,,,,,,,,,1.0,1
LRL_2026-01-09_3,22010701,LRL_2026-01-09_3_22010701,11.0,7.0,16.89458547459995,17.735746139500055,15.527972692914554,2.2077734465855006,7.098459715251415,2.379029180748559,1110.1,1110.1,1.1135454545454546,3.155,18.227272727272727,47.9,4.0,7.0,-2.0,10.5,7.0,17.112011454404723,17.58988524728582,15.886090213990638,1.703795033295184,inf,2.294921814505134,1059.45,1059.45,1.0838227272727274,2.5875,18.293636363636363,40.0,5.5,7.5,-0.5,0.7071067811865476,0.0,0.3074867694521697,0.2062784519892098,0.5064546552292296,0.7127331072184387,,0.1189457780369323,71.62991693419711,71.62991693419711,0.04203428401980753,0.8025661966467312,0.09385235459385091,11.172287142747448,2.1213203435596424,0.7071067811865476,2.1213203435596424,2.0,1
LRL_2026-01-09_3,20004494,LRL_2026-01-09_3_20004494,11.0,11.0,15.802020578111762,16.16728989558612,14.657571726957032,1.509718168629087,6.766084325898535,2.3348466436730195,1108.3999999999999,1108.3999999999999,1.8929090909090909,3.428,30.05454545454545,47.7,10.0,11.0,-1.0,11.333333333333334,9.666666666666666,16.173918862478743,16.5274941256648,15.288330596444927,1.2391635292198686,6.9350107522660265,2.331733816861137,1143.7333333333333,1143.7333333333333,1.448078282828283,2.1936666666666667,23.04141414141414,30.233333333333334,6.666666666666667,10.333333333333334,-2.0,0.5773502691896258,1.5275252316519468,0.7564239085795497,0.622878733518196,1.0854047900034964,0.46253196016160114,0.23231378562628613,0.03814451064237782,59.647073132998976,59.647073132998976,0.8813991173466958,1.4035221171514658,13.537405354809861,18.703297391993033,3.511884584284246,0.5773502691896255,1.7320508075688772,3.0,1
LRL_2026-01-09_3,22008884,LRL_2026-01-09_3_22008884,17.0,8.0,14.179053891102553,17.20593728841264,10.39733544599034,6.8086018424222985,6.5607715966593,2.138438748514973,1713.1999999999998,1713.2,3.499470588235294,17.962,44.98235294117647,215.7,1.0,8.0,-6.0,15.333333333333334,6.333333333333333,15.237176299287137,16.872245965702092,12.858474542860321,4.013771422841771,6.862548390190828,2.2090944181094145,1549.8666666666666,1549.8666666666666,1.7583088235294115,8.212,24.196568627450983,103.89999999999999,2.3333333333333335,7.0,-2.6666666666666665,2.8867513459481287,2.886751345948129,0.9987912675136318,0.5346097975128001,2.1971796319544006,2.4218442137827316,0.27058544577184623,0.07021451288408961,290.8180588157023,290.8180588157024,1.5779536444192477,8.89055476334295,19.270516654712758,105.0669786374387,1.5275252316519468,1.7320508075688772,4.163331998932265,3.0,1
LRL_2026-01-09_3,22004908,LRL_2026-01-09_3_22004908,11.0,5.0,16.332484877402326,16.433130483313175,14.999365564400392,1.4337649189127823,7.2507349135745125,2.251212815811927,1108.9,1108.9,0.7669090909090911,1.257,12.481818181818182,17.5,3.0,9.0,4.0,11.0,7.0,16.71313678865519,16.758023609706356,15.76310899318151,0.994914616524845,7.368571247117901,2.2672811632159755,1109.6,1109.6,0.6653636363636364,0.95,11.131818181818183,13.85,3.5,9.5,2.5,0.0,2.8284271247461903,0.538323095437042,0.4594682656670323,1.0800963151555858,0.6206280494885548,0.1666457410373794,0.02272407482372759,0.9899494936609896,0.9899494936609896,0.14360695901552267,0.4341635636485401,1.9091883092036785,5.161879502661797,0.7071067811865476,0.7071067811865476,2.1213203435596424,2.0,1
LRL_2026-01-09_4,21006430,LRL_2026-01-09_4_21006430,12.0,8.0,16.665200559066417,17.92914239632489,14.665730514103473,3.263411882221419,6.9860952102804434,2.3814732426884864,1208.6999999999998,1208.6999999999998,0.30783333333333335,0.806,4.816666666666666,11.3,2.0,8.0,-6.0,13.0,9.0,16.530644144606505,17.905979882622063,14.322380545651253,3.583599336970808,6.946101796252045,2.3748815213200998,1308.9999999999998,1309.0,0.30634523809523806,1.7095,4.6154761904761905,24.0,1.5,9.0,-7.5,1.4142135623730951,1.4142135623730951,0.19029150623350227,0.03275674101719447,0.4855701820255034,0.4528134410083076,0.0565592285245631,0.009322101758556857,141.84562030602137,141.8456203060216,0.002104484467817157,1.2777419536040913,0.2845263000488723,17.960512242138307,0.7071067811865476,1.4142135623730951,2.1213203435596424,2.0,1
LRL_2026-01-09_4,22015100,LRL_2026-01-09_4_22015100,12.0,2.0,16.84709670967985,17.176079896074032,16.304390732350686,0.8716891637233459,6.852812300397802,2.4587050834056394,1209.8,1209.8,0.020583333333333332,0.168,0.31666666666666665,2.5,1.0,2.0,-1.0,12.0,2.5,16.847458437291813,17.40084378166968,15.960089481705722,1.4407542999639569,6.823996353267445,2.468078429168895,1208.85,1208.85,0.09233333333333334,0.47150000000000003,1.4208333333333334,6.9,1.0,2.5,-1.5,0.0,0.7071067811865476,0.0005115600947234764,0.31786413534103725,0.4869154982041272,0.8047796335451651,0.04075190324437672,0.013255912703208228,1.3435028842545047,1.3435028842544243,0.10146982310026957,0.42921381618023435,1.5615274751202923,6.222539674441618,0.0,0.7071067811865476,0.7071067811865476,2.0,1
LRL_2026-01-09_4,21018316,LRL_2026-01-09_4_21018316,12.0,6.0,16.428914460330546,16.979629462137957,15.042127613004679,1.9375018491332785,6.942460699287756,2.3661584248319616,1218.8999999999999,1218.8999999999999,0.924,2.425,14.858333333333334,35.2,5.0,6.0,-1.0,12.0,5.666666666666667,16.75973420489871,17.611921035057865,15.29717538075978,2.3147456542980858,6.991429272808285,2.395691954160951,1213.2333333333333,1213.2333333333333,0.5311388888888889,1.6856666666666669,8.530555555555557,24.566666666666666,2.3333333333333335,5.666666666666667,-2.3333333333333335,0.0,1.5275252316519465,0.3041384960694607,0.5819646939426512,0.36870928831060457,0.5908438913839876,0.05139517444974115,0.026156515230270648,5.131601439446915,5.131601439446742,0.3468670728156591,1.0137831786596843,5.539312365400734,14.928607883300216,2.3094010767585034,1.5275252316519465,1.5275252316519468,3.0,1
LRL_2026-01-09_4,18012283,LRL_2026-01-09_4_18012283,,,,,,,,,,,,,,,,,,,,,,,,,,,,,,,,,,,,,,,,,,,,,,,,,,,,0.0,0
LRL_2026-01-09_4,20007029,LRL_2026-01-09_4_20007029,12.0,4.0,16.701864333208484,17.51118196794201,15.29449981763194,2.2166821503100707,6.9017554096035445,2.418099293961346,1212.3999999999999,1212.3999999999999,0.3245,1.343,4.9,18.9,1.0,4.0,-3.0,12.0,3.6666666666666665,16.91607252214438,17.681200838729065,15.708880363403194,1.9723204753258716,6.975476069163531,2.424312826250752,1211.1666666666667,1211.1666666666667,0.5223333333333333,1.4446666666666665,8.294444444444444,20.599999999999998,1.6666666666666667,5.666666666666667,1.0,0.0,0.5773502691896258,0.195649043547328,0.2101023277518239,0.4584641094150849,0.48392008684729737,0.08230180052490974,0.010558298368578384,1.6441816606851238,1.6441816606851238,0.19395711152497372,0.18923089952048885,3.451341660754446,2.2869193252058544,1.1547005383792517,2.886751345948129,4.0,3.0,1
LRL_2026-01-09_4,19000681,LRL_2026-01-09_4_19000681,12.0,9.0,16.18332429034275,17.41056944291137,14.448886278884897,2.961683164026473,6.977217140199368,2.3163426850121174,1214.0,1214.0,0.8901666666666666,3.171,13.891666666666667,45.7,4.0,9.0,-4.0,14.0,9.0,16.16924226574133,17.033944586853114,14.656523734779094,2.377420852074019,7.090731286001849,2.2784755434640394,1414.1,1414.1,1.1028333333333333,3.221,17.420833333333334,45.7,5.0,9.0,-2.5,2.8284271247461903,0.0,0.019914990176995575,0.5326279793644015,0.2936437061822189,0.8262716855466204,0.16053324451506507,0.05355222514559381,282.9841338308562,282.9841338308562,0.30075608426467837,0.07071067811865497,4.990995363875047,0.0,1.4142135623730951,0.0,2.1213203435596424,2.0,1
LRL_2026-01-09_5,22016324,LRL_2026-01-09_5_22016324,17.0,5.0,15.343776583191167,16.160416462230735,14.45419599282945,1.706220469401286,6.6290448565018,2.3143285738335058,1715.0,1714.9999999999998,0.9454117647058823,2.167,14.24705882352941,28.7,5.0,6.0,1.0,14.0,4.5,15.921491320589205,16.599991749946284,14.852500883674587,1.7474908662716953,6.727312506557268,2.3658132050095606,1411.6999999999998,1411.6999999999998,0.8972513368983956,1.7515,13.914438502673796,23.85,4.0,5.5,0.0,4.242640687119285,0.7071067811865476,0.8170120168111171,0.6216533335713832,0.5632881785927288,0.05836515497865303,0.13897144345097606,0.07281026366295358,428.9309734677599,428.9309734677596,0.0681091301750379,0.5876057351660208,0.4703961688749004,6.858935777509509,1.4142135623730951,0.7071067811865476,1.4142135623730951,2.0,1
LRL_2026-01-09_5,20016773,LRL_2026-01-09_5_20016773,17.0,5.0,15.372084781469535,16.678124501443655,13.727679394982399,2.950445106461256,6.766068122650107,2.2692698870357937,1728.8999999999999,1728.8999999999999,1.2227058823529413,3.581,17.447058823529414,46.1,2.0,5.0,0.0,16.666666666666668,5.0,16.222638648565276,16.79903893449316,15.361556494064482,1.4374824404286801,7.205684791676244,2.252596292167191,1687.5,1687.5,0.6343002450980393,1.7646666666666668,9.59779411764706,24.333333333333332,2.0,5.333333333333333,-2.0,0.5773502691896255,2.0,0.7366830752111658,0.1404397209916916,1.4163327705934952,1.3106469256193034,0.3828353959552838,0.017984051129684427,61.851677422685796,61.851677422685796,0.58670415792588,1.654374907127563,8.371254875845485,20.53687739977364,1.0,2.516611478423583,2.0,3.0,1
LRL_2026-01-09_5,20003013,LRL_2026-01-09_5_20003013,12.0,6.0,16.176295512571738,17.38205612670111,14.288881032918939,3.09317509378217,6.6071107213560785,2.444637974196434,1214.3,1214.3,0.961,2.941,14.850000000000001,40.0,3.0,6.0,-1.0,11.666666666666666,3.6666666666666665,16.555450369147895,17.323822061800996,15.164437717234334,2.1593843445666643,6.742581797952883,2.455157740364329,1178.2333333333333,1178.2333333333333,0.7510959595959595,1.5606666666666664,11.930808080808083,21.433333333333334,2.6666666666666665,5.666666666666667,1.3333333333333333,0.5773502691896258,2.0816659994661326,0.34086094354428703,0.14713388708804495,0.7597461251246108,0.8297580832370157,0.14688132671549461,0.02010175772883973,59.97535605007559,59.97535605007559,0.18280503040092658,1.2258475979228955,2.5392611944282595,16.510703598978857,0.5773502691896258,0.5773502691896257,2.0816659994661326,3.0,1
LRL_2026-01-09_5,18007504,LRL_2026-01-09_5_18007504,11.0,6.0,16.191079542619708,16.283662214074358,14.973531455605354,1.310130758469004,6.865535431205576,2.3553797641894905,1111.6,1111.6000000000001,0.9972727272727272,1.572,16.063636363636363,22.5,5.0,6.0,0.0,11.333333333333334,6.333333333333333,16.219308599500145,16.912899223751772,14.683095203700157,2.229804020051615,6.851101448272874,2.364592089569809,1144.1666666666667,1144.1666666666667,1.257310606060606,2.732666666666667,19.80757575757576,38.333333333333336,5.0,6.666666666666667,-1.0,0.5773502691896258,0.5773502691896257,0.0409653613354594,0.552226616455402,0.41219467835820434,0.8310071449191969,0.10027030951920253,0.03834478731358637,55.19912438919054,55.19912438919058,0.24663945095466314,1.2577346036956019,3.5435027650236193,17.300963364313947,1.0,0.5773502691896258,1.7320508075688772,3.0,1
LRL_2026-01-09_5,21006267,LRL_2026-01-09_5_21006267,,,,,,,,,,,,,,,,,,,,,,,,,,,,,,,,,,,,,,,,,,,,,,,,,,,,0.0,0
LRL_2026-01-09_5,21017703,LRL_2026-01-09_5_21017703,11.0,3.0,16.234315197596686,16.115727811651922,15.809885650480581,0.30584216117134133,6.7135157981458695,2.4182041400636063,1112.0,1112.0,1.2255454545454545,1.115,19.86363636363636,16.0,3.0,6.0,2.0,11.5,4.5,16.144282049821385,16.293898010818168,15.449233395644576,0.8446646151735946,6.691229176921528,2.4124650107897248,1164.1999999999998,1164.1999999999998,1.5331060606060605,1.7214999999999998,24.610984848484847,24.05,4.5,6.5,1.5,0.7071067811865476,2.1213203435596424,0.12732609864697098,0.2519707120716217,0.5100393100895161,0.7620100221611397,0.031518041994936206,0.008116354455335725,73.82194795587539,73.82194795587539,0.4349563803425977,0.857720525579282,6.713764612584096,11.384419177103416,2.1213203435596424,0.7071067811865476,0.7071067811865476,2.0,1
LRL_2026-01-09_5,21003092,LRL_2026-01-09_5_21003092,14.0,8.0,15.699252193845544,16.993197713154363,13.384788656764835,3.6084090563895277,6.339813635710745,2.468989265947722,1412.7999999999997,1412.7999999999997,0.5314285714285714,3.829,7.335714285714286,50.3,1.0,8.0,-7.0,12.333333333333334,6.0,16.09394724274016,16.972563454936587,14.56469492510812,2.4078685298284674,6.370263872157857,2.52330645132408,1245.9333333333332,1245.9333333333332,0.8571479076479077,2.526666666666667,13.279834054834055,34.36666666666667,3.0,7.0,-2.6666666666666665,1.5275252316519465,2.0,0.3671479548409521,0.054700006016052974,1.093052676482884,1.092770004389273,0.02887578888658216,0.04996998504703909,154.62329492457886,154.6232949245788,0.2824371144851098,1.3801718492033277,5.148608885828944,17.89869641435748,2.0,1.0,3.785938897200183,3.0,1
LRL_2026-01-09_5,18022195,LRL_2026-01-09_5_18022195,11.0,2.0,16.437757656926234,16.92066765729719,15.316684781894532,1.603982875402659,6.547282563661625,2.5094498183920178,1109.9,1109.9,0.0849090909090909,0.272,1.3363636363636364,3.9,1.0,2.0,-1.0,11.0,2.0,16.437757656926234,16.92066765729719,15.316684781894532,1.603982875402659,6.547282563661625,2.5094498183920178,1109.9,1109.9,0.0849090909090909,0.272,1.3363636363636364,3.9,1.0,2.0,-1.0,,,,,,,,,,,,,,,,,,1.0,1
LRL_2026-01-09_5,19001706,LRL_2026-01-09_5_19001706,11.0,4.0,16.28857198534326,16.641697959631564,15.173144583356546,1.4685533762750183,6.939868910850067,2.3458758193867353,1114.8,1114.8,0.6514545454545455,1.177,10.363636363636363,16.9,3.0,4.0,0.0,11.0,4.0,16.28857198534326,16.641697959631564,15.173144583356546,1.4685533762750183,6.939868910850067,2.3458758193867353,1114.8,1114.8,0.6514545454545455,1.177,10.363636363636363,16.9,3.0,4.0,0.0,,,,,,,,,,,,,,,,,,1.0,1
LRL_2026-01-09_6,23000349,LRL_2026-01-09_6_23000349,12.0,2.0,16.49223497030079,17.428408523201988,15.52164558986569,1.9067629333362976,6.78906535454514,2.4278824116932776,1208.3999999999999,1208.3999999999999,0.18366666666666667,0.842,2.775,12.0,1.0,2.0,-1.0,11.333333333333334,4.0,16.30242449633002,17.131151955054293,15.261872422341037,1.869279532713253,6.85214846363571,2.3796176807982987,1143.0333333333333,1143.033333333333,0.6294343434343436,1.0913333333333333,9.90378787878788,15.466666666666669,3.3333333333333335,5.666666666666667,1.0,0.5773502691896255,3.4641016151377544,0.16805977703226216,0.2762486379694823,0.644138240486677,0.7045338269884525,0.05551151983954623,0.041871791663095174,56.653890716643,56.65389071664299,0.39167031395445373,0.5226866492778759,6.249167024381937,7.5248477282489485,3.214550253664318,3.5118845842842465,2.6457513110645907,3.0,1
LRL_2026-01-09_6,23014673,LRL_2026-01-09_6_23014673,,,,,,,,,,,,,,,,,,,,,,,,,,,,,,,,,,,,,,,,,,,,,,,,,,,,0.0,0
LRL_2026-01-09_6,23004968,LRL_2026-01-09_6_23004968,12.0,4.0,16.37916200121594,17.280175789745105,15.298372529812875,1.9818032599322297,6.993560891401834,2.341382233351199,1209.3999999999999,1209.3999999999999,0.5141666666666667,1.475,8.033333333333333,21.1,3.0,4.0,0.0,12.0,4.0,16.31196812662185,17.1096621053684,15.340620092503045,1.7690420128653574,6.994396971848236,2.332485428430058,1209.4499999999998,1209.4499999999998,0.9089166666666667,2.2445,13.95416666666667,31.3,3.5,5.0,0.0,0.0,0.0,0.09502648875935917,0.24114276501573934,0.05974707613364557,0.30088984114938366,0.0011823963065364072,0.012581982181265891,0.07071067811867082,0.07071067811859044,0.5582608037467793,1.0882373362460964,8.373322800550703,14.42497833620557,0.7071067811865476,1.4142135623730951,0.0,2.0,1
LRL_2026-01-09_6,23008262,LRL_2026-01-09_6_23008262,11.0,4.0,15.89924079147322,15.551391326378265,15.367900520812261,0.18349080556600406,6.886061784801766,2.306522036716946,1109.8999999999999,1109.9,2.3390000000000004,2.219,37.5,31.0,4.0,7.0,3.0,11.0,4.0,15.89924079147322,15.551391326378265,15.367900520812261,0.18349080556600406,6.886061784801766,2.306522036716946,1109.8999999999999,1109.9,2.3390000000000004,2.219,37.5,31.0,4.0,7.0,3.0,,,,,,,,,,,,,,,,,,1.0,1
LRL_2026-01-09_6,23014027,LRL_2026-01-09_6_23014027,12.0,7.0,16.066707808329202,17.063466772549504,14.6474938075238,2.415972965025704,6.678867710137655,2.4050118751997993,1212.8999999999999,1212.8999999999999,1.2145,3.292,18.908333333333335,47.0,6.0,7.0,0.0,12.0,7.0,16.066707808329202,17.063466772549504,14.6474938075238,2.415972965025704,6.678867710137655,2.4050118751997993,1212.8999999999999,1212.8999999999999,1.2145,3.292,18.908333333333335,47.0,6.0,7.0,0.0,,,,,,,,,,,,,,,,,,1.0,1
LRL_2026-01-09_6,23008991,LRL_2026-01-09_6_23008991,17.0,7.0,14.881392797498906,16.50595945448908,12.68271364211858,3.8232458123704998,6.804638861526763,2.1813389550059723,1723.9,1723.8999999999999,1.427470588235294,3.462,19.78235294117647,41.7,6.0,8.0,0.0,14.5,7.0,15.514311049198849,16.72240427620602,13.67425999474774,3.0481442814582804,6.954786039913779,2.227233270674387,1470.0500000000002,1470.05,1.5342769607843136,3.8645000000000005,22.445343137254902,50.25,5.5,8.5,1.0,3.5355339059327378,0.0,0.8950815754275266,0.3060992023775243,1.402258299609733,1.0961590972322093,0.21234017602697153,0.06490436365410383,358.9981128084101,358.99811280841004,0.15104702060669703,0.569220958855171,3.7660368517607066,12.091525958289958,0.7071067811865476,0.7071067811865476,1.4142135623730951,2.0,1
LRL_2026-01-09_6,23014780,LRL_2026-01-09_6_23014780,12.0,6.0,15.99709106902849,16.926292194032374,14.983763977970964,1.94252821606141,6.745873132159006,2.3716111763315584,1208.1,1208.1,1.4310833333333335,3.128,22.383333333333336,44.7,6.0,7.0,0.0,14.333333333333334,7.333333333333333,15.563231062573129,16.516917949739938,14.004312951625549,2.5126049981143925,6.655823281336162,2.3351020329737326,1447.8,1447.8,1.966230859010271,5.085666666666667,29.811391223155926,69.0,7.333333333333333,7.666666666666667,0.0,2.5166114784235836,1.5275252316519465,0.6528644838088246,0.7137975867636576,1.1094292936731078,0.5028624931656721,0.1320248198681848,0.054886426844816726,258.6215961593308,258.6215961593308,0.7085925662492306,2.7557395256688055,9.658132735438931,34.35098251869952,1.5275252316519465,1.1547005383792517,0.0,3.0,1
LRL_2026-01-09_6,23002053,LRL_2026-01-09_6_23002053,12.0,5.0,16.23817671835343,17.142063665006358,15.21036255865023,1.9317011063561278,7.2855635445271965,2.229630326048597,1211.1999999999998,1211.1999999999998,0.89275,2.178,13.93333333333333,31.1,5.0,5.0,0.0,11.666666666666666,3.6666666666666665,16.255322416070396,16.956214186431392,15.073470996888057,1.8827431895433318,7.225182078856254,2.2512354047936856,1178.6,1178.6,0.888838383838384,1.9933333333333334,13.804292929292927,27.866666666666664,3.3333333333333335,6.333333333333333,2.3333333333333335,0.5773502691896258,1.1547005383792517,0.04005809478337117,0.20000426065857466,0.2955847287542613,0.3917993243716351,0.18847197038818564,0.054063458364077416,55.34284054871043,55.34284054871043,0.4577132934940489,0.9505500162186803,7.086108528353522,13.151552506580101,1.5275252316519465,2.309401076758503,2.516611478423583,3.0,1
LRL_2026-01-09_6,23000452,LRL_2026-01-09_6_23000452,12.0,8.0,15.242856259262497,16.436921679965202,13.778833559728374,2.658088120236828,6.707310189093353,2.272036955369987,1213.3999999999999,1213.3999999999999,3.4599999999999995,8.534,52.64166666666667,117.6,7.0,9.0,-1.0,12.0,8.0,15.242856259262497,16.436921679965202,13.778833559728374,2.658088120236828,6.707310189093353,2.272036955369987,1213.3999999999999,1213.3999999999999,3.4599999999999995,8.534,52.64166666666667,117.6,7.0,9.0,-1.0,,,,,,,,,,,,,,,,,,1.0,1
LRL_2026-01-09_6,23002277,LRL_2026-01-09_6_23002277,12.0,3.0,16.43326584184749,17.55790679700664,15.279227499399132,2.2786792976075088,6.902235316972892,2.3816981221371134,1208.1,1208.1,0.23683333333333334,1.185,3.516666666666666,16.9,1.0,3.0,0.0,14.0,5.5,15.982875110582032,17.15243418340387,14.182086842023164,2.9703473413807044,6.795926287080462,2.3483480951654636,1413.6499999999999,1413.6499999999999,0.8991979166666666,4.619000000000001,13.148958333333331,62.650000000000006,1.5,5.5,-2.0,2.8284271247461903,3.5355339059327378,0.6369486805227467,0.5734248693279066,1.551591197492028,0.978166328164121,0.15034367187660014,0.04716406044881581,290.69159774578964,290.69159774578964,0.9367249769856041,4.8564093731892095,13.622117511733341,64.70027047856911,0.7071067811865476,3.5355339059327378,2.8284271247461903,2.0,1
LRL_2026-01-09_6,23017181,LRL_2026-01-09_6_23017181,,,,,,,,,,,,,,,,,,,,,,,,,,,,,,,,,,,,,,,,,,,,,,,,,,,,0.0,0
LRL_2026-01-09_7,23002465,LRL_2026-01-09_7_23002465,14.0,4.0,16.252574478698108,17.378645093644636,14.930014838608585,2.4486302550360506,7.058115841753049,2.303726738529421,1412.3999999999999,1412.3999999999999,0.7332857142857144,2.248,11.042857142857143,30.6,2.0,6.0,-2.0,14.0,7.333333333333333,16.342844103423186,17.213233555175858,15.13168422987947,2.0815493252963893,7.1128803365693285,2.2983190681527668,1416.2666666666664,1416.2666666666664,1.0315744047619049,2.794333333333334,16.350396825396825,40.23333333333333,4.666666666666667,8.0,-2.3333333333333335,2.0,4.163331998932265,0.08659438404909982,0.14515962749904035,0.3086993594091328,0.3930124507152923,0.07623212006896178,0.01431764638477271,203.72752227751025,203.72752227750985,0.44964331211090297,0.591210904274721,7.541744966456892,9.36286993038637,4.618802153517007,3.4641016151377544,1.5275252316519468,3.0,1
LRL_2026-01-09_7,23014695,LRL_2026-01-09_7_23014695,16.0,3.0,15.950040808065825,16.801478356821704,14.78550233008814,2.015976026733565,6.995222480516507,2.278741375157165,1613.8999999999999,1613.8999999999996,0.511,1.029,7.9625,13.5,3.0,6.0,2.0,15.0,3.0,16.1212318629973,16.623383555371298,15.40181735549298,1.2215661998783194,7.093126123714158,2.2724952002853023,1513.0499999999997,1513.0499999999997,1.1415714285714285,1.395,18.15267857142857,18.7,3.0,9.0,5.5,1.4142135623730951,0.0,0.2421007116410454,0.2518640835993068,0.8716010676218449,1.1234651512211504,0.13845666001585474,0.008833425216742475,142.62343776532674,142.6234377653265,0.8917626663306916,0.5176021638285528,14.411088738717973,7.353910524340093,0.0,4.242640687119285,4.949747468305833,2.0,1
LRL_2026-01-09_7,23001436,LRL_2026-01-09_7_23001436,17.0,3.0,15.467984382938607,16.328811945900277,14.443775805339893,1.8850361405603842,6.719689689149511,2.301060838685519,1718.3999999999999,1718.3999999999999,1.0166470588235295,2.609,14.947058823529412,34.5,3.0,7.0,3.0,15.0,6.0,15.546864030448399,16.867269722077015,13.866593022213081,3.0006766998639347,6.526993973609291,2.3789670633234867,1514.9333333333334,1514.9333333333332,1.2375073529411764,3.7823333333333333,18.133047385620916,48.56666666666666,4.666666666666667,7.333333333333333,0.6666666666666666,2.6457513110645907,2.6457513110645907,0.432443031853204,0.5015841430874557,1.0045401730651302,1.185285003356123,0.18875218600944826,0.07663076749102127,266.3251834380919,266.32518343809187,0.3054795202538955,2.403376236325335,3.786162812144973,28.803009102059693,1.5275252316519468,0.5773502691896257,2.0816659994661326,3.0,1
LRL_2026-01-09_7,23016511,LRL_2026-01-09_7_23016511,,,,,,,,,,,,,,,,,,,,,,,,,,,,,,,,,,,,,,,,,,,,,,,,,,,,0.0,0
LRL_2026-01-09_7,23002207,LRL_2026-01-09_7_23002207,,,,,,,,,,,,,,,,,,,,,,,,,,,,,,,,,,,,,,,,,,,,,,,,,,,,0.0,0
LRL_2026-01-09_7,23009522,LRL_2026-01-09_7_23009522,16.0,4.0,15.967117110570994,17.000561564703702,14.556203767020568,2.444357797683134,6.908039341827476,2.31068856971278,1619.1,1619.0999999999995,0.5245624999999999,1.597,7.968749999999999,20.9,2.0,6.0,2.0,14.0,4.0,16.421268678339942,17.454235175881344,14.914306902082123,2.5399282737992217,7.0861789958343735,2.3152234938601186,1414.4666666666665,1414.4666666666665,0.7800882936507937,1.9046666666666667,12.131250000000001,25.333333333333332,3.0,7.0,2.3333333333333335,2.0,1.0,0.5826655300795089,0.6784643882179643,0.32656839257495873,0.4583456425081944,0.15449166936152092,0.05606343073667632,202.05148683772006,202.05148683771972,0.24621115905994123,0.3383287356009438,3.9802589033252618,5.03024187622557,1.0,2.6457513110645907,1.5275252316519468,3.0,1
LRL_2026-01-09_7,23009832,LRL_2026-01-09_7_23009832,17.0,2.0,15.793266463581507,16.511218597044554,15.221317625330931,1.2899009717136227,6.853177522760663,2.3063255084714185,1717.2999999999997,1717.3,0.15788235294117647,0.0,2.5352941176470587,0.0,1.0,3.0,2.0,16.5,2.0,15.897400958529806,16.712726316018717,15.025332631964918,1.6873936840538013,6.801829612711247,2.338080137398904,1670.5499999999997,1670.5499999999997,0.29465992647058825,0.059,4.689522058823529,0.75,1.5,5.0,3.5,0.7071067811865476,0.0,0.14726841506675756,0.2849749490961291,0.27716463563981686,0.5621395847359478,0.07261691079139795,0.04490782689737498,66.11448404094212,66.11448404094243,0.19343269951377737,0.0834386001800126,3.046538370854835,1.0606601717798212,0.7071067811865476,2.8284271247461903,2.1213203435596424,2.0,1
LRL_2026-01-09_7,23013198,LRL_2026-01-09_7_23013198,16.0,6.0,16.332303311327554,16.11670059910126,16.589829307489893,-0.4731287083886322,7.293288556372497,2.2408153507280977,1622.5,1622.4999999999998,0.7176875,1.226,11.56875,18.7,4.0,6.0,-2.0,14.333333333333334,4.666666666666667,16.538961541452824,16.61648473954762,16.357162208354406,0.2593225311932154,7.237761576223407,2.2854045587036773,1449.3999999999999,1449.3999999999996,0.6859223484848486,0.8936666666666667,11.402083333333332,13.299999999999999,4.0,6.333333333333333,0.3333333333333333,2.8867513459481287,2.309401076758503,0.6468374482699001,0.4334958794361408,1.392089223157756,1.5383863554802513,0.17687617437176664,0.050882461373879494,296.0156583696207,296.0156583696205,0.33953103987432,0.29122900496573706,6.182934974252382,4.703190406521939,2.0,2.516611478423583,2.516611478423583,3.0,1
LRL_2026-01-09_8,23006925,LRL_2026-01-09_8_23006925,14.0,1.0,16.345460051336822,17.062808451965445,15.104048111061672,1.9587603409037726,7.242978526932512,2.2557496422610384,1413.0999999999997,1413.0999999999997,0.6792857142857143,0.0,11.457142857142857,0.0,1.0,7.0,6.0,13.333333333333334,2.0,16.43443168389047,17.294493332390406,15.222142734918672,2.0723505974717327,7.231869591339773,2.27207246408164,1345.833333333333,1345.833333333333,0.7599603174603174,0.7063333333333334,12.162698412698413,9.833333333333334,1.3333333333333333,5.333333333333333,1.6666666666666667,1.1547005383792515,1.0,0.2046891232443435,0.6843607548642077,0.10268506802891343,0.6525535341073899,0.05428326963224591,0.044812225419382325,119.3785714998018,119.3785714998018,0.15837456021328464,0.874888754833055,2.523890759399407,12.354081646700143,0.5773502691896257,1.5275252316519468,4.041451884327381,3.0,1
LRL_2026-01-09_8,23001383,LRL_2026-01-09_8_23001383,12.0,1.0,17.410287092145555,17.92994111388392,17.23406122892354,0.6958798849603802,7.1874183173659105,2.426798131434902,1209.8999999999999,1209.8999999999999,0.2535833333333333,0.0,3.6749999999999994,0.0,1.0,3.0,1.0,11.5,1.0,17.53199188454861,18.02329189581857,16.842340279202915,1.1809516166156566,7.114276241451418,2.467121037317524,1162.1999999999998,1162.1999999999998,0.16401893939393938,0.0,2.4920454545454542,0.0,1.0,4.0,2.5,0.7071067811865476,0.0,0.1721165680222005,0.13201794187011465,0.5539770797605785,0.6859950216306945,0.10343851573839749,0.057025200373497884,67.45798692519662,67.45798692519662,0.12666318061481752,0.0,1.672950361852718,0.0,0.0,1.4142135623730951,2.1213203435596424,2.0,1
LRL_2026-01-09_8,23017313,LRL_2026-01-09_8_23017313,12.0,10.0,16.411042335223573,18.029817679398356,14.182578163870126,3.84723951552823,6.735978131841587,2.43106111455968,1214.9999999999998,1214.9999999999998,0.9794999999999999,3.31,15.225000000000001,45.9,4.0,10.0,-2.0,12.0,5.5,16.622203099229857,18.037813937447115,14.891004919629733,3.1468090178173824,6.835735861805446,2.4289117349529166,1214.1,1214.1,0.5142916666666666,1.655,8.033333333333335,22.95,2.5,6.5,0.0,0.0,6.363961030678928,0.29862641629875075,0.011308416580790827,1.0018667259432086,0.9905583093624177,0.1410787346664429,0.003039681790572984,1.272792206135673,1.272792206135673,0.6579039343289835,2.3405234457274724,10.17055253606651,32.45620125646253,2.1213203435596424,4.949747468305833,2.8284271247461903,2.0,1
LRL_2026-01-09_8,23006656,LRL_2026-01-09_8_23006656,14.0,6.0,16.17053919869322,17.532294916636932,14.192158307540016,3.3401366090969162,7.208802469870812,2.2382083119746516,1413.3999999999996,1413.3999999999999,0.15078571428571427,1.117,2.107142857142857,14.8,1.0,6.0,-4.0,12.333333333333334,3.6666666666666665,16.517187268176414,17.393134456895236,15.413446806352676,1.9796876505425594,7.363456894019151,2.2422306549906788,1245.533333333333,1245.533333333333,0.3730497835497835,0.8593333333333334,6.02965367965368,12.366666666666667,1.0,4.666666666666667,-2.3333333333333335,1.5275252316519465,2.516611478423583,0.33544537846360056,0.1363593657587936,1.1758612998230125,1.3121474099953803,0.20494438741156948,0.024721468085707996,153.4445285219818,153.44452852198185,0.5210403251402126,0.7638221869868231,8.682983154636974,11.347393239565347,0.0,3.214550253664318,2.0816659994661326,3.0,1
LRL_2026-01-09_8,23006633,LRL_2026-01-09_8_23006633,12.0,1.0,16.83626592638894,18.07332161220432,15.279464710801307,2.7938569014030143,6.859648338239211,2.4506232452143952,1210.9999999999998,1211.0,0.14625000000000002,0.0,2.608333333333333,0.0,1.0,4.0,3.0,11.0,3.3333333333333335,16.235133441857815,17.2818049084064,14.415449127581411,2.866355780824987,6.7215712964471495,2.411596955462926,1109.0333333333333,1109.0333333333333,1.0682045454545455,2.595666666666667,16.487323232323234,34.199999999999996,3.3333333333333335,4.666666666666667,1.3333333333333333,1.0,4.041451884327381,0.839826703898711,0.6942041928514935,1.6027893782482654,1.5284484823781106,0.16986979357472318,0.0689267470332617,101.55256438580608,101.55256438580633,1.5343000145367394,4.495826546179615,22.938113155436724,59.2361376188556,4.041451884327381,3.055050463303893,1.5275252316519468,3.0,1
LRL_2026-01-09_8,23007671,LRL_2026-01-09_8_23007671,14.0,5.0,16.239483304716583,17.345319213741398,14.458600339990406,2.8867188737509917,7.151460644672829,2.2684754705531276,1415.0999999999997,1415.1,0.2576428571428571,0.699,4.142857142857143,9.2,1.0,5.0,-1.0,12.5,3.0,16.92763333802044,17.82974457616497,15.816916192085067,2.0128283840799055,7.318640336688469,2.310788172019725,1264.5499999999997,1264.55,0.13991233766233765,0.3495,2.2623376623376625,4.6,1.0,3.5,-0.5,2.1213203435596424,2.8284271247461903,0.9731911100458102,0.6850809174969186,1.9209487000186356,1.2358677825217153,0.23642778780187587,0.059839196274706276,212.90985181526932,212.9098518152694,0.16649609735458049,0.4942676400493967,2.659456153657457,6.505382386916237,0.0,2.1213203435596424,0.7071067811865476,2.0,1
LRL_2026-01-09_8,23017809,LRL_2026-01-09_8_23017809,12.0,1.0,16.901563666703236,17.25559602943006,16.21721059920984,1.0383854302202202,6.966038798775471,2.4281820243575165,1208.1,1208.1,0.02975,0.0,0.5166666666666667,0.0,1.0,2.0,1.0,12.0,1.0,16.901563666703236,17.25559602943006,16.21721059920984,1.0383854302202202,6.966038798775471,2.4281820243575165,1208.1,1208.1,0.02975,0.0,0.5166666666666667,0.0,1.0,2.0,1.0,,,,,,,,,,,,,,,,,,1.0,1
LRL_2026-01-09_9,17007087,LRL_2026-01-09_9_17007087,16.0,7.0,16.014245078567427,16.53246039727409,14.940149852679014,1.592310544595076,7.129064798703252,2.2448160102420673,1612.1,1612.1,0.4488125,2.38,6.90625,33.4,2.0,7.0,-3.0,14.0,5.333333333333333,16.403080420181993,16.832010835335534,15.37274638214533,1.4592644531902028,7.250484030791267,2.260970551620095,1409.8999999999996,1409.8999999999999,0.7750327380952381,1.5373333333333334,12.704464285714286,21.666666666666668,3.6666666666666665,7.0,0.3333333333333333,2.0,1.5275252316519468,0.33674206910031623,0.25985451308608887,0.4256722273339929,0.24582056645935035,0.10732092978260442,0.015757701345883283,201.80118929282852,201.80118929282858,0.29785567514376593,0.8124126619725551,5.186057627727659,11.281105146807795,1.5275252316519465,1.0,3.511884584284246,3.0,1
LRL_2026-01-09_9,18005570,LRL_2026-01-09_9_18005570,12.0,2.0,16.879188836006488,17.28694241507088,15.73472205683893,1.5522203582319491,7.321644601107129,2.3045279400223087,1213.6,1213.6,0.37233333333333335,0.644,6.141666666666666,9.0,2.0,4.0,2.0,12.333333333333334,4.0,16.865855836747883,17.690100800548908,15.385918753733856,2.304182046815052,7.337639365860436,2.2964947874730495,1246.4666666666665,1246.4666666666665,0.5066645299145299,1.4403333333333332,8.039102564102564,20.133333333333333,2.0,4.666666666666667,-1.0,0.5773502691896258,2.0,0.21901882831648092,0.393986905729492,0.3613496881252808,0.6514086227041589,0.08054581436368201,0.008509265856443292,56.75361956151608,56.75361956151608,0.48297331199473875,1.6314326015295066,7.380758903312257,22.74474298235382,1.0,1.1547005383792517,2.6457513110645907,3.0,1
LRL_2026-01-09_9,22013479,LRL_2026-01-09_9_22013479,14.0,3.0,16.533869646923822,16.868279566019325,15.459269317698123,1.4090102483212021,7.243851679587971,2.281564921593891,1415.8999999999996,1415.8999999999999,0.6917857142857143,1.621,11.178571428571427,22.7,3.0,5.0,2.0,13.333333333333334,2.3333333333333335,16.84260241468461,16.98263083398008,16.01520555470336,0.9674252792767218,7.384221700638398,2.2805238837548845,1349.333333333333,1349.3333333333333,0.8081587301587302,0.5803333333333334,13.64920634920635,8.133333333333333,2.3333333333333335,7.333333333333333,5.0,1.1547005383792515,1.1547005383792515,0.3240914281971933,0.32438885162786835,0.5671788840682436,0.38253160726485663,0.1220932641836769,0.0217020065840318,114.08656070428859,114.08656070428867,0.3231304980701587,0.9032388019418416,5.531742217210774,12.64370726224446,1.1547005383792515,2.0816659994661326,2.6457513110645907,3.0,1
LRL_2026-01-09_9,19002312,LRL_2026-01-09_9_19002312,11.0,6.0,16.87605766198906,17.621693707499393,15.747111594312338,1.8745821131870546,7.098058883637981,2.3764184254035463,1115.3,1115.3000000000002,0.7526363636363637,1.618,12.354545454545455,23.9,4.0,6.0,0.0,11.666666666666666,5.333333333333333,17.0044853484375,17.804968659913722,15.923724846681717,1.8812438132320046,7.118488043027365,2.3875888864306125,1179.2333333333333,1179.2333333333333,0.4798232323232323,0.9886666666666667,7.915404040404041,14.5,3.3333333333333335,5.666666666666667,-0.6666666666666666,0.5773502691896255,0.5773502691896258,0.12824080534707244,0.15879198402361655,0.15353748313352283,0.019050556893522953,0.02886757338167607,0.018692532481169963,55.380893215379984,55.38089321537992,0.2703527209784186,0.6434355704601148,4.382579118757606,9.50157881617576,0.5773502691896257,0.5773502691896257,1.1547005383792517,3.0,1
LRL_2026-01-09_9,21007720,LRL_2026-01-09_9_21007720,14.0,1.0,16.601241683488464,16.593450920412398,16.167472066594875,0.4259788538175222,7.697483696740027,2.158067784072465,1416.7999999999997,1416.7999999999997,0.42121428571428565,0.0,7.107142857142857,0.0,1.0,5.0,4.0,12.666666666666666,2.3333333333333335,16.828196859021613,17.258301545518194,15.942291369470007,1.3160101760481855,7.616162210786694,2.2094523072324903,1282.1666666666665,1282.1666666666665,0.21646031746031744,0.27466666666666667,3.6246031746031746,4.1000000000000005,1.0,4.666666666666667,1.6666666666666667,1.1547005383792517,2.3094010767585034,0.20061732559308104,0.6366654004945091,0.2582469795377511,0.8880311945969502,0.07183209536503962,0.04542416007945268,116.60061463531532,116.60061463531532,0.18097283888635898,0.47573662181225157,3.0585069491707015,7.101408311032397,0.0,0.5773502691896257,3.214550253664318,3.0,1
LRL_2026-01-09_9,17017015,LRL_2026-01-09_9_17017015,11.0,7.0,16.930948856880747,17.25497593375418,15.962793843950896,1.2921820898032852,7.108862872680808,2.380713165399734,1119.2,1119.1999999999998,0.9409090909090907,1.619,15.681818181818182,23.9,6.0,7.0,0.0,11.666666666666666,5.0,17.067684298874024,17.540845816512775,16.1317967598351,1.4090490566776719,7.203888943497977,2.3684389547925138,1182.8333333333333,1182.8333333333333,0.6833863636363636,0.9560000000000001,11.58838383838384,14.199999999999998,4.0,6.0,0.3333333333333333,0.5773502691896255,1.7320508075688772,0.12000275855861506,0.3416207666211886,0.17879867730535554,0.3529252226072677,0.0855949349700562,0.014620390860530531,55.13586249741017,55.135862497410336,0.48768984477766736,0.7817333304906476,8.242909457271967,11.565898149300814,2.0,1.7320508075688772,2.516611478423583,3.0,1
LRL_2026-01-09_10,22010143,LRL_2026-01-09_10_22010143,11.0,6.0,16.415788222417046,16.889379254933797,15.145095777842025,1.7442834770917717,6.835748384394365,2.4002430286322682,1110.1,1110.1,1.1569999999999998,1.821,18.536363636363635,25.9,5.0,6.0,-1.0,11.333333333333334,3.3333333333333335,16.537711572110457,17.058578235373783,15.527567695984715,1.5310105393890698,6.780075727541306,2.439210415862541,1142.1999999999998,1142.2,0.6360277777777777,1.054,10.222979797979798,15.066666666666668,3.0,4.666666666666667,0.6666666666666666,0.5773502691896258,2.5166114784235836,0.2056634163623581,0.15150373228943564,0.35658744157421585,0.20704719577626124,0.05562441427055075,0.048699085109929936,56.293072397942574,56.29307239794262,0.5307566162076062,0.9438151302029439,8.424856240354837,13.458949934275456,2.0,1.5275252316519465,1.5275252316519465,3.0,1
LRL_2026-01-09_10,21004579,LRL_2026-01-09_10_21004579,11.0,2.0,16.69042515522979,17.399450572315775,15.122076387464721,2.2773741848510536,6.86341545341218,2.429909061467917,1109.7,1109.7,0.41054545454545455,0.8,6.536363636363637,11.4,2.0,4.0,2.0,11.666666666666666,2.0,16.672337332630224,17.27865037934009,15.516032976190298,1.7626174031497897,6.958108385058032,2.395950601623703,1176.8333333333333,1176.8333333333333,0.2812929292929293,0.462,4.526010101010101,6.6000000000000005,1.3333333333333333,4.0,1.0,0.5773502691896255,0.0,0.06135845696862652,0.11662503979221374,0.3760298437721592,0.4926295758177096,0.08202859092405497,0.03053614609678573,58.15602576976301,58.15602576976301,0.13520486643446103,0.3741283202325106,2.066106786405617,5.30754180388624,0.5773502691896258,0.0,1.7320508075688772,3.0,1
LRL_2026-01-09_10,22002442,LRL_2026-01-09_10_22002442,12.0,6.0,16.356523280491878,17.459352075053797,15.136116384809892,2.323235690243905,7.128396545568133,2.2940902819152282,1207.8,1207.8,0.24241666666666664,0.986,3.8333333333333335,14.5,2.0,6.0,-4.0,11.666666666666666,3.3333333333333335,16.53111125230073,17.307455249477552,15.36929438584887,1.938160863628685,7.1930607942348415,2.2977742145748596,1176.6666666666667,1176.6666666666667,0.1678358585858586,0.6206666666666667,2.6656565656565654,8.966666666666667,1.3333333333333333,3.6666666666666665,-1.6666666666666667,0.5773502691896258,2.5166114784235836,0.16632042573414194,0.20658936788095436,0.3395998903242984,0.3523482925492503,0.0560626931869572,0.011590403467240593,59.553113548607556,59.553113548607556,0.1456497113041048,0.5403196584738827,2.3144262177649577,7.8360279053442214,0.5773502691896258,2.516611478423583,2.0816659994661326,3.0,1
LRL_2026-01-09_10,22004786,LRL_2026-01-09_10_22004786,12.0,9.0,15.996610324790511,17.15455119147422,14.622735573823505,2.5318156176507145,6.708783780756016,2.381744273553268,1216.1999999999998,1216.1999999999998,1.8255833333333331,4.051,28.750000000000004,58.1,8.0,9.0,-1.0,12.0,5.5,16.39324887739025,17.491396249810478,15.040794848989073,2.450601400821407,6.8590365947248575,2.387623509551016,1213.7999999999997,1213.7999999999997,0.9499583333333332,2.0740000000000003,14.970833333333335,29.75,4.5,6.0,-0.5,0.0,4.949747468305833,0.5609316204465827,0.4763708499174948,0.591225096815012,0.11485424689751596,0.2124895672994576,0.008314495284407463,3.3941125496954765,3.3941125496954765,1.2383207505529412,2.795900212811609,19.486684378199275,40.09295449327725,4.949747468305833,4.242640687119285,0.7071067811865476,2.0,1
LRL_2026-01-09_10,22000770,LRL_2026-01-09_10_22000770,12.0,7.0,16.33986672775185,16.930339966435593,15.507874460715891,1.4224655057197015,6.954348699372805,2.3480829449602596,1209.0,1209.0,0.8926666666666666,1.043,14.725000000000001,15.3,7.0,9.0,2.0,12.0,7.0,16.33986672775185,16.930339966435593,15.507874460715891,1.4224655057197015,6.954348699372805,2.3480829449602596,1209.0,1209.0,0.8926666666666666,1.043,14.725000000000001,15.3,7.0,9.0,2.0,,,,,,,,,,,,,,,,,,1.0,1
LRL_2026-01-09_10,21011141,LRL_2026-01-09_10_21011141,12.0,8.0,16.075332699686502,17.30708311111271,14.307558766319403,2.9995243447933078,6.383871431168004,2.515012250780804,1218.7,1218.6999999999998,1.2764166666666668,3.859,19.8,55.4,5.0,8.0,-3.0,12.0,7.5,16.240936384750384,16.94237546115336,14.829589235646132,2.112786225507227,6.522174595893656,2.489167050923422,1213.0,1213.0,1.3685416666666668,2.7875,22.12083333333333,40.0,6.0,8.0,-1.0,0.0,0.7071067811865476,0.2341989773963047,0.5157745048737328,0.7382625696938528,1.2540370745675868,0.1955902112741374,0.036550632160552786,8.061017305526706,8.061017305526464,0.13028442443362132,1.5153298320827715,3.2821539760075535,21.778888860545663,1.4142135623730951,0.0,2.8284271247461903,2.0,1
LRL_2026-01-09_10,19018229,LRL_2026-01-09_10_19018229,12.0,6.0,16.319128350310354,17.39738167724814,15.15350477475302,2.2438769024951206,6.901869184437224,2.363713143082769,1211.2,1211.2,0.8645833333333334,1.999,13.491666666666665,28.7,1.0,6.0,0.0,12.0,5.0,16.47541365993243,17.381281367730722,15.19141125957608,2.18987010815464,6.822687082211424,2.413642897549464,1210.0,1210.0,0.5259166666666667,1.3063333333333333,8.277777777777777,18.733333333333334,1.6666666666666667,5.333333333333333,-1.3333333333333333,0.0,3.605551275463989,0.2297216550334817,0.10718805711470523,0.3395048057034367,0.23631142008164813,0.09990075268051787,0.04331232152822549,1.0583005244259156,1.0583005244259156,0.4528839147924971,1.132007214346858,7.0935530850463335,16.23463376036963,1.1547005383792517,3.0550504633038935,3.2145502536643185,3.0,1
LRL_2026-01-09_10,21005285,LRL_2026-01-09_10_21005285,,,,,,,,,,,,,,,,,,,,,,,,,,,,,,,,,,,,,,,,,,,,,,,,,,,,0.0,0
LRL_2026-01-10_1,21013454,LRL_2026-01-10_1_21013454,14.0,2.0,16.116676252236026,16.761348506724396,15.233325835828378,1.5280226708960178,6.703724703334808,2.406321901095339,1414.6,1414.6,0.5532857142857143,0.48,8.821428571428571,6.5,2.0,7.0,2.0,12.666666666666666,2.6666666666666665,16.644886810443605,17.299538489166938,15.578475498205242,1.721062990961699,6.790053180568006,2.4516550041121494,1280.1333333333332,1280.1333333333332,0.629984126984127,0.9046666666666666,10.254365079365078,13.033333333333333,2.6666666666666665,6.333333333333333,2.6666666666666665,1.1547005383792517,1.1547005383792515,0.4586311792911765,0.5475880064053708,0.4144887389993095,0.5984064704402045,0.07480506721657129,0.039463705416850015,116.51353283345819,116.51353283345819,0.19726897217464803,0.6031088901129988,3.33529073764353,9.235980366660236,1.1547005383792515,0.5773502691896258,1.1547005383792515,3.0,1
LRL_2026-01-10_1,22006714,LRL_2026-01-10_1_22006714,,,,,,,,,,,,,,,,,,,,,,,,,,,,,,,,,,,,,,,,,,,,,,,,,,,,0.0,0
LRL_2026-01-10_1,22002300,LRL_2026-01-10_1_22002300,11.0,8.0,17.6118764964041,17.61434759367567,16.9507379992034,0.6636095944722697,7.527804051094737,2.34017951098047,1116.1,1116.1000000000001,0.8401818181818181,1.333,14.718181818181819,21.1,6.0,9.0,-2.0,12.666666666666666,6.333333333333333,17.262660082973298,17.134773595869273,16.766343256704896,0.3684303391643766,7.4276720476820906,2.324875292806706,1286.7,1286.7,0.6716306818181819,1.176,11.48314393939394,18.26666666666667,3.6666666666666665,9.0,-0.3333333333333333,2.8867513459481287,4.725815626252608,0.6469766500564751,0.5201924102125391,0.6572718736932114,0.41298427993350345,0.20009024607979953,0.025284461462589343,297.3951579968981,297.395157996898,0.34725210492336644,1.105890139209135,5.701450183814579,17.027722494019375,2.516611478423583,1.0,2.886751345948129,3.0,1
LRL_2026-01-10_1,20002819,LRL_2026-01-10_1_20002819,14.0,2.0,16.58965394825803,17.244638230353864,15.131894405043083,2.1127438253107815,inf,2.103960442573516,1416.8,1416.8,0.7757142857142857,0.267,13.157142857142857,3.6,2.0,6.0,4.0,13.333333333333334,5.333333333333333,16.613547641651248,17.353615158822546,15.297692745232444,2.055922413590102,inf,2.2043003533698484,1347.1333333333332,1347.1333333333332,1.1133253968253969,1.3106666666666666,18.41468253968254,18.233333333333334,5.333333333333333,8.333333333333334,3.0,1.1547005383792515,3.055050463303893,0.1267719109020533,0.11298509944164872,0.14462655988145023,0.06654519080621353,,0.0868978203844905,119.97405275030647,119.97405275030647,0.2924099977171235,1.031715238490415,4.556924587581078,14.453488621552006,3.055050463303893,2.5166114784235836,1.0,3.0,1
LRL_2026-01-10_1,21011618,LRL_2026-01-10_1_21011618,16.0,3.0,16.269801122721155,16.446391851777825,15.445203010767921,1.0011888410099044,7.4792751534297475,2.1740697841719987,1618.6999999999998,1618.6999999999998,0.811125,0.654,13.23125,8.9,3.0,6.0,3.0,16.666666666666668,4.0,16.252960321189462,16.422256163531152,15.532177258056478,0.8900789054746738,7.537577026545144,2.155147834952554,1681.9666666666665,1681.9666666666665,0.9504976851851851,1.4260000000000002,15.787731481481481,21.266666666666666,3.3333333333333335,6.333333333333333,2.3333333333333335,1.1547005383792517,1.7320508075688772,0.3505895746623627,0.5122763355745475,0.12277152106988982,0.616357965414434,0.0737008495991978,0.034736728708531256,113.85096983923015,113.85096983923015,0.15461442583341745,1.7590102330572157,3.0663623865667,27.059625520936784,0.5773502691896258,0.5773502691896257,2.0816659994661326,3.0,1
LRL_2026-01-10_1,22013966,LRL_2026-01-10_1_22013966,17.0,1.0,15.553071584038385,16.902716347868648,13.813851121259939,3.088865226608709,7.149485259230769,2.1732565977283618,1720.9999999999998,1721.0,0.3412352941176471,0.0,8.852941176470589,0.0,1.0,4.0,3.0,16.666666666666668,3.0,16.00205600446137,16.3379314627991,15.146962178420287,1.1909692843788147,7.35373362059871,2.175838683379505,1684.5666666666666,1684.5666666666666,0.6799963235294119,0.6113333333333334,12.23468137254902,9.299999999999999,2.3333333333333335,6.666666666666667,3.3333333333333335,0.5773502691896255,2.6457513110645907,0.4027854213686955,0.6141760386059794,1.2486840511431745,1.849115810711813,0.17836432873216318,0.007724152145327985,62.844755814095706,62.84475581409599,0.5690239539816485,0.9693504698164299,8.478668215450144,14.912075643584966,2.3094010767585034,2.5166114784235836,1.5275252316519468,3.0,1
LRL_2026-01-10_1,22013097,LRL_2026-01-10_1_22013097,16.0,4.0,16.16679000931991,17.058913417788037,15.119507387026417,1.9394060307616208,7.250998269063311,2.230678186972473,1612.5,1612.4999999999998,0.6735,2.125,10.600000000000001,30.2,4.0,7.0,1.0,16.5,3.0,16.14281640977642,16.73104713339125,15.475196365887623,1.2558507675036266,7.286036357700938,2.2167584691416833,1665.6999999999998,1665.6999999999998,0.4623676470588235,1.321,7.28529411764706,18.85,2.5,6.0,2.0,0.7071067811865476,1.4142135623730951,0.033903789613307804,0.46367294603881204,0.5030201778921541,0.9666931239309668,0.049551340150963255,0.019685453740709725,75.23616151824848,75.23616151824872,0.2985862369851548,1.1370277041479684,4.687702014101407,16.051323932934626,2.1213203435596424,1.4142135623730951,1.4142135623730951,2.0,1
LRL_2026-01-10_2,22000626,LRL_2026-01-10_2_22000626,14.0,6.0,15.723296691548459,17.321506305690313,13.564206415450352,3.7572998902399615,6.943856692309649,2.2602964465265507,1408.9999999999998,1408.9999999999998,0.4371428571428571,3.174,6.071428571428571,43.0,1.0,6.0,-5.0,12.333333333333334,4.666666666666667,16.49349268241667,17.502568994561596,14.857785819138174,2.6447831754234197,7.114977614311976,2.3163257021648653,1244.3,1244.3,0.3864390331890332,1.559,5.897294372294372,21.333333333333332,2.0,5.0,-2.3333333333333335,1.5275252316519465,3.214550253664318,0.6749204167523936,0.24611910897919034,1.146748668021717,0.9650529613086101,0.14853161355400038,0.05126646004085113,152.1803863840541,152.18038638405415,0.3537397594671999,1.5877408478715913,5.637244757394373,21.501937897160182,1.7320508075688772,2.6457513110645907,3.0550504633038935,3.0,1
LRL_2026-01-10_2,20002436,LRL_2026-01-10_2_20002436,12.0,4.0,16.772165684783882,17.988083896682493,14.82664089163115,3.1614430050513427,6.768096563983668,2.4730555641045453,1207.5,1207.5,0.20025,1.062,3.0416666666666665,15.0,1.0,5.0,1.0,12.0,4.0,16.772165684783882,17.988083896682493,14.82664089163115,3.1614430050513427,6.768096563983668,2.4730555641045453,1207.5,1207.5,0.20025,1.062,3.0416666666666665,15.0,1.0,5.0,1.0,,,,,,,,,,,,,,,,,,1.0,1
LRL_2026-01-10_2,22013102,LRL_2026-01-10_2_22013102,14.0,2.0,16.25226534203487,16.642873982317724,15.286176780242076,1.3566972020756474,7.039947300709813,2.308377384621433,1417.8999999999996,1417.8999999999996,0.8273571428571428,0.484,13.292857142857144,6.6,2.0,7.0,4.0,14.0,3.6666666666666665,16.213873718603224,16.726638839579998,15.023309421374313,1.703329418205687,7.013621884689006,2.3120020153918674,1413.9999999999998,1413.9999999999998,0.7927857142857141,1.1393333333333333,12.742857142857142,15.733333333333334,2.6666666666666665,6.666666666666667,2.3333333333333335,0.0,2.0816659994661326,0.14894988538333287,0.07630218137259026,0.2805677698781034,0.3540165869315934,0.09948715284297406,0.01097034307714849,3.508560958569697,3.508560958569712,0.18219114205937106,0.7623498759318673,2.857830274447911,10.76351863162476,2.0816659994661326,0.5773502691896257,2.886751345948129,3.0,1
LRL_2026-01-10_2,22001373,LRL_2026-01-10_2_22001373,12.0,4.0,16.236674237633036,17.733812010050453,14.331407893301506,3.402404116748947,7.20082232531028,2.249986582142062,1213.8,1213.8,0.15591666666666668,1.269,2.1,16.6,1.0,4.0,-2.0,11.5,3.0,16.614823330030948,17.660447279345142,14.838571126475209,2.8218761528699305,7.348954679801144,2.257068169583179,1160.85,1160.85,0.10204924242424243,0.6605,1.481818181818182,8.700000000000001,1.0,3.5,-0.5,0.7071067811865476,1.4142135623730951,0.5347835750682038,0.1037533971633021,0.7172371226912396,0.8209905198545435,0.20949078474723945,0.010014877002358766,74.88260812765544,74.88260812765544,0.07618004193374162,0.8605489527040282,0.874241111285186,11.172287142747452,0.0,0.7071067811865476,2.1213203435596424,2.0,1
LRL_2026-01-10_2,22018029,LRL_2026-01-10_2_22018029,12.0,2.0,16.31973892508285,17.10086006138179,15.094080816471381,2.00677924491041,6.930107325577964,2.353517780088421,1214.8,1214.8,0.6440833333333335,0.376,10.466666666666667,4.9,2.0,4.0,2.0,11.666666666666666,2.3333333333333335,16.608644594910775,17.12014397918055,15.479934869179916,1.6402091100006337,7.0504859687203805,2.3551899271399663,1178.3666666666666,1178.3666666666666,0.7478585858585859,0.4413333333333333,12.522474747474748,6.2,2.3333333333333335,5.666666666666667,3.0,0.5773502691896258,1.5275252316519468,0.25086987743465616,0.360306584410567,0.33594983641124665,0.5064144736466278,0.1053430078445259,0.007050362798567454,59.58895311493005,59.58895311493005,0.34796904798051226,0.4773649896393045,5.646729650590912,6.941901756723441,1.5275252316519468,2.081665999466133,1.0,3.0,1
LRL_2026-01-10_2,19017987,LRL_2026-01-10_2_19017987,14.0,4.0,16.09483050002182,17.222241687411092,14.288692633007386,2.9335490544037057,6.673241250274647,2.4083542346529705,1416.2999999999997,1416.2999999999997,0.3559285714285715,1.541,5.107142857142857,21.0,1.0,4.0,-3.0,14.0,5.333333333333333,16.20494916915069,17.224795659124393,14.732476600094264,2.4923190590301307,6.716389933106806,2.411151749030001,1419.8666666666666,1419.8666666666666,0.35057341269841275,1.3783333333333332,5.300992063492063,19.366666666666667,1.6666666666666667,5.666666666666667,-3.0,2.0,3.214550253664318,0.09909016197540474,0.17457739213695872,0.5317590502893595,0.6632122425455246,0.12313268785966855,0.037484640324677694,206.373116789308,206.37311678930786,0.11636328878901923,0.3045411849542412,1.743517749564399,5.244362052083488,1.1547005383792517,2.886751345948129,3.0,3.0,1
LRL_2026-01-10_3,23004974,LRL_2026-01-10_3_23004974,11.0,4.0,15.897232435167338,16.936567531025027,14.250896048657912,2.6856714823671144,6.826430236847792,2.3274922328810588,1111.3,1111.3,0.7644545454545455,2.346,11.490909090909092,32.7,2.0,4.0,-2.0,11.666666666666666,3.0,16.20642575847607,17.2070724612757,14.762631195704737,2.4444412655709624,6.973215317199723,2.3228259353134217,1177.8999999999999,1177.8999999999999,0.3938737373737374,1.302,6.471969696969698,18.26666666666667,1.3333333333333333,4.0,0.3333333333333333,0.5773502691896255,1.7320508075688772,0.3028569353517273,0.2343428235377592,0.4518379144140595,0.22442020992729347,0.13038161708888638,0.012687001974380484,57.70537236687752,57.70537236687751,0.3690699987649613,1.1940904488354307,5.604125331398964,16.683624706080312,0.5773502691896258,0.0,2.516611478423583,3.0,1
LRL_2026-01-10_3,23011140,LRL_2026-01-10_3_23011140,12.0,4.0,16.078641496462097,17.225971842529226,14.50007044454162,2.725901397987606,6.807554521626443,2.3587399322885316,1219.8999999999999,1219.8999999999999,0.8068333333333334,1.814,12.450000000000001,24.5,3.0,6.0,-1.0,11.666666666666666,3.0,16.30142072346291,17.285680314459068,14.852705065680837,2.432975248778231,6.834488291329244,2.3832214752929484,1181.1999999999998,1181.1999999999998,0.8881388888888888,1.7616666666666667,13.97348484848485,24.166666666666668,2.6666666666666665,5.0,0.0,0.5773502691896258,1.7320508075688772,0.28014974287345484,0.0667288557669483,0.5992188833367819,0.6127174258990453,0.049514103564043496,0.02667779725546727,60.484626145823135,60.484626145823135,0.47009492490977384,1.7360916834468545,7.014964204908194,24.001736048322282,1.5275252316519468,1.0,1.0,3.0,1
LRL_2026-01-10_3,23008409,LRL_2026-01-10_3_23008409,,,,,,,,,,,,,,,,,,,,,,,,,,,,,,,,,,,,,,,,,,,,,,,,,,,,0.0,0
LRL_2026-01-10_3,23000766,LRL_2026-01-10_3_23000766,11.0,1.0,16.537098660077145,16.844392478626407,15.563635646893607,1.2807568317328002,7.081840996498659,2.333272886959429,1110.8,1110.8000000000002,0.054909090909090914,0.0,0.9454545454545453,0.0,1.0,4.0,3.0,11.666666666666666,2.6666666666666665,16.383928946433493,17.17151522443042,15.013754263742435,2.157760960687982,6.942093621503305,2.357431067511666,1176.3666666666666,1176.3666666666668,0.21271969696969695,0.7766666666666667,3.3707070707070703,10.766666666666666,1.3333333333333333,4.333333333333333,1.0,0.5773502691896255,1.5275252316519465,0.13611883967890825,0.2892852511449263,0.4941079568005889,0.7829942046673007,0.12244345449570321,0.02101200459129529,56.80355035852377,56.80355035852361,0.1685379220351071,0.8940521983269956,2.510380918990744,12.516522413727117,0.5773502691896257,0.5773502691896257,2.6457513110645907,3.0,1
LRL_2026-01-10_3,23004937,LRL_2026-01-10_3_23004937,12.0,3.0,16.254067157332045,17.36825854129398,14.970311827338804,2.397946713955175,6.7114087009412,2.420507243132677,1210.6,1210.5999999999997,0.3785,0.325,6.2,4.4,2.0,6.0,3.0,12.0,2.0,16.401786378476583,17.311167763254442,15.186513256764954,2.1246545064894846,6.726361737399685,2.4379453708293166,1211.3333333333333,1211.3333333333333,0.2856388888888889,0.31866666666666665,4.688888888888889,4.433333333333334,1.6666666666666667,5.0,3.0,0.0,1.0,0.15377076743174697,0.2690322653202233,0.31272065446092573,0.5667121292919989,0.027001942240831543,0.015283034805319765,1.2701705922172357,1.2701705922172686,0.1386613664184694,0.3155476720454983,2.266074268993096,4.450093631973751,0.5773502691896257,1.7320508075688772,1.0,3.0,1
LRL_2026-01-10_3,23012748,LRL_2026-01-10_3_23012748,11.0,1.0,16.613155998546848,17.269080727168603,16.01311659009301,1.255964137075594,6.492402665932284,2.55963989775818,1118.0,1118.0,0.0,0.0,0.0,0.0,1.0,1.0,0.0,11.666666666666666,4.0,16.40700304854184,17.71547416494663,14.848702942623087,2.8667712223235475,6.420850863812195,2.5512349654999085,1185.5333333333333,1185.533333333333,0.3570555555555555,1.2343333333333335,5.269444444444445,16.166666666666668,1.3333333333333333,4.0,-2.6666666666666665,0.5773502691896255,2.6457513110645907,0.2099384810973144,0.5391219294444183,1.038160961321064,1.527596075108605,0.07607752747513218,0.007668550715904718,58.491053446944605,58.49105344694444,0.36076381483263065,1.071487906293549,5.514477998196438,14.005118112080787,0.5773502691896257,2.6457513110645907,2.3094010767585034,3.0,1
LRL_2026-01-10_3,23012905,LRL_2026-01-10_3_23012905,12.0,7.0,15.916825018603218,17.617875994167186,13.757455925471305,3.8604200686958805,6.688663339841177,2.3724841922912376,1212.4999999999998,1212.4999999999998,0.5529166666666666,2.648,7.991666666666666,35.8,2.0,7.0,-5.0,12.0,4.333333333333333,16.23604388629052,17.567547794892434,14.526381549227311,3.041166245665121,6.7846798786466875,2.389277079481211,1212.033333333333,1212.0333333333333,0.2922777777777778,1.357,4.302777777777777,18.333333333333332,1.3333333333333333,5.0,-2.6666666666666665,0.0,3.0550504633038935,0.37964907451163427,0.07275780021440152,0.7946027936668998,0.8026335593882246,0.13993063770555728,0.014582098651898173,0.45092497528218606,0.4509249752820516,0.23154829609808386,1.3252331870278529,3.238884124257978,17.91572865761628,0.5773502691896258,2.0,3.214550253664318,3.0,1
LRL_2026-01-10_4,23017976,LRL_2026-01-10_4_23017976,17.0,8.0,14.73397170549565,16.74089977776933,12.297937692551754,4.442962085217575,6.835117537409938,2.148979715501634,1716.3,1716.3,1.2093529411764707,4.602,16.076470588235292,55.5,2.0,8.0,-6.0,16.666666666666668,5.0,15.226830728891054,16.565250296599533,13.698993636689707,2.8662566599098285,6.981623451808275,2.1774833830817006,1681.5,1681.5,1.1975661764705883,2.473333333333333,17.26691176470588,30.633333333333336,2.3333333333333335,6.666666666666667,0.0,0.5773502691896255,2.6457513110645907,0.48212565842192057,0.4186167699254954,1.2136147480499746,1.4272396671112138,0.12710214462977695,0.03802773532911349,61.14343791446454,61.14343791446489,1.1308438650176296,2.3202795808551464,16.881142528728898,28.195803470256585,1.5275252316519468,1.5275252316519465,5.196152422706632,3.0,1
LRL_2026-01-10_4,23004092,LRL_2026-01-10_4_23004092,17.0,2.0,15.173015217965045,16.655441983168508,13.273366178991662,3.3820758041768464,6.785184098470062,2.2324413678003445,1715.3999999999999,1715.3999999999999,0.40052941176470586,0.108,6.0588235294117645,1.3,2.0,4.0,2.0,15.333333333333334,4.666666666666667,15.534153098177008,16.8055209377174,13.862765835818204,2.9427551018991935,6.981850999904701,2.2219407740321935,1549.1666666666667,1549.1666666666667,0.9375882352941177,2.635333333333333,13.889869281045753,35.166666666666664,3.0,6.0,-1.0,2.8867513459481287,2.5166114784235836,0.5608170179372843,0.6625580458901538,0.8338331287494095,0.3805854665260765,0.20173185849630154,0.03393975162847622,287.83798104720876,287.83798104720876,0.4749344555033057,2.4827694885617824,6.853578354998358,32.49943589254024,1.0,1.7320508075688772,2.6457513110645907,3.0,1
LRL_2026-01-10_4,23000358,LRL_2026-01-10_4_23000358,17.0,3.0,15.201447311588,16.84783440768522,13.173462414119452,3.6743719935657673,7.048045858212545,2.1539678424524302,1722.6999999999998,1722.7,0.502,0.684,7.394117647058824,8.2,2.0,8.0,5.0,14.5,5.5,15.652322760909549,16.738166671015655,14.286535444546345,2.4516312264693108,7.283046605455649,2.1483703449025713,1467.4499999999998,1467.4499999999998,1.4055833333333334,1.8985,22.442892156862747,26.450000000000003,4.5,8.0,2.0,3.5355339059327378,3.5355339059327378,0.6376341753715967,0.1550936005528592,1.574122975541432,1.7292165760942908,0.33234124391900993,0.00791605695036053,360.9780117957325,360.97801179573275,1.277859804734289,1.717562371502124,21.282181008859233,25.809397513308987,3.5355339059327378,0.0,4.242640687119285,2.0,1
LRL_2026-01-10_4,23001371,LRL_2026-01-10_4_23001371,16.0,4.0,15.615803085550965,16.504155260509997,14.25385611139231,2.250299149117687,6.889348179840329,2.2654100552274965,1611.8000000000002,1611.7999999999997,0.6220625,0.715,9.71875,8.9,4.0,11.0,5.0,12.666666666666666,6.333333333333333,16.257363471208844,16.865189145295158,15.005885563659874,1.859303581635282,7.014349503088294,2.318253295629193,1280.8666666666668,1280.8666666666666,1.0384753787878787,2.215333333333333,16.454734848484847,31.566666666666663,3.6666666666666665,9.0,-1.0,2.886751345948129,2.0816659994661326,0.7718471142650772,0.3330681143636335,1.2121559499340548,1.18646022981534,0.18036844906817967,0.05388081648139613,286.59674341020235,286.5967434102021,0.6360645642682712,2.242321639135058,9.548296930927728,32.339191909095895,0.5773502691896258,2.0,5.196152422706632,3.0,1
LRL_2026-01-10_4,23016735,LRL_2026-01-10_4_23016735,17.0,5.0,15.167993276394581,16.550284480104327,13.196916050613618,3.3533684294907093,6.499060362060474,2.33012327848563,1728.1999999999998,1728.2,0.7781176470588235,1.01,11.399999999999999,12.2,3.0,8.0,-2.0,15.0,5.0,15.668047173849073,16.889512304249404,14.029936495867338,2.859575808382065,6.5889480477813365,2.3759387469169515,1518.3,1518.3,0.6578517156862745,1.7283333333333335,9.634027777777778,22.900000000000002,1.6666666666666667,6.333333333333333,-3.3333333333333335,2.6457513110645907,0.0,0.5023098674144089,0.3798336174337137,0.7928642388731996,0.43663004079842865,0.07830860284680229,0.0536855662495246,274.5479375263999,274.54793752639995,0.4116744767267489,1.4705639507798813,6.15047294270786,21.004523322370353,1.1547005383792517,1.5275252316519468,1.1547005383792517,3.0,1
LRL_2026-01-10_4,23009996,LRL_2026-01-10_4_23009996,17.0,4.0,15.09245681542409,16.502582743610063,13.101394997129129,3.401187746480934,7.068770149283359,2.1310335298483225,1718.4,1718.4,0.6244705882352941,1.009,9.076470588235296,12.2,3.0,5.0,1.0,14.666666666666666,5.0,15.678822278398842,16.765884458205417,14.208207823579984,2.5576766346254303,7.1966856509998935,2.1765508061185646,1480.0333333333335,1480.033333333333,0.5145470142602495,0.828,7.835149286987523,10.633333333333333,3.0,7.0,-0.3333333333333333,3.2145502536643185,1.0,0.6138929245043128,0.22827249347378775,1.1794614017517078,0.9957511858535252,0.15132391596180747,0.04360014028837588,327.11322708403793,327.1132270840378,0.29380994202390687,0.16322070947033646,4.878165008513169,1.357694123627752,2.0,2.6457513110645907,3.2145502536643185,3.0,1
LRL_2026-01-10_5,23006424,LRL_2026-01-10_5_23006424,,,,,,,,,,,,,,,,,,,,,,,,,,,,,,,,,,,,,,,,,,,,,,,,,,,,0.0,0
LRL_2026-01-10_5,23015196,LRL_2026-01-10_5_23015196,12.0,2.0,16.374949369326842,17.224732306404725,15.114618834414525,2.1101134719902,7.025671164268541,2.3301825700768153,1210.0,1209.9999999999998,0.7789999999999999,2.606,11.65,35.9,2.0,3.0,1.0,11.333333333333334,3.0,16.46920428773609,17.07202092769816,15.244100646120998,1.8279202815771594,7.090377901996535,2.322527948661885,1142.6333333333332,1142.6333333333332,0.5857272727272727,1.2683333333333333,9.25909090909091,17.733333333333334,2.3333333333333335,5.666666666666667,2.0,0.5773502691896255,1.0,0.08500694317443838,0.1352556731792268,0.15054286277957815,0.2547995297871764,0.058446394488082754,0.007255050266639305,58.364572587600996,58.36457258760083,0.17373036484570417,1.2365558351054486,2.1532552715511484,16.92877235163062,0.5773502691896258,3.0550504633038935,3.605551275463989,3.0,1
LRL_2026-01-10_5,23007746,LRL_2026-01-10_5_23007746,,,,,,,,,,,,,,,,,,,,,,,,,,,,,,,,,,,,,,,,,,,,,,,,,,,,0.0,0
LRL_2026-01-10_5,23014784,LRL_2026-01-10_5_23014784,16.0,3.0,15.716447910418108,16.127419536921195,15.325580748256765,0.8018387886644298,7.216502023537754,2.178183105530628,1613.0,1612.9999999999998,0.0543125,0.707,0.775,9.9,1.0,3.0,-2.0,13.333333333333334,3.6666666666666665,16.216176217178287,17.124585244255435,15.199867815007059,1.9247174292483766,7.300794251982572,2.2203214024593536,1345.6333333333332,1345.6333333333332,0.6118541666666667,1.5706666666666667,9.58611111111111,22.03333333333333,2.3333333333333335,4.666666666666667,0.3333333333333333,2.309401076758503,2.0816659994661326,0.4627327908457825,0.880013597605641,0.24781202665775942,0.9739008137104602,0.10012541406249487,0.036497534374837125,231.5545364127712,231.55453641277097,0.9554428690166991,1.7268851534868597,15.1027989802234,24.29039590729911,2.3094010767585034,3.7859388972001824,2.516611478423583,3.0,1
LRL_2026-01-10_5,23008719,LRL_2026-01-10_5_23008719,14.0,5.0,16.152855520451514,17.39151090579179,14.25102893533418,3.1404819704576106,7.060272669059626,2.2857197095462856,1416.9999999999998,1416.9999999999998,0.6620714285714285,1.619,10.364285714285714,21.4,3.0,5.0,-1.0,13.333333333333334,4.0,16.404216502070238,17.207906527464107,14.981083965004208,2.2268225624599016,7.2018168468726245,2.2768270023115824,1351.8,1351.8,0.6561349206349206,0.957,10.418253968253968,12.833333333333334,2.6666666666666665,6.0,1.0,1.1547005383792515,1.0,0.34108896359420077,0.4095636867326304,0.6920652656735424,0.797052161316655,0.12334542463355222,0.031123330134238018,113.88366871505315,113.88366871505329,0.5843559497765934,0.6785661353177006,9.36202142703713,8.809275414773529,1.5275252316519468,2.6457513110645907,3.4641016151377544,3.0,1
LRL_2026-01-10_5,23001085,LRL_2026-01-10_5_23001085,12.0,6.0,16.43373636487259,17.576708683975188,14.932013009869511,2.6446956741056766,7.331004810850549,2.2398394865175133,1209.6999999999998,1209.7,0.8473333333333334,2.486,13.158333333333331,34.2,3.0,6.0,-1.0,12.0,5.5,16.40376259265126,17.367631720959704,15.218587451283053,2.14904426967665,7.381754393292228,2.221614505054947,1214.35,1214.35,1.4782916666666666,2.9635,23.2625,41.25,4.0,7.5,0.0,0.0,0.7071067811865476,0.04238931519088999,0.29567947667627525,0.4052774616765258,0.7009569383528016,0.07177074777379494,0.02577401595835973,6.57609306503494,6.576093065034699,0.892309832292324,0.6752869760331525,14.28944953647815,9.970205614730316,1.4142135623730951,2.1213203435596424,1.4142135623730951,2.0,1
LRL_2026-01-10_5,23006721,LRL_2026-01-10_5_23006721,12.0,4.0,16.604303347672083,18.06590865233529,14.902715414958323,3.163193237376966,7.200137556085063,2.3026526766894406,1208.6,1208.6,0.4503333333333333,1.415,6.783333333333334,19.4,1.0,4.0,-3.0,12.0,4.0,16.604303347672083,18.06590865233529,14.902715414958323,3.163193237376966,7.200137556085063,2.3026526766894406,1208.6,1208.6,0.4503333333333333,1.415,6.783333333333334,19.4,1.0,4.0,-3.0,,,,,,,,,,,,,,,,,,1.0,1
LRL_2026-01-10_5,23003648,LRL_2026-01-10_5_23003648,11.0,7.0,16.13616245063014,16.64827499910526,14.621708453743862,2.0265665453613995,6.8576418619133,2.3516291932040394,1116.0,1116.0,1.3024545454545453,2.796,20.69090909090909,39.9,5.0,7.0,-1.0,11.0,7.0,16.13616245063014,16.64827499910526,14.621708453743862,2.0265665453613995,6.8576418619133,2.3516291932040394,1116.0,1116.0,1.3024545454545453,2.796,20.69090909090909,39.9,5.0,7.0,-1.0,,,,,,,,,,,,,,,,,,1.0,1
LRL_2026-01-10_5,23017289,LRL_2026-01-10_5_23017289,11.0,2.0,16.421793880061045,16.432078050265766,16.607489402331954,-0.1754113520661882,7.17059104413839,2.293659490416969,1113.1,1113.1000000000001,1.4760909090909093,1.119,24.0,16.0,2.0,7.0,3.0,11.0,2.0,16.421793880061045,16.432078050265766,16.607489402331954,-0.1754113520661882,7.17059104413839,2.293659490416969,1113.1,1113.1000000000001,1.4760909090909093,1.119,24.0,16.0,2.0,7.0,3.0,,,,,,,,,,,,,,,,,,1.0,1
LRL_2026-01-10_5,23005168,LRL_2026-01-10_5_23005168,16.0,2.0,15.803300840423,15.843990304144082,15.6963625498781,0.14762775426598296,6.677477703267512,2.368219736800912,1612.6999999999998,1612.6999999999996,0.3751875,0.09,6.075,1.3,2.0,5.0,3.0,14.0,3.6666666666666665,16.165662504688942,16.432374103089046,15.503655219746188,0.9287188833428589,6.741191502462214,2.398786754616481,1414.8,1414.8,1.0661299603174603,0.9296666666666665,17.2202380952381,12.9,3.3333333333333335,7.0,3.0,2.0,1.5275252316519465,0.359986230669082,0.509974491835411,0.47813492559278475,0.8229770200876638,0.07787818998359493,0.0275333557180188,200.4467759780634,200.44677597806339,0.6068071133743171,0.7494813762418205,9.901198348760447,10.22399139279763,1.1547005383792517,1.7320508075688772,1.0,3.0,1
LRL_2026-01-10_6,19004530,LRL_2026-01-10_6_19004530,16.0,2.0,16.130863406937287,16.889973948690162,15.013688284468852,1.8762856642213102,7.683815833548219,2.0982959677944253,1614.3,1614.2999999999997,0.3966875,0.514,6.5625,6.8,2.0,9.0,7.0,13.333333333333334,3.6666666666666665,16.522569409647115,17.187516160329825,15.374739327904512,1.812776832425315,7.72568688761401,2.1375850962609575,1348.4666666666665,1348.4666666666665,0.6616458333333335,1.2653333333333334,10.790277777777776,17.966666666666665,3.0,6.666666666666667,1.3333333333333333,2.309401076758503,1.5275252316519465,0.3483289049716427,0.2961358065976221,0.3351991796139678,0.2723390510389676,0.03741159830574427,0.03466326591525132,230.2399690178345,230.2399690178341,0.5055342707191353,1.2267747687873816,8.177911405346947,17.72126782522439,1.0,2.516611478423583,4.932882862316247,3.0,1
LRL_2026-01-10_6,19014035,LRL_2026-01-10_6_19014035,12.0,6.0,16.401925436581372,16.950938734077056,15.30308957072387,1.647849163353186,7.012290296430879,2.338816345863732,1216.9999999999998,1216.9999999999998,1.0369166666666667,2.063,16.7,29.8,4.0,6.0,0.0,12.0,6.0,16.401925436581372,16.950938734077056,15.30308957072387,1.647849163353186,7.012290296430879,2.338816345863732,1216.9999999999998,1216.9999999999998,1.0369166666666667,2.063,16.7,29.8,4.0,6.0,0.0,,,,,,,,,,,,,,,,,,1.0,1
LRL_2026-01-10_6,21012195,LRL_2026-01-10_6_21012195,12.0,3.0,16.715147831902485,17.46965397220599,15.695970594394355,1.7736833778116345,6.8103424152024425,2.4521051261991897,1216.3,1216.3,0.5599166666666667,0.465,9.266666666666667,6.7,3.0,6.0,3.0,11.666666666666666,3.0,16.684929023912613,17.368675718992936,15.741630832314968,1.6270448866779699,6.780772064030824,2.4599286112684866,1179.8333333333333,1179.8333333333333,0.5119065656565658,0.4766666666666666,8.453535353535353,6.8,2.3333333333333335,4.666666666666667,0.6666666666666666,0.5773502691896258,0.0,0.04868746847054356,0.08889163927970362,0.04339080686569692,0.13141624701958843,0.026245765646686858,0.007594869144542808,58.80070861251016,58.800708612510206,0.47157136811975103,0.33665164983010754,7.812106127200173,4.750789408087881,1.1547005383792515,1.5275252316519465,2.516611478423583,3.0,1
LRL_2026-01-10_6,18001954,LRL_2026-01-10_6_18001954,12.0,6.0,17.031939891214815,17.373374562199587,15.828834788320856,1.5445397738787303,7.196167368232051,2.365556975400664,1210.4999999999998,1210.5,1.451083333333333,1.881,24.65833333333333,26.4,6.0,8.0,2.0,12.0,6.0,17.031939891214815,17.373374562199587,15.828834788320856,1.5445397738787303,7.196167368232051,2.365556975400664,1210.4999999999998,1210.5,1.451083333333333,1.881,24.65833333333333,26.4,6.0,8.0,2.0,,,,,,,,,,,,,,,,,,1.0,1
LRL_2026-01-10_6,17000068,LRL_2026-01-10_6_17000068,,,,,,,,,,,,,,,,,,,,,,,,,,,,,,,,,,,,,,,,,,,,,,,,,,,,0.0,0
LRL_2026-01-10_6,19005959,LRL_2026-01-10_6_19005959,12.0,4.0,16.672865039222547,17.489213721015428,15.514450661416854,1.9747630595985743,6.913219181682332,2.4109195130447967,1207.3,1207.3,0.09050000000000001,0.54,1.3666666666666665,7.7,1.0,4.0,-2.0,12.0,6.0,16.734349523066214,17.689461177723143,15.378743223125952,2.3107179545971874,6.9552525786981505,2.404470796377415,1215.3,1215.3,0.4794166666666666,0.8163333333333332,7.686111111111111,11.5,2.6666666666666665,6.0,-3.0,0.0,2.6457513110645907,0.12740241039549202,0.42928646931329983,0.17683983109671114,0.6000843658395852,0.0403340826181944,0.01110247771144028,6.946221994724902,6.946221994724902,0.558989844123606,0.24500272107332458,9.15371180531782,3.364520768252144,2.886751345948129,2.6457513110645907,1.0,3.0,1
LRL_2026-01-10_6,20010035,LRL_2026-01-10_6_20010035,12.0,5.0,16.644315046087723,17.739588671185317,15.033784291246421,2.705804379938895,7.06060121862624,2.3541026003301746,1208.8999999999999,1208.8999999999999,0.8998333333333332,1.556,14.716666666666667,21.7,4.0,6.0,1.0,13.333333333333334,6.333333333333333,16.50896615944222,17.357812564603574,15.155954654492865,2.201857910110709,7.101213533638916,2.322979471426231,1345.3,1345.3,0.9726597222222222,2.421,15.544444444444444,34.233333333333334,5.333333333333333,7.0,0.3333333333333333,2.3094010767585034,1.1547005383792515,0.18050773052755315,0.6097291157394786,0.23388252055009093,0.8427032256284427,0.08662564604657423,0.050850139813450636,235.0403369636795,235.04033696367952,0.239947567635349,0.947707233274074,3.6543384920960484,13.193306383667945,1.5275252316519465,1.0,0.5773502691896258,3.0,1
LRL_2026-01-10_6,18015442,LRL_2026-01-10_6_18015442,14.0,5.0,16.175796974796146,16.950737012653505,14.778182845391886,2.1725541672616195,6.966458650139929,2.3191238242329755,1413.0999999999997,1413.0999999999997,1.0617857142857143,1.249,16.849999999999998,16.5,5.0,8.0,3.0,12.666666666666666,5.0,16.62938821333463,17.39602246189239,15.550522223778636,1.8455002381137546,7.057426448988406,2.355491448668546,1281.8333333333333,1281.8333333333333,0.7895674603174604,1.185,12.702777777777778,16.666666666666668,4.333333333333333,6.666666666666667,0.6666666666666666,1.1547005383792517,0.0,0.39608609570505865,0.47786299351222394,0.6803273891901837,0.4955001348511638,0.109570820036816,0.04497672063130361,113.68136757328918,113.68136757328918,0.506869067657439,0.7500506649553749,8.12448431411929,10.750968948580091,1.1547005383792517,1.5275252316519465,2.516611478423583,3.0,1
LRL_2026-01-10_6,21004662,LRL_2026-01-10_6_21004662,16.0,9.0,15.80747677384319,16.58257598024778,14.548505533020299,2.0340704472274798,7.236996018849833,2.182963509619664,1620.5,1620.4999999999995,1.2969375,2.955,20.1375,39.2,3.0,11.0,-6.0,14.666666666666666,6.0,16.046094144179076,16.792752649579615,14.942496864225168,1.8502557853544477,7.231853917886085,2.2189068392305846,1483.5666666666666,1483.5666666666664,1.1318312165775402,2.134,17.84315953654189,28.933333333333337,3.0,7.666666666666667,-2.3333333333333335,3.2145502536643185,2.6457513110645907,0.4369255058774899,0.22736276080537823,0.8609625833380989,0.6733070116209422,0.07871755920879249,0.044075968281383895,324.82120209945236,324.82120209945225,0.37773921030029506,0.9153594922214987,6.731226120232727,11.63199610270453,2.0,3.055050463303893,4.041451884327381,3.0,1
LRL_2026-01-10_6,21011287,LRL_2026-01-10_6_21011287,16.0,4.0,16.155861779392005,16.75664020683602,15.21805546925446,1.5385847375815604,7.340681048284243,2.2003765530370276,1619.5,1619.4999999999998,0.6075625,0.549,9.9,7.3,4.0,9.0,3.0,13.333333333333334,4.666666666666667,16.65550936972747,17.14942563103982,15.868561612945477,1.2808640180943431,7.406226427314458,2.2495929902875935,1349.5666666666666,1349.5666666666666,0.6725486111111111,0.633,11.097222222222223,8.866666666666667,2.6666666666666665,6.333333333333333,2.6666666666666665,2.309401076758503,3.0550504633038935,0.4700628003640811,0.43682393348875026,0.5653499848015626,0.31805931993633907,0.07813747398121548,0.04352682709702099,233.78043830340758,233.7804383034074,0.2508530899034739,0.5409140412302126,4.144292706486481,7.769384359994898,1.1547005383792517,2.3094010767585034,0.5773502691896258,3.0,1
LRL_2026-01-10_6,18006157,LRL_2026-01-10_6_18006157,,,,,,,,,,,,,,,,,,,,,,,,,,,,,,,,,,,,,,,,,,,,,,,,,,,,0.0,0
LRL_2026-01-10_7,23002714,LRL_2026-01-10_7_23002714,12.0,3.0,17.387402310425596,17.66403437185309,17.438485951067754,0.2255484207853371,7.517038702350806,2.319518081529617,1211.1999999999998,1211.1999999999998,0.54225,0.157,8.450000000000001,2.2,2.0,4.0,1.0,12.0,3.3333333333333335,16.93563354464156,17.72466032103165,16.22987492283688,1.494785398194767,7.358087585380443,2.3051684076192416,1210.1666666666665,1210.1666666666665,0.5094166666666666,0.561,8.063888888888888,7.833333333333333,2.0,5.333333333333333,-0.3333333333333333,0.0,0.5773502691896258,0.3956618083985829,0.2432925028292289,1.1128968167621751,1.2598802471294097,0.1464621793458326,0.01347091198170744,2.23681320930763,2.23681320930763,0.11135812473476936,0.6611603436383643,1.5083640266981435,9.073220670375726,1.0,1.1547005383792515,2.3094010767585034,3.0,1
LRL_2026-01-10_7,23015101,LRL_2026-01-10_7_23015101,17.0,3.0,15.753395158556453,17.27057630304633,13.777013211886054,3.4935630911602757,6.970423548291377,2.2557621807171233,1725.1999999999998,1725.1999999999996,0.7440000000000001,0.577,11.670588235294119,7.4,3.0,4.0,1.0,17.0,2.0,15.839641006113542,16.852759300656118,14.419160340309205,2.433598960346912,7.076865055591634,2.236415447924328,1723.05,1723.0499999999997,0.4665588235294118,0.2885,7.397058823529412,3.7,2.0,4.5,2.5,0.0,1.4142135623730951,0.1219700473135988,0.5908824713703096,0.9081331780549581,1.4990156494252682,0.15053102322345815,0.027360411903179744,3.0405591591019614,3.0405591591020418,0.3923610745254532,0.4080006127446379,6.043683253317964,5.232590180780452,1.4142135623730951,0.7071067811865476,2.1213203435596424,2.0,1
LRL_2026-01-10_7,23009978,LRL_2026-01-10_7_23009978,16.0,1.0,15.73646301490782,16.365937584875425,15.481432341371624,0.884505243503801,7.145874126972581,2.203227455623049,1611.6999999999998,1611.6999999999998,0.08925,0.0,1.4375,0.0,1.0,6.0,5.0,16.0,1.0,15.73646301490782,16.365937584875425,15.481432341371624,0.884505243503801,7.145874126972581,2.203227455623049,1611.6999999999998,1611.6999999999998,0.08925,0.0,1.4375,0.0,1.0,6.0,5.0,,,,,,,,,,,,,,,,,,1.0,1
LRL_2026-01-10_7,23015288,LRL_2026-01-10_7_23015288,14.0,1.0,16.350830285343825,16.761317587736407,15.166932589395197,1.5943849983412104,7.46138332764166,2.19054717586083,1419.4999999999998,1419.4999999999998,0.7052857142857141,0.0,11.721428571428572,0.0,1.0,8.0,6.0,12.666666666666666,2.6666666666666665,16.610152045499863,16.924259048889787,15.923163993421673,1.0010950554681148,7.515612194435511,2.2101706045840674,1279.3999999999999,1279.3999999999999,1.0562341269841269,0.34,17.6765873015873,4.966666666666667,2.6666666666666665,9.0,6.0,1.1547005383792517,2.886751345948129,0.25721956278591895,0.32454505977076986,0.6837930058157118,0.709223379057406,0.057655551052437984,0.03127189982953326,121.33025179237032,121.33025179237032,0.47180966173516586,0.5888972745734182,7.677603328906702,8.602519010925425,2.886751345948129,3.605551275463989,1.0,3.0,1
LRL_2026-01-10_7,23016445,LRL_2026-01-10_7_23016445,17.0,1.0,15.744749602136675,15.902007422000063,15.110471341004967,0.7915360809950958,7.601160202006893,2.0718550012399284,1721.2,1721.1999999999998,0.8255882352941176,0.0,12.782352941176471,0.0,1.0,8.0,6.0,13.666666666666666,5.333333333333333,16.487425007181148,16.911316544800382,15.613103166683965,1.2982133781164158,7.701432615064736,2.1421352159645735,1380.2,1380.1999999999998,0.9214738562091503,0.867,15.1468954248366,12.9,4.666666666666667,8.333333333333334,2.0,2.8867513459481287,4.509249752822894,0.7213720319286395,0.9083149222252118,0.730583254589987,0.554952433910339,0.25127057597999425,0.0657275083090213,295.31798116606456,295.3179811660644,0.1236863654631092,0.8102388536721749,2.824812069658142,12.474373731775072,3.5118845842842465,1.5275252316519468,4.0,3.0,1
LRL_2026-01-10_7,23015852,LRL_2026-01-10_7_23015852,14.0,2.0,16.27335033960315,16.88783016179796,15.033371010576866,1.8544591512210946,7.2214971122508995,2.251713289803503,1412.3999999999996,1412.3999999999999,0.6117857142857144,0.038,10.157142857142858,0.5,2.0,7.0,4.0,15.5,3.5,15.991201005664799,17.005855668479988,14.363732222143854,2.642123446336136,7.1640088858199285,2.228608474214984,1567.1,1567.1,0.7298928571428571,1.821,11.169747899159663,23.8,2.0,6.0,1.5,2.1213203435596424,2.1213203435596424,0.39901941467015417,0.1669132722556806,0.9470122564930534,1.1139255287487353,0.08130062949545502,0.032675143561412656,218.7788380991181,218.77883809911788,0.16702872324170792,2.5215427817112284,1.432039783747544,32.951176003293114,0.0,1.4142135623730951,3.5355339059327378,2.0,1
LRL_2026-01-10_7,23010240,LRL_2026-01-10_7_23010240,12.0,9.0,16.39226788529511,17.622748663706272,14.86292156264437,2.7598271010619015,7.348708081568763,2.2303946943433117,1213.0,1213.0,1.2656666666666667,2.599,19.891666666666666,36.0,3.0,10.0,-6.0,12.0,6.5,16.689982651124897,17.662926969451444,15.268328668637295,2.394598300814149,7.331205854336188,2.2768584652674333,1210.6999999999998,1210.6999999999998,0.7418750000000001,1.8565,11.625,26.2,2.0,7.0,-4.5,0.0,3.5355339059327378,0.4210322595552164,0.05682070489799556,0.5733322275776214,0.5165115226796257,0.024751887124042183,0.0657096949998894,3.2526911934582956,3.2526911934582956,0.7407532788580075,1.0500535700620233,11.690832115617585,13.859292911256333,1.4142135623730951,4.242640687119285,2.1213203435596424,2.0,1
LRL_2026-01-10_8,23013873,LRL_2026-01-10_8_23013873,11.0,5.0,16.42717511971882,17.39432835405326,14.906964751840377,2.487363602212884,6.7989233506408935,2.416683064494887,1116.6,1116.6,0.8087272727272729,1.895,12.736363636363636,27.4,4.0,5.0,-1.0,11.333333333333334,3.3333333333333335,16.60284971861266,17.607212188258313,15.145046496350554,2.4621656919077584,6.827970147955746,2.4310175250122366,1147.3333333333333,1147.3333333333333,0.6075277777777778,1.2156666666666667,9.608838383838384,17.266666666666666,2.6666666666666665,4.0,-0.3333333333333333,0.5773502691896258,2.0816659994661326,0.20759347068877443,0.2013629952927469,0.3225337619051379,0.3297246220535393,0.03184683809223667,0.0198561027733417,57.971142246235985,57.971142246235985,0.5140849927057618,1.0552233570829133,8.12782734353365,15.028417525918465,1.5275252316519468,1.7320508075688772,1.1547005383792517,3.0,1
LRL_2026-01-10_8,23009002,LRL_2026-01-10_8_23009002,17.0,1.0,15.682447435070026,16.52567400166108,14.835536516461042,1.6901374852000384,7.0222805319772155,2.233233995525953,1712.5,1712.4999999999998,0.04747058823529412,0.463,0.6352941176470589,6.1,1.0,2.0,-1.0,15.0,4.666666666666667,16.176872964243913,17.277919107850256,14.759632263215344,2.5182868446349107,7.097618457910543,2.2778360306014425,1518.233333333333,1518.233333333333,0.541109243697479,1.9853333333333334,8.145098039215686,27.166666666666668,2.0,5.666666666666667,-3.0,1.7320508075688772,4.725815626252609,0.5575051750694847,0.7140018704579546,0.5317346379548007,0.7548524553132303,0.15229651356746227,0.03916093259577414,168.24284036277263,168.2428403627724,0.5367982175070655,1.8233113648889852,8.0409734460703,24.733445642152923,1.0,4.041451884327381,3.4641016151377544,3.0,1
LRL_2026-01-10_8,23006988,LRL_2026-01-10_8_23006988,12.0,3.0,16.666688669218,17.73860275059537,15.426440906649988,2.312161843945381,7.254846671515417,2.298237767804837,1217.0,1217.0,0.5008333333333334,0.64,7.8999999999999995,8.7,2.0,4.0,-1.0,12.0,3.0,16.666688669218,17.73860275059537,15.426440906649988,2.312161843945381,7.254846671515417,2.298237767804837,1217.0,1217.0,0.5008333333333334,0.64,7.8999999999999995,8.7,2.0,4.0,-1.0,,,,,,,,,,,,,,,,,,1.0,1
LRL_2026-01-10_8,23017975,LRL_2026-01-10_8_23017975,17.0,3.0,15.7352631476342,16.699300915704146,14.339063231409733,2.360237684294413,6.905309211367001,2.2769328347017925,1721.6999999999998,1721.7,0.652764705882353,2.651,9.53529411764706,34.7,1.0,6.0,-2.0,15.0,2.0,16.041398569751802,17.005520257275073,14.847262690786826,2.1582575664882473,6.905993967085716,2.322603821252402,1518.8,1518.8,0.36467851307189547,0.89,5.638153594771242,11.666666666666666,1.3333333333333333,5.666666666666667,1.0,2.6457513110645907,1.0,0.35361831108428904,0.31374921034102804,0.552909336593051,0.24184848901582612,0.05218959906153332,0.04300306882140734,267.091051890549,267.0910518905492,0.2676642288615067,1.5251003245688461,3.725314756038526,19.948015774340398,0.5773502691896257,0.5773502691896257,2.6457513110645907,3.0,1
LRL_2026-01-10_8,23013653,LRL_2026-01-10_8_23013653,17.0,4.0,15.660240686452497,16.47909949573622,14.339036512174328,2.1400629835618936,6.977771710255544,2.2433631604719344,1717.6999999999998,1717.7,1.0486470588235295,3.163,15.711764705882354,41.4,4.0,6.0,2.0,16.5,3.0,15.891011838906737,16.64504475389152,14.817198644849999,1.827846109041519,7.040789549202028,2.256421839310514,1666.6999999999998,1666.6999999999998,0.7265735294117648,1.849,11.143382352941178,24.349999999999998,3.0,6.0,2.5,0.7071067811865476,1.4142135623730951,0.32635969360525563,0.23468203469472412,0.676223373043176,0.4415413383484526,0.08912068250956102,0.018467760720193786,72.12489168102776,72.12489168102817,0.45548075337548755,1.8582766209582469,6.460668281635323,24.11234123846127,1.4142135623730951,0.0,0.7071067811865476,2.0,1
LRL_2026-01-10_8,23007621,LRL_2026-01-10_8_23007621,,,,,,,,,,,,,,,,,,,,,,,,,,,,,,,,,,,,,,,,,,,,,,,,,,,,0.0,0
LRL_2026-01-10_8,23012790,LRL_2026-01-10_8_23012790,12.0,1.0,16.2468297483961,17.7736179501676,14.580777441828262,3.192840508339339,7.155668937996034,2.2699491948583996,1209.1,1209.1,0.019083333333333334,0.0,0.3416666666666666,0.0,1.0,4.0,3.0,12.0,1.0,16.2468297483961,17.7736179501676,14.580777441828262,3.192840508339339,7.155668937996034,2.2699491948583996,1209.1,1209.1,0.019083333333333334,0.0,0.3416666666666666,0.0,1.0,4.0,3.0,,,,,,,,,,,,,,,,,,1.0,1
LRL_2026-01-10_9,18017084,LRL_2026-01-10_9_18017084,11.0,4.0,17.206465849620287,17.68220014441137,15.677316368001671,2.0048837764097005,6.877579563640011,2.5000707238335895,1118.1,1118.1000000000001,0.169,0.88,2.590909090909091,13.0,1.0,4.0,-3.0,11.0,4.0,17.206465849620287,17.68220014441137,15.677316368001671,2.0048837764097005,6.877579563640011,2.5000707238335895,1118.1,1118.1000000000001,0.169,0.88,2.590909090909091,13.0,1.0,4.0,-3.0,,,,,,,,,,,,,,,,,,1.0,1
LRL_2026-01-10_9,21017747,LRL_2026-01-10_9_21017747,11.0,5.0,17.031806130468738,16.046404874512657,16.77079294642022,-0.7243880719075619,7.169836499266529,2.373584900242179,1109.7,1109.7,1.7326363636363633,1.173,30.0,17.3,5.0,8.0,3.0,12.5,3.5,16.889478907677912,16.728468213530476,16.30926379398309,0.41920441954738763,7.078880512786634,2.385313085000191,1261.6,1261.6,0.9069967532467531,0.6385000000000001,15.689285714285715,9.4,3.0,5.0,1.0,2.1213203435596424,2.1213203435596424,0.20128108876568396,0.9645832244364785,0.652700786807149,1.6172840112436275,0.12863118965889075,0.016586157946797617,214.81904012447288,214.81904012447293,1.1676307346454249,0.7558971490884193,20.238406230103543,11.172287142747452,2.8284271247461903,4.242640687119285,2.8284271247461903,2.0,1
LRL_2026-01-10_9,20005817,LRL_2026-01-10_9_20005817,12.0,3.0,16.81939746521349,18.12382227945939,15.023916934869295,3.099905344590095,7.009962250226966,2.3954964378491366,1219.7,1219.7,0.24416666666666664,0.969,3.891666666666666,13.4,1.0,4.0,1.0,12.666666666666666,5.666666666666667,16.424558418029708,17.693672967053033,14.585258125528702,3.1084148415243327,6.802757727583039,2.410318627687929,1280.7333333333333,1280.7333333333333,0.31923809523809527,1.7620000000000002,4.798809523809523,24.900000000000002,1.0,6.0,-2.3333333333333335,1.1547005383792515,3.0550504633038935,0.5646587499776768,0.4131813295646941,0.9237750591816121,0.6633499557164185,0.20666646636963454,0.03401827336136979,114.03904302182346,114.0390430218234,0.26940288070382484,1.4222893517143407,3.9480008359810452,20.178949427559406,0.0,2.6457513110645907,2.8867513459481287,3.0,1
LRL_2026-01-10_9,22009436,LRL_2026-01-10_9_22009436,12.0,2.0,16.98504651194857,17.581536300677836,16.085785730655424,1.4957505700224125,7.231555281916665,2.3482832941190197,1211.6999999999998,1211.6999999999998,0.2379166666666667,0.188,4.091666666666668,2.7,2.0,5.0,3.0,12.0,1.3333333333333333,16.82152772314682,17.58637704732682,15.71805056696379,1.868326480363029,7.12613058284299,2.359280198793187,1210.8,1210.8,0.07930555555555556,0.06266666666666666,1.3638888888888892,0.9,1.3333333333333333,2.3333333333333335,1.0,0.0,0.5773502691896258,0.22050560044314751,0.10587715800972843,0.6453917090602048,0.7410699592939848,0.1299459664275648,0.011062827704520519,0.9539392014168497,0.9539392014168497,0.1373612515446985,0.10854185060764965,2.362324851434219,1.5588457268119897,0.5773502691896258,2.3094010767585034,1.7320508075688772,3.0,1
LRL_2026-01-10_9,22000828,LRL_2026-01-10_9_22000828,14.0,6.0,16.339621987469847,17.235852878411787,14.61536942439313,2.6204834540186575,6.982457187548332,2.3374752648155876,1411.2999999999997,1411.2999999999997,0.35107142857142865,2.043,5.25,28.9,1.0,6.0,-4.0,14.0,6.0,16.339621987469847,17.235852878411787,14.61536942439313,2.6204834540186575,6.982457187548332,2.3374752648155876,1411.2999999999997,1411.2999999999997,0.35107142857142865,2.043,5.25,28.9,1.0,6.0,-4.0,,,,,,,,,,,,,,,,,,1.0,1
LRL_2026-01-10_9,21004573,LRL_2026-01-10_9_21004573,,,,,,,,,,,,,,,,,,,,,,,,,,,,,,,,,,,,,,,,,,,,,,,,,,,,0.0,0
LRL_2026-01-10_9,22009796,LRL_2026-01-10_9_22009796,12.0,3.0,16.910876403873402,17.821513946560444,15.659157239812853,2.162356706747591,7.044073150825359,2.4007594542037114,1211.8999999999999,1211.8999999999999,0.08474999999999999,0.651,1.2666666666666668,9.3,1.0,3.0,-2.0,13.0,2.5,16.827767128884208,17.696820702081745,15.654384732317869,2.0424359697638774,6.92548537224963,2.4303074787949326,1311.6999999999998,1311.6999999999998,0.06616071428571428,0.47750000000000004,1.0154761904761904,6.800000000000001,1.0,2.5,-1.5,1.4142135623730951,0.7071067811865476,0.1175342638487138,0.17634287747807925,0.006749344825933354,0.16959353265214464,0.1677084447934935,0.04178721711823873,141.13851352483482,141.1385135248349,0.02628921997197128,0.24536605307173198,0.3552369781675277,3.5355339059327378,0.0,0.7071067811865476,0.7071067811865476,2.0,1
LRL_2026-01-10_10,23008625,LRL_2026-01-10_10_23008625,12.0,3.0,16.04947904820927,16.534477989748943,15.333253384792778,1.201224604956165,6.851265676575448,2.343766724072246,1218.0,1218.0,0.9042500000000001,1.1,14.208333333333334,15.0,3.0,6.0,2.0,11.5,3.5,16.21985306310477,16.6989558743359,15.418778969902796,1.280176904433107,6.849357679478194,2.3693797061275594,1168.6,1168.6,1.0363977272727272,1.651,16.445075757575758,23.55,3.0,5.5,1.0,0.7071067811865476,0.7071067811865476,0.24094524254117144,0.23260685509331405,0.12095144239248166,0.11165541270083365,0.0026983153719050716,0.03622222659544288,69.86214998123094,69.86214998123094,0.18688510814587156,0.7792316728675753,3.1632314718989116,12.091525958289964,0.0,0.7071067811865476,1.4142135623730951,2.0,1
LRL_2026-01-10_10,23010382,LRL_2026-01-10_10_23010382,12.0,6.0,15.814284587872693,17.1567238253892,14.330152444825563,2.826571380563637,6.684139782473476,2.363422097775773,1208.6999999999998,1208.6999999999998,0.321,1.408,4.591666666666666,19.3,1.0,6.0,-5.0,11.666666666666666,5.333333333333333,16.374343992291422,17.52396227492876,14.911800778779016,2.6121614961497435,6.827852687471034,2.395829649675283,1182.7666666666667,1182.7666666666664,0.40264141414141413,1.263,6.131818181818182,17.5,1.6666666666666667,5.666666666666667,-3.0,0.5773502691896258,0.5773502691896258,0.6442090723413398,0.3211019365841834,0.7763202708969261,0.5771412241654179,0.19549813833925514,0.029972330823304947,52.090338195612695,52.090338195612915,0.07075239149999869,0.140716026095111,1.4056301179422996,1.5874507866387542,1.1547005383792517,0.5773502691896257,2.6457513110645907,3.0,1
LRL_2026-01-10_10,23009576,LRL_2026-01-10_10_23009576,,,,,,,,,,,,,,,,,,,,,,,,,,,,,,,,,,,,,,,,,,,,,,,,,,,,0.0,0
LRL_2026-01-10_10,23010927,LRL_2026-01-10_10_23010927,,,,,,,,,,,,,,,,,,,,,,,,,,,,,,,,,,,,,,,,,,,,,,,,,,,,0.0,0
LRL_2026-01-10_10,23008616,LRL_2026-01-10_10_23008616,12.0,4.0,15.902776574218466,17.134431818697927,14.582820713990053,2.551611104707874,6.683269422466126,2.3778240678640876,1210.4999999999998,1210.4999999999998,0.4419166666666667,1.051,6.641666666666667,14.4,3.0,4.0,-1.0,12.0,4.666666666666667,16.063588552964656,17.05936982970786,14.863030776215998,2.196339053491864,6.765480186446905,2.3747261831658926,1212.4666666666665,1212.4666666666665,0.7215277777777778,1.391,11.122222222222222,19.233333333333334,3.0,6.0,0.6666666666666666,0.0,2.081665999466133,0.15071071997525068,0.16488402549122225,0.24274381502605744,0.34034551267679747,0.0771544422547736,0.018122319079061155,1.9035055380359571,1.9035055380360275,0.24226134208818864,0.3537174013248429,3.8803308612272485,5.179124765183141,0.0,2.0,2.0816659994661326,3.0,1
LRL_2026-01-10_10,23001458,LRL_2026-01-10_10_23001458,12.0,4.0,15.985884299748825,16.414023715859333,15.357023876835779,1.056999839023554,6.887446899211022,2.3219646568223373,1214.0,1213.9999999999998,0.9514999999999999,1.101,15.066666666666665,15.0,4.0,6.0,2.0,13.666666666666666,5.666666666666667,15.992210382083007,16.39308754643128,15.256580384295853,1.136507162135424,6.930946141140289,2.3087895452797866,1370.3666666666666,1370.3666666666666,1.7455343137254902,2.5989999999999998,27.84166666666667,35.93333333333333,5.333333333333333,7.333333333333333,1.6666666666666667,2.8867513459481287,1.5275252316519468,0.005520484837554269,0.12399264852550959,0.1170392818623076,0.212432430127019,0.0735443041519838,0.023311083349924013,268.5001365611074,268.50013656110747,0.9637224302930497,1.6343313617501192,15.551435714356986,22.366567312248282,1.1547005383792515,1.5275252316519465,0.5773502691896257,3.0,1
LRL_2026-01-16_1,22008047,LRL_2026-01-16_1_22008047,12.0,4.0,16.69015609373833,16.35644391573623,16.567080702060807,-0.21063678632457794,6.986630577483356,2.387682525208981,1208.9999999999998,1209.0,1.40575,1.114,23.541666666666668,16.3,4.0,7.0,3.0,13.333333333333334,3.0,16.926746008015332,16.720948280736632,16.746928349071705,-0.0259800683350709,7.026445069532472,2.408931967273778,1348.033333333333,1348.0333333333333,0.8386154188948307,0.5619999999999999,14.23920083184789,8.433333333333334,3.0,7.333333333333333,4.333333333333333,3.2145502536643185,1.0,0.5000690562704538,0.3369342376501549,0.5845478972725572,0.47344060847996516,0.04525365179246298,0.05707567383061452,329.3487563864988,329.34875638649874,0.5395001820033763,0.49869028464569076,9.03667599107673,7.190502995850384,1.0,3.5118845842842465,3.214550253664318,3.0,1
LRL_2026-01-16_1,22009217,LRL_2026-01-16_1_22009217,11.0,5.0,17.470661688899977,17.45883298400012,16.60085624038695,0.8579767436131718,7.00940949738472,2.4962894154315123,1109.6,1109.6000000000001,0.33345454545454545,0.469,5.909090909090909,7.2,1.0,6.0,1.0,11.5,3.5,17.25134399353399,17.495173397956066,16.254524321949706,1.2406490760063607,6.923808239955564,2.492577376612096,1160.3999999999999,1160.4,0.2783939393939394,0.7605,4.7087121212121215,11.35,1.0,4.5,0.5,0.7071067811865476,2.1213203435596424,0.31016205925499,0.05139310627875008,0.48978729613664207,0.5411804024153928,0.1210584592125028,0.005249615642473767,71.84204896855316,71.84204896855309,0.0778674558433913,0.4122432534317572,1.6975919618031583,5.868986283848344,0.0,2.1213203435596424,0.7071067811865476,2.0,1
LRL_2026-01-16_1,21009715,LRL_2026-01-16_1_21009715,12.0,5.0,17.061914500035368,17.287713834242098,16.293648780872335,0.9940650533697628,7.40211870306808,2.3061458010560227,1213.5,1213.5,1.1468333333333331,1.417,19.433333333333334,20.4,5.0,8.0,3.0,12.0,5.0,17.061914500035368,17.287713834242098,16.293648780872335,0.9940650533697628,7.40211870306808,2.3061458010560227,1213.5,1213.5,1.1468333333333331,1.417,19.433333333333334,20.4,5.0,8.0,3.0,,,,,,,,,,,,,,,,,,1.0,1
LRL_2026-01-16_1,22002517,LRL_2026-01-16_1_22002517,14.0,1.0,16.26106860778412,16.970373095345746,14.893933545925172,2.0764395494205736,7.032096032123921,2.311156250500995,1408.7999999999997,1408.7999999999997,0.13671428571428573,0.0,2.392857142857143,0.0,1.0,3.0,2.0,13.0,2.6666666666666665,16.505631866898128,17.0436618630648,15.096271698166284,1.9473901648985155,7.154730126789258,2.305806059098176,1309.9333333333332,1309.9333333333332,0.43876623376623375,0.739,7.203463203463204,10.466666666666667,2.0,4.666666666666667,2.0,1.7320508075688772,2.0816659994661326,0.267378992230197,0.06347197534714377,0.2847921625347661,0.2503259235908211,0.11130031374689695,0.012208318415576666,172.97703123054598,172.97703123054598,0.41403604963379315,0.6430373239556162,6.878280717507105,9.084235429211052,1.7320508075688772,2.886751345948129,1.0,3.0,1
LRL_2026-01-16_1,21016438,LRL_2026-01-16_1_21016438,12.0,5.0,16.502510101245537,16.91268523154809,15.631890083678432,1.2807951478696573,6.689745644869599,2.4657917315924704,1209.4999999999998,1209.5,0.7433333333333333,1.855,12.041666666666666,27.1,4.0,6.0,0.0,11.666666666666666,5.333333333333333,16.875515370892618,17.257748280845302,16.13017638558902,1.1275718952562812,6.785016425743945,2.4867568868742995,1178.8666666666666,1178.8666666666666,0.6644646464646464,1.1813333333333333,11.075252525252523,17.3,3.0,6.666666666666667,-1.0,0.5773502691896258,3.5118845842842465,0.34785222540139693,0.5747792086622685,0.7960466493072341,1.1674885281989327,0.11465365753819255,0.019940206417070405,60.56899646959105,60.56899646959112,0.09071345279116073,0.6725030359287111,1.4770466675002782,9.559811713627,1.0,2.081665999466133,4.58257569495584,3.0,1
LRL_2026-01-16_2,23017176,LRL_2026-01-16_2_23017176,,,,,,,,,,,,,,,,,,,,,,,,,,,,,,,,,,,,,,,,,,,,,,,,,,,,0.0,0
LRL_2026-01-16_2,23005659,LRL_2026-01-16_2_23005659,11.0,5.0,16.222019626939282,16.605723529982246,14.873113879500172,1.7326096504820736,6.781496643948524,2.391647809167444,1108.3,1108.3000000000002,0.6370000000000001,1.392,10.163636363636364,19.8,3.0,7.0,1.0,11.0,5.333333333333333,16.575807611925306,17.1836637275646,15.39533158076541,1.788332146799189,6.96398883785065,2.37845685450482,1109.2,1109.2,0.8992944444444445,1.5359999999999998,14.64510101010101,22.03333333333333,4.666666666666667,7.666666666666667,1.6666666666666667,1.0,0.5773502691896257,0.8590196630278787,0.616392430306765,1.129648558194017,0.6771278732336977,0.30321001105221584,0.030218030415366668,103.35293900030126,103.35293900030123,0.26638165307053824,0.40754877008770374,4.1278337411099155,4.308518693627002,1.5275252316519468,1.1547005383792517,0.5773502691896258,3.0,1
LRL_2026-01-16_2,23002688,LRL_2026-01-16_2_23002688,12.0,3.0,15.925455991346253,16.595219803391867,14.966453755764709,1.628766047627158,6.939459983046799,2.2967154193695003,1207.6,1207.6,1.0643333333333334,0.873,17.116666666666667,11.9,3.0,8.0,5.0,12.0,3.0,15.925455991346253,16.595219803391867,14.966453755764709,1.628766047627158,6.939459983046799,2.2967154193695003,1207.6,1207.6,1.0643333333333334,0.873,17.116666666666667,11.9,3.0,8.0,5.0,,,,,,,,,,,,,,,,,,1.0,1
LRL_2026-01-16_2,23002365,LRL_2026-01-16_2_23002365,11.0,4.0,16.21014697917027,16.838324444130084,15.220245307496704,1.61807913663338,7.390609995039814,2.1939518775938507,1110.8,1110.8,0.6197272727272727,1.276,9.663636363636364,18.2,1.0,5.0,-3.0,11.666666666666666,4.333333333333333,16.245406664728765,17.17539135172758,14.915022186047517,2.2603691656800624,7.378177851628723,2.201690592788802,1180.3999999999999,1180.3999999999999,0.6607146464646464,1.45,10.282323232323234,20.0,2.0,5.666666666666667,-2.0,0.5773502691896255,1.5275252316519465,0.27333112456440806,0.3166224161147121,0.687124385478865,0.9392930696401057,0.15836706302111628,0.010690619932088034,60.283662795155294,60.28366279515546,0.06121673978100572,0.8524247767398598,1.4215101801342431,11.208925015361643,1.0,0.5773502691896258,2.6457513110645907,3.0,1
LRL_2026-01-16_2,23011865,LRL_2026-01-16_2_23011865,17.0,5.0,15.600301730879714,16.799420939184415,13.948689367333845,2.85073157185057,6.828983758368604,2.2826188366577695,1717.9999999999998,1718.0,0.6780588235294118,3.589,9.535294117647059,46.9,2.0,5.0,-3.0,17.0,5.0,15.600301730879714,16.799420939184415,13.948689367333845,2.85073157185057,6.828983758368604,2.2826188366577695,1717.9999999999998,1718.0,0.6780588235294118,3.589,9.535294117647059,46.9,2.0,5.0,-3.0,,,,,,,,,,,,,,,,,,1.0,1
LRL_2026-01-16_3,23000429,LRL_2026-01-16_3_23000429,11.0,3.0,16.22657876558375,16.798595289243856,15.510477091762153,1.2881181974817029,6.81474036660317,2.3816233903184885,1112.8,1112.7999999999997,0.7444545454545455,1.332,11.663636363636364,18.3,3.0,6.0,3.0,11.0,6.0,16.648336986639748,16.68515877940856,15.702426590005755,0.9827321894028062,6.921323898235795,2.4039508198400896,1111.3666666666666,1111.3666666666666,1.1403030303030304,1.2630000000000001,19.19090909090909,18.233333333333334,6.0,8.0,2.0,0.0,3.605551275463989,0.3739223537056839,0.09950037757040663,0.2014277229845474,0.29449574890252445,0.09241430183091053,0.02151924188146487,2.5696951829611665,2.569695182961135,0.34936192525937415,0.4921412398895261,6.636718545926988,8.100205758703499,3.605551275463989,2.0,1.7320508075688772,3.0,1
LRL_2026-01-16_3,23003171,LRL_2026-01-16_3_23003171,,,,,,,,,,,,,,,,,,,,,,,,,,,,,,,,,,,,,,,,,,,,,,,,,,,,0.0,0
LRL_2026-01-16_3,23005036,LRL_2026-01-16_3_23005036,12.0,7.0,14.326044921461893,16.077412960330065,12.359006031701727,3.7184069286283385,6.3943054006726,2.2338352839121773,1211.5,1211.5,4.753333333333333,10.806,68.98333333333333,132.9,6.0,7.0,-1.0,12.0,5.333333333333333,15.526591756958453,16.7000145571113,14.0471614366591,2.652853120452195,6.812832819021632,2.2752930453913165,1213.0333333333333,1213.0333333333333,2.330472222222222,4.904333333333333,35.30555555555556,62.6,5.0,7.666666666666667,2.0,0.0,2.886751345948129,1.0506611963346901,0.5958694385364627,1.492796518805313,0.9240485273150624,0.37055572470809084,0.03598039151340727,2.23681320930763,2.23681320930763,2.106683257999891,5.234743960628191,29.401669138811627,63.03879757736501,2.6457513110645907,1.1547005383792517,3.0,3.0,1
LRL_2026-01-16_3,23001133,LRL_2026-01-16_3_23001133,,,,,,,,,,,,,,,,,,,,,,,,,,,,,,,,,,,,,,,,,,,,,,,,,,,,0.0,0
LRL_2026-01-16_3,23016910,LRL_2026-01-16_3_23016910,17.0,7.0,14.739400540939263,16.486031903018752,12.335330195370155,4.150701707648597,6.4582285077146295,2.276045204116245,1717.8999999999999,1717.8999999999999,2.1097647058823528,9.557,29.5,126.3,4.0,7.0,-3.0,17.0,7.0,14.739400540939263,16.486031903018752,12.335330195370155,4.150701707648597,6.4582285077146295,2.276045204116245,1717.8999999999999,1717.8999999999999,2.1097647058823528,9.557,29.5,126.3,4.0,7.0,-3.0,,,,,,,,,,,,,,,,,,1.0,1
LRL_2026-01-16_3,23003420,LRL_2026-01-16_3_23003420,12.0,8.0,15.57974793369438,17.273273001023878,13.122591382078248,4.1506816189456295,6.208123928683446,2.499496511661745,1209.6,1209.5999999999997,2.2594166666666666,6.659,33.40833333333333,83.7,8.0,8.0,0.0,12.0,8.0,15.57974793369438,17.273273001023878,13.122591382078248,4.1506816189456295,6.208123928683446,2.499496511661745,1209.6,1209.5999999999997,2.2594166666666666,6.659,33.40833333333333,83.7,8.0,8.0,0.0,,,,,,,,,,,,,,,,,,1.0,1
LRL_2026-01-16_3,23006307,LRL_2026-01-16_3_23006307,12.0,6.0,15.412044322370727,17.657194373196216,12.97915411622634,4.678040256969876,6.78488920004957,2.264279112091723,1210.3999999999999,1210.3999999999999,1.3608333333333336,4.919,18.608333333333334,60.5,1.0,6.0,-5.0,12.0,6.0,15.412044322370727,17.657194373196216,12.97915411622634,4.678040256969876,6.78488920004957,2.264279112091723,1210.3999999999999,1210.3999999999999,1.3608333333333336,4.919,18.608333333333334,60.5,1.0,6.0,-5.0,,,,,,,,,,,,,,,,,,1.0,1
LRL_2026-01-16_3,23009862,LRL_2026-01-16_3_23009862,,,,,,,,,,,,,,,,,,,,,,,,,,,,,,,,,,,,,,,,,,,,,,,,,,,,0.0,0
LRL_2026-01-16_3,23005289,LRL_2026-01-16_3_23005289,17.0,4.0,15.41805808029997,16.533974363204248,13.840531369621464,2.6934429935827833,6.49930656104785,2.3704983947539713,1719.8,1719.8,0.630235294117647,3.28,8.86470588235294,43.3,1.0,4.0,-2.0,15.666666666666666,6.0,15.65936940117223,17.008217709675762,13.89757028571338,3.11064742396238,6.589820442861973,2.3730410944137916,1584.0,1584.0,0.7754325980392155,3.5,11.168294817927169,46.699999999999996,1.3333333333333333,6.333333333333333,-3.0,1.5275252316519468,4.358898943540674,0.2103594517320937,0.43500856965020807,0.5166814169452015,0.7503879311935242,0.0852198037154694,0.006674292341680537,157.5920048733438,157.59200487334368,0.4571044465175675,2.368674946040507,6.944077028789442,32.931899428973125,0.5773502691896257,4.041451884327381,2.6457513110645907,3.0,1
LRL_2026-01-16_4,22016262,LRL_2026-01-16_4_22016262,,,,,,,,,,,,,,,,,,,,,,,,,,,,,,,,,,,,,,,,,,,,,,,,,,,,0.0,0
LRL_2026-01-16_4,22010488,LRL_2026-01-16_4_22010488,17.0,3.0,15.464166029147782,16.37382308349677,14.709893723217423,1.6639293602793472,6.721674507621072,2.2996558114311654,1713.3999999999999,1713.3999999999996,0.4022352941176471,1.064,6.011764705882352,14.1,2.0,5.0,-1.0,16.666666666666668,3.0,15.715657748149889,16.635614270325444,14.726299719335467,1.9093145509899774,6.706757898279414,2.3422738896020947,1681.3666666666666,1681.3666666666666,0.2863848039215687,0.9653333333333333,4.312867647058823,12.933333333333332,1.6666666666666667,4.666666666666667,-0.6666666666666666,0.5773502691896255,2.0,0.23563397672072287,0.23124969344763416,0.05266083258215902,0.23329676938878194,0.02384759152139253,0.04216337851487027,55.223756965035726,55.2237569650358,0.24559345894556203,0.9199768113019662,3.6981062462573004,12.391260360969474,0.5773502691896257,2.516611478423583,1.5275252316519468,3.0,1
LRL_2026-01-16_4,21008555,LRL_2026-01-16_4_21008555,11.0,5.0,16.532885251295873,17.18786079649711,15.099092175554938,2.0887686209421705,6.499652527165182,2.5415905271858397,1111.7,1111.7,0.8595454545454547,1.51,13.681818181818182,21.5,4.0,6.0,1.0,11.666666666666666,4.666666666666667,16.62382926944458,17.570536027704225,15.175885958016794,2.3946500696874327,6.5461140097606645,2.53806146008173,1178.9666666666665,1178.9666666666665,0.774709595959596,1.3276666666666668,12.530050505050506,18.633333333333333,3.6666666666666665,5.333333333333333,0.6666666666666666,0.5773502691896255,0.5773502691896257,0.07989922490480403,0.3751758593772448,0.2770551575617899,0.5177185486992935,0.04529814453045766,0.005602332702120982,58.34246595176903,58.34246595176903,0.1347494981287288,0.6412459226641004,1.8397084770092125,8.663332692061024,0.5773502691896258,1.1547005383792517,0.5773502691896258,3.0,1
LRL_2026-01-16_4,22017307,LRL_2026-01-16_4_22017307,16.0,4.0,16.200287693840394,17.33590124972442,14.844480250541153,2.4914209991832656,7.219507073614787,2.2421637691992373,1612.5,1612.4999999999995,0.5883125,1.022,8.9875,13.3,2.0,7.0,3.0,16.0,4.0,16.200287693840394,17.33590124972442,14.844480250541153,2.4914209991832656,7.219507073614787,2.2421637691992373,1612.5,1612.4999999999995,0.5883125,1.022,8.9875,13.3,2.0,7.0,3.0,,,,,,,,,,,,,,,,,,1.0,1
LRL_2026-01-16_4,22003953,LRL_2026-01-16_4_22003953,14.0,1.0,16.16635204237354,16.94956361414612,15.161179569006137,1.7883840451399813,6.964814091201988,2.3215560811198057,1409.3,1409.3,0.25192857142857145,0.0,4.107142857142857,0.0,1.0,5.0,4.0,14.666666666666666,4.0,15.98553316039829,17.00330046069662,14.411588804318669,2.5917116563779525,6.93126645170809,2.3040440145289565,1482.6666666666667,1482.6666666666667,0.8291130952380953,2.581,12.38095238095238,35.6,2.6666666666666665,5.666666666666667,0.6666666666666666,1.1547005383792517,2.6457513110645907,0.315679948069101,0.7145780828503969,1.4139973494477054,2.0885136454124096,0.20483160858219174,0.02691194296892678,116.75274443598045,116.7527444359802,0.6071178661698395,2.6915926512011437,8.31458128258795,35.5004225326967,2.0816659994661326,0.5773502691896257,3.5118845842842465,3.0,1
LRL_2026-01-16_5,23011598,LRL_2026-01-16_5_23011598,,,,,,,,,,,,,,,,,,,,,,,,,,,,,,,,,,,,,,,,,,,,,,,,,,,,0.0,0
LRL_2026-01-16_5,23014565,LRL_2026-01-16_5_23014565,12.0,5.0,16.474687649258414,17.52290831605422,14.845056997810067,2.6778513182441532,7.139298938748953,2.3078079816716035,1209.1999999999998,1209.2,0.6934166666666667,2.271,10.725,32.5,3.0,5.0,-2.0,13.333333333333334,4.0,16.296752914544765,17.455302633077434,14.648347008795264,2.8069556242821694,7.096124020552694,2.2943378042874323,1346.1999999999998,1346.2,0.41668750000000004,1.8033333333333335,6.182638888888889,24.633333333333336,1.6666666666666667,4.0,-2.3333333333333335,2.3094010767585034,1.0,0.5171835173469271,0.7249910041538629,0.3428297574713644,0.4395720322361169,0.06698989596936963,0.052186766141306816,229.2840814361086,229.28408143610832,0.23988394094129725,0.6006049727843863,3.933849902814083,8.631531343471641,1.1547005383792517,1.0,0.5773502691896258,3.0,1
LRL_2026-01-16_5,23019724,LRL_2026-01-16_5_23019724,10.0,1.0,16.761155911549125,17.390719643951105,15.21799728049728,2.1727223634538255,6.892699456161333,2.429991472921775,1007.1,1007.1,0.015000000000000003,0.0,0.26,0.0,1.0,3.0,2.0,10.333333333333334,4.0,16.743488931331736,17.15705117765357,15.511109237168403,1.6459419404851676,6.896973459036008,2.4274552311666135,1042.2,1042.2,0.24759696969696968,0.9560000000000001,4.023939393939394,14.9,1.3333333333333333,4.666666666666667,-1.3333333333333333,0.5773502691896258,2.6457513110645907,0.17965246151277867,0.21944592839648555,0.28836467053169074,0.45915104373642773,0.05006487967564629,0.008555991685514174,60.18978318618539,60.18978318618539,0.24259807019824342,0.9126379347802721,3.9191848888305167,14.126924647636514,0.5773502691896257,1.5275252316519468,2.8867513459481287,3.0,1
LRL_2026-01-16_5,23015832,LRL_2026-01-16_5_23015832,,,,,,,,,,,,,,,,,,,,,,,,,,,,,,,,,,,,,,,,,,,,,,,,,,,,0.0,0
LRL_2026-01-16_5,23014975,LRL_2026-01-16_5_23014975,16.0,6.0,15.570844825657948,16.443940118956316,13.803334966937985,2.640605152018331,7.272288653714425,2.138142488501163,1615.3,1615.2999999999995,0.8712500000000001,3.763,12.89375,48.5,3.0,6.0,-3.0,13.333333333333334,3.0,16.15474610653776,17.029373999752487,14.845450586363102,2.1839234133893846,7.37780824185316,2.188391929698945,1347.3999999999999,1347.3999999999996,0.39658333333333334,1.3846666666666667,6.0062500000000005,18.0,1.6666666666666667,4.333333333333333,-0.6666666666666666,2.309401076758503,2.6457513110645907,0.5345925611967806,0.5394441383260821,0.9057578498971057,0.40984393295310084,0.10178193230303763,0.04472585379165261,232.01911559179783,232.0191155917976,0.4111418044097843,2.0689544058130744,5.964763066333817,26.556543449779003,1.1547005383792517,1.5275252316519468,2.516611478423583,3.0,1
LRL_2026-01-16_5,23005607,LRL_2026-01-16_5_23005607,12.0,7.0,16.148902246967033,17.00356480193325,14.439377435688577,2.564187366244674,6.9512491263009615,2.321059221413082,1210.1,1210.1,1.17175,2.529,18.941666666666666,36.0,4.0,7.0,0.0,11.666666666666666,3.0,16.5290176267585,17.295017556349723,15.216408578204701,2.07860897814502,7.0838095220021975,2.3327940558855818,1175.7666666666667,1175.7666666666667,0.4111666666666667,0.843,6.683333333333334,12.0,2.0,4.0,1.0,0.5773502691896258,3.4641016151377544,0.32948821069785167,0.2524827061948293,0.6737567865062587,0.4223871917447024,0.11492170933626432,0.010661526487111474,59.12100585522308,59.12100585522308,0.6594077045601859,1.4601188307805635,10.630482245776895,20.784609690826528,1.7320508075688772,3.0,1.7320508075688772,3.0,1
LRL_2026-01-16_5,23014809,LRL_2026-01-16_5_23014809,12.0,6.0,16.289315891797457,17.130657042777077,14.938234046144707,2.19242299663237,7.087966418328122,2.2969687586497054,1208.6999999999998,1208.6999999999998,1.24275,2.935,19.716666666666665,42.0,4.0,7.0,-2.0,12.666666666666666,3.6666666666666665,16.273384061718232,17.190622788214167,14.715399581200083,2.47522320701408,7.0818198786900295,2.295671139035052,1278.9666666666665,1278.9666666666665,0.7623214285714286,1.5123333333333333,12.182539682539684,21.3,2.3333333333333335,5.666666666666667,0.3333333333333333,1.1547005383792515,2.516611478423583,0.3028181755452405,0.6262293092452004,0.22388941864120884,0.5662626078907156,0.0053414179123281265,0.040875841484797726,115.61117304712937,115.61117304712957,0.4361669969572364,1.4695531066733634,6.796089117019444,21.006427587764655,1.5275252316519465,1.5275252316519465,4.041451884327381,3.0,1
LRL_2026-01-16_5,23010330,LRL_2026-01-16_5_23010330,11.0,1.0,16.78444243936789,17.07978908353138,16.018384429728176,1.061404653803205,7.019179261162577,2.394488090132344,1109.2,1109.2,0.0,0.0,0.0,0.0,1.0,1.0,0.0,11.0,1.0,16.78444243936789,17.07978908353138,16.018384429728176,1.061404653803205,7.019179261162577,2.394488090132344,1109.2,1109.2,0.0,0.0,0.0,0.0,1.0,1.0,0.0,,,,,,,,,,,,,,,,,,1.0,1
LRL_2026-01-16_5,23005166,LRL_2026-01-16_5_23005166,16.0,7.0,15.488934617473506,16.549728525342708,13.526877557259308,3.0228509680834,7.14772961792208,2.162625344834539,1613.2,1613.1999999999998,1.0144375,4.34,14.787500000000001,56.0,2.0,7.0,-2.0,14.0,4.5,16.110598116082052,17.16010591283145,14.415361021737148,2.744744891094303,7.311260530095768,2.1995175258405473,1416.6,1416.6,0.8668020833333334,2.601,13.239583333333336,33.9,2.0,6.0,-0.5,2.8284271247461903,3.5355339059327378,0.8791649509645132,0.8632039795524383,1.2565053654087954,0.3933013858563572,0.23126763386327348,0.05217342272421992,278.03438636255066,278.03438636255044,0.20878800853660295,2.459317384966812,2.1890847434233525,31.2541197284454,0.0,1.4142135623730951,2.1213203435596424,2.0,1
LRL_2026-01-16_6,21010871,LRL_2026-01-16_6_21010871,12.0,8.0,15.469290471693993,16.423439597303442,14.079413254787767,2.3440263425156758,6.901280711537393,2.239381581468108,1209.8,1209.8,3.58675,7.709,56.56666666666667,108.7,8.0,8.0,0.0,12.0,8.0,15.469290471693993,16.423439597303442,14.079413254787767,2.3440263425156758,6.901280711537393,2.239381581468108,1209.8,1209.8,3.58675,7.709,56.56666666666667,108.7,8.0,8.0,0.0,,,,,,,,,,,,,,,,,,1.0,1
LRL_2026-01-16_6,21016168,LRL_2026-01-16_6_21016168,12.0,5.0,16.386791294612078,16.10493429079718,15.955370164600279,0.14956412619689985,7.275577438057222,2.251104891034575,1210.1,1210.0999999999997,1.8118333333333334,1.503,30.13333333333333,22.0,5.0,7.0,2.0,14.666666666666666,5.666666666666667,16.20024168131282,16.388191517901785,15.598368671557111,0.7898228463446717,7.23294220644475,2.238665520187357,1478.8,1478.8,1.2390486111111112,1.6973333333333336,20.47986111111111,25.7,5.333333333333333,8.333333333333334,2.6666666666666665,2.309401076758503,3.0550504633038935,0.18173898015213594,0.2747253549862563,0.371890273848962,0.5606566128153514,0.06991663686897172,0.03194426392260959,232.70386760859827,232.70386760859822,0.6234847292516102,1.1884764757172661,10.51156199023423,19.219001014620922,3.5118845842842465,1.1547005383792517,3.0550504633038935,3.0,1
LRL_2026-01-16_6,22010651,LRL_2026-01-16_6_22010651,17.0,3.0,15.415554471577506,16.201817229486288,13.936129065340747,2.2656881641455406,6.853431874422983,2.2470711600826965,1725.4,1725.3999999999999,1.9727647058823532,3.834,28.864705882352943,46.1,3.0,7.0,4.0,16.666666666666668,4.0,15.787095290149994,16.04251123640054,14.98338174662765,1.0591294897728887,7.024972138902015,2.2463997211568074,1686.8999999999999,1686.8999999999996,1.315435049019608,1.899,20.108210784313727,24.099999999999998,4.0,7.666666666666667,3.3333333333333335,0.5773502691896255,1.7320508075688772,0.3234845405105249,0.35906634367962675,0.967563814498319,1.2405033705704342,0.15346715060318103,0.007471845716460991,60.555676860225134,60.555676860225184,0.5993738277625699,1.714942856190841,8.159323498299297,19.672569735548024,1.7320508075688772,1.1547005383792517,1.1547005383792515,3.0,1
LRL_2026-01-16_6,22008704,LRL_2026-01-16_6_22008704,11.0,3.0,16.357497824336733,16.407378323404938,15.703328228416524,0.7040500949884141,7.143247806401897,2.2906615520345386,1107.8999999999999,1107.8999999999999,1.3183636363636362,0.572,21.618181818181817,7.7,3.0,8.0,2.0,14.666666666666666,4.333333333333333,15.816307537160382,16.23646085444345,14.780943292820636,1.455517561622815,6.993339732359168,2.261398180945678,1481.5666666666666,1481.5666666666664,0.9129337121212121,1.756,14.281060606060606,22.96666666666667,3.0,6.333333333333333,0.3333333333333333,3.214550253664318,1.1547005383792515,0.5958226153324742,0.37572482484434017,0.9875077405132555,0.6920019253868375,0.19650200247314262,0.026041421970460714,328.3127218572764,328.3127218572763,0.4385590643858315,1.5184834539763679,7.2969286012005945,18.967428221383454,1.0,1.5275252316519468,2.0816659994661326,3.0,1
LRL_2026-01-16_6,22012513,LRL_2026-01-16_6_22012513,17.0,2.0,15.542905109344712,17.10251746074685,13.857024431692508,3.245493029054341,7.075328799452099,2.1947064860499292,1720.1999999999998,1720.1999999999998,0.9178823529411764,2.784,12.764705882352942,33.4,2.0,5.0,3.0,16.666666666666668,2.6666666666666665,15.861379358801178,16.63681502544006,14.920128746302021,1.7166862791380393,7.257773950068535,2.185408322482642,1685.1666666666667,1685.1666666666663,0.6033651960784314,1.2956666666666665,8.973161764705884,16.333333333333332,2.3333333333333335,5.0,2.3333333333333335,0.5773502691896255,1.1547005383792515,0.2769789616295896,0.43191859540293076,0.9217971534428705,1.3390124596103061,0.15890477014222965,0.01136700486786456,57.5899586154854,57.58995861548566,0.293201331475946,1.2944621791822783,3.7226174969140273,14.856087416723598,0.5773502691896258,2.0,1.1547005383792515,3.0,1
LRL_2026-01-16_6,22006112,LRL_2026-01-16_6_22006112,11.0,6.0,16.313232086145746,16.668278292966722,14.89250486412694,1.7757734288397824,6.800690505479081,2.398795447643451,1114.5,1114.5,0.7834545454545453,1.593,12.409090909090908,22.2,5.0,7.0,-1.0,11.666666666666666,4.666666666666667,16.262876938703208,16.948263168321425,14.901618378504436,2.0466447898169893,6.805294485320421,2.3878476463444325,1181.8333333333333,1181.8333333333333,1.0699015151515152,1.8070000000000002,16.99469696969697,24.833333333333332,4.333333333333333,7.333333333333333,2.0,0.5773502691896255,1.1547005383792515,0.18467166778746402,0.31723490793653986,0.3350479337492206,0.26838704561112536,0.05250922839000382,0.013606725695415135,58.320951066776416,58.320951066776416,0.28332607621154904,0.6260599012874088,4.440832518492485,9.235980366660236,0.5773502691896258,1.5275252316519465,3.0,3.0,1
LRL_2026-01-16_6,20002564,LRL_2026-01-16_6_20002564,17.0,3.0,16.20750765375683,16.576285837255288,15.489783121714481,1.0865027155408065,7.0161339150228095,2.3099350630247657,1715.6,1715.6,0.9811764705882353,1.027,15.93529411764706,15.1,3.0,10.0,5.0,16.666666666666668,4.666666666666667,16.42444120741155,16.638186742606692,16.077817235854294,0.5603695067523979,7.115232706432806,2.308668989761291,1681.533333333333,1681.533333333333,0.8443394607843137,0.8006666666666667,13.918750000000001,12.200000000000001,4.333333333333333,9.0,3.3333333333333335,0.5773502691896255,2.886751345948129,0.193569068160314,0.07260177246922804,0.5095229365449708,0.4603371768260219,0.08857547265180041,0.001261203450022649,57.36761571943991,57.36761571943993,0.13081092690901677,0.5533772070959675,1.9860318278074036,8.528188553262645,2.309401076758503,1.0,3.7859388972001824,3.0,1
LRL_2026-01-16_6,22013651,LRL_2026-01-16_6_22013651,16.0,3.0,16.824640191686875,16.69680082028803,16.368789760757785,0.3280110595302439,7.563315786070946,2.2246402645061663,1617.1999999999998,1617.1999999999998,0.8640625,0.318,14.7,4.8,3.0,8.0,2.0,16.5,4.0,16.630440815310223,16.546242457438062,16.472412284242758,0.07383017319530616,7.521276638307641,2.211393030128539,1666.2999999999997,1666.2999999999997,0.8787959558823529,0.3275,14.694117647058823,5.1,4.0,8.5,2.0,0.7071067811865476,1.4142135623730951,0.2746393918762583,0.21292167867111184,0.14654437807977247,0.35946605675088306,0.05945233291747325,0.01873441852077581,69.43788591251892,69.43788591251884,0.02083625312944923,0.013435028842544414,0.008318903308077,0.42426406871192857,1.4142135623730951,0.7071067811865476,0.0,2.0,1
LRL_2026-01-16_7,23008213,LRL_2026-01-16_7_23008213,14.0,2.0,16.276990763300013,17.42712368715393,14.538923672241488,2.8882000149124423,6.909603766868324,2.3527725992764745,1412.0999999999995,1412.0999999999997,0.30592857142857144,0.43,5.1000000000000005,5.7,1.0,3.0,1.0,13.0,3.0,16.409757722133058,17.746899336574664,14.806926734672675,2.939972601901987,6.99045985328726,2.345165797146951,1312.8999999999996,1312.8999999999996,0.6677559523809524,1.57,10.4125,21.900000000000002,2.0,3.5,0.5,1.4142135623730951,1.4142135623730951,0.18776083381672154,0.4522310603274649,0.3790135656477087,0.07321749467975493,0.11434777401407006,0.010757642737861105,140.2899853874107,140.289985387411,0.5117011893807936,1.6122034611053284,7.513009550107067,22.91025971044414,1.4142135623730951,0.7071067811865476,0.7071067811865476,2.0,1
LRL_2026-01-16_7,23007804,LRL_2026-01-16_7_23007804,,,,,,,,,,,,,,,,,,,,,,,,,,,,,,,,,,,,,,,,,,,,,,,,,,,,0.0,0
LRL_2026-01-16_7,23014053,LRL_2026-01-16_7_23014053,12.0,5.0,16.566626110013782,17.827338693222003,14.833184932737835,2.994153760484169,7.11641712562655,2.3247775790921987,1213.8999999999999,1213.9,0.6145,2.254,9.358333333333333,31.0,2.0,6.0,1.0,12.0,5.0,16.566626110013782,17.827338693222003,14.833184932737835,2.994153760484169,7.11641712562655,2.3247775790921987,1213.8999999999999,1213.9,0.6145,2.254,9.358333333333333,31.0,2.0,6.0,1.0,,,,,,,,,,,,,,,,,,1.0,1
LRL_2026-01-16_7,23019680,LRL_2026-01-16_7_23019680,14.0,3.0,16.21141618595465,17.102023736012914,14.587509779205845,2.5145139568070682,7.029557015490228,2.3043462698623225,1416.8999999999996,1416.8999999999996,0.6939285714285716,0.998,11.214285714285714,13.2,2.0,5.0,-1.0,14.0,3.0,16.21141618595465,17.102023736012914,14.587509779205845,2.5145139568070682,7.029557015490228,2.3043462698623225,1416.8999999999996,1416.8999999999996,0.6939285714285716,0.998,11.214285714285714,13.2,2.0,5.0,-1.0,,,,,,,,,,,,,,,,,,1.0,1
LRL_2026-01-16_7,23004168,LRL_2026-01-16_7_23004168,,,,,,,,,,,,,,,,,,,,,,,,,,,,,,,,,,,,,,,,,,,,,,,,,,,,0.0,0
LRL_2026-01-16_7,23006394,LRL_2026-01-16_7_23006394,12.0,6.0,15.971386609109734,18.163250186877367,13.205668020384918,4.957582166492449,6.850968207090847,2.321547970778185,1214.8,1214.8,1.4985833333333334,5.736,22.066666666666666,78.7,1.0,6.0,-3.0,12.0,6.0,15.971386609109734,18.163250186877367,13.205668020384918,4.957582166492449,6.850968207090847,2.321547970778185,1214.8,1214.8,1.4985833333333334,5.736,22.066666666666666,78.7,1.0,6.0,-3.0,,,,,,,,,,,,,,,,,,1.0,1
LRL_2026-01-16_8,21003341,LRL_2026-01-16_8_21003341,18.0,1.0,16.02607567709427,16.151076916641582,15.664268987087555,0.4868079295540273,7.004373496088707,2.2883532794631067,1826.6999999999998,1826.7,0.028444444444444446,0.0,0.4555555555555555,0.0,1.0,3.0,0.0,17.0,4.0,16.090320204238516,16.338095630412763,15.46066873346254,0.8774268969502215,7.028525653211931,2.2902171468903676,1720.5499999999997,1720.5499999999997,0.6237847222222223,0.6525,10.730902777777779,8.9,4.0,6.0,1.0,1.4142135623730951,4.242640687119285,0.0908554815956404,0.264484401432776,0.28793423997909623,0.5524186414118716,0.03415630816422893,0.002635906594097752,150.11876964590408,150.1187696459044,0.841938295060299,0.9227743494484445,14.531535399759376,12.586500705120546,4.242640687119285,4.242640687119285,1.4142135623730951,2.0,1
LRL_2026-01-16_8,21002490,LRL_2026-01-16_8_21002490,17.0,1.0,16.010787768541675,16.513053841701026,15.368022572707172,1.1450312689938542,7.365744840590441,2.1750699597766108,1718.6,1718.5999999999997,0.36094117647058827,0.0,5.894117647058824,0.0,1.0,6.0,5.0,16.5,1.5,15.999600601943309,16.527335658095357,15.23214422118263,1.2951914369127273,7.29879829431275,2.1932618660391574,1664.9499999999998,1664.9499999999998,0.4174393382352941,0.2315,6.759558823529412,3.15,1.5,7.0,4.0,0.7071067811865476,0.7071067811865476,0.015821042727937492,0.020197538440184393,0.19216100755890728,0.21235854599909165,0.09467671369994933,0.02572724056191349,75.8725576213166,75.87255762131636,0.07990046661679606,0.32739043968937154,1.2239186492008327,4.4547727214752495,0.7071067811865476,1.4142135623730951,1.4142135623730951,2.0,1
LRL_2026-01-16_8,17011275,LRL_2026-01-16_8_17011275,18.0,2.0,15.793336823566559,16.0096353478143,15.242291437604115,0.7673439102101849,6.984314432185,2.2619224126550197,1811.7999999999997,1811.8,0.11183333333333333,0.791,1.6333333333333333,11.1,1.0,2.0,0.0,17.333333333333332,3.0,16.07680786705438,16.256387543410426,15.870725886417704,0.38566165699272165,7.166243519655006,2.2433275181366596,1747.533333333333,1747.533333333333,0.5734934640522876,0.8646666666666666,9.181699346405228,12.833333333333334,2.6666666666666665,4.333333333333333,0.6666666666666666,0.5773502691896263,1.7320508075688772,0.3888677226185335,0.512444475435905,1.5322646329531353,1.9266824350092626,0.2765509898977719,0.03252926660071882,55.70828783343943,55.708287833439584,0.4028982642973665,0.1345820691375093,6.549483467585032,1.5011106998930266,2.0816659994661326,2.516611478423583,0.5773502691896258,3.0,1
LRL_2026-01-16_8,19010669,LRL_2026-01-16_8_19010669,16.0,5.0,16.028365035793122,16.807957239077602,15.039470488378091,1.7684867506995108,7.510864897006757,2.1337089467166703,1612.2999999999997,1612.2999999999997,0.48875,0.842,7.7375,11.2,1.0,6.0,-4.0,16.666666666666668,5.333333333333333,16.052011881761917,16.59784532829505,15.129125918427613,1.4687194098674379,7.557294229760259,2.124242025203072,1684.6333333333332,1684.6333333333332,0.6436225490196078,1.0919999999999999,10.285049019607843,15.266666666666666,2.6666666666666665,6.666666666666667,-0.6666666666666666,0.5773502691896263,0.5773502691896257,0.046887732795434706,0.19558382816511924,0.07926568969595765,0.26552703861258703,0.0420716491674714,0.008336585421129309,62.642584025033074,62.64258402503324,0.2341592301293857,0.324713720067385,3.8289322922399975,4.826316746063538,2.0816659994661326,0.5773502691896258,3.055050463303893,3.0,1
LRL_2026-01-16_8,21004220,LRL_2026-01-16_8_21004220,18.0,3.0,15.82922909727062,16.454484978068006,15.174877315738897,1.2796076623291093,7.353976346571148,2.1530105134550044,1818.6,1818.6,0.1497222222222222,1.363,2.216666666666667,19.5,1.0,3.0,-2.0,17.0,2.6666666666666665,16.010547940785145,16.831406127539648,14.993683178256342,1.8377229492833063,7.433341871386918,2.153583798332095,1716.2333333333333,1716.233333333333,0.12977015250544663,0.7796666666666666,1.9683006535947711,10.9,1.6666666666666667,4.333333333333333,0.6666666666666666,1.0,1.5275252316519468,0.1652277831714977,0.33124091592677884,0.15706467178517106,0.4874379798449027,0.08155827554628577,0.01933105478808631,100.93197379093192,100.93197379093195,0.09872966817781342,0.7023904422280626,1.4716853206247789,9.951381813597546,1.1547005383792517,2.309401076758503,2.5166114784235836,3.0,1
LRL_2026-01-16_8,18006720,LRL_2026-01-16_8_18006720,16.0,4.0,16.115405703510874,16.931797681899575,15.089322680978972,1.8424750009206026,6.863544035642494,2.347322345617124,1611.1999999999998,1611.1999999999996,0.23493750000000002,0.799,3.6937499999999996,11.2,2.0,6.0,2.0,15.0,3.6666666666666665,16.870538430154692,19.011850865311818,15.148601816221472,3.8632490490903453,7.134323598048678,2.356426036298877,1515.4666666666665,1515.4666666666665,0.38275694444444447,0.9,6.1765114379084975,12.966666666666667,2.3333333333333335,5.666666666666667,1.6666666666666667,2.6457513110645907,0.5773502691896258,0.7433355296000331,3.0960818172450764,0.7652615828847302,3.719099246042118,0.2926155836778896,0.02210702051668935,260.0690357065472,260.0690357065472,0.4101561315255561,0.676181188735682,6.774065044047091,10.264664306899341,1.5275252316519468,1.5275252316519465,1.5275252316519468,3.0,1
LRL_2026-01-16_8,17003226,LRL_2026-01-16_8_17003226,,,,,,,,,,,,,,,,,,,,,,,,,,,,,,,,,,,,,,,,,,,,,,,,,,,,0.0,0
LRL_2026-01-16_9,21018864,LRL_2026-01-16_9_21018864,12.0,2.0,17.02178763337902,18.178098684202197,15.773025383869284,2.405073300332914,6.928263409946311,2.4560431989478864,1210.5,1210.5,0.54875,0.01,9.533333333333333,0.1,2.0,6.0,3.0,12.0,2.0,17.02178763337902,18.178098684202197,15.773025383869284,2.405073300332914,6.928263409946311,2.4560431989478864,1210.5,1210.5,0.54875,0.01,9.533333333333333,0.1,2.0,6.0,3.0,,,,,,,,,,,,,,,,,,1.0,1
LRL_2026-01-16_9,20003831,LRL_2026-01-16_9_20003831,18.0,4.0,15.695250523313083,16.505213399688873,14.699350181283009,1.8058632184058645,6.699022575515631,2.3438135588235993,1821.2999999999997,1821.3,0.9126666666666667,3.213,13.68888888888889,41.9,3.0,6.0,-1.0,15.666666666666666,5.666666666666667,15.965450472050728,16.773045522908763,14.691026107871712,2.082019415037054,6.690937260354727,2.3846833847686484,1582.9999999999998,1583.0,1.4313970588235296,3.6186666666666665,22.313289760348585,49.46666666666667,4.0,7.333333333333333,-0.3333333333333333,3.2145502536643185,2.081665999466133,0.27533841949590365,0.6524366683212947,0.6498260613541416,1.2821033273041327,0.018376859716186737,0.03748136589576816,324.8320950891398,324.83209508913995,0.518637279990444,1.045305856356566,8.468915763572621,16.414729158086445,1.0,1.1547005383792515,3.0550504633038935,3.0,1
LRL_2026-01-16_9,21012759,LRL_2026-01-16_9_21012759,12.0,2.0,17.044435216768196,17.67851892578743,16.21035744975315,1.468161476034279,7.26703446413256,2.3461989224534325,1216.2,1216.1999999999998,0.06008333333333334,0.195,0.9666666666666667,2.9,1.0,3.0,0.0,12.0,1.6666666666666667,16.88637442085642,17.554448092162207,15.983579121433635,1.5708689707285757,7.216270567872058,2.3416773126386166,1210.7666666666667,1210.7666666666664,0.15569444444444444,0.20199999999999999,2.5611111111111113,2.9333333333333336,1.0,3.6666666666666665,0.0,0.0,0.5773502691896257,0.29787927995880364,0.1976182998292416,0.42166561626178595,0.2255597045274343,0.14149467950486425,0.00728849848843017,4.705670338361516,4.705670338361352,0.09086319590665064,0.2055893966137359,1.5834502880781622,2.950141239556732,0.0,1.1547005383792515,1.0,3.0,1
LRL_2026-01-16_9,22002704,LRL_2026-01-16_9_22002704,12.0,6.0,16.76146153041606,18.50106748042892,14.7937065540713,3.7073609263576195,7.160748497020205,2.3374994099352375,1216.1,1216.1,0.8533333333333332,1.898,13.625,26.5,2.0,7.0,-2.0,11.5,4.0,17.244839917861512,18.49800086371286,15.658910510593683,2.839090353119179,7.35348653483147,2.3427558109555773,1161.6,1161.6,0.43953030303030294,0.975,7.030681818181818,13.65,1.5,4.5,-1.5,0.7071067811865476,2.8284271247461903,0.6836002712833933,0.004336850950448342,1.2235831695328172,1.2279200204832643,0.2725727470578689,0.007433673612236251,77.07463914933368,77.07463914933368,0.5852058576056302,1.3053191180703665,9.325774207330761,18.17264427649427,0.7071067811865476,3.5355339059327378,0.7071067811865476,2.0,1
LRL_2026-01-16_9,22014410,LRL_2026-01-16_9_22014410,12.0,4.0,17.00249876241418,17.690430926884687,16.085802673073072,1.6046282538116152,7.250463309524899,2.3454879778136952,1209.9999999999998,1209.9999999999998,0.1835,0.8,3.0500000000000003,12.6,2.0,4.0,-2.0,11.666666666666666,5.666666666666667,17.18437719180946,17.582553225380238,16.059924681147027,1.5226285442332095,7.354301711586161,2.336975870867029,1178.1666666666665,1178.1666666666667,0.3973611111111111,0.9430000000000001,6.75050505050505,14.233333333333333,3.6666666666666665,6.0,-1.3333333333333333,0.5773502691896258,2.886751345948129,0.16778959402804175,0.619251310138278,0.5165359189934017,1.1304456069002546,0.09051884408483644,0.010227413892263847,60.407643004286385,60.407643004286534,0.19671557183838725,0.2651923829977023,3.3240401907122696,3.003886371574885,2.0816659994661326,2.6457513110645907,2.0816659994661326,3.0,1
LRL_2026-01-16_9,22009002,LRL_2026-01-16_9_22009002,14.0,2.0,16.517989822234355,16.91216199489865,15.791409051947038,1.1207529429516114,7.058515691078528,2.340179941297182,1413.5999999999997,1413.6,0.10435714285714284,0.22,1.7499999999999998,3.2,1.0,2.0,-1.0,13.333333333333334,1.3333333333333333,16.743421304185755,17.247968753043207,15.779788329341557,1.4681804237016494,7.0783614763057265,2.3651600250323317,1345.0999999999997,1345.0999999999997,0.16325396825396823,0.07333333333333333,2.8265873015873013,1.0666666666666667,1.0,4.0,2.3333333333333335,1.1547005383792515,0.5773502691896258,0.28099565858739917,0.30079396340290265,0.3296418740332389,0.39289582009794355,0.018722020198668914,0.03802331340222905,117.86691647786482,117.86691647786506,0.06630809322784988,0.12701705922171766,1.1403222963405424,1.8475208614068026,0.0,1.7320508075688772,2.8867513459481287,3.0,1
LRL_2026-01-16_9,22007910,LRL_2026-01-16_9_22007910,11.0,6.0,16.97256205540462,17.665033539079296,15.433941180064158,2.231092359015138,6.913200649803372,2.4527862558711377,1111.8,1111.8,0.11181818181818182,0.602,1.7272727272727273,8.9,1.0,6.0,-5.0,11.5,3.5,17.00374994283552,17.567631235851895,15.977391848695994,1.5902393871558997,6.967389184503871,2.439229660836956,1163.25,1163.25,0.05590909090909091,0.301,0.8636363636363636,4.45,1.0,3.5,-2.5,0.7071067811865476,3.5355339059327378,0.044106333386544724,0.13774765823056742,0.76855530605987,0.9063029642904381,0.07663416069857061,0.019171920556939694,72.76128778409573,72.76128778409573,0.07906739462358668,0.4256782822743016,1.2213662584131275,6.293250352560273,0.0,3.5355339059327378,3.5355339059327378,2.0,1
LRL_2026-01-16_9,22015422,LRL_2026-01-16_9_22015422,12.0,5.0,17.03909226132045,18.81321747246845,15.170796900189888,3.6424205722785636,7.287674354369212,2.3332548773228736,1216.4999999999998,1216.4999999999998,0.163,0.522,2.433333333333333,7.3,1.0,5.0,-4.0,11.5,4.0,17.32387881546537,18.6221920824336,15.632953672069648,2.9892384103639493,7.307592296688939,2.368028306590226,1161.8999999999999,1161.8999999999999,0.15204545454545454,0.5609999999999999,2.3848484848484848,8.25,1.0,4.5,-1.5,0.7071067811865476,1.4142135623730951,0.402749007253244,0.2701506973448995,0.6535883747349257,0.9237390720798265,0.028168224163122462,0.049177055280111105,77.21606050557085,77.21606050557085,0.01549206675145073,0.05515432893255064,0.06856793029687715,1.3435028842544403,0.0,0.7071067811865476,3.5355339059327378,2.0,1
LRL_2026-01-16_10,22006543,LRL_2026-01-16_10_22006543,14.0,7.0,15.942865222424416,16.942021168214016,13.786572383839408,3.1554487843746077,6.46861712989491,2.458520395322443,1412.8999999999999,1412.8999999999999,1.1116428571428572,3.086,17.25,40.7,6.0,7.0,0.0,12.666666666666666,6.333333333333333,16.41497583964433,17.407111649400367,14.834689090698907,2.5724225587014597,6.642507894209545,2.4690062881094295,1279.5999999999997,1279.5999999999997,0.855547619047619,2.1873333333333336,13.530555555555557,30.166666666666668,3.3333333333333335,7.0,-2.6666666666666665,1.1547005383792517,1.1547005383792517,0.4115240045563272,0.520569654246475,0.9100787010910325,0.6414384420976671,0.15072305453899268,0.009603904456380251,115.52692326899388,115.52692326899388,0.2273879343231231,0.9261238218150601,3.2902458255565934,11.498405686586874,2.3094010767585034,1.0,2.5166114784235836,3.0,1
LRL_2026-01-16_10,19017159,LRL_2026-01-16_10_19017159,12.0,1.0,16.794108925640927,17.048570820728788,16.286907894045306,0.7616629266834813,7.090224315604385,2.3685867490065724,1209.8,1209.8,0.44875000000000004,0.0,7.608333333333333,0.0,1.0,6.0,5.0,13.333333333333334,1.3333333333333333,16.518915523290698,17.157260565636573,15.453156409256499,1.7041041563800725,7.04364603803723,2.343608353234258,1346.8,1346.8,0.2768611111111111,0.4523333333333333,4.519444444444445,5.733333333333333,1.0,3.6666666666666665,2.0,2.3094010767585034,0.5773502691896257,0.46435943857683465,0.10855710600925761,1.1624865461700244,1.1834492092149436,0.053355102202835944,0.05159195558806375,234.35264026675708,234.3526402667568,0.17677043598135136,0.7834643152903221,2.985222089883084,9.930424630061562,0.0,2.0816659994661326,2.6457513110645907,3.0,1
LRL_2026-01-16_10,21016215,LRL_2026-01-16_10_21016215,12.0,4.0,16.643288130969356,17.70233508580202,15.33405482351686,2.3682802622851593,6.951743866890379,2.394828049155755,1213.2,1213.2,0.25866666666666666,0.607,4.074999999999999,8.7,2.0,4.0,-2.0,12.0,3.5,16.686097460833928,17.50794801323558,15.598049231505277,1.9098987817303037,6.9607576794656545,2.3972373967545644,1210.8,1210.8,0.23925,0.5365,3.841666666666667,7.8,2.0,3.5,-1.5,0.0,0.7071067811865476,0.06054153489058032,0.27490483437346097,0.37334447216787503,0.648249306541336,0.01274745599264432,0.0034073320507073002,3.394112549695557,3.394112549695557,0.027459313336077595,0.0997020561473032,0.3299831645537212,1.2727922061357848,0.0,0.7071067811865476,0.7071067811865476,2.0,1
LRL_2026-01-16_10,20014884,LRL_2026-01-16_10_20014884,16.0,4.0,15.845729949806872,17.22493300347387,14.186836101289966,3.038096902183902,6.6386331676594335,2.3850623438441207,1614.3,1614.2999999999997,0.7524375,1.95,11.14375,24.7,2.0,5.0,-1.0,16.0,5.0,15.71610777717986,17.186558683053363,13.866998078437554,3.319560604615811,6.595460650293288,2.3790161177971063,1613.85,1613.8499999999997,0.7320625,2.898,10.55625,38.1,1.5,5.5,-3.0,0.0,1.4142135623730951,0.18331343451338777,0.05426948438552825,0.4523192696804773,0.39804978529495033,0.06105515958099121,0.008550654876861281,0.6363961030678768,0.6363961030679571,0.028814601333351855,1.3406744571296942,0.8308504678941939,18.950461735799475,0.7071067811865476,0.7071067811865476,2.8284271247461903,2.0,1
LRL_2026-01-16_10,17001959,LRL_2026-01-16_10_17001959,12.0,4.0,16.913945679004076,17.56474623982052,15.886316796703742,1.6784294431167766,7.208421170732446,2.3478182347376317,1212.3999999999999,1212.3999999999999,0.7275,1.504,11.899999999999999,21.7,4.0,8.0,4.0,12.0,3.0,16.902352984336062,17.520360888215443,15.906012374340012,1.6143485138754299,7.176565274054676,2.356771369604111,1211.1,1211.1,0.5549583333333333,0.8045,9.299999999999999,11.6,2.5,7.5,4.5,0.0,1.4142135623730951,0.016394546023956985,0.06277036621059667,0.02785375301198581,0.09062411922258312,0.045051041123258986,0.012661644753930307,1.8384776310849593,1.8384776310849593,0.24401076507445782,0.98924238687998,3.6769552621700465,14.28355697996826,2.1213203435596424,0.7071067811865476,0.7071067811865476,2.0,1
LRL_2026-01-16_10,19016196,LRL_2026-01-16_10_19016196,12.0,3.0,16.636556980539584,17.691783438342746,15.481880299729687,2.2099031386130594,7.165485527574692,2.321030629875026,1210.3999999999999,1210.3999999999999,0.43324999999999997,0.211,6.991666666666668,2.9,3.0,6.0,1.0,12.0,3.3333333333333335,16.724458582426276,17.533247720986022,15.71535192772509,1.8178957932609332,7.218304098260238,2.3163073879673344,1211.6333333333332,1211.6333333333332,0.5948333333333334,0.5913333333333334,9.733333333333333,8.833333333333334,3.3333333333333335,5.666666666666667,1.6666666666666667,0.0,0.5773502691896258,0.07903110280951943,0.14842878169787352,0.2846071573605564,0.425612808733957,0.048104332737238784,0.008149649453687709,2.0502032419575946,2.0502032419576435,0.13993751085554035,0.6936860481034148,2.3747953128170383,10.712764971441,0.5773502691896258,1.5275252316519465,2.0816659994661326,3.0,1
LRL_2026-01-16_10,19004608,LRL_2026-01-16_10_19004608,11.0,1.0,16.672647752812875,17.335380305321014,15.427660001983428,1.9077203033375856,6.765981820465544,2.4652648189581727,1112.5,1112.5,0.21481818181818182,0.0,3.645454545454545,0.0,1.0,3.0,2.0,11.666666666666666,3.3333333333333335,16.65376132951762,17.495588821993405,15.288439365737858,2.207149456255547,6.779563339853287,2.4570225762882063,1177.6000000000001,1177.6000000000001,0.5609116161616162,1.1256666666666666,9.112373737373737,16.233333333333334,2.6666666666666665,4.666666666666667,1.0,0.5773502691896255,2.516611478423583,0.15055592920080102,0.22130485133817113,0.3342383819981867,0.549218517413987,0.01273478055595395,0.02220014437763567,56.38093649452809,56.38093649452809,0.47535854963157653,1.4958055800582284,7.45156615189106,21.563008448111628,2.0816659994661326,1.5275252316519468,1.7320508075688772,3.0,1
LRL_2026-01-17_1,19014035,LRL_2026-01-17_1_19014035,12.0,7.0,16.21228737126337,16.57484116944296,15.711956958636298,0.8628842108066603,7.064268159836458,2.2945941847396383,1219.6,1219.6,1.1500833333333333,1.573,18.275000000000002,21.5,7.0,11.0,4.0,12.0,6.5,16.30710640392237,16.76288995176001,15.507523264680085,1.2553666870799232,7.038279228133669,2.3167052653016853,1218.2999999999997,1218.2999999999997,1.0935000000000001,1.818,17.4875,25.65,5.5,8.5,2.0,0.0,0.7071067811865476,0.13409436195745672,0.26594113834051736,0.28911290259890804,0.5550540409394248,0.03675389968567299,0.031269790009570864,1.8384776310852005,1.8384776310852005,0.08002091740427753,0.34648232278140845,1.1136931803688144,5.8689862838483435,2.1213203435596424,3.5355339059327378,2.8284271247461903,2.0,1
LRL_2026-01-17_1,17011271,LRL_2026-01-17_1_17011271,,,,,,,,,,,,,,,,,,,,,,,,,,,,,,,,,,,,,,,,,,,,,,,,,,,,0.0,0
LRL_2026-01-17_1,19016350,LRL_2026-01-17_1_19016350,,,,,,,,,,,,,,,,,,,,,,,,,,,,,,,,,,,,,,,,,,,,,,,,,,,,0.0,0
LRL_2026-01-17_1,20003449,LRL_2026-01-17_1_20003449,18.0,4.0,15.746542772155927,16.222068578212745,15.361072821273888,0.8609957569388573,7.212657266053082,2.183539078282074,1815.8999999999996,1815.8999999999999,0.8989999999999999,1.84,14.100000000000001,26.3,4.0,5.0,1.0,17.333333333333332,6.0,16.375781987430152,17.991819375174998,15.133789627403857,2.858029747771141,7.490145756882072,2.1844457464062454,1755.3,1755.3,0.8197450980392157,1.278,12.917647058823528,18.066666666666666,4.333333333333333,7.0,-1.3333333333333333,0.5773502691896263,2.0,0.853183203915375,2.8676733033003803,0.40187530516076336,3.269071745051213,0.3765657351543673,0.0008108863272785524,52.53598766559904,52.53598766559921,0.09583451230406631,0.5387429813927974,1.5006688243630664,8.056260505553016,0.5773502691896257,1.7320508075688772,2.516611478423583,3.0,1
LRL_2026-01-17_1,20016120,LRL_2026-01-17_1_20016120,16.0,6.0,15.91473045642965,16.65117730680405,15.049340872364871,1.6018364344391802,7.299006826801666,2.1804287502686455,1611.0,1610.9999999999995,1.0341874999999998,1.951,16.25625,27.2,6.0,9.0,1.0,16.5,7.0,15.808761997068002,16.50070790788742,14.7558723521358,1.74483555575162,7.2879939623416,2.1686304430700334,1666.1999999999998,1666.1999999999998,1.6895349264705881,3.9785000000000004,26.336948529411764,55.85,6.0,8.5,-0.5,0.7071067811865476,1.4142135623730951,0.14986203241302493,0.21279586467002645,0.4150271614375149,0.2022312967674878,0.015574542280001356,0.01668532605332132,78.06458864299468,78.06458864299516,0.9268012185810107,2.8673179977114502,14.256260578488629,40.517218561989175,0.0,0.7071067811865476,2.1213203435596424,2.0,1
LRL_2026-01-17_1,20013396,LRL_2026-01-17_1_20013396,18.0,5.0,15.613442630672527,15.650554038715512,15.24497337192288,0.40558066679263227,7.244308809058713,2.1567469090488247,1815.0,1814.9999999999998,1.5556666666666665,2.395,24.21666666666667,33.5,5.0,6.0,1.0,17.5,6.5,15.572945316061627,15.845479705050844,14.818253124133506,1.027226580917337,7.168918309589104,2.1726231639969704,1766.85,1766.8499999999997,1.8269509803921569,2.8594999999999997,28.334803921568625,39.15,6.5,7.5,0.5,0.7071067811865476,2.1213203435596424,0.057271851562423315,0.2756665209860383,0.6034735617629403,0.8791400827489779,0.10661826682400216,0.022452415067360777,68.09438302826466,68.09438302826466,0.38365395572966593,0.6569021997223023,5.8239255575962545,7.9903066274079855,2.1213203435596424,2.1213203435596424,0.7071067811865476,2.0,1
LRL_2026-01-17_1,21011287,LRL_2026-01-17_1_21011287,12.0,5.0,16.219665474914308,16.796305062944715,15.529731927718203,1.266573135226512,7.389048022828061,2.1962579539453144,1215.3999999999999,1215.4,0.6823333333333333,1.252,10.725000000000001,17.1,5.0,7.0,0.0,13.333333333333334,3.6666666666666665,16.36574050204695,16.87490365321503,15.631382550048123,1.243521103166905,7.371677219400979,2.2206700350428488,1349.0666666666666,1349.0666666666666,0.5834930555555555,0.6466666666666666,9.436111111111112,8.8,3.6666666666666665,7.0,1.6666666666666667,2.3094010767585034,1.5275252316519468,0.30991132906278357,0.17163717927016922,0.47242679827244777,0.30723893128347746,0.02690871680588382,0.03877088139197583,234.2072657569218,234.2072657569216,0.11281741550797088,0.5628910492567218,1.572999905818086,7.660939890117922,1.5275252316519468,2.0,1.5275252316519465,3.0,1
LRL_2026-01-17_1,16009053,LRL_2026-01-17_1_16009053,13.0,10.0,16.271543900874867,16.69349235976301,15.263277947249536,1.4302144125134735,7.253991909769,2.242767197096417,1312.6999999999998,1312.6999999999998,1.2962307692307695,1.291,21.099999999999998,17.4,10.0,11.0,1.0,15.666666666666666,7.0,16.10549666246617,16.509623656180448,14.932318654469507,1.5773050017109391,7.187531136733887,2.239255361756189,1583.6333333333332,1583.6333333333332,1.2113523860398863,1.7096666666666664,19.525462962962965,23.333333333333332,6.333333333333333,7.666666666666667,0.0,2.5166114784235836,3.0,0.14641533128364417,0.5167597441102818,0.4533561081577335,0.852442693225178,0.07426874881477646,0.011389824079773507,257.1803712053727,257.18037120537275,0.9154316729836778,0.8168753474878118,15.012749232965064,11.42117915687051,4.041451884327381,3.5118845842842465,1.7320508075688772,3.0,1
LRL_2026-01-17_1,21008594,LRL_2026-01-17_1_21008594,12.0,9.0,16.50419096611493,17.265005354143426,15.478604350214546,1.78640100392888,7.027382462169694,2.3481899073639414,1218.1,1218.1,1.0581666666666667,1.455,17.133333333333336,20.9,5.0,10.0,-4.0,12.0,9.0,16.50419096611493,17.265005354143426,15.478604350214546,1.78640100392888,7.027382462169694,2.3481899073639414,1218.1,1218.1,1.0581666666666667,1.455,17.133333333333336,20.9,5.0,10.0,-4.0,,,,,,,,,,,,,,,,,,1.0,1
LRL_2026-01-17_2,23009267,LRL_2026-01-17_2_23009267,12.0,8.0,15.708659314886624,16.95557383506044,13.81537355537441,3.140200279686031,6.449684864684922,2.4325085698791375,1215.5,1215.4999999999998,1.8596666666666668,4.118,28.683333333333334,55.4,8.0,9.0,1.0,12.0,8.0,15.708659314886624,16.95557383506044,13.81537355537441,3.140200279686031,6.449684864684922,2.4325085698791375,1215.5,1215.4999999999998,1.8596666666666668,4.118,28.683333333333334,55.4,8.0,9.0,1.0,,,,,,,,,,,,,,,,,,1.0,1
LRL_2026-01-17_2,23001436,LRL_2026-01-17_2_23001436,16.0,8.0,15.52906269280204,16.38492048146601,14.051784819113255,2.333135662352756,6.568822917680253,2.3623703125339146,1613.8,1613.7999999999997,1.002,3.499,14.76875,46.2,3.0,8.0,-5.0,15.0,6.0,15.67012145616568,16.678328372489116,14.314969826496855,2.363358545992263,6.602451808958083,2.372562143003995,1515.2333333333333,1515.2333333333333,1.0427990196078432,2.7663333333333333,15.616380718954249,36.733333333333334,3.6666666666666665,7.333333333333333,-1.0,2.6457513110645907,2.6457513110645907,0.2987811518048677,0.5574951126004797,0.227941935159728,0.4941275428825661,0.10456119238873873,0.07710407965586347,266.49116933462045,266.4911693346204,0.058441931989353435,0.6680429127932828,1.3167412178711364,8.571075389549048,1.1547005383792515,0.5773502691896258,4.0,3.0,1
LRL_2026-01-17_2,23007998,LRL_2026-01-17_2_23007998,,,,,,,,,,,,,,,,,,,,,,,,,,,,,,,,,,,,,,,,,,,,,,,,,,,,0.0,0
LRL_2026-01-17_2,23004126,LRL_2026-01-17_2_23004126,16.0,10.0,15.860972271326634,16.1214207836051,15.118672261582054,1.0027485220230457,6.724329440166155,2.3593214035225496,1619.8,1619.7999999999997,1.054625,4.169,16.856250000000003,63.5,3.0,10.0,-4.0,14.0,8.0,16.001310247595747,16.893968184128397,14.734631895782154,2.1593362883462435,6.675791332121815,2.395285607745395,1417.7999999999997,1417.7999999999997,0.9110625,3.505,14.194791666666667,51.45,3.0,8.0,-2.0,2.8284271247461903,2.8284271247461903,0.19846786935577354,1.092547011396128,0.5431150938129417,1.6356621052090703,0.06864325068823704,0.0508610653719034,285.6711395993654,285.6711395993651,0.20302803454818735,0.9390378054157347,3.7638704706908963,17.041273426595794,0.0,2.8284271247461903,2.8284271247461903,2.0,1
LRL_2026-01-17_2,23004717,LRL_2026-01-17_2_23004717,11.0,4.0,16.098186008775375,17.079479660687277,14.824265823030506,2.25521383765677,6.837112798818688,2.3537066206698105,1114.5,1114.5,0.6540909090909092,2.144,9.799999999999999,29.5,3.0,5.0,-1.0,11.666666666666666,3.3333333333333335,16.274115928174343,17.243061170553776,15.027680240100125,2.2153809304536516,6.934566932336502,2.347312117479788,1183.3666666666666,1183.3666666666666,0.7210303030303029,1.4463333333333335,11.25,19.866666666666667,2.6666666666666665,5.666666666666667,1.0,0.5773502691896255,1.1547005383792515,0.17859250965149517,0.31887986969522786,0.24254158486265834,0.4537104075018173,0.09188959193219137,0.025225579371797004,59.65671239125835,59.656712391258424,0.40211731553968305,0.6283393456829942,6.612005074945959,8.723722447059702,1.5275252316519468,2.081665999466133,2.6457513110645907,3.0,1
LRL_2026-01-17_2,23006120,LRL_2026-01-17_2_23006120,,,,,,,,,,,,,,,,,,,,,,,,,,,,,,,,,,,,,,,,,,,,,,,,,,,,0.0,0
LRL_2026-01-17_3,23006099,LRL_2026-01-17_3_23006099,12.0,7.0,16.236735080170806,18.29610871782179,13.892965353943126,4.403143363878666,6.785946356555964,2.386486209927779,1213.8999999999999,1213.8999999999999,0.7068333333333333,2.584,10.116666666666667,33.0,3.0,7.0,-4.0,11.0,4.5,16.88674581942145,18.281157345665076,15.019551725962966,3.2616056197021095,6.920001925515379,2.436695794885594,1114.1499999999999,1114.15,0.4403166666666667,1.4375,6.588333333333334,18.65,2.0,4.5,-2.0,1.4142135623730951,3.5355339059327378,0.9192540031364195,0.021144433280115307,1.5932337264951595,1.6143781597752747,0.18958320373404633,0.07100707600846647,141.0678028467162,141.06780284671598,0.37691148459846935,1.6213958492607536,4.989816852573071,20.293964620053913,1.4142135623730951,3.5355339059327378,2.8284271247461903,2.0,1
LRL_2026-01-17_3,23000688,LRL_2026-01-17_3_23000688,14.0,2.0,16.122895586937823,16.97486958996828,14.501504054643416,2.473365535324863,6.937626500583091,2.322599350885532,1410.1,1410.1,0.3417857142857143,0.09,5.742857142857143,1.2,1.0,4.0,2.0,12.666666666666666,2.3333333333333335,16.451205473531466,17.77185990684288,14.697292596803175,3.074567310039706,6.942582066462971,2.3662934288388104,1281.0999999999997,1281.1,0.22237301587301586,0.7153333333333333,3.442063492063492,9.5,1.0,3.3333333333333335,0.6666666666666666,1.1547005383792517,0.5773502691896258,0.300442220615085,0.6959548724625013,0.43960256747958554,0.7182646715564274,0.03591371790113812,0.0379577729768166,111.73177703768968,111.73177703768968,0.10758557300011308,0.5415582455593613,2.0322988381754494,7.209022125087424,0.0,0.5773502691896257,1.5275252316519468,3.0,1
LRL_2026-01-17_3,23014870,LRL_2026-01-17_3_23014870,,,,,,,,,,,,,,,,,,,,,,,,,,,,,,,,,,,,,,,,,,,,,,,,,,,,0.0,0
LRL_2026-01-17_3,23009535,LRL_2026-01-17_3_23009535,12.0,3.0,16.092061261926528,17.243454130650825,14.35047534629219,2.8929787843586343,6.656395235907815,2.414820313060168,1213.0,1213.0,0.4879166666666666,0.914,7.5249999999999995,11.2,3.0,5.0,2.0,12.0,3.0,16.092061261926528,17.243454130650825,14.35047534629219,2.8929787843586343,6.656395235907815,2.414820313060168,1213.0,1213.0,0.4879166666666666,0.914,7.5249999999999995,11.2,3.0,5.0,2.0,,,,,,,,,,,,,,,,,,1.0,1
LRL_2026-01-17_3,23001495,LRL_2026-01-17_3_23001495,12.0,2.0,16.6110897744344,17.562763645009646,15.439207205600068,2.123556439409578,7.148767856447975,2.3258627498253213,1208.0,1208.0,0.5299166666666667,1.329,8.175,18.3,2.0,4.0,0.0,12.0,2.0,16.6110897744344,17.562763645009646,15.439207205600068,2.123556439409578,7.148767856447975,2.3258627498253213,1208.0,1208.0,0.5299166666666667,1.329,8.175,18.3,2.0,4.0,0.0,,,,,,,,,,,,,,,,,,1.0,1
LRL_2026-01-17_3,23013122,LRL_2026-01-17_3_23013122,,,,,,,,,,,,,,,,,,,,,,,,,,,,,,,,,,,,,,,,,,,,,,,,,,,,0.0,0
LRL_2026-01-17_3,23006689,LRL_2026-01-17_3_23006689,14.0,5.0,15.595378674305154,17.260510096826334,13.42591542701713,3.834594669809203,6.62088171692228,2.351194386494118,1410.6999999999996,1410.6999999999998,1.2617857142857143,3.672,18.521428571428572,48.2,2.0,5.0,-2.0,14.0,5.0,15.595378674305154,17.260510096826334,13.42591542701713,3.834594669809203,6.62088171692228,2.351194386494118,1410.6999999999996,1410.6999999999998,1.2617857142857143,3.672,18.521428571428572,48.2,2.0,5.0,-2.0,,,,,,,,,,,,,,,,,,1.0,1
LRL_2026-01-17_3,23015077,LRL_2026-01-17_3_23015077,12.0,6.0,16.088927485211563,17.460776040264495,14.365334126238515,3.0954419140259795,6.707260089281708,2.395000769801349,1212.6999999999998,1212.6999999999998,1.3498333333333334,3.731,20.966666666666665,51.4,5.0,7.0,0.0,12.0,6.0,16.088927485211563,17.460776040264495,14.365334126238515,3.0954419140259795,6.707260089281708,2.395000769801349,1212.6999999999998,1212.6999999999998,1.3498333333333334,3.731,20.966666666666665,51.4,5.0,7.0,0.0,,,,,,,,,,,,,,,,,,1.0,1
LRL_2026-01-17_4,20011797,LRL_2026-01-17_4_20011797,16.0,6.0,16.383978915480924,17.32446907391679,15.173212191391382,2.1512568825254093,7.243731551841899,2.2625010636925884,1611.0,1610.9999999999998,0.23506249999999998,1.732,3.5625000000000004,25.0,1.0,6.0,-4.0,17.333333333333332,4.666666666666667,16.446985806339132,17.29812548686642,15.269873913502229,2.028251573364194,7.297507363448396,2.25401424207111,1747.2666666666664,1747.2666666666664,0.16948379629629629,1.423,2.526388888888889,20.166666666666668,1.0,4.666666666666667,-2.3333333333333335,1.1547005383792517,1.5275252316519465,0.23112393927076283,0.043197038081501896,0.5389754408490248,0.507069667648292,0.11847491170648092,0.007513892279171408,118.01552157802514,118.01552157802527,0.057995579871173104,0.26901115218518357,0.9384933009488807,4.252450274057692,0.0,1.5275252316519465,1.5275252316519468,3.0,1
LRL_2026-01-17_4,22008084,LRL_2026-01-17_4_22008084,18.0,7.0,16.260581921557016,16.366257608350068,15.649938758649155,0.7163188497009134,7.477848765169337,2.17554129940481,1819.9999999999998,1819.9999999999998,0.6463888888888889,1.481,10.533333333333333,22.3,4.0,7.0,-1.0,17.666666666666668,5.0,16.34577049706768,16.721520439155416,15.551344703037449,1.170175736117968,7.6702571472882495,2.132150046545192,1786.7666666666664,1786.7666666666664,0.6414063180827886,1.4223333333333334,10.437363834422657,21.033333333333335,3.3333333333333335,6.666666666666667,1.0,0.5773502691896255,2.6457513110645907,0.15595237948431753,0.40725035169605583,0.14101952926053027,0.422359836590028,0.16663221811557008,0.041388562338088505,56.69800114054591,56.69800114054588,0.21701675923104963,0.9913028464265263,3.472726719725198,14.7408728823409,2.0816659994661326,0.5773502691896257,2.6457513110645907,3.0,1
LRL_2026-01-17_4,20002596,LRL_2026-01-17_4_20002596,16.0,5.0,16.20831196236455,16.48808329343501,15.975428874137327,0.5126544192976841,7.362051803547207,2.2007278798909176,1617.0,1616.9999999999998,0.8235625,1.235,13.10625,17.4,5.0,8.0,1.0,16.0,5.0,16.20831196236455,16.48808329343501,15.975428874137327,0.5126544192976841,7.362051803547207,2.2007278798909176,1617.0,1616.9999999999998,0.8235625,1.235,13.10625,17.4,5.0,8.0,1.0,,,,,,,,,,,,,,,,,,1.0,1
LRL_2026-01-17_4,22009964,LRL_2026-01-17_4_22009964,14.0,7.0,16.56168810205041,16.520572578030205,15.853293228372838,0.6672793496573668,7.595283908225559,2.1796339597742302,1409.9999999999998,1410.0,1.6234285714285714,0.936,27.171428571428574,13.4,7.0,9.0,1.0,14.0,7.0,16.56168810205041,16.520572578030205,15.853293228372838,0.6672793496573668,7.595283908225559,2.1796339597742302,1409.9999999999998,1410.0,1.6234285714285714,0.936,27.171428571428574,13.4,7.0,9.0,1.0,,,,,,,,,,,,,,,,,,1.0,1
LRL_2026-01-17_4,19012229,LRL_2026-01-17_4_19012229,17.0,3.0,16.196406109961885,16.76666612299494,15.401562787093074,1.3651033359018676,7.2487339827241275,2.2346137472907244,1718.4999999999998,1718.4999999999998,0.23582352941176474,0.452,3.688235294117647,6.4,1.0,3.0,0.0,17.0,2.5,16.235791546367274,16.582898710355188,15.536153348933809,1.0467453614213778,7.2247316665647805,2.2474088700354073,1715.75,1715.75,0.2206764705882353,0.5690000000000001,3.4499999999999997,8.3,1.0,2.5,-0.5,0.0,0.7071067811865476,0.055699418324485966,0.2598863672773529,0.19033979792258224,0.4502261651999364,0.03394440104091574,0.01809503611775928,3.88908729652577,3.88908729652577,0.021421176018298377,0.16546298679765217,0.33691558397711974,2.6870057685088806,0.0,0.7071067811865476,0.7071067811865476,2.0,1
LRL_2026-01-17_4,21008850,LRL_2026-01-17_4_21008850,16.0,1.0,16.244397694157875,16.566146987778588,15.962294132616853,0.603852855161735,7.459521809179611,2.1785036647780567,1616.0,1615.9999999999998,0.33806250000000004,0.0,5.44375,0.0,1.0,5.0,1.0,16.0,1.0,16.244397694157875,16.566146987778588,15.962294132616853,0.603852855161735,7.459521809179611,2.1785036647780567,1616.0,1615.9999999999998,0.33806250000000004,0.0,5.44375,0.0,1.0,5.0,1.0,,,,,,,,,,,,,,,,,,1.0,1
LRL_2026-01-17_4,22009085,LRL_2026-01-17_4_22009085,16.0,3.0,16.192731576044956,16.27992458123387,15.849716239935583,0.4302083412982878,7.545321192574839,2.147541799413526,1612.6999999999998,1612.6999999999996,0.75575,1.079,12.2125,15.2,3.0,8.0,5.0,17.0,4.666666666666667,16.154108374648853,16.48456582813271,15.455921078972919,1.0286447491597912,7.506575573644068,2.1530818716931486,1718.0,1718.0,1.0553730936819172,2.1999999999999997,16.878022875816992,31.666666666666668,4.666666666666667,7.666666666666667,3.0,1.0,3.7859388972001824,0.20696137821508118,0.24089285855508843,0.42995591463655664,0.5275708664823557,0.034851671668463625,0.024598830045262022,105.80354436407121,105.80354436407146,0.4474574249823662,1.5470297346851483,7.335593655327408,23.35836752286712,3.7859388972001824,2.516611478423583,2.0,3.0,1
LRL_2026-01-17_5,21012359,LRL_2026-01-17_5_21012359,16.0,3.0,16.291979147869036,17.166505687247128,14.75185452399188,2.4146511632552468,6.903246771572659,2.3577359457829026,1611.8000000000002,1611.7999999999997,0.6293124999999999,0.784,10.4375,10.2,2.0,8.0,5.0,16.0,3.0,16.291979147869036,17.166505687247128,14.75185452399188,2.4146511632552468,6.903246771572659,2.3577359457829026,1611.8000000000002,1611.7999999999997,0.6293124999999999,0.784,10.4375,10.2,2.0,8.0,5.0,,,,,,,,,,,,,,,,,,1.0,1
LRL_2026-01-17_5,22004135,LRL_2026-01-17_5_22004135,12.0,7.0,17.220432515549934,17.90480440355937,16.24057169851173,1.6642327050476418,7.200486646884109,2.392966788870474,1210.6,1210.6,0.9379166666666667,0.841,16.258333333333336,12.5,6.0,8.0,-1.0,15.0,4.666666666666667,16.396970187451274,17.19059216708124,15.402368275791659,1.7882238912895805,7.009866663457817,2.3388669811163236,1515.4333333333332,1515.4333333333332,0.46550531045751636,1.059,7.626919934640523,14.366666666666667,3.0,5.0,-1.6666666666666667,2.6457513110645907,2.516611478423583,0.7277300922130052,0.6325744520575696,0.819785080836639,0.2705760462912161,0.16971360520700396,0.047525750585516835,268.4387142968267,268.4387142968266,0.45900983294371234,0.8502258523474807,8.065770276395451,10.920317455703078,2.6457513110645907,3.0,1.1547005383792517,3.0,1
LRL_2026-01-17_5,21007178,LRL_2026-01-17_5_21007178,11.0,2.0,17.473112692824415,21.248905201079115,15.289059612106572,5.959845588972543,7.463426624774004,2.3349565668354817,1212.0,1212.0,0.32536363636363635,1.443,5.009090909090909,21.2,1.0,3.0,1.0,13.5,2.5,17.074568709052507,19.40490855759128,15.316514942640111,4.088393614951168,7.334172889840243,2.324925596781561,1412.8,1412.7999999999997,0.28015056818181816,0.925,4.426420454545454,13.35,1.5,3.5,1.0,3.5355339059327378,0.7071067811865476,0.5636263070524357,2.6078050621909603,0.03882770079996887,2.64663276299093,0.18279238493070193,0.014185933894013071,283.97408332451744,283.97408332451715,0.06394093421922672,0.7325626253092632,0.824020459212278,11.101576464628796,0.7071067811865476,0.7071067811865476,0.0,2.0,1
LRL_2026-01-17_5,21000940,LRL_2026-01-17_5_21000940,11.0,4.0,17.322278032125595,21.114113913584568,15.298696877171713,5.815417036412855,7.6592293479566225,2.259575116256655,1210.8999999999999,1210.8999999999999,0.7013636363636363,1.95,11.018181818181818,28.6,4.0,5.0,0.0,13.333333333333334,5.333333333333333,17.120952744506823,18.58118355915877,16.156735329748567,2.424448229410203,7.497584590921957,2.282553349752219,1378.3999999999999,1378.3999999999999,0.5435542186571597,1.0819999999999999,9.1075311942959,16.3,3.3333333333333335,6.666666666666667,1.0,3.2145502536643185,2.309401076758503,0.456433209150467,2.1984396548583045,0.8919260637523357,2.957124461450763,0.19243080096685422,0.024703481051448654,290.8116056831295,290.8116056831293,0.40643394987430875,0.7753502434384089,7.020573974164508,11.108105148944173,2.0816659994661326,2.886751345948129,1.0,3.0,1
LRL_2026-01-17_5,22015126,LRL_2026-01-17_5_22015126,12.0,5.0,16.433574813994422,16.85327975913508,15.700578196729225,1.1527015624058556,7.055510058134914,2.3304100864259443,1209.8,1209.8,0.8003333333333332,0.652,13.341666666666667,9.6,5.0,9.0,3.0,13.333333333333334,4.0,16.417976239608205,17.09783724337493,15.345297029713164,1.7525402136617683,7.053764717854605,2.326561756286352,1345.3,1345.3,0.6595208333333332,0.9603333333333334,10.645833333333334,12.9,3.0,7.666666666666667,1.6666666666666667,2.3094010767585034,2.6457513110645907,0.3428961301579552,0.21343549380593954,0.8419505032444596,0.962387373542411,0.08326749367366226,0.02198444842822805,235.2993625150736,235.29936251507345,0.22677690238395332,1.1460420294794311,3.305191098022087,14.828014027508877,2.0,1.5275252316519465,4.163331998932265,3.0,1
LRL_2026-01-17_5,22003364,LRL_2026-01-17_5_22003364,,,,,,,,,,,,,,,,,,,,,,,,,,,,,,,,,,,,,,,,,,,,,,,,,,,,0.0,0
LRL_2026-01-17_5,22009607,LRL_2026-01-17_5_22009607,17.0,1.0,15.62477715557958,16.52935387778435,14.387714153020676,2.1416397247636727,6.954997046305783,2.246071198839349,1721.0,1720.9999999999998,0.3412941176470588,0.0,5.582352941176471,0.0,1.0,6.0,2.0,16.666666666666668,2.0,16.137000334318895,16.103925677130533,16.052894862833323,0.05103081429720824,7.110256581617087,2.269359863203702,1683.9666666666665,1683.9666666666665,0.7313835784313726,0.4013333333333334,11.952450980392157,6.266666666666667,1.6666666666666667,6.666666666666667,3.6666666666666665,0.5773502691896255,1.0,0.4454712002914678,0.3877377877416126,1.4427548184154402,1.8179924836812094,0.1373433879003688,0.020400018014743917,58.688357732461164,58.68835773246122,0.3857113916987239,0.3525369956945418,6.346457123617449,5.518453889753301,0.5773502691896258,2.081665999466133,2.886751345948129,3.0,1
LRL_2026-01-17_5,22002976,LRL_2026-01-17_5_22002976,,,,,,,,,,,,,,,,,,,,,,,,,,,,,,,,,,,,,,,,,,,,,,,,,,,,0.0,0
LRL_2026-01-17_5,22014975,LRL_2026-01-17_5_22014975,17.0,3.0,15.96576610452898,16.52282325249546,15.046776617793782,1.476046634701678,7.101340535642597,2.2476899827704875,1720.6,1720.6,0.9717058823529411,2.141,15.082352941176469,29.2,3.0,5.0,2.0,17.0,3.0,15.96576610452898,16.52282325249546,15.046776617793782,1.476046634701678,7.101340535642597,2.2476899827704875,1720.6,1720.6,0.9717058823529411,2.141,15.082352941176469,29.2,3.0,5.0,2.0,,,,,,,,,,,,,,,,,,1.0,1
LRL_2026-01-17_5,22004645,LRL_2026-01-17_5_22004645,12.0,4.0,16.443433444950053,16.78193314349451,16.06490763113722,0.7170255123572886,6.8034601005283015,2.417062534691952,1208.6999999999998,1208.6999999999998,0.9238333333333334,0.439,15.383333333333333,6.5,4.0,9.0,3.0,14.0,3.3333333333333335,16.352052399492095,17.039947037442417,15.462480664732176,1.5774663727102418,inf,2.3437690789242303,1413.7333333333333,1413.7333333333333,0.7237628968253969,0.49500000000000005,11.812896825396825,7.0,3.0,7.666666666666667,1.6666666666666667,2.0,2.0816659994661326,0.1892161526056396,0.38485221777766315,0.5351707141966492,0.770027838978511,,0.12061843042553659,202.06831353117533,202.06831353117533,0.17560816236570703,0.5252437529376243,3.1225121805445823,7.262919523166975,1.7320508075688772,1.1547005383792515,2.3094010767585034,3.0,1
LRL_2026-01-17_6,21005073,LRL_2026-01-17_6_21005073,16.0,4.0,16.04786926349624,16.722129399298346,14.990826001769287,1.731303397529059,7.077854887349142,2.2663041859464235,1611.9,1611.8999999999994,0.4794375,0.491,7.75,6.5,3.0,6.0,2.0,16.666666666666668,5.0,16.042085619229027,16.426253245740323,15.127968257689318,1.2982849880510023,7.173036329601648,2.2363769693745894,1683.1333333333332,1683.1333333333332,0.4402046568627451,0.9319999999999999,6.957843137254902,12.9,2.6666666666666665,5.666666666666667,-0.3333333333333333,0.5773502691896263,1.7320508075688772,0.09343388550942756,0.29950044687628685,0.1640049785215019,0.4610188289698595,0.08779054853433002,0.03383321333265341,61.698811441820425,61.69881144182098,0.26127741202391996,0.40798651938513847,4.188910980415488,6.080296045424105,1.5275252316519468,1.5275252316519465,2.0816659994661326,3.0,1
LRL_2026-01-17_6,20016031,LRL_2026-01-17_6_20016031,17.0,1.0,16.353683579836883,16.58914801500801,15.60703089855653,0.9821171164514801,7.045463167751536,2.3209146608795854,1715.2999999999997,1715.2999999999997,0.07423529411764707,0.0,1.2470588235294118,0.0,1.0,3.0,1.0,16.666666666666668,3.0,16.148317170216377,16.588171640819862,15.033319361323118,1.5548522794967437,6.99018745840295,2.3082324447167557,1681.3,1681.3,0.5046875000000001,1.0406666666666666,8.016299019607844,14.199999999999998,2.0,5.333333333333333,1.0,0.5773502691896255,1.7320508075688772,0.20744876973866716,0.05486435772168915,0.5263448534345686,0.5100475100006959,0.057011675823013225,0.011828190932382722,59.844882822176174,59.844882822176324,0.7031076259195241,1.2044257276118495,11.189019901281934,16.49939392826294,1.7320508075688772,3.214550253664318,4.0,3.0,1
LRL_2026-01-17_6,21013325,LRL_2026-01-17_6_21013325,16.0,2.0,16.105749635888337,15.75407355596396,16.12489059869532,-0.3708170427313604,7.221826159068449,2.2308589183779346,1615.6999999999998,1615.6999999999998,0.7036875,0.364,11.381250000000001,5.2,2.0,7.0,1.0,16.0,1.6666666666666667,16.303187445798436,16.106740601755707,15.992174066991934,0.11456653476377454,7.310596373293952,2.2302941230393496,1615.8666666666668,1615.866666666666,0.6896666666666667,0.3456666666666666,11.30625,4.966666666666666,1.6666666666666667,7.333333333333333,4.0,0.0,0.5773502691896257,0.17614960213877276,0.3062723596974019,0.12539717443250684,0.4266450879752541,0.0854450364621106,0.005611778183870457,1.0598742063722781,1.0598742063722468,0.11852983428058664,0.3368743583791045,2.063522473829641,4.854207796678396,0.5773502691896257,0.5773502691896257,2.6457513110645907,3.0,1
LRL_2026-01-17_6,20016233,LRL_2026-01-17_6_20016233,17.0,5.0,16.014048425359668,16.417682696091788,14.805580511431069,1.6121021846607189,6.808634681948422,2.3500604885419905,1714.5,1714.4999999999998,0.17223529411764704,1.716,2.447058823529412,23.1,1.0,5.0,-4.0,14.333333333333334,5.0,16.475190674799336,17.126654329805508,15.322228560975034,1.8044257688304708,6.91132148325453,2.382408984127157,1448.2333333333333,1448.2333333333333,0.6217649393090569,1.6816666666666666,9.852194211017741,23.133333333333336,3.0,7.666666666666667,-0.6666666666666666,2.516611478423583,0.0,0.40755589661908204,0.7469843774751949,0.5445602360681308,0.7544673128875261,0.10814712315557541,0.04198387401420234,251.70272810069682,251.70272810069676,0.3908397917195709,0.48241717769305564,6.455370412359991,6.450064599159711,2.0,3.0550504633038935,4.163331998932265,3.0,1
LRL_2026-01-17_6,22018757,LRL_2026-01-17_6_22018757,18.0,2.0,15.747429415621752,16.21276798496128,14.916359680004382,1.2964083049568966,6.918776532491612,2.2767818059276737,1813.6,1813.6000000000001,0.006388888888888889,0.047,0.09444444444444444,0.7,1.0,2.0,-1.0,16.333333333333332,3.3333333333333335,16.043368329421586,16.696239659131862,14.857225002893726,1.8390146562381382,7.0051527833928615,2.2902760028257902,1651.1333333333332,1651.1333333333332,0.33221926548397135,1.0336666666666667,5.127279800809213,14.633333333333335,1.6666666666666667,4.0,-1.0,2.081665999466133,3.214550253664318,0.2569913765345119,0.44404639470767504,0.2007072914219035,0.5811556600630345,0.11377679301925198,0.03220339716151037,206.9777846372247,206.97778463722483,0.545393568198285,1.7498178000390021,8.403540174507253,24.7419347128177,1.1547005383792517,2.6457513110645907,3.0,3.0,1
LRL_2026-01-17_6,21006052,LRL_2026-01-17_6_21006052,12.0,1.0,16.975934341230708,17.730062967150452,16.10196190991317,1.6281010572372807,7.327773873663997,2.3172649696655196,1208.3,1208.3,0.1135,0.0,1.9666666666666666,0.0,1.0,4.0,2.0,14.0,1.3333333333333333,16.748722410067213,17.520046290875314,15.929074013272986,1.5909722776023283,7.252287508623643,2.3106481447898273,1401.5999999999997,1401.5999999999997,0.060611613876319755,0.006333333333333333,1.0330819507290094,0.09999999999999999,1.0,3.0,0.6666666666666666,2.6457513110645907,0.5773502691896257,0.23484327361000684,0.7468610454986687,0.4242029953043153,1.121738482714565,0.07731655934114211,0.028390537876945735,252.06560653925007,252.06560653925013,0.046048912094628885,0.01096965511460289,0.8117229244764598,0.17320508075688773,0.0,1.0,1.5275252316519468,3.0,1
LRL_2026-01-17_6,21007729,LRL_2026-01-17_6_21007729,16.0,6.0,15.979764741079869,16.905026016725753,14.569020445034994,2.336005571690759,7.136873343063902,2.239284884767436,1616.0,1616.0,0.48087500000000005,1.375,7.3625,18.2,3.0,6.0,-2.0,14.0,8.0,16.23115099215598,17.237102762805154,14.800286933559518,2.436815829245639,7.230619511004066,2.2437335467888837,1412.3333333333333,1412.3333333333333,0.9739781746031747,2.8409999999999997,15.35218253968254,40.06666666666667,4.0,8.333333333333334,-3.0,2.0,3.4641016151377544,0.4089405026635062,0.29410195377543824,0.9470439003130071,0.8684621296090254,0.0958462854388282,0.03335351108610824,202.7069148631426,202.70691486314257,0.4300879027682774,1.7497094044440633,6.921840391795092,25.116992919800996,1.7320508075688772,3.2145502536643185,4.58257569495584,3.0,1
LRL_2026-01-17_7,21010815,LRL_2026-01-17_7_21010815,14.0,5.0,16.194466068252417,17.143122119322477,14.42141029556652,2.7217118237559568,7.138860722479732,2.2673933299249307,1409.3999999999996,1409.3999999999999,0.5249285714285714,3.204,7.799999999999999,44.9,1.0,5.0,-4.0,15.333333333333334,3.0,16.65005416614872,17.016532290786916,15.949361592466836,1.0671706983200824,7.3631156199994825,2.2621927113447433,1547.9666666666662,1547.9666666666665,0.1888994708994709,1.2156666666666667,2.820899470899471,17.2,1.0,3.3333333333333335,-1.6666666666666667,2.3094010767585034,2.0,0.6378952677965073,0.774800455826208,1.3234046454012647,1.615636829087558,0.20932526673356133,0.04438558778317876,238.7066470237755,238.70664702377542,0.2914048995224556,1.7361348833928008,4.31785248082786,24.22168449963792,0.0,1.5275252316519465,2.516611478423583,3.0,1
LRL_2026-01-17_7,22013479,LRL_2026-01-17_7_22013479,12.0,1.0,16.750990094021333,16.9116300524477,16.1391993603084,0.7724306921392987,7.28924398595782,2.2983617487659793,1210.8,1210.7999999999997,0.30183333333333334,0.0,5.158333333333334,0.0,1.0,6.0,5.0,13.333333333333334,2.3333333333333335,16.69955551847504,16.836937747116497,15.863940211495104,0.9729975356213973,7.325382135612195,2.2794155878446585,1347.0666666666664,1347.0666666666664,0.722325396825397,0.5803333333333334,12.107539682539683,8.133333333333333,2.3333333333333335,6.666666666666667,4.333333333333333,1.1547005383792517,1.1547005383792517,0.14688546938366626,0.0943516973612621,0.35796196098998345,0.3780005963433764,0.10440086657280619,0.02010716967424184,118.01247109239482,118.01247109239489,0.4365637889231559,0.9032388019418416,7.457214157406102,12.64370726224446,1.1547005383792517,2.081665999466133,2.081665999466133,3.0,1
LRL_2026-01-17_7,21007291,LRL_2026-01-17_7_21007291,14.0,2.0,16.661331489599913,16.98835372141765,16.08719156005978,0.9011621613578704,7.356420906635949,2.2650766803008233,1410.6999999999996,1410.6999999999998,0.46900000000000014,0.54,7.7857142857142865,7.6,2.0,5.0,2.0,14.666666666666666,2.0,17.060569342602047,17.438130077805127,16.304035521063327,1.134094556741798,7.427649008729394,2.297588619296265,1480.1333333333332,1480.1333333333332,0.19031845238095244,0.223,3.1994047619047623,3.1666666666666665,1.3333333333333333,3.3333333333333335,0.6666666666666666,1.1547005383792515,0.0,0.36196606369953155,0.5316141974453379,0.26416015716866115,0.5835439517978587,0.08345318219704102,0.028381348363951012,113.91357835365093,113.91357835365085,0.2442666973091671,0.2747307773075307,4.0319927267592455,3.8423083339749473,0.5773502691896258,1.5275252316519465,1.5275252316519468,3.0,1
LRL_2026-01-17_7,21013111,LRL_2026-01-17_7_21013111,16.0,4.0,16.186347551066227,16.31363357030312,15.201200008700624,1.1124335616024972,7.233520106060567,2.238702640834563,1617.5,1617.4999999999995,0.9562499999999998,1.974,15.368750000000002,27.3,4.0,4.0,0.0,15.333333333333334,5.333333333333333,16.28498921390059,16.632463196626947,15.229258470965293,1.4032047256616529,7.221344941466284,2.2554065301033037,1549.6333333333332,1549.6333333333332,0.8076398809523809,2.2256666666666667,12.847619047619048,31.433333333333334,3.6666666666666665,5.666666666666667,-1.3333333333333333,1.1547005383792515,2.309401076758503,0.09023262071816612,0.33952147821810946,0.22816568355429706,0.49352020175703676,0.03393459441884143,0.019033966150182845,117.46192290837656,117.46192290837627,0.16084672230120975,0.2278691144787581,2.7332138326550703,3.6018513757973594,0.5773502691896258,2.081665999466133,1.5275252316519468,3.0,1
LRL_2026-01-17_7,21012937,LRL_2026-01-17_7_21012937,17.0,5.0,16.046289313033228,16.99135892972411,14.728395919734734,2.2629630099893774,7.24130540682177,2.214998965306959,1724.1,1724.1,0.509235294117647,3.392,7.823529411764706,49.6,1.0,5.0,-3.0,17.333333333333332,4.666666666666667,16.344663362846692,16.958459670604544,15.510655125710983,1.447804544893564,7.361004345102299,2.2206644835623237,1752.033333333333,1752.033333333333,0.3060838779956427,1.742,4.8126361655773415,25.366666666666664,1.3333333333333333,4.666666666666667,-2.6666666666666665,0.5773502691896255,1.5275252316519465,0.5643006210348435,0.14705001287689984,1.4854955815007371,1.6273795340444164,0.26142307873198173,0.0057383804771173755,57.80530540818306,57.805305408183145,0.21228041543726825,1.4302433359397273,3.3806267789652025,20.989600599662047,0.5773502691896257,1.5275252316519465,0.5773502691896258,3.0,1
LRL_2026-01-17_7,22013314,LRL_2026-01-17_7_22013314,17.0,1.0,16.383810952077518,16.675715305343328,16.225344821473,0.4503704838703264,7.2137594815903,2.2730700727240745,1716.1,1716.1,0.8394117647058823,0.0,13.747058823529413,0.0,1.0,6.0,5.0,16.666666666666668,2.0,16.55177066808692,16.5992159540998,16.27124105477486,0.3279748993249427,7.221531034518645,2.2942674902581186,1682.6999999999998,1682.6999999999998,0.5819203431372549,0.21566666666666667,9.67279411764706,3.4333333333333336,2.0,5.666666666666667,3.3333333333333335,0.5773502691896255,1.7320508075688772,0.17212901034770575,0.12804569742797772,0.4468451316933239,0.5646860850573189,0.0776596215440173,0.021777581944536207,58.110498190946515,58.11049819094665,0.386952578509158,0.3735456241656879,6.386374232960796,5.946707772653146,1.7320508075688772,1.5275252316519465,1.5275252316519465,3.0,1
LRL_2026-01-17_7,22004733,LRL_2026-01-17_7_22004733,16.0,4.0,16.163794398030433,16.43542317927992,15.503180253399444,0.932242925880475,6.978327409573031,2.3156508387971777,1612.4,1612.3999999999996,0.8383750000000001,0.75,13.5625,10.1,4.0,6.0,1.0,16.0,4.0,16.15501855265438,16.517283515418782,15.240578823161892,1.2767046922568905,6.964815297229205,2.318334347840471,1612.0,1611.9999999999995,0.7027187500000001,1.469,11.146875,20.6,2.5,5.0,-1.0,0.0,0.0,0.01241091955210419,0.11576799758800078,0.37137450414051865,0.4871425017285195,0.01910901253294762,0.0037950548837763715,0.5656854249493666,0.5656854249492863,0.1918469085706752,1.0168195513462555,3.4162096366075083,14.849242404917499,2.1213203435596424,1.4142135623730951,2.8284271247461903,2.0,1
LRL_2026-01-17_8,19014459,LRL_2026-01-17_8_19014459,12.0,4.0,16.953855524679284,17.49650054229845,15.718995030020087,1.7775055122783616,7.142717531111832,2.3756959678615663,1212.6999999999998,1212.6999999999998,0.19466666666666668,1.083,2.975,15.8,1.0,4.0,-3.0,12.0,2.5,16.82589050082531,17.76347006089699,15.352307784669698,2.411162276227291,7.176885939955589,2.3440787754822185,1211.9499999999998,1211.9499999999998,0.11566666666666667,0.5415,1.825,7.9,1.0,3.0,-1.0,0.0,2.1213203435596424,0.1809698722436873,0.37755191394227106,0.5185740755237516,0.8961259894660226,0.04832142719155034,0.04471346226703292,1.0606601717798212,1.0606601717797408,0.11172287142747452,0.7657966440250309,1.6263455967290592,11.172287142747452,0.0,1.4142135623730951,2.8284271247461903,2.0,1
LRL_2026-01-17_8,21012694,LRL_2026-01-17_8_21012694,11.0,1.0,17.289848238283266,17.49645482571904,16.338803346732885,1.157651478986157,7.312031647766179,2.3650769128438895,1109.8999999999999,1109.9,0.1322727272727273,0.0,2.3818181818181823,0.0,1.0,2.0,1.0,11.0,1.0,17.289848238283266,17.49645482571904,16.338803346732885,1.157651478986157,7.312031647766179,2.3650769128438895,1109.8999999999999,1109.9,0.1322727272727273,0.0,2.3818181818181823,0.0,1.0,2.0,1.0,,,,,,,,,,,,,,,,,,1.0,1
LRL_2026-01-17_8,22010227,LRL_2026-01-17_8_22010227,12.0,1.0,16.802380616453334,16.974727694664058,15.607117355163163,1.367610339500894,7.1655545189586505,2.3439825963016805,1209.6,1209.6,0.19866666666666666,0.0,3.516666666666667,0.0,1.0,7.0,6.0,13.0,1.6666666666666667,17.134062299808498,17.346223876063174,16.151834252028674,1.1943896240345004,7.398507412272529,2.3163220439082566,1313.4666666666665,1313.4666666666665,0.23928083028083028,0.15666666666666665,4.225152625152625,2.433333333333333,1.6666666666666667,5.666666666666667,4.0,1.0,1.1547005383792517,0.28890782603940235,0.3218740696236517,0.5880450043149303,0.3728066441578847,0.21125581493039863,0.02738771021879935,103.60102959591327,103.60102959591327,0.040524111710275965,0.2713546265191241,0.7646509033207539,4.214656965084268,1.1547005383792517,1.5275252316519465,2.6457513110645907,3.0,1
LRL_2026-01-17_8,21012932,LRL_2026-01-17_8_21012932,14.0,9.0,16.83218153680842,17.50180428725166,15.913602733852985,1.5882015533986742,7.288518389479833,2.3101999018750257,1411.3999999999999,1411.4,0.46614285714285714,0.809,7.721428571428571,12.0,2.0,9.0,-7.0,14.0,9.0,16.83218153680842,17.50180428725166,15.913602733852985,1.5882015533986742,7.288518389479833,2.3101999018750257,1411.3999999999999,1411.4,0.46614285714285714,0.809,7.721428571428571,12.0,2.0,9.0,-7.0,,,,,,,,,,,,,,,,,,1.0,1
LRL_2026-01-17_8,22010286,LRL_2026-01-17_8_22010286,12.0,1.0,17.377264677022115,17.597714970509088,17.01089000256014,0.5868249679489494,7.448810151021053,2.3349033915513826,1210.3999999999999,1210.3999999999999,0.0014999999999999998,0.0,0.03333333333333333,0.0,1.0,2.0,0.0,14.0,5.0,16.97870897642527,17.229532606190144,16.560940303067742,0.6685923031224021,7.426710720418239,2.28761925382905,1414.6499999999999,1414.6499999999999,0.05078125000000001,0.56,0.8104166666666667,8.8,1.0,5.5,-4.0,2.8284271247461903,5.656854249492381,0.5636428771451683,0.5206884930464424,0.6363249674078458,0.11563647436140341,0.0312533144792225,0.06686986885203994,288.85312011470467,288.85312011470467,0.0696942121206991,0.7919595949289333,1.0989617890940926,12.445079348883237,0.0,4.949747468305833,5.656854249492381,2.0,1
LRL_2026-01-17_8,22018092,LRL_2026-01-17_8_22018092,16.0,3.0,16.082186152933225,16.235127695863653,15.654537099311534,0.5805905965521188,7.0815561346362035,2.2708611643948178,1613.7,1613.6999999999998,1.1406874999999999,0.026,18.63125,0.3,3.0,8.0,2.0,15.0,3.0,16.367895747667067,16.335421873376212,15.966778958330938,0.3686429150452737,7.186406155032409,2.2778158952884677,1515.2999999999997,1515.2999999999997,1.1692723214285712,0.3385,19.35133928571429,4.9,3.0,8.0,3.0,1.4142135623730951,0.0,0.40405438377271924,0.1418373860653159,0.4415766717658288,0.2997392857005135,0.14828032085940945,0.00983547475245476,139.15861453751293,139.1586145375126,0.04042504214229872,0.4419417382415922,1.0183600339766987,6.505382386916237,0.0,0.0,1.4142135623730951,2.0,1
LRL_2026-01-17_9,20018257,LRL_2026-01-17_9_20018257,12.0,1.0,17.159167812110677,18.057964648101958,16.055525095334858,2.0024395527671004,7.325991529109231,2.341698141884193,1217.3999999999999,1217.3999999999999,0.05458333333333334,0.0,0.9916666666666667,0.0,1.0,4.0,3.0,12.0,3.3333333333333335,17.139849198385303,17.943478975595976,16.02443309722772,1.9190458783682527,7.3690438595166805,2.325471791873841,1211.1999999999998,1211.1999999999998,0.43855555555555553,0.7380000000000001,7.408333333333334,10.9,2.3333333333333335,6.666666666666667,3.3333333333333335,0.0,2.0816659994661326,0.0211777924497173,0.29908491922640684,0.33949354360993156,0.6247851461528106,0.09250689060749943,0.028404970230379505,5.370288632839027,5.370288632839027,0.4128164134378666,0.6664863089366503,7.006044017687713,9.920181449953423,1.5275252316519468,3.0550504633038935,2.516611478423583,3.0,1
LRL_2026-01-17_9,21003849,LRL_2026-01-17_9_21003849,18.0,5.0,16.47308067049218,17.294770667844727,15.463007505235865,1.831763162608862,7.206612962207114,2.2861553679892954,1829.2999999999997,1829.2999999999997,0.1865,0.6,3.0,7.9,2.0,5.0,-1.0,18.0,5.0,16.47308067049218,17.294770667844727,15.463007505235865,1.831763162608862,7.206612962207114,2.2861553679892954,1829.2999999999997,1829.2999999999997,0.1865,0.6,3.0,7.9,2.0,5.0,-1.0,,,,,,,,,,,,,,,,,,1.0,1
LRL_2026-01-17_9,19016663,LRL_2026-01-17_9_19016663,,,,,,,,,,,,,,,,,,,,,,,,,,,,,,,,,,,,,,,,,,,,,,,,,,,,0.0,0
LRL_2026-01-17_9,19011099,LRL_2026-01-17_9_19011099,12.0,4.0,16.7222825023879,17.971593957012438,15.537863929136813,2.433730027875624,7.2435395629956725,2.3085973983495767,1210.3,1210.3,0.34,0.792,5.466666666666666,11.6,2.0,6.0,2.0,12.0,4.0,16.7222825023879,17.971593957012438,15.537863929136813,2.433730027875624,7.2435395629956725,2.3085973983495767,1210.3,1210.3,0.34,0.792,5.466666666666666,11.6,2.0,6.0,2.0,,,,,,,,,,,,,,,,,,1.0,1
LRL_2026-01-17_9,20005579,LRL_2026-01-17_9_20005579,12.0,5.0,17.069303170604275,17.820486666807888,16.005737781815558,1.81474888499233,7.069772236524688,2.4163485755294425,1209.9999999999998,1210.0,0.4170833333333333,1.234,6.833333333333333,18.3,3.0,5.0,0.0,12.0,4.0,17.236863366784604,17.840832031862984,16.206581884425376,1.6342501474376068,7.140980912787224,2.4150658815459565,1212.4499999999998,1212.4499999999998,0.376375,0.8674999999999999,6.341666666666666,12.95,3.0,5.0,1.0,0.0,1.4142135623730951,0.23696590195211747,0.028772691192348692,0.28403645383346127,0.25526376264111134,0.10070427572911274,0.0018140032278207662,3.464823227814147,3.4648232278140667,0.057570277101604686,0.5183092706097393,0.6953216681667724,7.566042558696059,0.0,0.0,1.4142135623730951,2.0,1
LRL_2026-01-17_9,20016522,LRL_2026-01-17_9_20016522,12.0,1.0,16.921875792236893,17.328698042976818,15.980725401627097,1.3479726413497204,7.230483680207175,2.3405768976358523,1207.4999999999998,1207.5,0.11075000000000002,0.0,1.9833333333333332,0.0,1.0,2.0,1.0,11.666666666666666,1.6666666666666667,17.076586069778067,17.098486175110356,16.431567485550136,0.6669186895602172,7.2539836741328605,2.354981440338074,1177.3,1177.3,0.3118787878787879,0.18999999999999997,5.416161616161616,2.8666666666666667,1.6666666666666667,4.666666666666667,2.6666666666666665,0.5773502691896258,1.1547005383792517,0.17424804313015213,0.36352962411835676,0.3922316757425579,0.6472411169828995,0.0831439665089927,0.016406191474867316,58.2067865459003,58.20678654590033,0.23664624967707792,0.32908965343808666,3.98204946440212,4.965212315030781,1.1547005383792517,2.5166114784235836,1.5275252316519465,3.0,1
LRL_2026-01-17_9,21006691,LRL_2026-01-17_9_21006691,12.0,1.0,16.948082558452572,17.92059247426585,15.940529684119333,1.9800627901465155,7.4886324896674274,2.2634517875914395,1215.6999999999998,1215.6999999999998,0.10783333333333334,0.0,1.8333333333333333,0.0,1.0,4.0,1.0,12.0,1.0,17.1631231567929,17.956442823233246,16.156067036604334,1.8003757866289138,7.516127696428118,2.283919494378729,1212.0,1212.0,0.13320833333333335,0.0,2.3666666666666667,0.0,1.0,4.5,2.5,0.0,0.0,0.3041133306337154,0.050700049725501316,0.30481584708227694,0.25411579735677436,0.03888409430122077,0.0289457085292608,5.232590180780274,5.232590180780274,0.0358856691452173,0.0,0.7542472332656508,0.0,0.0,0.7071067811865476,2.1213203435596424,2.0,1
LRL_2026-01-17_9,22009165,LRL_2026-01-17_9_22009165,11.0,1.0,17.25735381101525,18.00865641250677,16.385499861552006,1.6231565509547643,7.153737046065757,2.4135956389983404,1113.5,1113.5,0.010818181818181817,0.0,0.17272727272727273,0.0,1.0,2.0,0.0,12.5,3.0,16.97513950358251,17.756461699766838,15.673354313914764,2.083107385852072,7.08172354620585,2.39669119594587,1262.4499999999998,1262.4499999999998,0.07794480519480519,0.2845,1.2863636363636362,4.1,1.0,3.5,-1.5,2.1213203435596424,2.8284271247461903,0.3991113010671103,0.3566571831156002,1.0071258918522024,0.6504687087366009,0.10184246817583395,0.023906492629167293,210.64711011547226,210.64711011547234,0.09493138117553163,0.40234375849514553,1.5749196490064008,5.79827560572969,0.0,2.1213203435596424,2.1213203435596424,2.0,1
LRL_2026-01-17_10,22000678,LRL_2026-01-17_10_22000678,12.0,5.0,16.51862602686633,17.78276430673621,14.777165361084391,3.0055989456518173,6.696175622852657,2.4642389557097863,1211.5,1211.5,0.67725,3.052,10.216666666666667,43.3,2.0,5.0,-3.0,11.666666666666666,3.0,16.63058690813961,17.667315941141496,14.99314487046623,2.6741710706752655,6.71587929557408,2.4735457016966222,1180.5,1180.5,0.3633333333333333,1.2593333333333334,5.631565656565656,17.933333333333334,2.0,3.6666666666666665,-0.6666666666666666,0.5773502691896258,2.0,0.2351637295101441,0.18282635797134186,0.2117481636801153,0.38216515443071836,0.03872198947670672,0.021240209542967296,58.2549568706388,58.2549568706388,0.3220359387294116,1.594368004362021,4.857213398678927,22.586795552564187,1.0,1.5275252316519468,2.0816659994661326,3.0,1
LRL_2026-01-17_10,20004104,LRL_2026-01-17_10_20004104,16.0,7.0,15.788345839079948,16.396068650675144,14.740135565010146,1.6559330856649979,7.191407270588176,2.195046530379212,1619.6999999999998,1619.6999999999996,1.24125,2.47,19.05625,33.7,7.0,9.0,2.0,16.0,4.0,16.00197055837785,16.27159408329782,15.27005790132736,1.0015361819704616,7.277161129060406,2.198746946807954,1619.6999999999998,1619.6999999999998,1.06984375,1.235,16.871875,16.85,4.0,8.5,4.5,0.0,4.242640687119285,0.30211097528923525,0.1760336213555327,0.749423355024242,0.9254569763797734,0.12127426967725147,0.0052331790999551086,0.0,2.2737367544323206e-13,0.2424050434255133,1.7465537495307726,3.0891727503087285,23.829498525986654,4.242640687119285,0.7071067811865476,3.5355339059327378,2.0,1
LRL_2026-01-17_10,21018223,LRL_2026-01-17_10_21018223,,,,,,,,,,,,,,,,,,,,,,,,,,,,,,,,,,,,,,,,,,,,,,,,,,,,0.0,0
LRL_2026-01-17_10,21004771,LRL_2026-01-17_10_21004771,17.0,4.0,15.752017258280121,16.730215578169343,14.46998496362679,2.2602306145425537,7.215948251687132,2.182087142142799,1719.2999999999997,1719.2999999999997,0.3104117647058824,2.053,4.417647058823529,27.8,1.0,4.0,-3.0,15.0,4.666666666666667,16.118740141436017,16.983309384369115,14.973122746206627,2.0101866381624878,7.256321090213331,2.2217116474525933,1514.6666666666667,1514.6666666666663,0.5203386437908497,2.0709999999999997,8.047549019607843,29.400000000000002,1.6666666666666667,4.666666666666667,-1.6666666666666667,2.6457513110645907,2.081665999466133,0.3176203599378094,0.22411415468028806,0.4642707213665636,0.24449993023126718,0.07101645951016994,0.03899490437009076,269.2836113344689,269.28361133446884,0.372493574733542,0.8651404510251498,6.151406134671921,12.974205177967551,1.1547005383792517,2.081665999466133,1.1547005383792517,3.0,1
LRL_2026-01-17_10,22002009,LRL_2026-01-17_10_22002009,17.0,3.0,16.00443444694727,16.60434645050472,14.766802417709801,1.83754403279492,7.256927415369027,2.2060175144451932,1726.1,1726.1,0.5659411764705883,0.959,9.041176470588235,12.6,2.0,8.0,5.0,17.0,3.0,16.00443444694727,16.60434645050472,14.766802417709801,1.83754403279492,7.256927415369027,2.2060175144451932,1726.1,1726.1,0.5659411764705883,0.959,9.041176470588235,12.6,2.0,8.0,5.0,,,,,,,,,,,,,,,,,,1.0,1
LRL_2026-01-17_10,21019882,LRL_2026-01-17_10_21019882,12.0,2.0,16.74550889199847,17.04761005654965,15.927552670343404,1.1200573862062466,7.473587228657492,2.239611913281364,1209.4999999999998,1209.5,1.129,1.577,18.59166666666667,22.4,2.0,8.0,6.0,12.0,2.0,16.74550889199847,17.04761005654965,15.927552670343404,1.1200573862062466,7.473587228657492,2.239611913281364,1209.4999999999998,1209.5,1.129,1.577,18.59166666666667,22.4,2.0,8.0,6.0,,,,,,,,,,,,,,,,,,1.0,1
LRL_2026-01-17_10,22008443,LRL_2026-01-17_10_22008443,17.0,5.0,15.711289142847942,16.18157776874663,14.771901795828665,1.4096759729179666,7.0448067781180574,2.2299165901870692,1718.2999999999997,1718.2999999999997,1.0971176470588235,2.123,17.011764705882353,28.8,5.0,7.0,2.0,16.333333333333332,5.666666666666667,15.907990469490883,16.725624274994995,14.818925570066105,1.9066987049288897,6.9659716644387375,2.2827736223775243,1650.5999999999997,1650.5999999999997,0.8200600490196078,2.1763333333333335,12.599754901960784,30.166666666666668,3.0,7.0,-0.3333333333333333,0.5773502691896263,2.081665999466133,0.22704094244785814,0.47577518808809677,0.11027484971428268,0.4319671411673298,0.07776894993628213,0.04670353066923116,58.838507798889516,58.83850779888951,0.31850877805801087,0.6306935336067218,5.139628306835527,9.424613166243661,1.7320508075688772,1.0,2.0816659994661326,3.0,1
LRL_2026-01-17_10,22011224,LRL_2026-01-17_10_22011224,17.0,2.0,15.882897988142384,16.583910430600366,14.982070399986133,1.6018400306142322,7.259559642528774,2.187284103619227,1716.1,1716.0999999999997,0.2667058823529412,0.773,4.158823529411765,10.5,1.0,3.0,1.0,16.5,4.0,15.870840641162912,16.807552853509478,14.702427562041386,2.105125291468089,7.135912868076854,2.2233778542881653,1663.75,1663.7499999999995,0.2824466911764706,1.258,4.207536764705882,17.15,1.0,5.0,1.0,0.7071067811865476,2.8284271247461903,0.01705166362460667,0.3162781476000444,0.3954746940419626,0.7117528416420051,0.17486294537359154,0.05104427171292548,74.03407999023139,74.03407999023163,0.02226086532095737,0.6858935777509512,0.06889091802001211,9.404520189781081,0.0,2.8284271247461903,0.0,2.0,1
LRL_2026-01-23_1,21006724,LRL_2026-01-23_1_21006724,12.0,2.0,16.648251518451925,17.400281123296743,15.802412943162995,1.597868180133748,7.23542984769593,2.3015918369460877,1212.1,1212.1,0.5795,0.417,9.566666666666666,6.0,2.0,6.0,2.0,12.0,3.6666666666666665,16.678720101782513,17.566315454603004,15.440601477409501,2.1257139771935045,7.142723930742235,2.3338288134086835,1211.0666666666666,1211.0666666666666,0.5409166666666667,0.371,8.897222222222222,5.266666666666667,3.0,7.0,2.6666666666666665,0.0,2.886751345948129,0.026433117321753328,0.18412543145167304,0.3435922462863847,0.4578650589324432,0.08936497799333898,0.031552088097871446,1.050396750439372,1.050396750439372,0.21556381176914752,0.3105656130353134,3.5846928945375707,4.34664621672081,1.7320508075688772,1.7320508075688772,1.1547005383792515,3.0,1
LRL_2026-01-23_1,20006008,LRL_2026-01-23_1_20006008,12.0,1.0,16.795106716447332,17.454743102086304,15.908392874085836,1.5463502280004686,6.785865186105364,2.4771332664552697,1213.3,1213.3,0.7564166666666666,0.0,12.591666666666667,0.0,1.0,7.0,2.0,12.0,2.0,16.895111252974615,17.460767454961807,16.026126816724762,1.4346406382370436,6.836719528045278,2.4717891790545985,1212.7666666666667,1212.7666666666667,0.5622777777777777,0.14866666666666664,9.577777777777778,2.1999999999999997,1.6666666666666667,6.0,1.3333333333333333,0.0,1.0,0.0977623268223948,0.12136920482137599,0.1743904091003368,0.09883403598946494,0.04508937277483481,0.005471876639766491,1.1015141094572094,1.1015141094570546,0.28111166145093247,0.1505334957188377,4.730987779562569,2.306512518934159,0.5773502691896258,1.7320508075688772,1.1547005383792517,3.0,1
LRL_2026-01-23_1,19002257,LRL_2026-01-23_1_19002257,12.0,6.0,16.78296508909536,17.781050931327037,15.524675666092696,2.2563752652343414,7.199304897636566,2.3293541990536344,1214.8999999999999,1214.9,0.38425000000000004,0.889,6.241666666666667,13.1,3.0,7.0,-2.0,13.0,7.0,16.59272736233168,17.638707879100927,15.21830077552291,2.4204071035780155,7.144349562325899,2.3216003668172727,1311.7499999999998,1311.75,0.4814464285714286,1.2685,7.70654761904762,18.45,3.0,7.5,-2.5,1.4142135623730951,1.4142135623730951,0.2690367732642248,0.20130347496774778,0.4332795254143646,0.23197605044661496,0.07771858052110614,0.010965574709028456,136.96658351583412,136.96658351583412,0.1374565074999421,0.5366940469205895,2.0716545101191595,7.566042558696059,0.0,0.7071067811865476,0.7071067811865476,2.0,1
LRL_2026-01-23_1,21007295,LRL_2026-01-23_1_21007295,16.0,4.0,16.374356074431276,17.096441424001952,15.279726221294743,1.8167152027072095,6.9886572391854775,2.342675695806081,1617.0,1616.9999999999998,0.7008125,0.761,11.33125,10.1,4.0,7.0,3.0,13.333333333333334,4.333333333333333,16.651073473459533,17.452521915359632,15.515358975471727,1.937162939887905,7.081780794294004,2.3508849462395935,1346.4666666666665,1346.4666666666665,0.6788541666666666,1.3056666666666665,11.015972222222222,18.96666666666667,3.0,6.666666666666667,0.3333333333333333,2.309401076758503,1.5275252316519465,0.24747694101753362,0.3084383777777972,0.24992541020708336,0.18316248316313757,0.08144033819059654,0.008781439669504863,234.2923458701402,234.29234587013985,0.37069642076978276,1.4423124950347386,5.781450947458636,21.610259908972253,1.0,1.5275252316519465,3.7859388972001824,3.0,1
LRL_2026-01-23_1,22015796,LRL_2026-01-23_1_22015796,16.0,7.0,15.792161726204364,16.922027504751796,13.748701516017581,3.1733259887342147,6.9614256768682665,2.2635758146122216,1612.2999999999997,1612.2999999999995,0.6619999999999999,4.124,9.5875,55.8,1.0,7.0,-3.0,15.666666666666666,7.0,16.068443640881817,16.82619218237979,14.470217842161487,2.3559743402183,7.2271205972980965,2.2220918108717074,1579.033333333333,1579.033333333333,0.7746862745098039,2.645,12.100875350140058,36.63333333333333,2.6666666666666665,7.333333333333333,-3.0,1.5275252316519468,1.0,0.38548567839901315,0.1950131596108475,0.6608395080468882,0.7089007661164776,0.239147298786213,0.04210962547957308,156.47505658517377,156.4750565851737,0.1268064805376433,1.431175391068474,2.7792622253398473,18.857977975735714,1.5275252316519465,0.5773502691896257,2.0,3.0,1
LRL_2026-01-23_1,22004627,LRL_2026-01-23_1_22004627,12.0,3.0,16.733087740344654,17.012136600541933,15.939018787050568,1.0731178134913648,6.799756989436292,2.461753318107341,1212.3999999999999,1212.3999999999999,0.3829166666666666,1.005,6.258333333333334,14.7,3.0,5.0,1.0,12.0,4.333333333333333,16.7787410434942,17.363345877344276,15.731153865161602,1.6321920121826732,6.882822943047015,2.4378150177008497,1211.8,1211.8,0.6119166666666667,1.423,10.01388888888889,20.866666666666664,4.0,6.0,0.0,0.0,1.5275252316519465,0.04354700497435149,0.3098549864746127,0.18040487881213746,0.48647927222304066,0.14310813952294027,0.04464141586371337,0.6557438524301584,0.6557438524301584,0.27586013213220933,0.5277300446250907,4.562690888954472,7.847504911329036,1.7320508075688772,2.6457513110645907,1.0,3.0,1
LRL_2026-01-23_1,19002805,LRL_2026-01-23_1_19002805,16.0,5.0,16.377109298344863,16.831453694920985,15.250201886301118,1.5812518086198661,7.093821834783429,2.307486263142223,1621.6,1621.5999999999997,1.1081249999999998,1.189,18.049999999999997,15.8,5.0,9.0,4.0,15.666666666666666,6.0,16.802839559883033,16.94097531378687,16.085243450448125,0.8557318633387426,7.250604924010019,2.318260360042474,1582.7333333333333,1582.7333333333333,1.025795168067227,1.1936666666666667,17.17156862745098,17.53333333333333,6.0,9.0,3.0,1.5275252316519468,1.7320508075688772,0.4560819361128491,0.5867369303721668,0.8459343080195021,1.1962220305879354,0.1636530965910258,0.012123995979842091,156.2681136167368,156.26811361673683,0.15576395437265758,0.004509249752822841,2.35841703504448,1.8036999011291563,1.7320508075688772,0.0,1.7320508075688772,3.0,1
LRL_2026-01-23_1,20001085,LRL_2026-01-23_1_20001085,16.0,5.0,16.096503235258844,16.87870499814097,15.033840719415494,1.8448642787254776,7.110252414230304,2.263699951412314,1616.6999999999998,1616.6999999999996,0.4003125,1.196,6.2375,16.7,3.0,5.0,-1.0,14.0,5.333333333333333,16.357125415442848,17.181523324644772,15.21375021077877,1.9677731138660028,7.135088711231888,2.2921840906278024,1412.6333333333332,1412.6333333333332,0.5748343253968254,1.093,9.331150793650792,15.799999999999999,3.6666666666666665,6.333333333333333,-1.0,2.0,3.5118845842842465,0.2847534471407652,0.2767814192701602,0.3813998613139254,0.28058890304688205,0.02920468316430505,0.039778829705626496,203.5023668986022,203.50236689860202,0.3800811225582964,0.8571540118321794,6.492283224950839,12.873616430513998,2.0816659994661326,2.309401076758503,2.0,3.0,1
LRL_2026-01-23_1,19007054,LRL_2026-01-23_1_19007054,16.0,2.0,16.344765379478368,16.663492907125793,16.067719928960752,0.5957729781650407,7.366966516974127,2.218748862211866,1618.8,1618.8,0.5775625,0.042,9.3875,0.6,2.0,8.0,4.0,16.0,2.0,16.344765379478368,16.663492907125793,16.067719928960752,0.5957729781650407,7.366966516974127,2.218748862211866,1618.8,1618.8,0.5775625,0.042,9.3875,0.6,2.0,8.0,4.0,,,,,,,,,,,,,,,,,,1.0,1
LRL_2026-01-23_2,23017181,LRL_2026-01-23_2_23017181,12.0,6.0,16.329790103821214,16.73294494307226,15.405118709180652,1.3278262338916065,6.993308288348857,2.3352241979003514,1216.1,1216.1,1.1384166666666666,0.618,18.8,8.5,6.0,8.0,2.0,12.0,6.0,16.329790103821214,16.73294494307226,15.405118709180652,1.3278262338916065,6.993308288348857,2.3352241979003514,1216.1,1216.1,1.1384166666666666,0.618,18.8,8.5,6.0,8.0,2.0,,,,,,,,,,,,,,,,,,1.0,1
LRL_2026-01-23_2,23006969,LRL_2026-01-23_2_23006969,,,,,,,,,,,,,,,,,,,,,,,,,,,,,,,,,,,,,,,,,,,,,,,,,,,,0.0,0
LRL_2026-01-23_2,23006295,LRL_2026-01-23_2_23006295,12.0,6.0,16.065793230804257,17.589590418970896,14.29860493407962,3.2909854848912765,6.928738974551405,2.316270208178321,1215.6,1215.6,0.9910000000000001,3.403,14.791666666666666,47.6,1.0,6.0,-5.0,14.5,6.0,15.755442185350525,17.025783457035416,13.96533167930914,3.0604517777262785,6.893491736147626,2.2833330730595556,1464.6999999999998,1464.6999999999998,0.7396176470588236,3.4524999999999997,10.713480392156862,46.650000000000006,1.0,6.0,-5.0,3.5355339059327378,0.0,0.43890265757733754,0.7973434521295262,0.4713195568726372,0.3260238952568877,0.049847122586822334,0.046580143190673336,352.28059838713796,352.28059838713784,0.3555083328706719,0.07000357133746787,5.767426339295571,1.3435028842544368,0.0,0.0,0.0,2.0,1
LRL_2026-01-23_2,23006203,LRL_2026-01-23_2_23006203,11.0,3.0,16.44019705550223,17.301032032426637,14.864215106158381,2.4368169262682553,6.810268502588577,2.4111474613971557,1111.2,1111.2,0.2857272727272728,1.254,4.318181818181818,17.9,1.0,3.0,-1.0,11.333333333333334,2.6666666666666665,16.724965758240064,17.38118390526593,15.493751710326658,1.8874321949392752,7.016806123272072,2.3823521123601172,1146.5666666666666,1146.5666666666666,0.378580808080808,1.052,6.013888888888889,15.0,1.6666666666666667,4.333333333333333,0.6666666666666666,0.5773502691896258,0.5773502691896258,0.5429899522646191,0.21186618921644973,0.973402163239393,1.1133498541147029,0.2570459181806873,0.026493350001367783,55.05600179211449,55.056001792114635,0.13531215681776423,0.5838253163404273,2.084884317066401,7.956758133813042,0.5773502691896258,1.5275252316519465,2.0816659994661326,3.0,1
LRL_2026-01-23_2,23017137,LRL_2026-01-23_2_23017137,11.0,6.0,15.86335776779051,17.14431207717494,13.48893692779474,3.655375149380202,6.397884700876009,2.473214153175014,1110.6,1110.6000000000001,0.5104545454545455,2.793,7.336363636363637,39.0,1.0,6.0,-5.0,12.666666666666666,7.666666666666667,15.638353884502111,17.212461952333694,13.203091124870577,4.009370827463114,6.394697227545193,2.4383638482470094,1277.9666666666665,1277.9666666666665,0.8478806818181819,4.756,11.920833333333334,63.63333333333333,1.0,7.666666666666667,-6.666666666666667,2.8867513459481287,2.081665999466133,0.5091852049398067,0.17685153039581303,0.7790251862002359,0.648917108754384,0.08260273343392659,0.05576255719162996,291.9684971590828,291.9684971590825,0.5337024223900722,3.5429929438258836,6.987058611014121,43.971619635093425,0.0,2.081665999466133,2.081665999466133,3.0,1
LRL_2026-01-23_2,23000349,LRL_2026-01-23_2_23000349,12.0,3.0,16.313531399380235,17.716707358491266,14.722319908876665,2.9943874496146012,6.752093093884176,2.413159280030357,1208.7,1208.7,0.03783333333333334,0.44,0.5166666666666667,6.0,1.0,3.0,-2.0,11.666666666666666,2.3333333333333335,16.349419380526736,17.34247624247041,15.326508701322675,2.0159675411477362,6.811564418114249,2.399667882702331,1176.5666666666666,1176.5666666666666,0.37998484848484854,0.6739999999999999,5.909343434343435,9.433333333333334,1.3333333333333333,3.6666666666666665,0.3333333333333333,0.5773502691896258,0.5773502691896257,0.12868129887456492,0.42378274904759816,0.5340627127380649,0.9286458966002763,0.07335594980338637,0.03686096674103427,55.39696140884736,55.39696140884741,0.47199475759139087,0.20896889720721593,7.470446606820545,3.092463958291727,0.5773502691896257,2.0816659994661326,3.214550253664318,3.0,1
LRL_2026-01-23_2,23008075,LRL_2026-01-23_2_23008075,,,,,,,,,,,,,,,,,,,,,,,,,,,,,,,,,,,,,,,,,,,,,,,,,,,,0.0,0
LRL_2026-01-23_3,23009056,LRL_2026-01-23_3_23009056,17.0,6.0,15.461761626817246,16.167310700450592,14.192200871314625,1.9751098291359668,6.931148180587015,2.23038555146665,1716.1,1716.0999999999995,0.8190000000000001,1.976,12.064705882352941,26.0,4.0,6.0,-1.0,16.333333333333332,4.666666666666667,15.528867887514354,16.499424723357997,14.206817233780995,2.292607489577001,6.964578043644276,2.2286035448334913,1651.3666666666668,1651.366666666666,0.9213541666666666,2.3000000000000003,13.659068627450983,29.899999999999995,3.0,5.666666666666667,-1.0,0.5773502691896263,2.309401076758503,0.15714394858887154,0.28766001728299745,0.2713048257939034,0.3894871669315017,0.04919781102726797,0.008958374926367474,56.146356367384435,56.14635636738428,0.7984667346246074,2.406414760593028,11.774985498280559,31.133743751755908,1.7320508075688772,1.5275252316519465,1.0,3.0,1
LRL_2026-01-23_3,23005429,LRL_2026-01-23_3_23005429,16.0,5.0,15.602922246739507,16.035587712610806,14.977053829367325,1.0585338832434807,7.061910083220364,2.210178021879008,1611.4,1611.3999999999999,0.3845625,1.475,5.925000000000001,20.6,1.0,5.0,-1.0,16.666666666666668,5.0,15.557396546915939,16.19450617265488,14.55082647645054,1.6436796962043367,7.053957354076367,2.205536497309606,1680.0666666666666,1680.0666666666664,0.5726580882352941,1.7090000000000003,8.437745098039215,22.766666666666666,1.6666666666666667,5.333333333333333,-2.0,0.5773502691896263,0.0,0.0722278179821296,0.14470053692501153,0.38547112387852417,0.5301469295347474,0.0072608937453293295,0.009989587892890275,59.519604613381944,59.51960461338194,0.37076022260482827,1.2505290880263442,5.280955929617778,16.159311041419226,0.5773502691896258,0.5773502691896257,1.0,3.0,1
LRL_2026-01-23_3,23015196,LRL_2026-01-23_3_23015196,14.0,7.0,15.695533001115704,17.159208883149173,13.78353857541358,3.375670307735593,6.97456539666941,2.2465544864247837,1416.1999999999996,1416.1999999999998,1.1400000000000001,3.54,16.485714285714288,44.0,5.0,7.0,0.0,12.333333333333334,4.0,16.187694177264447,17.13598430444932,14.769147656797694,2.3668366476516227,7.03545394029853,2.2994619054234082,1244.4999999999998,1244.4999999999998,0.7871818181818182,2.1043333333333334,11.86948051948052,27.433333333333334,3.0,6.333333333333333,2.3333333333333335,1.5275252316519465,2.6457513110645907,0.4302643311931065,0.10235586872637549,0.8661847758158691,0.9081085627331195,0.06632327221454082,0.04601742219104672,157.31334971959595,157.31334971959626,0.3487992507953134,1.7415608899298736,4.51050024918431,22.054553573657603,1.7320508075688772,3.0550504633038935,3.214550253664318,3.0,1
LRL_2026-01-23_3,23004415,LRL_2026-01-23_3_23004415,16.0,6.0,15.644033260575965,15.954478446539735,15.16629494602769,0.7881835005120443,6.455874554358435,2.4239531771323293,1617.9,1617.8999999999996,0.4819375,1.502,7.44375,21.0,2.0,6.0,-4.0,15.0,4.333333333333333,15.993027214000646,16.34449585312609,15.24314385101758,1.1013520021085121,6.541296605809794,2.4445623778068573,1518.6666666666667,1518.6666666666663,0.6913419117647058,0.9096666666666667,11.232230392156863,12.833333333333334,2.3333333333333335,5.333333333333333,-1.6666666666666667,2.6457513110645907,2.081665999466133,0.5082723497334103,0.38439757742941544,0.7739881938177379,0.6471799796376103,0.12955901288979085,0.02934748059193578,266.2980347905959,266.2980347905957,0.7710848042487398,0.7568595202105429,12.801119789499824,10.715565002991365,1.5275252316519468,2.081665999466133,2.0816659994661326,3.0,1
LRL_2026-01-23_3,23014465,LRL_2026-01-23_3_23014465,16.0,4.0,15.695416640871478,15.960501353083291,15.139272659126949,0.8212286939563427,7.120091533841267,2.2052999640755315,1618.6,1618.5999999999997,0.42737499999999995,1.23,6.64375,17.2,3.0,4.0,-1.0,14.0,4.0,16.023076052293426,16.305449266107473,15.436073448039206,0.8693758180682654,7.2050921726635035,2.2239535254174134,1417.75,1417.7499999999998,0.9421875,1.4255,15.063541666666667,19.95,3.5,5.5,0.0,2.8284271247461903,0.0,0.4633803834721031,0.4878300169110916,0.41973970100274866,0.0680903159083417,0.12020905623278469,0.026380119436248003,284.0447940026361,284.044794002636,0.7280548195791989,0.2764787514439401,11.907383567355968,3.8890872965260113,0.7071067811865476,2.1213203435596424,1.4142135623730951,2.0,1
LRL_2026-01-23_3,23007473,LRL_2026-01-23_3_23007473,14.0,7.0,15.627810724869445,16.90561661075363,13.32988453507129,3.575732075682339,7.159384458376739,2.177875097223763,1416.5999999999997,1416.5999999999997,1.8746428571428573,4.918,28.614285714285717,65.1,5.0,7.0,-2.0,14.0,7.0,15.627810724869445,16.90561661075363,13.32988453507129,3.575732075682339,7.159384458376739,2.177875097223763,1416.5999999999997,1416.5999999999997,1.8746428571428573,4.918,28.614285714285717,65.1,5.0,7.0,-2.0,,,,,,,,,,,,,,,,,,1.0,1
LRL_2026-01-23_4,22007066,LRL_2026-01-23_4_22007066,12.0,2.0,16.557106545244572,17.08568500888071,15.8600306383454,1.2256543705353096,6.786282924677798,2.440777429120677,1209.8999999999999,1209.8999999999999,0.3996666666666668,0.011,6.808333333333334,0.2,1.0,5.0,2.0,13.333333333333334,3.0,16.4395400642697,16.980503678565213,15.734132508158583,1.2463711704066298,6.8402303414198835,2.4035282413478964,1347.5,1347.4999999999998,0.6210902777777778,0.39399999999999996,10.263888888888888,5.533333333333334,2.6666666666666665,7.333333333333333,3.0,2.3094010767585034,1.0,0.24794928419365425,0.13160529087915437,0.3413794286965134,0.22921562914047716,0.07336021835311159,0.0349833493658088,237.81076510536693,237.81076510536678,0.36248868057837846,0.3401720153099017,6.014088398025029,4.798263574808425,1.5275252316519465,2.0816659994661326,1.7320508075688772,3.0,1
LRL_2026-01-23_4,19008389,LRL_2026-01-23_4_19008389,16.0,1.0,15.879846304584685,16.11367252427323,15.406499146162039,0.7071733781111913,6.878398223523401,2.3084164890543017,1624.3,1624.2999999999997,1.1336249999999999,0.0,18.075000000000003,0.0,1.0,8.0,7.0,16.666666666666668,2.6666666666666665,15.7844205470255,16.105799571484955,15.176123941694113,0.9296756297908413,6.876374658568994,2.2951510264125443,1686.1000000000001,1686.0999999999997,1.002548611111111,0.8833333333333333,15.75925925925926,11.833333333333334,1.6666666666666667,7.333333333333333,2.6666666666666665,1.1547005383792517,1.5275252316519465,0.1410834857695282,0.14679285665959488,0.19975115695208448,0.2481957061726142,0.019297646267146355,0.014537302681388364,114.83462021533393,114.83462021533414,0.48903420371342166,0.9948388479212769,7.78631591543648,13.156113914577256,1.1547005383792517,2.081665999466133,5.131601439446884,3.0,1
LRL_2026-01-23_4,19004949,LRL_2026-01-23_4_19004949,11.0,4.0,17.296816636937454,18.036822777335114,16.488753324421427,1.548069452913687,7.058567203524294,2.4502775575732625,1107.4,1107.4,0.22400000000000003,0.538,3.8454545454545452,8.2,2.0,5.0,1.0,12.5,5.0,16.669195679760676,17.57163659696368,15.410463615384117,2.161172981579562,6.847222377656679,2.432808598385897,1258.1499999999999,1258.15,0.5086428571428572,1.6724999999999999,7.944155844155844,23.85,2.0,6.0,-2.0,2.1213203435596424,1.4142135623730951,0.8875900696689831,0.6578726053098205,1.5249319306879023,0.8670593253780825,0.2988867190793621,0.024704839003314317,213.19269452774375,213.19269452774398,0.40254578900405596,1.6044252865122763,5.796438964739595,22.13244225113894,0.0,1.4142135623730951,4.242640687119285,2.0,1
LRL_2026-01-23_4,21007744,LRL_2026-01-23_4_21007744,12.0,1.0,16.692636836640045,17.345619203992666,15.861946333429595,1.4836728705630708,6.977770302786209,2.392782230723538,1213.1999999999998,1213.1999999999998,0.39625,0.0,6.766666666666667,0.0,1.0,4.0,3.0,13.333333333333334,3.0,16.18996794099306,16.914334887333098,15.244986121785638,1.6693487655474577,6.923570161210699,2.3385540470626016,1346.1333333333332,1346.1333333333332,0.9403888888888888,1.3949999999999998,14.852083333333333,18.733333333333334,2.3333333333333335,5.666666666666667,0.6666666666666666,2.3094010767585034,2.0,0.4703416795269062,0.43917359015721125,0.8055395140332685,0.8492179619872161,0.10231211016831653,0.04707924548055145,232.67637038026302,232.67637038026282,0.6546737542753925,1.4035772155460489,10.510623552638435,18.601433636505906,1.1547005383792517,1.5275252316519468,2.516611478423583,3.0,1
LRL_2026-01-23_4,21016779,LRL_2026-01-23_4_21016779,12.0,2.0,16.346785433998292,17.409545786391174,14.7567837942996,2.6527619920915733,7.21576612605272,2.263927838328868,1208.6,1208.6,0.234,0.624,3.5500000000000003,8.6,1.0,2.0,0.0,11.666666666666666,1.6666666666666667,16.655800520883993,17.596131749107784,15.196278705328252,2.39985304377953,7.263018744624364,2.292383831267831,1174.8333333333333,1174.8333333333333,0.21767171717171716,0.5760000000000001,3.375,8.0,1.3333333333333333,2.6666666666666665,1.0,0.5773502691896258,0.5773502691896257,0.27022598997916725,0.20718036164330192,0.3814418309748169,0.24269676665034634,0.05657856900559849,0.03034269090027122,58.48558226890913,58.48558226890895,0.20017433077891236,0.5535630045441983,3.1161875745853296,7.717512552629896,0.5773502691896257,1.1547005383792515,1.0,3.0,1
LRL_2026-01-23_4,22008315,LRL_2026-01-23_4_22008315,11.0,1.0,16.856288803560513,17.49374356637461,15.349220176115024,2.1445233902595877,7.002683034166842,2.406942521337909,1109.2,1109.2,0.008,0.0,0.13636363636363635,0.0,1.0,2.0,0.0,12.0,1.6666666666666667,16.94169207311953,17.494502739400577,16.095424043851533,1.3990786955490442,7.078129798632518,2.3934075072415366,1212.6333333333332,1212.6333333333332,0.26505341880341876,0.08166666666666667,4.419172494172494,1.2333333333333334,1.6666666666666667,5.333333333333333,3.3333333333333335,1.0,1.1547005383792517,0.1878789003053886,0.33668530657947693,0.6464885274548169,0.7367012863709534,0.06913333389180246,0.021944335347583326,101.36736818786069,101.36736818786062,0.40180808768606985,0.1414508159514583,6.645728000429769,2.1361959960016152,1.1547005383792517,3.511884584284246,3.055050463303893,3.0,1
LRL_2026-01-23_5,20016074,LRL_2026-01-23_5_20016074,16.0,2.0,15.834824362385778,16.497503018366928,15.02502536796708,1.4724776503998473,7.1742205056860335,2.2078206367517024,1618.9,1618.8999999999999,0.6003125,0.075,9.55625,1.0,1.0,5.0,1.0,16.5,2.0,15.765680674516481,16.302726990085922,14.92115600540555,1.38157098468037,7.159097156431816,2.202174296301619,1666.65,1666.6499999999999,1.020920955882353,0.574,16.025183823529414,7.35,1.5,6.5,3.5,0.7071067811865476,0.0,0.09778394113725065,0.2754549008201643,0.1468934612495641,0.12856143957060204,0.021387645623819482,0.007985131242283732,67.52869760331521,67.5286976033153,0.5948301827576292,0.7056925676241744,9.148453947329337,8.980256121069154,0.7071067811865476,2.1213203435596424,3.5355339059327378,2.0,1
LRL_2026-01-23_5,21011111,LRL_2026-01-23_5_21011111,17.0,6.0,15.445412037647289,16.368810273577616,14.232929303198523,2.135880970379093,6.856921581814459,2.2519160048761226,1721.2999999999997,1721.2999999999997,1.116235294117647,3.019,16.488235294117647,40.1,5.0,7.0,0.0,16.666666666666668,3.6666666666666665,15.737911535296488,16.268943300515872,15.021269455609636,1.2476738449062357,6.976302397343301,2.255978820263428,1682.1333333333332,1682.1333333333332,0.8550808823529411,1.9053333333333333,12.935416666666667,25.46666666666667,3.3333333333333335,5.666666666666667,1.0,0.5773502691896255,2.516611478423583,0.2650685043577043,0.2549697544137988,0.822925595720078,1.0395729627841594,0.11024249567862274,0.024150533769859345,60.79246115542065,60.79246115542089,0.5609892026971821,1.657902992739121,8.3409913513476,22.13647066118114,2.0816659994661326,2.309401076758503,1.0,3.0,1
LRL_2026-01-23_5,21005927,LRL_2026-01-23_5_21005927,17.0,6.0,15.205376309510719,16.022014509163522,14.001586485480459,2.0204280236830634,6.622124532084828,2.2968137246812694,1721.6,1721.6,0.9654705882352941,3.544,14.264705882352942,49.1,3.0,6.0,-2.0,17.0,6.666666666666667,15.867796173610836,16.614843976698968,14.891060848231879,1.723783128467088,6.7660366401977585,2.344617928571123,1717.5999999999997,1717.5999999999997,0.6302239923747277,2.533333333333333,9.615087145969499,36.266666666666666,2.6666666666666665,7.0,-2.0,1.0,3.0550504633038935,0.6460619281183524,0.5730715648239996,1.2078117727664341,1.2124275171879981,0.21967687452337623,0.04471450942375685,103.75784307704147,103.75784307704171,0.2924088379303504,0.8768063260112426,4.140770095473496,11.698005528009181,0.5773502691896258,2.6457513110645907,3.0,3.0,1
LRL_2026-01-23_5,20019678,LRL_2026-01-23_5_20019678,,,,,,,,,,,,,,,,,,,,,,,,,,,,,,,,,,,,,,,,,,,,,,,,,,,,0.0,0
LRL_2026-01-23_5,21005461,LRL_2026-01-23_5_21005461,,,,,,,,,,,,,,,,,,,,,,,,,,,,,,,,,,,,,,,,,,,,,,,,,,,,0.0,0
LRL_2026-01-23_5,21010309,LRL_2026-01-23_5_21010309,16.0,4.0,15.687120153428694,16.22931046339141,14.945465812411992,1.2838446509794181,inf,2.17248470287444,1618.6,1618.5999999999997,1.1901875,0.954,18.5375,12.4,4.0,7.0,3.0,16.5,4.5,15.63734094115415,16.325373101739096,14.53632660080794,1.789046500931157,inf,2.2453333102050514,1669.9499999999998,1669.9499999999998,1.1519466911764704,1.7075,17.542279411764707,21.85,4.0,7.0,1.0,0.7071067811865476,0.7071067811865476,0.070398437122909,0.13585308598863888,0.5786102219490875,0.7144633079377263,,0.103023488486943,72.6198664278583,72.61986642785854,0.05408067047435212,1.0656099192481272,1.4074544534352835,13.364318164425748,0.0,0.0,2.8284271247461903,2.0,1
LRL_2026-01-23_5,21000753,LRL_2026-01-23_5_21000753,16.0,3.0,15.721551582726741,16.54865938786211,14.166952134052403,2.381707253809706,6.825939477587015,2.2998045187464182,1611.2,1611.1999999999998,0.442,1.49,6.525,19.8,2.0,4.0,-1.0,14.666666666666666,2.3333333333333335,15.968226670571687,16.56037309524756,14.95882095317797,1.6015521420695904,6.916582835928374,2.3074435555686734,1477.9666666666665,1477.9666666666665,0.34869162210338683,1.0410000000000001,5.3227718360071306,14.133333333333335,1.3333333333333333,3.6666666666666665,-0.3333333333333333,3.2145502536643185,1.1547005383792515,0.7102552036750384,0.35702004961245126,1.2560014377867252,0.969555631952233,0.14502508607730824,0.058536855553613834,323.99213467819453,323.9921346781943,0.100941168585371,0.9043633119493515,1.2268354365040102,12.319632029136802,0.5773502691896258,0.5773502691896258,2.0816659994661326,3.0,1
LRL_2026-01-23_5,20009517,LRL_2026-01-23_5_20009517,16.0,4.0,16.35602919727827,17.357714941169025,15.289862154803348,2.067852786365677,6.826996584943851,2.3943111272122364,1616.1999999999998,1616.2,0.8523124999999999,1.39,13.743749999999999,19.6,4.0,7.0,0.0,16.0,4.0,16.35602919727827,17.357714941169025,15.289862154803348,2.067852786365677,6.826996584943851,2.3943111272122364,1616.1999999999998,1616.2,0.8523124999999999,1.39,13.743749999999999,19.6,4.0,7.0,0.0,,,,,,,,,,,,,,,,,,1.0,1
LRL_2026-01-23_5,21007664,LRL_2026-01-23_5_21007664,17.0,6.0,15.336402950905407,16.88788001386076,13.203698566156874,3.6841814477038852,7.054013611040413,2.1673098831954896,1714.3,1714.3,0.6031176470588235,5.311,8.005882352941176,66.2,1.0,6.0,-4.0,17.0,3.5,15.592861398505928,16.789637102749992,13.884884148657648,2.9047529540923467,7.1077657479234215,2.19034049587654,1713.9499999999998,1713.9499999999998,0.30155882352941177,2.6555,4.002941176470588,33.1,1.0,3.5,-2.0,0.0,3.5355339059327378,0.3626870147818058,0.13893645729985893,0.9633418892656114,1.102278346565469,0.07601700098648538,0.03257020480330285,0.4949747468306958,0.4949747468306958,0.4264685780885689,3.7554441148817537,5.661013701146419,46.810468914549446,0.0,3.5355339059327378,2.8284271247461903,2.0,1
LRL_2026-01-23_6,21010127,LRL_2026-01-23_6_21010127,14.0,6.0,15.935130680179252,16.76925935060448,14.462590036159328,2.30666931444515,6.990802967016179,2.2776444837770224,1415.7999999999997,1415.7999999999997,0.8934285714285715,2.0,13.77857142857143,26.3,5.0,8.0,1.0,12.333333333333334,3.6666666666666665,16.343154310420672,16.904807529117377,15.205474988608074,1.6993325405093056,6.986294825488332,2.3379374140215314,1245.7333333333333,1245.7333333333333,0.643420634920635,1.1593333333333333,10.246139971139973,15.733333333333334,3.0,6.666666666666667,1.3333333333333333,1.5275252316519465,2.0816659994661326,0.3645981042868509,0.12104596503722445,0.6460122691430977,0.5332867096882572,0.021920828364489286,0.055579516296306995,154.75223207867896,154.75223207867896,0.21758634266767546,0.7312074489044359,3.0778193885681295,9.200181157636699,1.7320508075688772,1.1547005383792515,1.5275252316519468,3.0,1
LRL_2026-01-23_6,20004544,LRL_2026-01-23_6_20004544,11.0,6.0,16.10199100937696,16.880421581696794,14.51210240829313,2.3683191734036644,6.838912298459224,2.3515791046146326,1108.9,1108.9,0.9781818181818182,3.124,15.327272727272726,44.6,6.0,6.0,0.0,12.333333333333334,6.0,16.185951297114393,17.15761737304847,14.688444389742534,2.4691729833059353,6.876805757342403,2.351351095379897,1243.8333333333333,1243.8333333333333,0.5767709235209235,1.9943333333333335,9.016630591630593,28.46666666666667,3.0,6.0,-1.3333333333333333,1.5275252316519468,2.0,0.1919242176690395,0.2826835352402897,0.27688877154002584,0.11959341227774674,0.08348790456814946,0.0007687608907026675,153.15434480723442,153.15434480723442,0.419807351797113,1.229992005394073,6.542685489108248,17.59839007788307,2.6457513110645907,2.0,1.5275252316519468,3.0,1
LRL_2026-01-23_6,21003826,LRL_2026-01-23_6_21003826,17.0,6.0,16.351598408223108,16.949270251842627,15.246902503194402,1.702367748648225,7.354467091146411,2.2233380058797896,1682.6,1682.6,0.2075294117647059,1.353,3.1294117647058823,19.8,1.0,6.0,-5.0,14.666666666666666,6.0,16.754987216118426,17.133287485411344,15.917796595717824,1.215490889693518,7.457578415190265,2.247995308364852,1468.2,1468.1999999999998,0.3933355614973262,1.3559999999999999,6.441432709447415,21.133333333333333,2.0,6.0,-4.0,3.2145502536643185,1.0,0.42856325759264147,0.6757903792712978,0.9188212886437314,1.432013567004351,0.14261704918881551,0.06993226058222955,313.25837578586777,313.2583757858679,0.19242035187383544,0.3425098538728485,3.4592948506670314,6.798774399355618,1.7320508075688772,1.0,1.0,3.0,1
LRL_2026-01-23_6,21005837,LRL_2026-01-23_6_21005837,12.0,3.0,16.56484186088367,17.427091163800036,15.1225550377088,2.304536126091236,6.936814168133478,2.3868514114396597,1213.3,1213.3,0.029833333333333333,0.357,0.4083333333333334,4.9,1.0,3.0,-2.0,11.333333333333334,3.6666666666666665,17.028020442982392,17.34908990521049,16.138749649004207,1.2103402562062857,7.139208011589804,2.3854204650243265,1144.5,1144.5,0.48215656565656567,0.506,8.363383838383838,7.5,3.0,7.333333333333333,2.0,0.5773502691896255,2.0816659994661326,0.41863854556205926,0.18870215312927768,0.9051370444028666,0.9482634047938956,0.1888636544096234,0.006175100287300585,59.63497296050357,59.63497296050357,0.3929517147467822,0.2764615705663266,6.929001925560415,4.417012565071555,2.6457513110645907,3.785938897200183,5.291502622129181,3.0,1
LRL_2026-01-23_6,22010064,LRL_2026-01-23_6_22010064,14.0,2.0,16.20286263227905,17.02225066042008,15.03374202217807,1.9885086382420116,6.997338082484455,2.3156381436599234,1412.7999999999997,1412.7999999999997,0.10864285714285714,0.073,1.8,1.0,1.0,5.0,2.0,13.0,4.333333333333333,16.40908682334766,17.16894234695972,15.054201852286091,2.1147404946736272,inf,2.2751659440288456,1315.8,1315.8,0.39091991341991333,0.9009999999999999,6.512337662337662,13.066666666666668,2.6666666666666665,5.666666666666667,0.0,1.7320508075688772,4.041451884327381,0.5773814881400636,0.16472535633262816,1.083024577827523,0.9841104542199108,,0.1313353484225538,169.30962760575662,169.30962760575662,0.5037748117815649,0.7961808839704706,8.630108246253204,12.150857308574295,2.886751345948129,3.0550504633038935,1.7320508075688772,3.0,1
LRL_2026-01-23_6,22005591,LRL_2026-01-23_6_22005591,12.0,7.0,16.07510621581705,17.35026632384234,14.535796713426645,2.8144696104156957,6.882596618240534,2.3345295759243756,1218.5,1218.5,0.7186666666666667,2.605,10.949999999999998,36.8,1.0,7.0,-6.0,11.0,4.333333333333333,16.77045877185684,17.19697278786816,15.875768082801356,1.3212047050668048,7.040229849851195,2.38258161476632,1114.1333333333334,1114.1333333333334,0.702131313131313,1.1016666666666666,11.764545454545456,15.933333333333332,2.3333333333333335,6.333333333333333,-0.6666666666666666,1.0,3.0550504633038935,0.6558408148969006,0.35360789539890986,1.2459355364674833,1.5108955290253279,0.25923523457162223,0.05719458737046003,101.48459653234731,101.48459653234731,0.5230596960852644,1.3481499669299901,9.318556666518022,18.88950325798255,2.3094010767585034,3.0550504633038935,5.033222956847167,3.0,1
LRL_2026-01-23_6,22000564,LRL_2026-01-23_6_22000564,14.0,7.0,15.760957958057125,16.99950637935134,14.14750071690148,2.852005662449862,6.853200063534071,2.2972623504914957,1414.6999999999998,1414.6999999999998,0.9165714285714284,2.979,13.442857142857145,39.1,2.0,9.0,-4.0,12.333333333333334,5.0,16.205791978478963,16.94119234563557,15.258102445783045,1.6830898998525263,6.990445605780114,2.3178927479640716,1245.8666666666666,1245.8666666666666,0.9619076479076479,1.8470000000000002,15.097366522366523,25.099999999999998,3.3333333333333335,7.333333333333333,0.3333333333333333,1.5275252316519465,1.7320508075688772,0.38881663395901916,0.1899866946330298,0.9849858812327085,1.0868513646513933,0.12448067151049584,0.018334786249000225,154.96884633155568,154.9688463315557,0.06535136171880274,0.9841935785199983,1.7282254568937936,12.183595528414426,1.1547005383792517,1.5275252316519468,3.785938897200183,3.0,1
LRL_2026-01-23_6,22004844,LRL_2026-01-23_6_22004844,14.0,6.0,15.919054549155772,17.180430991296575,13.98444049610029,3.195990495196284,inf,2.2279870348865662,1418.1,1418.1,0.3300714285714286,1.549,4.735714285714286,20.7,1.0,6.0,-4.0,12.666666666666666,3.3333333333333335,16.315014337612215,17.253374180541854,14.82775674626273,2.425617434279122,inf,2.3949639688364104,1280.1,1280.1000000000001,0.2655515873015873,0.7153333333333333,4.145238095238096,9.6,1.3333333333333333,4.666666666666667,-0.3333333333333333,1.1547005383792517,2.5166114784235836,0.34325780903136316,0.17353059199618842,0.8036746045867033,0.831960422298873,,0.14589008630783198,119.54200098710076,119.54200098710076,0.0796111958681603,0.7812504933331775,1.0278939843602064,10.431203190428226,0.5773502691896257,1.5275252316519465,3.2145502536643185,3.0,1
LRL_2026-01-23_6,22002328,LRL_2026-01-23_6_22002328,12.0,5.0,16.426456687761124,16.84401473502583,15.631286882029611,1.2127278529962187,6.829764787834242,2.4044984145633674,1217.1999999999998,1217.2,0.60325,0.624,10.049999999999999,8.8,5.0,7.0,1.0,12.0,3.3333333333333335,16.534955685896715,17.117936227453498,15.610072035298579,1.5078641921549203,6.83975826932556,2.416462802379425,1212.533333333333,1212.5333333333335,0.4844722222222222,0.5746666666666667,8.038888888888888,8.1,3.0,6.333333333333333,2.6666666666666665,0.0,1.5275252316519465,0.09431204971379054,0.2747432921765897,0.06372027233071617,0.32430495105533175,0.03477114065766221,0.015311021160688283,4.384442191811215,4.384442191811149,0.14224690812235732,0.05852634734316958,2.3877193519556905,0.8185352771872455,1.7320508075688772,2.081665999466133,2.886751345948129,3.0,1
LRL_2026-01-23_6,21013073,LRL_2026-01-23_6_21013073,11.0,1.0,16.604583467604172,16.918286333449547,15.370805508400757,1.5474808250487904,7.279682399907835,2.282825296302949,1106.7,1106.7,0.10472727272727274,0.0,1.8454545454545455,0.0,1.0,7.0,6.0,11.0,2.3333333333333335,16.762854102720592,16.858584219041163,15.947657772202291,0.910926446838871,7.458850683618156,2.2500628616514917,1108.6666666666667,1108.6666666666667,0.45975757575757575,0.43966666666666665,7.836363636363636,6.566666666666666,2.3333333333333335,7.333333333333333,4.333333333333333,0.0,1.5275252316519468,0.3469607824763665,0.17001392547352034,0.6170819636648751,0.5865275299226427,0.15544724463756623,0.04887397442395915,2.1126602503319987,2.1126602503321648,0.3951888588507773,0.38817564752742195,6.8471083357855145,5.822656896411923,1.5275252316519468,0.5773502691896257,1.5275252316519468,3.0,1
LRL_2026-01-23_6,21003092,LRL_2026-01-23_6_21003092,12.0,9.0,15.730221887621376,17.241654134963845,13.331303472638947,3.9103506623248983,6.339422415265517,2.469090041096592,1217.6,1217.6,1.2584166666666665,5.684,18.61666666666667,76.3,5.0,9.0,0.0,12.666666666666666,7.0,15.951593949997253,17.082932309424447,14.086283688202116,2.9966486212223296,6.358829776975493,2.5018011768697965,1282.6333333333332,1282.6333333333332,0.9318928571428572,3.531,14.036904761904763,47.199999999999996,3.0,7.666666666666667,-2.6666666666666665,1.1547005383792515,2.6457513110645907,0.41054033526699013,0.1378480204293326,1.2616280256375136,1.32968756037989,0.03327630461748551,0.056744645342811456,112.7276511479473,112.72765114794736,0.3690912057594088,2.3164211620514954,5.932142618235329,30.76735282730706,2.0,1.5275252316519465,3.7859388972001824,3.0,1
LRL_2026-01-23_7,21019098,LRL_2026-01-23_7_21019098,17.0,4.0,15.635756979748882,16.779121992241503,13.365834604373589,3.413287387867914,7.188115726220479,2.169934836379767,1724.1,1724.1,1.0257058823529412,5.727,14.305882352941175,68.3,2.0,5.0,-1.0,13.333333333333334,6.0,16.589781282614737,17.38358903400705,15.116357966796107,2.2672310672109415,7.418205519670327,2.2319178845560135,1351.0,1351.0,0.999066102198455,3.6503333333333337,15.419890077243018,47.833333333333336,4.0,7.0,-1.6666666666666667,3.214550253664318,2.0,1.0039468377716647,0.523617801539694,2.0526105446703222,1.7125907942104839,0.27105689568666347,0.05851121339760108,326.8912816212755,326.89128162127537,0.2907538740026337,2.3787932514897827,3.951036286442305,27.251666615701385,2.0,1.7320508075688772,0.5773502691896258,3.0,1
LRL_2026-01-23_7,20020171,LRL_2026-01-23_7_20020171,12.0,1.0,16.968591495460984,17.80740156118317,15.7754384529486,2.031963108234569,7.525952704432345,2.253229135182036,1209.6,1209.6,0.41825,0.0,7.375,0.0,1.0,5.0,3.0,12.0,1.0,17.051907530670164,17.70581894212736,16.049290037579713,1.656528904547649,7.546536417075875,2.258972216922111,1212.4333333333332,1212.4333333333332,0.31380555555555556,0.0,5.519444444444445,0.0,1.0,4.333333333333333,2.6666666666666665,0.0,0.0,0.11978094782818569,0.08965391865770612,0.4319566468435794,0.4988269977219812,0.07157800724971083,0.00925298200418813,3.1973947728319354,3.197394772832045,0.17537543722392107,0.0,3.1348659076999232,0.0,0.0,1.1547005383792517,1.5275252316519468,3.0,1
LRL_2026-01-23_7,21002408,LRL_2026-01-23_7_21002408,12.0,3.0,16.972326761631216,17.862430531315326,16.2360562993108,1.626374232004526,7.3470149306512775,2.3108020586749625,1214.1,1214.1,0.3746666666666667,0.846,5.958333333333333,12.5,1.0,4.0,-1.0,11.5,3.0,17.37585340171258,17.828733368578767,16.827100670649628,1.0016326979291392,7.471217890284667,2.3265430342540028,1160.75,1160.75,0.5049242424242425,0.486,8.642803030303032,7.2,2.0,7.0,3.0,0.7071067811865476,0.0,0.5706728471819106,0.047654984555534366,0.8358629659116508,0.8835179504671852,0.17564951000041695,0.022261101148862483,75.44829355260457,75.44829355260457,0.18421203023820457,0.5091168824543142,3.7964134532341403,7.495331880577404,1.4142135623730951,4.242640687119285,5.656854249492381,2.0,1
LRL_2026-01-23_7,21013533,LRL_2026-01-23_7_21013533,,,,,,,,,,,,,,,,,,,,,,,,,,,,,,,,,,,,,,,,,,,,,,,,,,,,0.0,0
LRL_2026-01-23_7,21019628,LRL_2026-01-23_7_21019628,14.0,4.0,16.2740654713873,17.34995963779265,14.465197810756578,2.8847618270360726,7.16388278964822,2.2684326542799376,1410.3999999999996,1410.3999999999999,0.16357142857142856,0.626,2.5,8.3,1.0,4.0,0.0,12.666666666666666,5.0,16.732105975327,17.694137948387247,15.28321439778602,2.4109235506012254,7.2692153980823555,2.2999194664358815,1276.7333333333331,1276.7333333333333,0.27191269841269844,1.0233333333333334,4.263888888888888,14.766666666666666,1.3333333333333333,5.333333333333333,-2.0,1.1547005383792517,3.605551275463989,0.4358890582563112,0.3147284276970487,0.899067394839336,0.7726153542481337,0.1181576694321185,0.02740516485535354,115.75980879965768,115.75980879965785,0.28749162694435837,1.0992458020539961,4.527955858801989,16.386681583936795,0.5773502691896257,3.214550253664318,4.358898943540674,3.0,1
LRL_2026-01-23_7,19000681,LRL_2026-01-23_7_19000681,11.0,4.0,16.77988397109756,16.820757285446646,15.604551155738912,1.216206129707734,7.2590670587495705,2.311183612833142,1109.9,1109.9,0.8260909090909091,1.319,13.836363636363638,19.0,4.0,6.0,2.0,13.0,7.333333333333333,16.372789500860076,16.96288215305096,14.972532875099034,1.990349277951924,7.146843210251089,2.2893782332537405,1312.7,1312.7,1.0105858585858585,2.5869999999999997,16.2260101010101,36.800000000000004,4.666666666666667,8.0,-1.0,2.6457513110645907,2.8867513459481287,0.3528352791180742,0.3962270696135741,0.5854046834348489,0.8892894127606019,0.14943595760768022,0.04231461145956005,266.2440421868627,266.2440421868627,0.2659998137273204,1.0992579315156203,4.0911887063064105,15.415252187363011,1.1547005383792517,1.7320508075688772,3.0,3.0,1
LRL_2026-01-23_7,20007029,LRL_2026-01-23_7_20007029,11.0,5.0,16.89976886401969,17.409388356449373,15.55526890633476,1.854119450114613,6.890424066833261,2.4523411440328036,1118.3,1118.3,0.5369090909090909,1.398,8.581818181818182,20.1,1.0,6.0,-4.0,11.666666666666666,4.0,16.854214402120125,17.61221926698212,15.493507382387888,2.1187118845942314,6.917526026518402,2.4356480582141464,1180.8333333333333,1180.8333333333333,0.4639141414141414,1.468,7.221717171717171,20.733333333333334,1.0,4.666666666666667,-2.0,0.5773502691896255,1.0,0.1354456610110113,0.2680343288217713,0.1764298336281283,0.23170053568327,0.03755853032916021,0.017136954608857294,54.156286184831124,54.156286184831124,0.12078094744869923,0.17109938632268684,2.0205136754555224,2.2188585654190147,0.0,1.1547005383792515,2.6457513110645907,3.0,1
LRL_2026-01-23_7,22008533,LRL_2026-01-23_7_22008533,12.0,1.0,16.985370036731144,17.87805436634831,15.650454218121542,2.2276001482267667,6.8374399033581765,2.4828518196163274,1208.1,1208.1,0.1685,0.0,2.983333333333333,0.0,1.0,6.0,5.0,12.0,1.0,17.04019641460865,17.9589950015463,15.481396266352046,2.4775987351942543,6.822293299238925,2.49530984092652,1208.75,1208.75,0.19633333333333333,0.0,3.508333333333333,0.0,1.0,5.0,3.0,0.0,0.0,0.07753620717016309,0.11446734404409213,0.23908404821943735,0.3535513922635308,0.021420532969341512,0.017618302697207537,0.91923881554256,0.91923881554256,0.03936227748605113,0.0,0.7424621202458749,0.0,0.0,1.4142135623730951,2.8284271247461903,2.0,1
LRL_2026-01-23_7,22011173,LRL_2026-01-23_7_22011173,12.0,7.0,16.492231939907033,17.78818307714296,14.453382686327435,3.3348003908155253,6.869693802312297,2.3945566914876557,1214.5,1214.5,0.41291666666666665,2.112,6.383333333333333,30.0,3.0,7.0,-3.0,12.0,5.0,16.870890446801045,18.07303320319622,15.105713189869027,2.9673200133271975,6.952344799395875,2.4226391379331433,1213.8666666666666,1213.8666666666666,0.4091666666666666,1.4169999999999998,6.538888888888889,19.966666666666665,2.3333333333333335,5.333333333333333,-0.6666666666666666,0.0,3.4641016151377544,0.43841074860204,0.2957026641325293,1.0917561300386807,1.1424966924685678,0.1228778158366448,0.025988835741899575,3.5921210076128034,3.5921210076128034,0.4073046140312077,1.2272322518578136,6.618037921161069,17.291712851343945,1.1547005383792515,3.7859388972001824,2.0816659994661326,3.0,1
LRL_2026-01-23_8,21014801,LRL_2026-01-23_8_21014801,16.0,1.0,16.321534265363276,16.758780111097476,15.359695496034593,1.3990846150628826,6.943046761239539,2.3495679017760804,1615.5,1615.4999999999995,0.0376875,0.0,0.6437499999999999,0.0,1.0,2.0,0.0,14.0,2.3333333333333335,16.43904133287392,16.984240427464172,15.534238858104878,1.4500015693592936,7.02991568166593,2.339166833811591,1411.5,1411.4999999999998,0.34684027777777776,0.403,5.766567460317462,5.8,2.3333333333333335,3.6666666666666665,0.6666666666666666,2.0,2.3094010767585034,0.3031821981220955,0.3149310269977764,0.23044464505073395,0.08541788150691675,0.1695720607312553,0.012145856110767605,202.71250578097053,202.71250578097033,0.5675371532186813,0.6980164754502576,9.42336953444469,10.045894683899487,2.3094010767585034,2.886751345948129,1.1547005383792517,3.0,1
LRL_2026-01-23_8,21008169,LRL_2026-01-23_8_21008169,14.0,4.0,16.37825774917132,16.531591943632993,15.846938994626662,0.6846529490063311,7.098491207807384,2.3084324425303206,1412.1999999999996,1412.1999999999998,0.8247142857142858,0.935,13.535714285714286,13.7,4.0,7.0,3.0,15.333333333333334,2.3333333333333335,16.42982082119667,16.57693119663255,15.953403285669253,0.623527910963297,7.093663490020294,2.3172487243958497,1544.8333333333333,1544.833333333333,0.4115297619047619,0.6633333333333333,6.693154761904762,9.566666666666666,2.0,5.0,2.0,1.1547005383792517,1.5275252316519465,0.10968098961876063,0.21601392009127154,0.752470193229612,0.9606750187591888,0.11499536300872444,0.022990311264284913,114.86410811621444,114.86410811621404,0.3578361757309862,0.5775883770760396,5.926523307832537,8.310435207215885,1.7320508075688772,1.7320508075688772,1.0,3.0,1
LRL_2026-01-23_8,22018268,LRL_2026-01-23_8_22018268,12.0,1.0,17.103478459194317,17.808218414136814,16.39163076559354,1.416587648543274,7.3440870612806135,2.3313165812477137,1212.1,1212.1,0.13558333333333336,0.0,2.433333333333333,0.0,1.0,2.0,1.0,13.0,3.3333333333333335,16.965110551378018,16.9634128150922,16.665519274632576,0.2978935404596257,7.287608816916517,2.3299065770147407,1315.5666666666666,1315.5666666666666,0.3536622474747475,0.5313333333333333,5.90959595959596,8.466666666666667,3.0,5.0,1.0,2.6457513110645907,3.214550253664318,0.582921320800081,1.1235466659271889,0.2654538412855091,1.2151724026088657,0.10013603334740578,0.049364739182840844,270.285059397173,270.2850593971728,0.2949936646969991,0.4915946839962097,4.69464271129504,7.813663246732183,2.6457513110645907,3.0,2.0,3.0,1
LRL_2026-01-23_8,22004800,LRL_2026-01-23_8_22004800,17.0,5.0,16.14896196177239,17.085875972742922,14.477253049785492,2.60862292295743,6.917774430936131,2.332268052361601,1718.2999999999997,1718.3,0.48417647058823526,2.381,7.405882352941176,33.0,2.0,5.0,-2.0,15.0,4.0,16.35967047631092,17.445367925583394,15.08975336222757,2.355614563355823,6.95703790558071,2.350466652781662,1514.133333333333,1514.1333333333332,0.2828207282913165,1.2973333333333332,5.609103641456582,18.2,1.3333333333333333,4.0,-2.0,1.7320508075688772,2.6457513110645907,0.23862499540499732,0.34334959061834036,0.7929386855964913,0.7661784980414287,0.04625128941048726,0.0202812254038244,176.81352700891793,176.813527008918,0.2521589213673009,1.2047947266374188,4.96106232425736,16.760668244434648,0.5773502691896258,2.6457513110645907,2.0,3.0,1
LRL_2026-01-23_8,22000284,LRL_2026-01-23_8_22000284,16.0,2.0,16.14419102170821,16.76147186164136,15.36541990233562,1.3960519593057406,7.229469406430923,2.2328239222789845,1613.1999999999998,1613.1999999999996,0.287125,0.687,4.550000000000001,9.3,2.0,6.0,4.0,13.333333333333334,3.0,16.772526440915417,17.322032903926985,15.942276526621136,1.3797563773058503,7.387924888079467,2.2698176365084954,1350.1666666666665,1350.1666666666663,0.6735138888888889,0.4306666666666667,11.469444444444443,6.066666666666667,3.0,7.333333333333333,4.333333333333333,2.309401076758503,1.0,0.5471463692505112,0.5143508932856988,0.5136185559522676,0.28959611930979934,0.1372721094180716,0.033059941447614205,227.83319190436964,227.83319190436947,0.393978360440482,0.28113401312067055,7.005703694794638,3.855299383100272,1.0,1.5275252316519465,1.5275252316519465,3.0,1
LRL_2026-01-23_8,22007040,LRL_2026-01-23_8_22007040,17.0,3.0,16.361079023320944,17.107863515400346,15.787203463662218,1.3206600517381286,7.187546801445262,2.277858083844525,1720.1,1720.0999999999997,0.06611764705882353,0.566,1.0117647058823531,8.4,1.0,3.0,0.0,16.666666666666668,2.3333333333333335,16.162932409299234,17.26892829218551,15.059050696721703,2.2098775954638086,7.14720423509855,2.2615091880182567,1684.2666666666664,1684.2666666666664,0.11527450980392158,0.36366666666666664,1.8384803921568629,5.033333333333334,1.3333333333333333,4.0,1.6666666666666667,0.5773502691896255,1.1547005383792515,0.2166678171932069,0.1580219265354187,0.8057225058507795,0.8806769911766633,0.05187613708502994,0.01625919126165568,61.373637119966354,61.37363711996652,0.12155159431590429,0.31561104754639585,1.9272585295529805,4.441095960833692,0.5773502691896257,1.0,2.0816659994661326,3.0,1
LRL_2026-01-23_8,20011779,LRL_2026-01-23_8_20011779,14.0,3.0,16.502872248784357,16.81028434801527,15.788295954044004,1.0219883939712648,7.051679180862068,2.3402505066210155,1416.7999999999997,1416.7999999999997,0.3152142857142857,0.534,5.171428571428571,7.8,2.0,3.0,0.0,14.0,4.5,16.605483218299135,17.08057827903714,15.527518571320684,1.553059707716458,7.119902352357132,2.331192029955715,1416.0999999999997,1416.0999999999997,0.4711428571428572,0.617,7.889285714285715,8.65,2.5,5.5,1.0,0.0,2.1213203435596424,0.14511382473605014,0.38225334307826886,0.3687949114074799,0.7510482544857494,0.09648213439642485,0.01281062055450828,0.9899494936612309,0.9899494936612309,0.22051630047574763,0.11737972567696683,3.843630432021164,1.202081528017131,0.7071067811865476,3.5355339059327378,1.4142135623730951,2.0,1
LRL_2026-01-23_8,22013858,LRL_2026-01-23_8_22013858,12.0,4.0,17.11034890014825,18.23732616872765,15.530593904039456,2.7067322646881955,7.289722066898205,2.3449718006915914,1220.8999999999999,1220.8999999999999,0.5785833333333333,0.31,9.958333333333334,4.3,3.0,7.0,-1.0,12.0,2.6666666666666665,17.06459392387795,17.90433939745646,15.785696436060038,2.118642961396423,7.291628207996414,2.3391278630335157,1215.5,1215.4999999999998,0.2614722222222222,0.22233333333333336,4.469444444444445,3.1999999999999997,1.6666666666666667,4.0,-1.0,0.0,1.5275252316519468,0.06596433807706362,0.29072425503815696,0.2772737059405381,0.548798520113731,0.021310890049190817,0.01573411854604505,6.352952069707343,6.3529520697075785,0.28139184488959584,0.19397508431067462,4.862771938506466,2.8160255680657444,1.1547005383792517,2.6457513110645907,1.0,3.0,1
LRL_2026-01-23_8,21014434,LRL_2026-01-23_8_21014434,18.0,2.0,16.045997302394557,16.61207920644433,15.562022052821648,1.0500571536226833,7.316025659244523,2.193605997796263,1822.4999999999998,1822.4999999999998,0.2544444444444445,0.525,3.927777777777778,6.8,2.0,4.0,2.0,18.0,2.0,16.045997302394557,16.61207920644433,15.562022052821648,1.0500571536226833,7.316025659244523,2.193605997796263,1822.4999999999998,1822.4999999999998,0.2544444444444445,0.525,3.927777777777778,6.8,2.0,4.0,2.0,,,,,,,,,,,,,,,,,,1.0,1
LRL_2026-01-23_9,20019950,LRL_2026-01-23_9_20019950,,,,,,,,,,,,,,,,,,,,,,,,,,,,,,,,,,,,,,,,,,,,,,,,,,,,0.0,0
LRL_2026-01-23_9,22016308,LRL_2026-01-23_9_22016308,14.0,1.0,16.537952892242267,17.25776331954244,15.230080280988801,2.02768303855364,inf,2.1401611344221894,1411.0999999999997,1411.0999999999997,0.562,0.0,9.635714285714284,0.0,1.0,6.0,4.0,14.666666666666666,1.3333333333333333,16.517542753090403,17.069023969939604,15.537944891317968,1.531079078621633,inf,2.2397743590500845,1479.733333333333,1479.733333333333,0.39931845238095237,0.347,6.670833333333333,4.933333333333334,1.3333333333333333,5.666666666666667,3.0,1.1547005383792515,0.5773502691896257,0.18241837136882363,0.1635997776849484,0.33002478844142213,0.47490530607232956,,0.08645852807612252,116.54597090132879,116.54597090132863,0.1559354283259112,0.6010216302264004,2.728894154748976,8.544783984006461,0.5773502691896257,1.5275252316519465,1.0,3.0,1
LRL_2026-01-23_9,20019378,LRL_2026-01-23_9_20019378,11.0,5.0,17.04018657576107,16.705731866634135,16.34304851439606,0.3626833522380757,7.3945930435076574,2.3035003612214546,1112.7,1112.7,0.9346363636363637,0.342,16.2,5.0,5.0,8.0,2.0,11.666666666666666,3.6666666666666665,17.030715676738897,17.171905558031167,16.247914108444522,0.9239914495866396,7.421237427917329,2.2939954796142765,1181.3333333333333,1181.3333333333333,0.6156287878787879,0.38833333333333336,10.56388888888889,5.7,3.3333333333333335,7.0,3.0,0.5773502691896255,1.5275252316519468,0.2212939407792379,0.5604351003495496,0.22572015530861872,0.5178673208806548,0.09415595209111555,0.008365488693225455,59.511371462379536,59.511371462379536,0.276763440105725,0.08727160668472494,4.891548361242109,1.3000000000000003,1.5275252316519465,1.0,1.7320508075688772,3.0,1
LRL_2026-01-23_9,22017700,LRL_2026-01-23_9_22017700,12.0,5.0,16.497657427685233,17.05493045545746,15.408462673662683,1.646467781794776,6.999346565806031,2.3578716926194128,1213.2,1213.1999999999998,0.65675,1.604,10.6,23.3,3.0,5.0,-2.0,12.0,3.0,16.90586936928898,17.56079593484256,15.887121176979607,1.6736747578629512,7.125246563657803,2.3733507567108316,1213.1999999999998,1213.1999999999998,0.4756944444444444,0.8453333333333334,7.830555555555556,12.333333333333334,1.6666666666666667,5.0,-0.3333333333333333,0.0,2.0,0.3570333953323947,0.48217510754575843,0.41621349969952737,0.2399669371946594,0.11166931235493281,0.019976531502830703,0.7000000000000455,0.7000000000001023,0.1803788515668968,0.8055043968429554,2.6616663187921574,11.709967264400586,1.1547005383792517,1.0,2.886751345948129,3.0,1
LRL_2026-01-23_9,22006485,LRL_2026-01-23_9_22006485,11.0,3.0,17.003917465905086,17.091241244469966,15.908819194803463,1.1824220496665028,6.696153335522596,2.538682776592138,1107.4,1107.3999999999999,0.3027272727272728,0.104,5.3090909090909095,1.5,2.0,5.0,0.0,11.666666666666666,1.6666666666666667,16.959966742082177,17.268234333990595,16.205716592322293,1.0625177416683005,6.6798180462745025,2.5392122670403383,1176.3999999999999,1176.3999999999999,0.21702020202020203,0.034666666666666665,3.7752525252525255,0.5,1.3333333333333333,4.666666666666667,0.6666666666666666,0.5773502691896255,1.1547005383792517,0.051587225780802944,0.36475615968479425,0.28060507478016344,0.455359616497338,0.029338431497368863,0.004504752300935259,59.76253006692388,59.76253006692421,0.07423016068060134,0.06004442799572107,1.328996332543123,0.8660254037844386,0.5773502691896258,0.5773502691896257,1.1547005383792517,3.0,1
LRL_2026-01-23_9,21009515,LRL_2026-01-23_9_21009515,11.0,2.0,17.0978683376351,17.693915534279796,15.730672168454582,1.963243365825214,7.095645607843653,2.4083974895084026,1111.5,1111.5,0.026181818181818185,0.086,0.4454545454545454,1.3,1.0,2.0,0.0,11.666666666666666,3.0,17.172620432980036,17.906311837768072,15.999584067895617,1.906727769872455,7.190522406712266,2.387014297922108,1179.6666666666665,1179.6666666666667,0.19408838383838378,0.46466666666666673,3.1651515151515155,6.833333333333333,1.6666666666666667,3.3333333333333335,0.0,0.5773502691896255,1.7320508075688772,0.1691739223982883,0.1856764614727957,0.3727587535422173,0.27019642402602534,0.0821668132541629,0.0289708113468549,59.0472974261593,59.04729742615945,0.16845339463003225,0.5641119865180435,2.674323867761458,8.318854087753513,0.5773502691896258,1.5275252316519468,1.0,3.0,1
LRL_2026-01-23_9,21010862,LRL_2026-01-23_9_21010862,14.0,6.0,16.316755313686055,16.230059076006807,15.934742374712458,0.2953167012943485,7.100248120766311,2.298702145394881,1411.6999999999998,1411.6999999999998,1.1492857142857145,1.132,18.864285714285717,16.5,6.0,7.0,0.0,16.0,4.333333333333333,16.053753050473897,16.434546332637115,15.266918105537997,1.1676282270991216,7.022204230962998,2.2857971569062863,1613.4666666666665,1613.4666666666665,0.9767572751322753,1.5036666666666667,15.540873015873016,20.5,4.0,6.0,1.0,2.0,1.5275252316519468,0.2916386013708919,0.2601960778170768,0.674259030549692,0.7713768318070262,0.07126060071899937,0.022549844933169787,201.70003305238535,201.70003305238527,0.64905000950722,0.894422905192691,10.265885478974646,11.437219941926447,2.0,1.0,1.0,3.0,1
LRL_2026-01-23_10,22002577,LRL_2026-01-23_10_22002577,12.0,6.0,16.45984529639506,16.95352222753811,15.45115272906348,1.5023694984746285,7.307507946387886,2.2534025845720502,1208.5,1208.5,0.5845833333333333,1.916,9.291666666666666,28.0,2.0,6.0,-4.0,11.333333333333334,5.0,16.957543106516663,17.395646001898978,15.846990294525334,1.5486557073736453,7.343571250459174,2.3095789185669044,1142.1000000000001,1142.1000000000001,0.4642550505050506,1.1436666666666666,7.776010101010101,17.233333333333334,2.6666666666666665,5.333333333333333,-1.3333333333333333,0.5773502691896255,3.605551275463989,0.483177552491187,0.3835517036870047,0.7104303157337705,0.6460083638636289,0.0700767982705526,0.050011851688856614,57.50417376156265,57.50417376156265,0.3775740722040713,1.0105346769573686,6.479792011106,15.078571992510874,2.0816659994661326,3.0550504633038935,2.3094010767585034,3.0,1
LRL_2026-01-23_10,22011518,LRL_2026-01-23_10_22011518,12.0,3.0,16.700096793692573,17.536330582987066,15.615037609714115,1.9212929732729513,7.078997266117022,2.36005513041164,1208.6999999999998,1208.6999999999998,0.7298333333333332,1.708,11.541666666666664,24.2,3.0,5.0,2.0,11.666666666666666,2.0,16.520483379914623,17.28252650225529,15.592146443388932,1.6903800588663558,7.0567425311293555,2.342383799019579,1176.2666666666667,1176.2666666666667,0.34302777777777776,0.7240000000000001,5.466666666666666,10.233333333333333,2.0,3.6666666666666665,1.0,0.5773502691896258,1.0,0.17988511047662667,0.26314408755653057,0.16415705011804546,0.20080976798708022,0.027987906228587024,0.016083750453140363,56.00306539229178,56.003065392291894,0.36688083076318045,0.8831851448026059,5.794831269713073,12.52450930509189,1.0,2.3094010767585034,1.0,3.0,1
LRL_2026-01-23_10,22004906,LRL_2026-01-23_10_22004906,17.0,6.0,15.66816193846845,16.402654063048207,14.614307539120613,1.7883465239275935,7.046454518088957,2.2220221749008613,1717.6,1717.5999999999995,0.8038823529411765,2.498,12.152941176470588,33.9,3.0,6.0,-1.0,13.333333333333334,6.0,16.261175868835164,16.663623467877702,15.271085234119445,1.3925382337582572,7.128170333768658,2.279707966308086,1346.3999999999999,1346.3999999999999,0.9787663398692811,1.5143333333333333,15.761586452762922,21.133333333333333,4.333333333333333,8.0,0.6666666666666666,3.214550253664318,0.0,0.544763277403528,0.5236177765534846,0.6359662418371058,0.830830103772629,0.07480883118458499,0.05894511273431448,325.2118079037107,325.21180790371034,0.4331341401910188,0.8532035708629762,7.226604446665942,11.075348000552095,1.5275252316519465,1.7320508075688772,2.0816659994661326,3.0,1
LRL_2026-01-23_10,22018661,LRL_2026-01-23_10_22018661,,,,,,,,,,,,,,,,,,,,,,,,,,,,,,,,,,,,,,,,,,,,,,,,,,,,0.0,0
LRL_2026-01-23_10,22018608,LRL_2026-01-23_10_22018608,11.0,2.0,16.56009248095414,16.812782330559585,15.878944627937374,0.9338377026222116,7.647314073231707,2.168593159245942,1107.6,1107.6000000000001,0.8188181818181817,0.18,13.654545454545456,2.6,2.0,7.0,5.0,11.5,5.5,16.548024528462292,17.165432747136908,15.357611784847883,1.807820962289025,7.5347686677755235,2.198181609924,1159.0499999999997,1159.0500000000002,0.6168674242424241,1.02,9.973106060606062,14.75,1.5,8.0,-1.5,0.7071067811865476,4.949747468305833,0.017066662084043272,0.4987230019001713,0.7372759772076826,1.2359989791078538,0.1591632387789135,0.041844388238517084,72.76128778409557,72.76128778409573,0.28560150029515735,1.1879393923933999,5.206341519963678,17.182694782833103,0.7071067811865476,1.4142135623730951,9.192388155425117,2.0,1
LRL_2026-01-23_10,22006685,LRL_2026-01-23_10_22006685,12.0,4.0,16.701252679169187,17.465809426367695,15.69603146728636,1.7697779590813347,7.236797983758117,2.306571627771784,1209.7,1209.7,0.9473333333333332,1.869,15.291666666666664,26.5,3.0,7.0,2.0,11.666666666666666,4.333333333333333,16.63085308574119,17.157326590748628,15.464890689288808,1.6924359014598203,7.2150190312782385,2.3052849828517146,1177.0333333333333,1177.0333333333333,0.811878787878788,1.232,13.260858585858585,17.633333333333333,3.0,6.666666666666667,1.3333333333333333,0.5773502691896258,0.5773502691896257,0.18242873967924333,0.5366151580368191,0.22260795501867534,0.566748095060024,0.1063684315167809,0.056416408760162864,58.93405919613315,58.93405919613315,0.3838490912913769,0.5526744068617616,6.296082651694111,7.695020034628457,1.0,1.5275252316519465,3.0550504633038935,3.0,1
LRL_2026-01-23_10,21002183,LRL_2026-01-23_10_21002183,14.0,10.0,15.754467518029534,18.039859585435828,12.008174780959264,6.031684804476564,6.76185397326056,2.3129009943234577,1409.5999999999997,1409.6,1.8542857142857143,9.347,27.87142857142857,130.8,2.0,10.0,-5.0,13.333333333333334,6.666666666666667,16.509804930981858,17.669898409294422,14.414953715101042,3.25494469419338,7.039774777592773,2.3390810746616957,1343.233333333333,1343.2333333333333,1.0792234432234433,3.6426666666666665,17.18278388278388,51.166666666666664,4.0,8.333333333333334,0.0,0.5773502691896255,4.932882862316247,0.655908646690774,0.3244320596137137,2.0873105152489964,2.4054873452662786,0.2433439757018385,0.02345238276255653,57.50185504254038,57.50185504254054,0.9391959710370551,5.0029445662862715,14.542014854588588,69.89222655870489,4.358898943540674,3.7859388972001824,4.358898943540674,3.0,1
LRL_2026-01-23_10,21016438,LRL_2026-01-23_10_21016438,12.0,5.0,16.47440192513573,17.279963132094558,15.03972760193408,2.2402355301604775,6.643680445949127,2.4768460539548856,1217.9999999999998,1217.9999999999998,0.7835833333333332,2.566,12.166666666666666,36.4,1.0,5.0,-4.0,12.0,4.0,16.6366298160205,17.371305573550146,15.460667580635075,1.9106379929150723,6.695488636971738,2.4827069821466408,1215.1666666666665,1215.1666666666667,0.6974166666666667,1.8666666666666665,11.194444444444443,26.766666666666666,2.3333333333333335,5.333333333333333,-0.3333333333333333,0.0,1.7320508075688772,0.2570290740874401,0.5104581877576443,0.3666513526949332,0.5456573058564604,0.05490541546322604,0.020484512428242094,4.9074772881119175,4.90747728811177,0.11614439647840664,0.6935735961910122,1.5769241626707409,9.804250778786377,1.5275252316519468,0.5773502691896257,3.5118845842842465,3.0,1
LRL_2026-01-30_1,22002372,LRL_2026-01-30_1_22002372,17.0,5.0,15.307179400386099,16.561861047904628,13.436089973484476,3.125771074420152,6.8951049856629405,2.216158439004664,1722.5,1722.4999999999998,0.9823529411764705,2.994,14.48235294117647,39.1,3.0,6.0,1.0,16.333333333333332,2.6666666666666665,15.935728371181852,16.36454504440972,15.237459138462667,1.1270859059470553,7.136425466433131,2.2324834376815637,1654.2666666666667,1654.2666666666664,0.9466593137254901,1.1876666666666666,15.037867647058825,15.9,2.0,7.0,4.0,0.5773502691896263,2.0816659994661326,0.5775595040499019,0.26944493987794066,1.6385252678885116,1.8706404495362385,0.2645584215873626,0.027116298338807538,59.134620429434825,59.1346204294349,0.6478628650458806,1.5899906708321698,10.713931687618867,20.546775902802853,1.0,1.7320508075688772,3.0,3.0,1
LRL_2026-01-30_1,21010116,LRL_2026-01-30_1_21010116,12.0,7.0,16.19937355674607,16.881981601013997,15.382425049881649,1.4995565511323488,6.987103170501142,2.3189096504147044,1219.0,1219.0,1.4636666666666667,2.513,23.291666666666668,35.5,4.0,8.0,-3.0,11.5,7.5,16.12998915940535,16.84297584160081,15.030330893601288,1.8126449479995204,6.86310519886372,2.3520001806032056,1168.4,1168.4,1.5189242424242424,2.7145,24.077651515151516,39.0,5.0,8.0,-2.0,0.7071067811865476,0.7071067811865476,0.0981243557363296,0.05516247397279101,0.49793633104399704,0.44277385707120415,0.17535961319639687,0.04679707657869452,71.55920625607855,71.55920625607855,0.07814601306022234,0.28496403281817884,1.111550432547034,4.949747468305833,1.4142135623730951,0.0,1.4142135623730951,2.0,1
LRL_2026-01-30_1,22011846,LRL_2026-01-30_1_22011846,14.0,4.0,15.956093266423505,17.1146929646832,14.659619428681784,2.455073536001416,inf,2.2078993515733982,1418.7999999999997,1418.7999999999997,0.6247857142857143,1.091,9.22857142857143,14.6,1.0,7.0,-1.0,16.0,5.666666666666667,16.25486411533358,16.629920499763486,15.634986506969062,0.9949339927944258,inf,2.319119176568113,1618.1666666666667,1618.1666666666663,0.7104262566137566,1.149,11.327347883597886,17.066666666666666,2.0,7.666666666666667,-2.6666666666666665,2.0,2.886751345948129,0.26030295984290647,0.44309583134675407,0.8582408106466298,1.2981549702149429,,0.09633084371768988,199.85175339069042,199.85175339069028,0.5655750111162812,0.2736494107430162,9.431313496844828,5.071817557181381,1.7320508075688772,1.1547005383792517,4.725815626252608,3.0,1
LRL_2026-01-30_1,22004783,LRL_2026-01-30_1_22004783,13.0,4.0,16.215107700965024,17.47253363982955,14.69045711527982,2.78207652454973,6.937922515878228,2.336760866975205,1313.6999999999996,1313.6999999999998,0.4596153846153846,0.555,7.023076923076924,7.3,2.0,4.0,0.0,13.0,4.0,16.215107700965024,17.47253363982955,14.69045711527982,2.78207652454973,6.937922515878228,2.336760866975205,1313.6999999999996,1313.6999999999998,0.4596153846153846,0.555,7.023076923076924,7.3,2.0,4.0,0.0,,,,,,,,,,,,,,,,,,1.0,1
LRL_2026-01-30_1,22010120,LRL_2026-01-30_1_22010120,17.0,1.0,15.32876146136466,16.333534081002263,14.076683090247561,2.2568509907547014,6.72768680756447,2.2775614031965152,1720.1999999999998,1720.1999999999996,0.7830588235294118,0.0,12.047058823529412,0.0,1.0,8.0,7.0,14.666666666666666,4.0,15.982346162757933,16.828646438959424,14.780527131530976,2.048119307428449,6.812499077936472,2.343521393482584,1480.7666666666664,1480.7666666666664,0.9083264260249555,0.581,14.440686274509803,7.766666666666667,3.6666666666666665,7.666666666666667,3.6666666666666665,3.2145502536643185,2.6457513110645907,0.9446499196503401,0.4424186417674263,1.5961643017727851,1.3780948638702666,0.2577770687056604,0.06348774553055052,327.30994994551156,327.3099499455115,0.1338575950706794,0.5050376223609484,2.1002370177113736,7.0613974065572425,2.5166114784235836,0.5773502691896257,3.055050463303893,3.0,1
LRL_2026-01-30_1,22009137,LRL_2026-01-30_1_22009137,12.0,6.0,16.17552377235386,16.863589194459564,15.30866936214846,1.5549198323111035,6.996811427812031,2.3114065420427887,1215.4999999999998,1215.5,1.25825,2.038,19.816666666666666,29.4,6.0,8.0,0.0,14.0,7.5,16.147589002374403,16.657233725204755,15.749403167978324,0.9078305572264309,7.010036744904882,2.3044807001109415,1415.2999999999997,1415.2999999999997,0.97171875,1.871,15.536458333333332,28.45,4.5,8.5,-2.5,2.8284271247461903,2.1213203435596424,0.039505730566718654,0.29183070329001587,0.6232917256009026,0.9151224288909185,0.01870342279939478,0.009794619590870428,282.55986976214444,282.5598697621441,0.405216379793716,0.23617366491630667,6.053128674782342,1.3435028842544392,2.1213203435596424,0.7071067811865476,3.5355339059327378,2.0,1
LRL_2026-01-30_1,21003278,LRL_2026-01-30_1_21003278,14.0,4.0,16.021102996713722,16.576628352040288,15.006289125166361,1.5703392268739265,6.888538987940743,2.3248471248150016,1415.0999999999997,1415.1,1.075,1.323,16.935714285714287,17.4,4.0,9.0,5.0,13.333333333333334,5.333333333333333,16.165386482606337,16.81973899341937,15.009854981863208,1.8098840115561619,inf,2.2913771564669516,1348.3666666666666,1348.3666666666666,0.9579920634920635,1.47,15.209920634920636,20.466666666666665,5.0,7.666666666666667,2.0,1.1547005383792515,1.5275252316519465,0.30699536023457663,0.21918633710585397,0.563709471731547,0.5438652552695915,,0.10004292979668586,120.20467267678613,120.20467267678616,0.10457590179665445,0.28545927905745144,1.7005869390489259,5.4857390872455225,1.0,1.1547005383792515,3.0,3.0,1
LRL_2026-02-04_1,18022195,LRL_2026-02-04_1_18022195,12.0,2.0,16.45134639956463,17.318446877072777,15.23963383869418,2.0788130383785965,6.701835083140938,2.452991989545464,1209.8,1209.8,0.0395,0.341,0.5499999999999999,4.6,1.0,3.0,-1.0,11.5,2.0,16.444552028245432,17.119557267184984,15.278159310294356,1.8413979568906278,6.624558823401282,2.481220903968741,1159.85,1159.85,0.06220454545454546,0.3065,0.9431818181818181,4.25,1.0,2.5,-1.0,0.7071067811865476,0.0,0.009608692067409563,0.2812723837184109,0.054483244433788006,0.33575562815219895,0.10928513457328767,0.03992171362846768,70.63996744053608,70.63996744053608,0.03210907610933459,0.0487903679018718,0.5560430597512397,0.4949747468305829,0.0,0.7071067811865476,0.0,2.0,1
LRL_2026-02-04_1,21017703,LRL_2026-02-04_1_21017703,12.0,5.0,16.29536920918358,17.172765444048725,15.036373077584646,2.1363923664640794,6.728290398843403,2.419706888319516,1216.6,1216.6,0.6319166666666667,1.541,9.733333333333334,20.7,5.0,8.0,2.0,11.666666666666666,4.666666666666667,16.19464443627545,16.586853821895023,15.311613289624598,1.2752405322704228,6.703582917562152,2.414878969966322,1181.6666666666667,1181.6666666666667,1.232709595959596,1.6613333333333333,19.651767676767676,22.933333333333334,4.666666666666667,7.0,1.6666666666666667,0.5773502691896258,1.5275252316519465,0.1253597926225744,0.537786148577694,0.4323053662183062,0.9200633119999594,0.030895601775087142,0.007100647966288369,60.33318600350327,60.33318600350327,0.604406845027959,0.6153879535165871,9.814215328051276,8.27909012714159,1.5275252316519465,1.0,0.5773502691896257,3.0,1
LRL_2026-02-04_1,22010143,LRL_2026-02-04_1_22010143,12.0,1.0,16.191088958451548,17.247609735371352,15.071347543525961,2.1762621918453906,6.621289885134394,2.4432899875720335,1211.3999999999999,1211.3999999999999,0.18708333333333335,0.0,3.1749999999999994,0.0,1.0,5.0,4.0,11.333333333333334,2.6666666666666665,16.460679900223713,17.106221847549875,15.35577048608671,1.750451361463164,6.727179317076966,2.445779259493217,1143.6,1143.6,0.4800277777777777,0.607,7.800757575757576,8.633333333333333,2.3333333333333335,4.666666666666667,1.6666666666666667,0.5773502691896255,2.886751345948129,0.2946131842255715,0.19066286643014793,0.430349815139938,0.42276063452329155,0.10725435800244312,0.04683051202579256,58.71788483928895,58.71788483928895,0.5880413128753353,1.0513548401943085,9.326872979353945,14.953371972011308,2.3094010767585034,1.5275252316519465,2.516611478423583,3.0,1
LRL_2026-02-04_1,20019117,LRL_2026-02-04_1_20019117,,,,,,,,,,,,,,,,,,,,,,,,,,,,,,,,,,,,,,,,,,,,,,,,,,,,0.0,0
LRL_2026-02-04_1,19004949,LRL_2026-02-04_1_19004949,12.0,3.0,16.34145273928547,17.472246687352985,15.260057006342425,2.2121896810105603,6.727720164923579,2.4275168916673144,1212.7,1212.7,0.9479166666666666,2.287,14.733333333333334,31.8,3.0,4.0,1.0,12.333333333333334,4.333333333333333,16.559948032935605,17.53850662709345,15.360328079036888,2.1781785480565614,6.807388306745646,2.4310446961463694,1243.0,1243.0,0.6550674603174603,1.8773333333333333,10.207215007215007,26.5,2.3333333333333335,5.333333333333333,-1.0,1.5275252316519468,1.5275252316519465,0.6555251413164415,0.46871203005616646,1.0817806675247252,0.613810642410311,0.2223216027223814,0.017734108052610668,153.01676378750116,153.01676378750133,0.38123752355581286,1.1886800803131736,5.671301672675669,16.309199857749,0.5773502691896257,1.5275252316519465,3.4641016151377544,3.0,1
LRL_2026-02-04_1,19001706,LRL_2026-02-04_1_19001706,12.0,7.0,16.25026741463779,17.356691773027055,14.651295244551038,2.705396528476017,6.8321672427414875,2.375353192473466,1214.4999999999998,1214.5,0.43991666666666673,1.78,6.474999999999999,23.9,2.0,7.0,-3.0,11.5,5.5,16.269419699990525,16.99919486632931,14.912219913953791,2.0869749523755177,6.886018076795777,2.3606145059301005,1164.6499999999999,1164.65,0.5456856060606061,1.4785,8.41931818181818,20.4,2.5,5.5,-1.5,0.7071067811865476,2.1213203435596424,0.027085421696277805,0.5055769739583795,0.36900320622709,0.8745801801854713,0.07615657986467926,0.02084365040119335,70.49854608429865,70.49854608429874,0.14957986856872701,0.42638538905548823,2.7496811422958705,4.949747468305833,0.7071067811865476,2.1213203435596424,2.1213203435596424,2.0,1
LRL_2026-02-04_2,23016365,LRL_2026-02-04_2_23016365,16.0,5.0,15.68081397609829,16.02044877733713,14.460109231047415,1.5603395462897147,7.1539370379999,2.1904518362606518,1610.1,1610.1,1.1468124999999998,2.156,17.96875,27.8,5.0,7.0,2.0,15.0,4.333333333333333,15.974625852200363,16.538090604993553,14.902861126999492,1.6352294779940582,7.158306539771036,2.2312359694981887,1514.5,1514.5,1.0870992647058824,1.4613333333333334,17.1031454248366,19.666666666666668,3.0,7.0,1.0,2.6457513110645907,2.081665999466133,0.28297908285429285,0.5746003171169922,0.3930637417816064,0.45060755896934535,0.03075503284298379,0.04487468756162415,263.63726974765916,263.63726974765916,0.269009982255478,0.9012004956353128,4.278198224572965,12.068692279337201,1.7320508075688772,0.0,4.58257569495584,3.0,1
LRL_2026-02-04_2,23004092,LRL_2026-02-04_2_23004092,17.0,1.0,15.07041393256563,16.820343479858817,13.45100367156823,3.3693398082905865,6.758781251410877,2.226064626310001,1717.6,1717.6,0.05764705882352942,0.0,0.9882352941176471,0.0,1.0,4.0,2.0,15.333333333333334,2.6666666666666665,15.474553994945952,17.002010240211707,13.847059638485229,3.154950601726476,6.910752600905258,2.235965082096294,1549.9333333333332,1549.9333333333332,0.5227254901960784,0.945,7.954575163398693,13.133333333333333,2.0,5.0,0.6666666666666666,2.8867513459481287,2.0816659994661326,0.6132851899264001,0.4648357786415117,0.8445112386522418,0.3824157180652468,0.2407188290101661,0.012054956026729754,288.5040265461356,288.5040265461356,0.5367127624611666,1.5442017355255109,8.082710907993468,21.631535621248283,1.0,1.7320508075688772,2.3094010767585034,3.0,1
LRL_2026-02-04_2,23017670,LRL_2026-02-04_2_23017670,17.0,4.0,15.392193133388178,17.2143430298487,12.9414373860143,4.272905643834399,7.136442416532065,2.1507694506056105,1721.1,1721.1,1.2465294117647059,3.442,18.27647058823529,44.4,2.0,4.0,-2.0,15.666666666666666,2.3333333333333335,15.824802261532952,16.740775690789214,14.510435546875405,2.2303401439138106,7.293007719469521,2.1677333363378315,1581.7666666666664,1581.7666666666664,0.7132955182072829,1.193,10.849299719887954,15.399999999999999,1.6666666666666667,4.333333333333333,1.0,1.5275252316519468,1.5275252316519465,0.38824659427172514,0.42170464480983866,1.4477219809721837,1.8138896479038902,0.13654826701686532,0.017754074646608747,155.38578871098008,155.38578871098005,0.6424760969112207,1.9488953281282193,9.606798046074845,25.130857526156962,0.5773502691896257,3.5118845842842465,3.605551275463989,3.0,1
LRL_2026-02-04_2,23000400,LRL_2026-02-04_2_23000400,16.0,1.0,15.743638001004108,16.633140852459135,14.377766702467483,2.2553741499916526,6.7171797385023915,2.342484038522648,1617.8999999999999,1617.8999999999996,0.26649999999999996,0.063,4.39375,0.8,1.0,6.0,4.0,16.5,1.5,15.593688710619837,16.512405186378516,14.26607839714772,2.246326789230795,6.720490708674483,2.3186816129539483,1671.9499999999998,1671.9499999999998,0.8221029411764705,1.121,12.561580882352942,14.450000000000001,1.5,6.0,4.0,0.7071067811865476,0.7071067811865476,0.21206032012965784,0.17074601643336307,0.15795111614167692,0.012794900291686753,0.004682418921985175,0.033661713056631265,76.4382430462658,76.43824304626604,0.7857412147061457,1.4962379489907345,11.551057208993333,19.30401512639275,0.7071067811865476,0.0,0.0,2.0,1
LRL_2026-02-04_2,23015815,LRL_2026-02-04_2_23015815,16.0,10.0,15.906835460800753,17.08489428285379,14.170571095300556,2.914323187553233,7.011248704105615,2.2675572008161002,1620.8,1620.8,1.2318125000000002,2.929,18.8875,40.9,5.0,10.0,-3.0,16.0,6.0,16.087334958167833,16.51234509137173,15.406592282376488,1.1057528089952442,7.071231573147354,2.2757297531149248,1603.9666666666665,1603.9666666666665,0.9675283496732026,1.2329999999999999,15.416225490196078,17.666666666666668,4.333333333333333,8.0,0.3333333333333333,1.0,4.58257569495584,0.3434102988039545,0.4964973352979096,1.293523034944053,1.737317084748551,0.1554339280139798,0.008209330931583497,83.8273423969373,83.82734239693728,0.680335173998625,1.5183994863012829,11.055966386561277,21.0105529040369,3.0550504633038935,3.4641016151377544,3.055050463303893,3.0,1
LRL_2026-02-04_2,23015047,LRL_2026-02-04_2_23015047,12.0,7.0,16.20424033184657,17.22497737140594,14.542473919623795,2.6825034517821464,7.1598658352338775,2.264305510701415,1208.3999999999999,1208.3999999999999,1.3666666666666665,3.586,21.616666666666664,51.4,6.0,7.0,-1.0,14.333333333333334,3.6666666666666665,15.915019492499894,17.187905314394612,14.346707001337748,2.841198313056866,7.129203876325,2.2320081849785858,1444.8666666666666,1444.8666666666668,0.5023384687208216,1.3823333333333334,7.914098972922502,19.599999999999998,2.6666666666666665,4.333333333333333,0.3333333333333333,2.5166114784235836,3.055050463303893,0.27842293672054613,0.03664911158976008,0.28687683680662013,0.25411533767432165,0.09864155075745598,0.05425317295278733,255.15133417901896,255.1513341790189,0.7515646493247253,1.9289350256899098,11.910165066754617,27.787047342242033,2.8867513459481287,2.5166114784235836,1.1547005383792517,3.0,1
LRL_2026-02-04_2,23002915,LRL_2026-02-04_2_23002915,14.0,7.0,15.497289484518248,16.559931581632686,14.327882353460312,2.2320492281723734,7.152780825653697,2.1663520021286624,1413.8999999999999,1413.8999999999999,1.6379285714285714,2.758,24.514285714285712,36.2,3.0,8.0,-4.0,15.333333333333334,3.6666666666666665,15.662210775556167,16.556913185914723,14.601012104242093,1.955901081672631,7.204106216583853,2.174613024886078,1547.3,1547.3,0.9150595238095237,1.7476666666666667,13.861011904761904,23.3,2.3333333333333335,6.333333333333333,0.6666666666666666,1.1547005383792517,3.055050463303893,0.15347254646375483,0.035608967142773014,0.3399504700348423,0.36798496460040897,0.058776067790962686,0.007631313592713993,115.57491077219146,115.5749107721913,0.6946534199948213,1.5196665204357611,10.196087854473372,20.21707199373836,1.1547005383792515,1.5275252316519468,4.163331998932265,3.0,1
LRL_2026-02-04_3,21009540,LRL_2026-02-04_3_21009540,12.0,7.0,16.030475529795513,17.97266412356798,13.427729187497052,4.544934936070929,6.994719612788761,2.2837846330604923,1212.8,1212.8,1.1908333333333332,6.0,17.483333333333334,84.6,1.0,7.0,-6.0,12.0,6.5,15.970105849405643,17.45435059021314,13.948544564818661,3.50580602539448,7.0541435328017,2.25932270391133,1211.85,1211.85,1.3694583333333332,4.5515,20.87083333333333,63.949999999999996,3.5,6.5,-3.0,0.0,0.7071067811865476,0.0853756207634837,0.733006028431936,0.7365441701006801,1.4695501985326143,0.08403811361167288,0.03459439196455466,1.3435028842545047,1.3435028842545047,0.25261389757889424,2.0484883450974283,4.7906484425388545,29.203510063004412,3.5355339059327378,0.7071067811865476,4.242640687119285,2.0,1
LRL_2026-02-04_3,22003704,LRL_2026-02-04_3_22003704,12.0,6.0,16.88037492653051,17.68228846098245,15.259605930484062,2.4226825304983866,7.044289363855857,2.3933678676651797,1217.3999999999999,1217.3999999999999,0.7278333333333333,2.58,11.691666666666668,37.0,5.0,6.0,0.0,12.0,4.333333333333333,16.514525293322816,17.190868459457093,15.372777824720709,1.818090634736383,6.945400136766231,2.3767366770750225,1213.2666666666667,1213.2666666666667,0.8799999999999999,1.4486666666666668,14.31388888888889,20.733333333333334,4.0,6.666666666666667,1.6666666666666667,0.0,2.081665999466133,0.3996765696038252,0.6399058105571219,0.15582233130834552,0.6335653495802867,0.09609969583276644,0.024325694610821194,3.775358702604604,3.775358702604604,0.1723529163599438,1.2405874952349525,2.8823015173706295,17.811887416367007,1.7320508075688772,0.5773502691896257,2.886751345948129,3.0,1
LRL_2026-02-04_3,22017349,LRL_2026-02-04_3_22017349,12.0,8.0,17.1903503713556,17.19519734196703,17.13793613091571,0.05726121105132265,7.261625816444823,2.372945798056257,1210.4999999999998,1210.5,0.39283333333333337,1.246,6.733333333333334,20.0,1.0,8.0,-7.0,11.5,7.0,17.2852299010896,17.271805722115978,17.167923165437998,0.10388255667797708,7.255093804902485,2.3870786723067408,1159.75,1159.75,0.6340984848484849,0.806,10.962121212121211,12.8,3.0,8.5,-4.0,0.7071067811865476,1.4142135623730951,0.13417991774140467,0.10834061019807369,0.0424080709167729,0.06593253928129827,0.009237659312753192,0.019986902440347235,71.77133829043433,71.77133829043449,0.3412004494007269,0.6222539674441617,5.980409170580768,10.182337649086284,2.8284271247461903,0.7071067811865476,4.242640687119285,2.0,1
LRL_2026-02-04_3,22009594,LRL_2026-02-04_3_22009594,12.0,3.0,16.478716208436534,17.302702492331047,15.229026294714323,2.0736761976167237,6.732545241016612,2.447547547936955,1210.8,1210.8,0.42733333333333334,1.171,6.891666666666666,17.1,3.0,4.0,0.0,11.333333333333334,5.666666666666667,16.85814953171582,17.38079953990271,15.653647163413277,1.7271523764894336,6.904935826896954,2.44025024273316,1147.0,1147.0,0.5799444444444445,1.5666666666666667,9.613888888888889,23.46666666666667,4.0,6.0,-1.3333333333333333,1.1547005383792515,2.5166114784235836,0.5537124923019258,0.07055139368917218,0.5913104200327299,0.5350591719929572,0.21067848042251736,0.013301331606448023,113.81159870593153,113.81159870593153,0.13217668450194206,0.5408847689973653,2.4048898873691438,7.752633961005339,1.7320508075688772,2.0,1.1547005383792517,3.0,1
LRL_2026-02-04_3,22000676,LRL_2026-02-04_3_22000676,12.0,5.0,16.510499416037067,17.68875503467541,14.943438453697627,2.745316580977782,6.784197925414564,2.4328828924653023,1213.6,1213.6,0.9538333333333333,2.949,14.766666666666666,41.6,3.0,5.0,-2.0,12.5,5.5,16.61869449404766,17.919267464372183,14.914990032877329,3.004277431494854,6.839725829172484,2.428074302307195,1262.8999999999999,1262.8999999999999,0.8679935897435898,2.642,13.394871794871795,37.45,2.5,5.5,-3.0,0.7071067811865476,0.7071067811865476,0.153010946704593,0.32599380437275144,0.04023214255216346,0.3662259469249149,0.07852831458459801,0.006800373417489452,69.72072862499353,69.72072862499353,0.12139572957524432,0.4341635636485401,1.9400109124861669,5.868986283848345,0.7071067811865476,0.7071067811865476,1.4142135623730951,2.0,1
LRL_2026-02-04_3,22019251,LRL_2026-02-04_3_22019251,12.0,6.0,16.311612079385768,17.385679852222825,14.765878442407784,2.6198014098150413,6.895662918373959,2.362039254735944,1208.4999999999998,1208.4999999999998,0.30141666666666667,1.772,4.541666666666667,25.9,1.0,6.0,-5.0,12.0,6.333333333333333,16.634119143139618,17.58588508791232,15.227213167898034,2.358671920014285,7.005060188270529,2.3719800363564034,1210.4999999999998,1210.4999999999998,0.4229444444444444,1.4993333333333334,6.61388888888889,21.53333333333333,2.3333333333333335,6.333333333333333,-4.0,0.0,3.5118845842842465,0.46417647214562036,0.24393985562203185,0.7166814347831713,0.48000214046604706,0.12563024249983865,0.027545431327851224,3.2924155266309616,3.2924155266309616,0.36967335744370833,0.6197494117248787,5.912277323345729,8.44413011110874,2.3094010767585034,3.5118845842842465,1.7320508075688772,3.0,1
LRL_2026-02-04_4,20013475,LRL_2026-02-04_4_20013475,17.0,4.0,15.615992964606665,16.51419361649252,14.135151022838723,2.3790425936537964,6.90028757327506,2.260835809019989,1718.7999999999997,1718.8,0.8048235294117646,2.375,12.152941176470588,29.6,3.0,6.0,2.0,15.666666666666666,4.0,15.917830340535863,16.681739704660206,14.737157746317358,1.9445819583428456,6.928093019307596,2.2958173937993425,1584.8,1584.8,0.6864596949891068,1.5719999999999998,10.599128540305012,20.733333333333334,2.6666666666666665,5.666666666666667,1.0,3.2145502536643185,2.0,0.43379921939237176,0.7957335984771106,0.6014718221932066,1.1458594436436935,0.040850290773741325,0.06583777638215607,323.8090332279196,323.80903322791966,0.32418809004575133,1.3221599751921096,4.9957522361189675,17.47722327297255,0.5773502691896258,0.5773502691896257,1.0,3.0,1
LRL_2026-02-04_4,22012128,LRL_2026-02-04_4_22012128,17.0,1.0,15.592229669726578,16.516118358511644,15.001986267650455,1.5141320908611888,6.660379996162221,2.3407097263724657,1711.6,1711.5999999999997,0.02988235294117647,0.0,0.4647058823529412,0.0,1.0,3.0,0.0,15.0,2.6666666666666665,16.127017930529103,16.931595698275945,15.377598788636783,1.553996909639163,6.7370693406270705,2.3930153005284764,1512.2666666666664,1512.2666666666664,0.08648856209150325,0.18100000000000002,1.3729575163398693,2.733333333333333,1.0,3.3333333333333335,-1.0,2.6457513110645907,2.0816659994661326,0.5242169028313974,0.38067557892378384,0.3605822989403199,0.046596009248397914,0.06825552213278412,0.05463161761788826,265.33485133569116,265.3348513356911,0.11978257631456957,0.30316827010754277,1.909146654029243,4.5621632295801655,0.0,1.5275252316519468,1.7320508075688772,3.0,1
LRL_2026-02-04_4,19018657,LRL_2026-02-04_4_19018657,,,,,,,,,,,,,,,,,,,,,,,,,,,,,,,,,,,,,,,,,,,,,,,,,,,,0.0,0
LRL_2026-02-04_4,20009044,LRL_2026-02-04_4_20009044,17.0,4.0,15.410566249624598,16.468152110063734,14.08633221125442,2.3818198988093133,6.738754573643439,2.284911582172641,1725.6999999999998,1725.7,1.1672941176470588,2.631,16.841176470588238,33.9,2.0,6.0,-2.0,17.0,2.3333333333333335,15.811634720540615,16.23597637196797,15.017649962061384,1.2183264099065856,6.902408466509275,2.2904998333718076,1719.1999999999998,1719.1999999999998,0.43488970588235293,1.0003333333333333,6.34497549019608,13.1,1.3333333333333333,3.0,-0.6666666666666666,1.0,1.5275252316519465,0.42005004060202594,0.28165987860254926,0.8785009280022757,1.0188619977545934,0.1458657189735583,0.0233514064938332,100.70744758954017,100.70744758954028,0.6379891373962049,1.4242648396043949,9.15591672260151,18.21455461986375,0.5773502691896258,2.6457513110645907,1.1547005383792517,3.0,1
LRL_2026-02-04_4,22018737,LRL_2026-02-04_4_22018737,17.0,2.0,15.617934035655173,16.325720610050894,15.104469434889847,1.221251175161047,6.737582094204788,2.318172891590578,1720.3999999999999,1720.3999999999999,0.3921764705882353,0.33,6.052941176470589,4.4,2.0,5.0,2.0,16.333333333333332,1.6666666666666667,16.01711955430385,16.856149995171112,15.17699985210619,1.679150143064924,6.79815468535114,2.355651256939223,1651.033333333333,1651.0333333333328,0.3077463235294117,0.351,4.765563725490196,4.6000000000000005,1.6666666666666667,5.0,1.3333333333333333,0.5773502691896263,0.5773502691896257,0.34580890898895467,0.477890790399361,0.3017016814863885,0.5826343317924151,0.05409194355044149,0.032773938379576185,60.22344504703568,60.22344504703602,0.19814101471765863,0.36195717978788594,3.063221799281694,4.703190406521939,0.5773502691896257,1.0,1.1547005383792517,3.0,1
LRL_2026-02-04_4,19008389,LRL_2026-02-04_4_19008389,12.0,2.0,16.481411011822583,16.428921133383735,16.141360701424077,0.2875604319596583,6.983811409325834,2.3595920149289493,1214.3999999999999,1214.3999999999999,1.6313333333333337,1.558,26.608333333333334,21.7,2.0,6.0,4.0,15.333333333333334,2.3333333333333335,15.994539682195173,16.165940775197587,15.539530932535465,0.6264098426621239,6.906118199860869,2.315872908123763,1552.4333333333332,1552.4333333333332,1.0754305555555557,0.749,17.253703703703703,10.4,1.3333333333333333,6.333333333333333,2.6666666666666665,3.0550504633038935,1.5275252316519468,0.4408597795492205,0.2411329830125979,0.5475710343492123,0.30655341361413146,0.0681980788377941,0.04050889412833526,308.44452229425843,308.4445222942585,0.5871668800461657,0.7807310676539009,9.791146295602626,10.877959367454908,0.5773502691896258,1.5275252316519465,5.131601439446884,3.0,1
LRL_2026-02-04_4,20014281,LRL_2026-02-04_4_20014281,17.0,3.0,15.596123735986751,16.443294613592293,14.301750399852057,2.141544213740236,7.092316169014381,2.1993207047359453,1720.1,1720.1,0.5865294117647059,0.931,8.829411764705881,12.0,3.0,6.0,3.0,16.666666666666668,4.333333333333333,16.320789843670415,16.613726155167782,15.78944669010727,0.8242794650605099,7.356113172280374,2.2193504400555017,1685.0,1684.9999999999998,0.6262990196078432,0.7663333333333333,10.165441176470589,11.166666666666666,3.6666666666666665,6.333333333333333,0.3333333333333333,0.5773502691896255,1.1547005383792515,0.6318058003161224,0.24638611449800119,1.312574396587323,1.1420412467695986,0.2299557460460658,0.017483159457275455,60.96827043635062,60.96827043635074,0.205835742798145,0.3186868891770311,3.5876520590370546,4.606878914550863,0.5773502691896257,1.5275252316519465,2.3094010767585034,3.0,1
LRL_2026-02-04_5,23016735,LRL_2026-02-04_5_23016735,17.0,6.0,14.549195227466525,16.864907019857185,12.13175556538,4.733151454477184,6.265160161475577,2.3116208007956907,1720.1,1720.0999999999997,1.2151176470588236,5.512,15.61176470588235,65.5,1.0,6.0,-4.0,16.666666666666668,5.333333333333333,15.126917910480325,16.74451815758999,13.148731238677513,3.5957869189124785,6.463201389458573,2.334808796938031,1689.1333333333332,1689.1333333333332,0.730890931372549,2.4256666666666664,9.93517156862745,29.03333333333333,1.6666666666666667,6.666666666666667,-3.3333333333333335,0.5773502691896255,0.5773502691896258,0.5583193651951355,0.16981351000766173,0.9937597871813952,1.037615833601417,0.18276935992881319,0.025851209489385848,60.78571652397732,60.78571652397727,0.5094843592184578,2.675882346691149,6.533350365629572,31.61207575173344,1.1547005383792517,1.1547005383792517,1.1547005383792515,3.0,1
LRL_2026-02-04_5,23008262,LRL_2026-02-04_5_23008262,12.0,5.0,16.27436782852345,16.875769395658526,15.451724674404092,1.4240447212544343,7.099763662309357,2.291476747254025,1209.8999999999999,1209.8999999999999,1.0472499999999998,0.498,17.325,6.8,4.0,7.0,2.0,11.5,4.5,16.086804309998335,16.213580361018394,15.409812597608177,0.8037677634102192,6.992912723555561,2.2989993919854856,1159.8999999999999,1159.9,1.6931250000000002,1.3584999999999998,27.4125,18.9,4.0,7.0,2.5,0.7071067811865476,0.7071067811865476,0.2652548717046333,0.936476713642821,0.05927262743200619,0.8772040862108135,0.15111004673791512,0.010638626204145907,70.71067811865476,70.71067811865451,0.9134051845977234,1.2169307704220482,14.265879310438597,17.11198410471445,0.0,0.0,0.7071067811865476,2.0,1
LRL_2026-02-04_5,23013020,LRL_2026-02-04_5_23013020,16.0,9.0,15.21661060412788,16.581842951684145,13.430309634089662,3.151533317594483,7.182116211281171,2.1156807377025824,1612.3999999999999,1612.3999999999996,1.4754999999999998,3.899,21.25,48.7,8.0,10.0,1.0,16.5,7.0,15.684631322353615,16.767384578922783,14.58907517091103,2.1783094080117538,7.327156373720056,2.1393331907864077,1662.5,1662.4999999999995,1.1767794117647057,2.591,17.633823529411764,33.95,5.5,7.5,0.5,0.7071067811865476,2.8284271247461903,0.6618812471864325,0.2623954856256559,1.6387419377833188,1.3763464521576623,0.20511776480986801,0.03344961993453931,70.85209947489217,70.85209947489201,0.4224547072424217,1.8497913395840082,5.114045808640355,20.859650045003153,3.5355339059327378,3.5355339059327378,0.7071067811865476,2.0,1
LRL_2026-02-04_5,23001371,LRL_2026-02-04_5_23001371,17.0,2.0,14.994235264871403,16.646431869518864,13.364689365940873,3.2817425035779912,6.670138655230214,2.244155918261183,1718.1,1718.0999999999997,0.40170588235294113,0.662,5.935294117647059,7.9,2.0,5.0,3.0,14.666666666666666,4.333333333333333,15.907983593749284,16.693836547218392,14.674258946925903,2.0195776002924894,6.926868938016976,2.294226979178591,1481.8333333333333,1481.8333333333333,0.5821652183600713,0.8383333333333333,9.30589349376114,11.333333333333334,3.0,7.666666666666667,1.3333333333333333,3.2145502536643185,2.516611478423583,1.0896260408943281,0.21729697249890959,1.5627724712000275,1.3919415639806274,0.27740036094241993,0.06914058288737181,321.58989930240847,321.58989930240847,0.1641874784542326,0.2608684214950773,3.18430789444913,5.105226080530943,1.0,3.0550504633038935,4.725815626252608,3.0,1
LRL_2026-02-04_5,23004968,LRL_2026-02-04_5_23004968,12.0,4.0,16.287158032449597,17.207412726643916,15.203539025539042,2.003873701104874,7.029942412641315,2.315569295930315,1209.8999999999999,1209.8999999999999,0.7036666666666666,0.451,11.508333333333331,6.2,4.0,5.0,0.0,12.0,4.0,16.3036980952311,17.142245645793576,15.294926403515044,1.8473192422785296,7.006245452112595,2.32684671759681,1209.6,1209.5999999999997,0.8405,1.6466666666666665,13.138888888888891,22.933333333333334,3.6666666666666665,5.0,0.0,0.0,0.0,0.06870369015255529,0.17961062852636114,0.08971396877441257,0.25228817290403815,0.020539193855593007,0.013211295068531272,0.26457513110645475,0.26457513110644404,0.41215298535050476,1.2900946993664197,6.086895836625263,17.721267825224395,0.5773502691896258,1.0,0.0,3.0,1
LRL_2026-02-04_5,23018283,LRL_2026-02-04_5_23018283,17.0,6.0,15.013656138436293,16.468163377896694,12.880214338910884,3.58794903898581,6.909321509098414,2.1695221703144782,1717.5,1717.5,0.8595882352941177,1.739,12.65294117647059,21.0,4.0,8.0,0.0,16.666666666666668,5.333333333333333,15.629190307993722,16.335554156893398,14.525076273532022,1.810477883361375,7.23930742860406,2.158606111289476,1683.8,1683.8,0.6940294117647059,1.104,10.851960784313727,14.866666666666667,4.333333333333333,9.666666666666666,1.3333333333333333,0.5773502691896255,3.0550504633038935,0.5877009765622551,0.22413759498258806,1.7168832280103608,1.9219922011311548,0.3023261112548773,0.01032887614834989,61.16232500485903,61.16232500485918,0.22992902282298375,0.7837990813977777,3.2941128326295357,10.45051832845306,2.516611478423583,1.5275252316519465,3.2145502536643185,3.0,1
LRL_2026-02-04_5,23014027,LRL_2026-02-04_5_23014027,12.0,8.0,16.104338576486157,16.45063718450573,15.26614894359344,1.184488240912291,6.849076775504717,2.35112801229485,1211.4999999999998,1211.5,1.7659166666666668,1.465,28.84166666666667,20.1,8.0,10.0,2.0,12.0,7.5,16.085523192407678,16.757051978527617,14.956821375558619,1.8002306029689974,6.763972242821186,2.3780699437473247,1212.1999999999998,1212.1999999999998,1.4902083333333334,2.3785,23.875,33.55,7.0,8.5,1.0,0.0,0.7071067811865476,0.026608971345042923,0.43333595741751046,0.437455241930729,0.8707911993482388,0.12035598434047343,0.038101644856615824,0.9899494936612309,0.9899494936609896,0.3899104642592822,1.291884089227822,7.023927359786374,19.021172413918126,1.4142135623730951,2.1213203435596424,1.4142135623730951,2.0,1
LRL_2026-02-04_5,23008991,LRL_2026-02-04_5_23008991,12.0,7.0,16.185981607758418,16.512445019807195,15.753539154776547,0.7589058650306484,7.261535820947903,2.230718210099845,1214.3,1214.3,1.8609166666666672,1.132,30.358333333333334,15.5,7.0,10.0,2.0,13.666666666666666,7.0,15.73820123538537,16.652417857406412,14.367353048090676,2.2850648093157364,7.057035966925153,2.2283949171495396,1384.8,1384.8,1.643156862745098,2.953666666666667,25.083006535947714,38.666666666666664,6.0,9.0,1.3333333333333333,2.8867513459481287,0.0,0.7422708129428365,0.24807792585649543,1.5570157710148251,1.5322053470858588,0.23218380197394656,0.04593839873430267,293.6707510120816,293.6707510120815,0.21673047863660094,1.628145673253267,5.288035684336951,21.808790276705704,1.0,1.0,1.1547005383792517,3.0,1
LRL_2026-02-04_5,23017976,LRL_2026-02-04_5_23017976,17.0,5.0,14.671990534929767,16.753554387452066,12.666595585736209,4.086958801715857,6.7574480832749035,2.164649513868742,1716.1,1716.1,0.9811176470588234,3.494,12.858823529411763,41.5,1.0,6.0,-4.0,16.666666666666668,5.333333333333333,15.034471928519174,16.78729343053428,13.112902843887985,3.6743905866462985,6.884996580515167,2.1780971085663996,1681.1000000000001,1681.0999999999997,0.7504485294117647,2.6986666666666665,9.982598039215686,32.333333333333336,1.3333333333333333,6.333333333333333,-2.3333333333333335,0.5773502691896255,2.516611478423583,0.5749946820199304,0.06968480102832299,1.1077378881096192,1.038269161547557,0.15848828057997458,0.03768579682888319,60.79506558924004,60.795065589240146,0.6079938952977165,2.4018778764402935,7.933177627763338,28.86318300765412,0.5773502691896257,1.5275252316519465,4.725815626252608,3.0,1
LRL_2026-02-04_6,20005817,LRL_2026-02-04_6_20005817,12.0,3.0,16.499818121914412,17.698515500393523,15.080963978198847,2.6175515221946757,6.90373605221273,2.3879861504029605,1212.3,1212.3,0.20174999999999998,0.965,2.9916666666666667,13.6,1.0,3.0,-2.0,12.666666666666666,5.0,16.365667909589064,17.707399162869976,14.542920670841882,3.1644784920280937,6.836777285195455,2.389902939987058,1281.4333333333332,1281.4333333333332,0.35471031746031745,1.7793333333333334,5.3349206349206355,25.066666666666666,1.0,5.333333333333333,-1.6666666666666667,1.1547005383792515,3.4641016151377544,0.5336053835367273,0.4120531143843759,0.882974986805177,0.581906863305534,0.21464566223867498,0.0049233872691547146,113.39423853676747,113.39423853676747,0.22918453125586163,1.407004027475875,3.3099443748994024,20.034303914369808,0.0,3.214550253664318,2.516611478423583,3.0,1
LRL_2026-02-04_6,21009228,LRL_2026-02-04_6_21009228,16.0,5.0,16.1186278026607,16.748581978325397,15.127769581084284,1.6208123972411137,7.0007324724840725,2.3014779547489113,1622.5,1622.4999999999998,0.6275625,0.752,9.99375,9.9,4.0,7.0,2.0,15.0,3.0,16.413306110192863,16.857911929228223,15.566179781669572,1.2917321475586494,7.10148060736501,2.3117802055784527,1517.5499999999997,1517.5499999999997,0.5276383928571429,0.376,8.618303571428571,4.95,2.5,6.5,3.5,1.4142135623730951,2.8284271247461903,0.4167380590491329,0.15461589934035933,0.6200056515504235,0.4653897522100654,0.1424793787324158,0.01456958284610675,148.42171337105663,148.4217133710564,0.14131402752945083,0.5317442994522837,1.9451749936033516,7.000357133746821,2.1213203435596424,0.7071067811865476,2.1213203435596424,2.0,1
LRL_2026-02-04_6,21007462,LRL_2026-02-04_6_21007462,16.0,2.0,16.159874995469877,17.043541963937738,15.04037745011009,2.003164513827647,6.7677494675675,2.386311551244824,1615.3999999999999,1615.3999999999999,0.029625,0.011,0.4875,0.1,1.0,3.0,0.0,15.333333333333334,3.0,16.565721405275855,17.401026616574942,15.464844438232143,1.9361821783427988,6.911709540458413,2.3967581228808226,1550.3999999999999,1550.3999999999996,0.40411904761904766,0.49366666666666664,6.577678571428572,6.966666666666668,2.6666666666666665,6.666666666666667,1.6666666666666667,1.1547005383792515,2.6457513110645907,0.408288911058151,0.5504943740110212,0.3768606235637381,0.5413413010814601,0.12596676504775586,0.02408960925382502,117.1154985473742,117.11549854737413,0.46698430793367407,0.8455473572386902,7.471135623610212,11.980122425640456,2.886751345948129,4.041451884327381,2.0816659994661326,3.0,1
LRL_2026-02-04_6,22003776,LRL_2026-02-04_6_22003776,14.0,1.0,16.344415347593976,17.78489456827966,14.43990599418511,3.3449885740945504,7.120384259080592,2.2913819388437275,1416.4999999999998,1416.4999999999998,0.0445,0.0,0.8142857142857142,0.0,1.0,4.0,1.0,14.666666666666666,1.3333333333333333,16.406063588518208,17.266679365763995,15.01709917939242,2.2495801863715745,7.198784759344026,2.2781609424911626,1482.7666666666664,1482.7666666666664,0.21852083333333336,0.289,3.6133928571428573,4.033333333333333,1.3333333333333333,5.0,3.0,1.1547005383792515,0.5773502691896257,0.1327032721130551,0.49343504687860046,0.5017310374824795,0.9806205902233466,0.09592347852680179,0.012648297157874073,114.34449411026904,114.34449411026897,0.2316839200334873,0.5005626833874055,3.737071570386882,6.985938257194472,0.5773502691896257,1.7320508075688772,2.0,3.0,1
LRL_2026-02-04_6,21012026,LRL_2026-02-04_6_21012026,16.0,1.0,16.143609526090223,16.928146857976866,15.0574559938288,1.8706908641480666,6.757361196082346,2.3881921023801667,1613.9,1613.8999999999996,0.044312500000000005,0.0,0.7437499999999999,0.0,1.0,3.0,0.0,14.0,2.3333333333333335,16.46590729677253,17.012969350222388,15.509846566828758,1.503122783393631,6.86268736855821,2.3990781250614437,1414.3333333333333,1414.333333333333,0.39579861111111114,0.5656666666666667,6.449503968253968,7.933333333333334,2.0,5.333333333333333,1.3333333333333333,2.0,2.3094010767585034,0.3322523399505259,0.2619751005312277,0.6139848855283714,0.38767623077664004,0.14473185873357436,0.01568441398577469,200.5065169348203,200.5065169348201,0.4149751395735898,0.979763406814795,6.60374628705985,13.740936406713095,1.7320508075688772,2.0816659994661326,3.2145502536643185,3.0,1
LRL_2026-02-04_6,19007218,LRL_2026-02-04_6_19007218,16.0,6.0,16.731249905498498,17.451930967824953,15.200860603243422,2.2510703645815315,6.897112458813862,2.4247669401359566,1616.0,1616.0,0.3285625,1.633,4.95625,23.0,1.0,6.0,-5.0,16.0,4.666666666666667,16.641603302224002,17.32036057747667,15.416609960149941,1.9037506173267282,6.953823375381962,2.392501718892872,1616.5666666666668,1616.5666666666666,0.5794166666666666,1.6280000000000001,9.331249999999999,23.3,2.3333333333333335,6.333333333333333,-0.3333333333333333,0.0,2.309401076758503,0.1457255973201926,0.14534510695863487,0.4025023419346121,0.40171476903361486,0.05963329875125849,0.02875497672422523,2.010804150914161,2.010804150914176,0.3913648610019597,1.2595074434079379,6.378494752878612,18.251849221380283,1.5275252316519468,0.5773502691896257,5.033222956847166,3.0,1
LRL_2026-02-04_6,22009436,LRL_2026-02-04_6_22009436,12.0,2.0,16.623481463730666,17.365733976208926,15.729999817265222,1.6357341589437038,7.142070454456225,2.3268534453774588,1213.5,1213.5,0.5326666666666667,0.359,8.85,5.1,2.0,7.0,5.0,12.0,1.6666666666666667,16.726424287314458,17.547287275884887,15.596207729699822,1.951079546185068,7.118192264249124,2.3485148437012664,1212.033333333333,1212.033333333333,0.25686111111111115,0.18233333333333332,4.313888888888889,2.6,1.6666666666666667,4.333333333333333,2.6666666666666665,0.0,0.5773502691896257,0.22552023846374267,0.16708253308067544,0.5684088356884828,0.6710835135048132,0.1269970292588533,0.0217780963420693,1.3316656236960704,1.3316656236960704,0.2668381783514607,0.17956707196291122,4.429182998820102,2.5514701644346145,0.5773502691896257,3.0550504633038935,2.516611478423583,3.0,1
LRL_2026-02-04_6,22018747,LRL_2026-02-04_6_22018747,,,,,,,,,,,,,,,,,,,,,,,,,,,,,,,,,,,,,,,,,,,,,,,,,,,,0.0,0
LRL_2026-02-04_6,22005832,LRL_2026-02-04_6_22005832,14.0,2.0,16.64051373792622,17.168558880608828,15.414947725424621,1.7536111551842062,7.119022783432703,2.338485223758527,1415.1,1415.1,0.07685714285714286,0.394,1.207142857142857,5.6,1.0,2.0,-1.0,14.0,2.0,16.64051373792622,17.168558880608828,15.414947725424621,1.7536111551842062,7.119022783432703,2.338485223758527,1415.1,1415.1,0.07685714285714286,0.394,1.207142857142857,5.6,1.0,2.0,-1.0,,,,,,,,,,,,,,,,,,1.0,1
LRL_2026-02-04_6,21005178,LRL_2026-02-04_6_21005178,17.0,3.0,15.995280494070748,15.968021996309181,15.626986939769974,0.34103505653920685,6.938146812224859,2.3059257500770522,1714.1999999999998,1714.1999999999998,0.8072941176470587,0.603,12.86470588235294,8.7,3.0,7.0,4.0,16.666666666666668,3.0,16.179092885017315,16.086864938766144,15.870147326033361,0.21671761273278042,6.945183603957186,2.3300808219804257,1686.1666666666667,1686.1666666666667,0.7159656862745098,0.4493333333333333,11.557720588235297,6.5,3.0,6.666666666666667,3.0,0.5773502691896255,2.0,0.18848643372003931,0.14263390043392724,0.2654465360996311,0.12466741433867257,0.016637402198396888,0.02833483955549674,55.98752837314161,55.98752837314161,0.48159065760329367,0.3955582552966545,7.743647732595483,5.726255320888163,2.0,1.5275252316519465,1.0,3.0,1
LRL_2026-02-04_6,22003495,LRL_2026-02-04_6_22003495,14.0,4.0,16.45995275461743,17.128110698226067,15.310962973028595,1.8171477251974721,7.130373289266571,2.308000803010929,1412.3999999999996,1412.3999999999999,0.5009285714285714,1.164,7.885714285714286,16.5,3.0,5.0,0.0,14.0,4.0,16.45995275461743,17.128110698226067,15.310962973028595,1.8171477251974721,7.130373289266571,2.308000803010929,1412.3999999999996,1412.3999999999999,0.5009285714285714,1.164,7.885714285714286,16.5,3.0,5.0,0.0,,,,,,,,,,,,,,,,,,1.0,1
LRL_2026-02-04_7,23009795,LRL_2026-02-04_7_23009795,,,,,,,,,,,,,,,,,,,,,,,,,,,,,,,,,,,,,,,,,,,,,,,,,,,,0.0,0
LRL_2026-02-04_7,23004204,LRL_2026-02-04_7_23004204,16.0,4.0,16.14395334219126,15.476496162570182,16.827268399045813,-1.3507722364756312,7.474241573378662,2.161643427188288,1617.5,1617.5,0.8488125,1.266,13.8125,20.4,4.0,9.0,5.0,16.0,4.666666666666667,16.324605705756756,15.999693721350525,16.368402810050927,-0.3687090887004037,7.466928795391316,2.187725230294513,1616.1000000000001,1616.0999999999997,0.6934999999999999,1.0346666666666666,11.352083333333333,16.166666666666668,3.6666666666666665,7.666666666666667,1.3333333333333333,0.0,3.0550504633038935,0.15967452228737997,0.5738792249152841,0.48602563044387304,1.059611501252949,0.042988658374040825,0.024223121738080278,1.3114877048603861,1.3114877048606246,0.16429309984369395,0.5675361956151637,2.65900837171178,9.02791965700478,1.5275252316519468,1.5275252316519465,3.5118845842842465,3.0,1
LRL_2026-02-04_7,23017237,LRL_2026-02-04_7_23017237,16.0,5.0,15.593241698736342,16.13723910824205,14.873027031774836,1.2642120764672136,6.703627401280636,2.331481153089099,1617.6999999999998,1617.6999999999996,0.27299999999999996,1.22,4.10625,16.8,1.0,7.0,-3.0,16.0,5.0,15.593241698736342,16.13723910824205,14.873027031774836,1.2642120764672136,6.703627401280636,2.331481153089099,1617.6999999999998,1617.6999999999996,0.27299999999999996,1.22,4.10625,16.8,1.0,7.0,-3.0,,,,,,,,,,,,,,,,,,1.0,1
LRL_2026-02-04_7,23008615,LRL_2026-02-04_7_23008615,14.0,4.0,16.165841257205138,17.05133916752389,14.75288500651751,2.2984541610063793,7.062395707177044,2.2874892132977824,1415.0999999999997,1415.1,1.005642857142857,1.127,16.2,14.9,4.0,7.0,2.0,15.666666666666666,4.0,15.752814878981377,16.54707227242404,14.55486227924475,1.992209993179289,7.050971325939289,2.233417856221466,1583.4333333333332,1583.4333333333332,0.7934483543417367,1.8339999999999999,12.32843137254902,24.766666666666666,4.0,7.333333333333333,2.6666666666666665,1.5275252316519465,2.0,0.41593812006557024,0.43980251723890784,0.20757573668456117,0.2730338064496185,0.049571049825979804,0.048948328473661526,155.77577903298504,155.77577903298487,0.22601960126321646,0.97946260775999,3.832954823095869,14.007973919640673,2.0,0.5773502691896257,2.0816659994661326,3.0,1
LRL_2026-02-04_7,23006308,LRL_2026-02-04_7_23006308,17.0,2.0,16.310236300197378,16.512804465648102,16.467236857971734,0.04556760767636803,7.205772097234308,2.2654313850559986,1717.8999999999999,1717.8999999999999,0.045294117647058825,0.329,0.7235294117647059,5.1,1.0,3.0,-1.0,14.0,3.5,16.71744319865389,16.940092074913505,16.480822208400504,0.4592698665130026,7.2573271231527645,2.305350591823184,1413.1999999999998,1413.1999999999998,0.1882379679144385,0.4535,3.170855614973262,7.05,2.0,4.0,-1.0,4.242640687119285,2.1213203435596424,0.5758775184890834,0.6042759320571077,0.019212586825955735,0.5850633452311532,0.07290981686237699,0.05645428360932929,430.910872455082,430.910872455082,0.2021531317059573,0.17606958851545032,3.461041908128593,2.7577164466275357,1.4142135623730951,1.4142135623730951,0.0,2.0,1
LRL_2026-02-04_7,23015322,LRL_2026-02-04_7_23015322,16.0,2.0,15.61537932109637,16.192945290664312,15.216595261166749,0.9763500294975636,6.884301153636178,2.2683034517986123,1610.1999999999998,1610.1999999999996,0.16275,0.513,2.45,7.1,1.0,6.0,-1.0,15.0,3.5,15.911460354804188,16.635040397039074,14.988518422269525,1.6465219747695485,7.019099124466992,2.2671068081135872,1512.7499999999998,1512.7499999999998,0.5582321428571428,1.2355,8.753571428571428,17.15,3.0,6.0,0.0,1.4142135623730951,2.1213203435596424,0.4187218134310416,0.625216895293964,0.3225493588316368,0.9477662541256008,0.19063311852930942,0.001692309728690521,137.81511165325819,137.81511165325784,0.5592962101049453,1.0217692988145612,8.914596205673258,14.212846301849606,2.8284271247461903,0.0,1.4142135623730951,2.0,1
LRL_2026-02-04_7,23015374,LRL_2026-02-04_7_23015374,12.0,3.0,16.624084705631567,17.52739477360013,15.284086394276619,2.2433083793235102,7.288357285335223,2.282624067470722,1214.3,1214.2999999999997,0.89825,1.873,14.324999999999998,25.7,3.0,7.0,4.0,12.0,3.0,16.624084705631567,17.52739477360013,15.284086394276619,2.2433083793235102,7.288357285335223,2.282624067470722,1214.3,1214.2999999999997,0.89825,1.873,14.324999999999998,25.7,3.0,7.0,4.0,,,,,,,,,,,,,,,,,,1.0,1
LRL_2026-02-04_8,23013965,LRL_2026-02-04_8_23013965,12.0,3.0,16.407826953535004,18.046419827003323,14.368397774676335,3.6780220523269875,7.081997893081276,2.312072116091556,1210.9999999999998,1210.9999999999998,0.10925000000000001,1.122,1.4416666666666667,14.6,1.0,3.0,-2.0,12.0,2.0,16.912031510749756,18.115187052725656,15.337540421617135,2.7776466311085186,7.23326179943908,2.336484019322247,1211.9999999999998,1211.9999999999998,0.03847222222222223,0.375,0.5166666666666667,4.866666666666666,1.0,2.3333333333333335,-0.3333333333333333,0.0,1.0,0.43951937853347933,0.3461072393304324,0.9448431999440325,1.0992942127169962,0.1540468405140674,0.038760709470016065,2.645751311064397,2.645751311064752,0.06136080302724329,0.6469227156314733,0.8023836018043019,8.429313930168536,0.0,0.5773502691896258,1.5275252316519468,3.0,1
LRL_2026-02-04_8,23012845,LRL_2026-02-04_8_23012845,11.0,1.0,16.783574333299086,17.47017500570142,15.675370544817513,1.794804460883908,7.229983713655346,2.3219391643915923,1111.8,1111.8,0.1549090909090909,0.0,2.6,0.0,1.0,3.0,1.0,11.0,1.0,16.783574333299086,17.47017500570142,15.675370544817513,1.794804460883908,7.229983713655346,2.3219391643915923,1111.8,1111.8,0.1549090909090909,0.0,2.6,0.0,1.0,3.0,1.0,,,,,,,,,,,,,,,,,,1.0,1
LRL_2026-02-04_8,23007499,LRL_2026-02-04_8_23007499,12.0,3.0,16.856277506147894,18.148897185983703,15.099434506855095,3.0494626791286077,6.662748475146279,2.5264344033446866,1208.9,1208.9,0.19200000000000003,0.12,3.4250000000000003,1.6,1.0,3.0,0.0,12.0,3.0,16.856277506147894,18.148897185983703,15.099434506855095,3.0494626791286077,6.662748475146279,2.5264344033446866,1208.9,1208.9,0.19200000000000003,0.12,3.4250000000000003,1.6,1.0,3.0,0.0,,,,,,,,,,,,,,,,,,1.0,1
LRL_2026-02-04_8,23006388,LRL_2026-02-04_8_23006388,11.0,3.0,16.61210967695242,17.516010571295492,15.035222032014014,2.4807885392814786,6.8982223019902555,2.407921469471209,1108.6,1108.6000000000001,0.20836363636363633,0.716,3.3545454545454545,10.4,1.0,5.0,2.0,11.666666666666666,2.3333333333333335,16.666609914454796,17.42924422093989,15.155551573960553,2.273692646979333,6.943233706041699,2.3995012230037864,1176.5999999999997,1176.6,0.162510101010101,0.621,2.5876262626262627,8.799999999999999,1.0,3.0,0.3333333333333333,0.5773502691896255,0.5773502691896257,0.07962848300296056,0.14563903142879545,0.1423298221676585,0.28516420723087005,0.09319560492437035,0.021441477848050516,58.90636637919538,58.90636637919522,0.06702917296456398,0.17239779580957526,1.2039412276539643,2.4331050121192876,0.0,1.7320508075688772,1.5275252316519465,3.0,1
LRL_2026-02-04_8,23013382,LRL_2026-02-04_8_23013382,12.0,1.0,16.894890786001454,18.104660558067476,15.474478406120024,2.6301821519474515,6.807241010614692,2.4794961656499663,1208.3,1208.3,0.0,0.0,0.0,0.0,1.0,1.0,0.0,12.0,1.0,16.894890786001454,18.104660558067476,15.474478406120024,2.6301821519474515,6.807241010614692,2.4794961656499663,1208.3,1208.3,0.0,0.0,0.0,0.0,1.0,1.0,0.0,,,,,,,,,,,,,,,,,,1.0,1
LRL_2026-02-04_8,23002961,LRL_2026-02-04_8_23002961,12.0,1.0,17.46896758147298,16.834537338792067,17.850152574053986,-1.0156152352619188,7.248098792994726,2.4134631070983406,1215.0,1215.0,0.9718333333333332,0.0,17.200000000000003,0.0,1.0,10.0,8.0,11.0,1.0,17.583897545691073,17.469529022515847,17.134196135838113,0.3353328866777332,7.123723476042873,2.4715512324266484,1116.55,1116.55,0.6419166666666666,0.0,11.470000000000002,0.0,1.0,8.0,6.5,1.4142135623730951,0.0,0.1625355141202791,0.8980138511162955,1.012515304993222,1.9105291561095175,0.17589326005776235,0.08214901465212093,139.22932521563123,139.22932521563123,0.46657262445292347,0.0,8.103443712397835,0.0,0.0,2.8284271247461903,2.1213203435596424,2.0,1
LRL_2026-02-04_8,23015509,LRL_2026-02-04_8_23015509,12.0,3.0,16.98866389793666,17.839950350262175,16.029442968826014,1.8105073814361603,7.133209104811393,2.3837006365060254,1217.3999999999999,1217.3999999999999,0.47283333333333327,0.815,7.941666666666667,12.0,3.0,9.0,6.0,12.0,3.0,16.98678255223314,18.004019625612802,15.830693160042856,2.173326465569947,7.098244261305468,2.3938368610017107,1213.1,1213.0999999999997,0.2843333333333333,0.5626666666666666,4.702777777777778,8.1,2.0,5.333333333333333,1.6666666666666667,0.0,1.0,0.08971353936426175,0.25937038418948233,0.5068222362445033,0.7615323277035716,0.0930153853154665,0.017204621223469333,3.9281038682804468,3.928103868280465,0.1913962585260688,0.4747803000687089,3.173023590158716,6.841783393238929,1.0,3.2145502536643185,4.041451884327381,3.0,1
LRL_2026-02-04_9,23015288,LRL_2026-02-04_9_23015288,16.0,3.0,15.8373475627697,15.973403847495714,15.383130322592109,0.5902735249036049,7.422288181490122,2.1348127011410236,1615.4,1615.3999999999996,0.906,1.122,14.46875,15.6,3.0,7.0,4.0,14.0,1.6666666666666667,16.351131470016668,16.67757105979338,15.55157505176958,1.1259960080237992,7.464317627372054,2.190531112944419,1414.6999999999998,1414.6999999999998,0.8273730158730158,0.37400000000000005,13.718948412698412,5.2,1.6666666666666667,7.0,5.0,2.0,1.1547005383792517,0.5139345657729077,0.6662532436666456,0.49103405793682886,0.50543081842328,0.04357076345176919,0.055710382081966665,203.1425361661117,203.1425361661115,0.10718281353725835,0.6477870020307601,1.747725490154598,9.00666419935816,1.1547005383792517,1.0,1.0,3.0,1
LRL_2026-02-04_9,23013139,LRL_2026-02-04_9_23013139,17.0,1.0,15.842083136738124,17.78966225727037,13.743800111680212,4.0458621455901564,7.087950354950351,2.2314043890104998,1721.6,1721.5999999999997,0.06923529411764706,0.0,1.252941176470588,0.0,1.0,3.0,2.0,16.666666666666668,2.3333333333333335,16.018011409061124,17.403285173634615,14.421002542099513,2.982282631535103,7.163375027860006,2.2345113428528287,1686.3999999999999,1686.3999999999996,0.3526004901960785,0.6336666666666667,5.369975490196079,8.466666666666667,1.6666666666666667,3.6666666666666665,1.0,0.5773502691896255,1.1547005383792517,0.18353835624702375,0.4047702942982338,0.5897173242223478,0.9655158897004364,0.14449154336687306,0.05371011098582664,63.145625343328376,63.145625343328526,0.3601908705857439,0.5507379897313542,5.403146214534919,7.387376620515115,1.1547005383792517,1.1547005383792515,1.7320508075688772,3.0,1
LRL_2026-02-04_9,23006925,LRL_2026-02-04_9_23006925,11.0,1.0,17.037481122651457,17.771516194818588,15.523843029686882,2.2476731651317063,7.316263513390192,2.3286262280769296,1108.4,1108.4,0.11772727272727272,0.0,2.1181818181818186,0.0,1.0,5.0,3.0,13.0,1.3333333333333333,16.557408558986918,17.196791203079254,15.299963512337229,1.8968276907420247,7.279660366892615,2.274028506968501,1312.6333333333332,1312.6333333333332,0.5798138528138528,0.14466666666666667,9.513203463203464,1.9333333333333333,1.3333333333333333,5.666666666666667,3.3333333333333335,1.7320508075688772,0.5773502691896257,0.41670273918717093,0.5208233464416763,0.2112899365013408,0.3855606179085031,0.036642556604600786,0.04813567998637536,176.8789510748331,176.8789510748331,0.42125294828453136,0.2505700168282976,6.640012921889236,3.3486315612998294,0.5773502691896257,1.1547005383792517,2.516611478423583,3.0,1
LRL_2026-02-04_9,23013491,LRL_2026-02-04_9_23013491,14.0,1.0,16.302925343118684,17.245812268021467,14.952897775856817,2.29291449216465,7.35422578301294,2.2163242409216926,1409.3999999999996,1409.3999999999996,0.058857142857142865,0.0,1.0285714285714287,0.0,1.0,3.0,2.0,14.0,2.3333333333333335,16.43694051357884,17.26583596266622,15.21812479362812,2.047711169038104,7.469398002389519,2.200161492527443,1414.5999999999997,1414.5999999999997,0.6359454365079366,0.6503333333333333,10.30188492063492,8.933333333333332,2.3333333333333335,6.0,1.6666666666666667,2.0,1.5275252316519468,0.27291309330815344,0.4058143241153476,0.3212744824576254,0.27890388707982494,0.12343325046989931,0.017616515960438166,202.94996920423517,202.94996920423503,0.5233530189493788,0.5661327877215145,8.390570295573948,7.76809715009624,1.5275252316519468,2.6457513110645907,1.5275252316519468,3.0,1
LRL_2026-02-04_9,23014262,LRL_2026-02-04_9_23014262,16.0,8.0,16.159640944231878,16.708111784186286,14.968815107723405,1.7392966764628817,6.861922488577308,2.355010551598346,1618.3999999999999,1618.3999999999999,0.7846875,1.534,12.64375,21.6,3.0,9.0,-5.0,16.0,4.0,16.319325723673224,16.8534875690235,15.195880179831851,1.6576073891916494,6.95985674269,2.344460062104897,1617.9333333333332,1617.9333333333332,0.5531041666666666,0.9546666666666667,9.004166666666668,13.800000000000002,2.0,6.0,-1.0,0.0,3.605551275463989,0.13830970524675815,0.744972691602804,0.44048678542603276,1.1306296793688775,0.10242772621619492,0.020370965763047394,3.423935357645178,3.423935357645291,0.2376539084642484,0.8330338128391508,3.721277152515428,11.984990613262909,1.0,2.6457513110645907,4.0,3.0,1
LRL_2026-02-04_9,23012682,LRL_2026-02-04_9_23012682,13.0,2.0,16.871500153987554,17.466721344143025,16.38906465946384,1.0776566846791837,7.517284301617223,2.242926937872315,1318.8999999999999,1318.8999999999999,0.4349999999999999,0.217,7.261538461538462,3.3,2.0,4.0,2.0,12.0,3.5,17.276446956130094,17.865277027592626,16.681835059184216,1.1834419684084079,7.594087979755312,2.2744207920164135,1214.4499999999998,1214.4499999999998,0.6538636363636363,0.4335,11.33986013986014,6.75,3.5,6.0,2.5,1.4142135623730951,2.1213203435596424,0.5726812596295927,0.5636428528953025,0.4140398699459465,0.14960298294935467,0.1086168032630234,0.044539035661983965,147.71460658986976,147.71460658986976,0.3095199228557479,0.3061772362537751,5.7676178292027185,4.879036790187178,2.1213203435596424,2.8284271247461903,0.7071067811865476,2.0,1
LRL_2026-02-04_9,23017289,LRL_2026-02-04_9_23017289,14.0,1.0,16.231515107136172,17.39306982694593,14.953207094570743,2.439862732375186,7.19249264089467,2.255736800895576,1417.4999999999998,1417.4999999999998,0.09528571428571429,0.0,1.5642857142857145,0.0,1.0,2.0,0.0,12.5,1.5,16.32665449359861,16.912573938605846,15.780348248451348,1.132225690154499,7.1815418425165305,2.2746981456562727,1265.2999999999997,1265.3,0.7856883116883118,0.5595,12.782142857142857,8.0,1.5,4.5,1.5,2.1213203435596424,0.7071067811865476,0.13454741065103462,0.6795238019550532,1.169754237814883,1.849278039769935,0.015486767585178965,0.02681539092140941,215.24330419318505,215.24330419318483,0.9763767167443652,0.7912524881477467,15.86444571219247,11.313708498984761,0.7071067811865476,3.5355339059327378,2.1213203435596424,2.0,1
LRL_2026-02-04_10,19019286,LRL_2026-02-04_10_19019286,16.0,6.0,15.702643279381366,16.0653399694448,14.811948742431511,1.2533912270132888,7.1828024013479155,2.186626860203442,1612.6,1612.6,0.7988124999999999,1.962,12.33125,26.0,5.0,9.0,1.0,16.333333333333332,4.666666666666667,15.627731932848379,16.51324210358103,14.30115171341662,2.2120903901644122,7.06838336287683,2.2090834016043197,1647.9333333333332,1647.9333333333332,0.654093137254902,1.8716666666666668,10.913970588235294,24.7,3.3333333333333335,6.0,0.3333333333333333,0.5773502691896255,2.309401076758503,0.26519055506645856,0.45920204854164653,0.819027396990813,1.2504681137859006,0.1531070196128176,0.019489870020835628,60.59392158734515,60.59392158734515,0.2525038285304637,0.2500526611202795,2.411628263491625,3.8196858509568554,2.0816659994661326,3.0,0.5773502691896258,3.0,1
LRL_2026-02-04_10,22000626,LRL_2026-02-04_10_22000626,12.0,3.0,15.927083505334332,16.811152994789737,14.952846594134312,1.8583064006554242,6.970066451071176,2.285700856217371,1208.1,1208.1,0.6635833333333334,1.334,10.35,18.0,3.0,6.0,3.0,12.666666666666666,3.3333333333333335,16.210668559338142,17.305153874576067,14.75554063422405,2.549613240352018,7.034822694270592,2.3022947627562136,1277.3666666666666,1277.3666666666666,0.3702698412698413,1.5026666666666666,5.5321428571428575,20.333333333333332,1.6666666666666667,4.666666666666667,-0.3333333333333333,1.1547005383792515,2.516611478423583,0.6753985473883015,0.48603102357353,1.105960903932938,1.0495380648890515,0.13549465337024227,0.05230805324852363,114.05000365336832,114.05000365336821,0.3318426776184228,1.5937080451994126,5.108892058090921,21.594752448994022,1.1547005383792517,2.309401076758503,4.163331998932265,3.0,1
LRL_2026-02-04_10,19017987,LRL_2026-02-04_10_19017987,12.0,4.0,15.907630107891814,17.077941891668562,14.632094496235446,2.445847395433116,6.571635216362455,2.4205317772511585,1210.8,1210.8,0.32783333333333337,1.584,4.675,21.4,1.0,4.0,-1.0,12.666666666666666,3.6666666666666665,16.078518953676745,17.233606534810715,14.502550416555556,2.7310561182551623,6.621838372173659,2.4262809278590516,1280.8,1280.8,0.38264285714285723,1.3840000000000001,5.6384920634920634,18.633333333333333,1.6666666666666667,4.0,-1.3333333333333333,1.1547005383792515,0.5773502691896258,0.16334504225717164,0.16164697892573782,0.1865819134110169,0.254154781706795,0.05081364021619446,0.021388836367611016,117.36801097402976,117.36801097402976,0.07198565301754797,0.30991773101905623,1.3124784488746448,4.450093631973751,1.1547005383792517,0.0,1.5275252316519468,3.0,1
LRL_2026-02-04_10,22006616,LRL_2026-02-04_10_22006616,16.0,9.0,15.435934248545262,16.15287919628231,13.970098256692097,2.182780939590213,7.130853914155477,2.161949767744848,1616.5,1616.4999999999998,1.2449375,4.5,18.668750000000003,59.6,6.0,9.0,0.0,16.0,9.0,15.435934248545262,16.15287919628231,13.970098256692097,2.182780939590213,7.130853914155477,2.161949767744848,1616.5,1616.4999999999998,1.2449375,4.5,18.668750000000003,59.6,6.0,9.0,0.0,,,,,,,,,,,,,,,,,,1.0,1
LRL_2026-02-04_10,22013102,LRL_2026-02-04_10_22013102,12.0,6.0,15.675402933235931,16.974762106607606,14.141687707956827,2.83307439865078,6.67474308150699,2.3443803723747663,1222.1,1222.1,1.1773333333333333,3.648,17.424999999999997,49.2,3.0,6.0,-2.0,13.333333333333334,3.6666666666666665,15.992384826187044,16.803271140619188,14.718582274698571,2.0846888659206164,6.872769960816238,2.325694582117149,1350.3666666666666,1350.3666666666666,0.8668253968253968,1.6966666666666665,13.45595238095238,22.933333333333337,2.0,6.666666666666667,2.0,1.1547005383792517,2.0816659994661326,0.29263968480308333,0.16622194857452033,0.5723012122115468,0.7383998503912643,0.18454620286666776,0.018040470237846207,111.13421315388563,111.13421315388563,0.29277587948542755,1.7064423029605582,3.8900650756146735,22.971576640129285,1.0,0.5773502691896258,3.4641016151377544,3.0,1
LRL_2026-02-04_10,22001373,LRL_2026-02-04_10_22001373,12.0,2.0,16.04127436683924,16.816747740132726,15.17425351984113,1.6424942202915958,7.225833452213823,2.219442545808875,1213.4999999999998,1213.4999999999998,0.4215833333333334,0.903,6.466666666666668,12.2,2.0,4.0,0.0,11.666666666666666,2.6666666666666665,16.423640342300377,17.37921409960767,14.950465257597182,2.4287488420104855,7.30791427060537,2.2445262949917444,1178.3999999999999,1178.3999999999999,0.20856060606060609,0.7413333333333334,3.1434343434343437,9.866666666666667,1.3333333333333333,3.6666666666666665,-0.3333333333333333,0.5773502691896258,1.1547005383792515,0.5026425573646998,0.4926039868567957,0.5429322561994532,0.8947960463011964,0.1643050212497378,0.022848298306176188,61.05497522724909,61.05497522724909,0.1921866570434753,0.6243991778768877,2.943646304494251,8.154344445345275,0.5773502691896258,0.5773502691896258,1.5275252316519468,3.0,1
LRL_2026-02-04_10,22007775,LRL_2026-02-04_10_22007775,14.0,3.0,16.11497773921648,17.025263038009246,14.612698623109369,2.4125644148998777,6.897942247160155,2.334756960650068,1413.6999999999998,1413.6999999999998,0.4547857142857143,1.154,6.8928571428571415,15.7,2.0,3.0,-1.0,13.0,4.333333333333333,16.417092173668706,16.947322404320087,14.943806205737857,2.0035161985822256,6.976906637448284,2.351275249653644,1312.8999999999999,1312.8999999999999,0.595978354978355,1.3346666666666664,9.478787878787879,18.7,2.6666666666666665,5.0,-1.3333333333333333,1.7320508075688772,1.5275252316519465,0.3168870271473296,0.22128582230492275,0.49653829802860117,0.7106924988150939,0.09665312348813283,0.014653645642553781,172.8615631075918,172.86156310759193,0.42860132040252746,0.283154257134399,7.411072681148427,3.968626966596886,2.0816659994661326,2.6457513110645907,1.5275252316519468,3.0,1
LRL_2026-02-05_1,22004675,LRL_2026-02-05_1_22004675,14.0,3.0,16.42754425233151,17.783956616009686,14.280605084602026,3.5033515314076595,inf,2.110389215380731,1414.3999999999999,1414.3999999999999,0.23735714285714282,1.252,3.5785714285714283,16.7,1.0,3.0,-1.0,13.333333333333334,4.666666666666667,16.778400775988697,17.6999388988434,15.366144645390479,2.3337942534529215,inf,2.2200243196721554,1347.4666666666665,1347.4666666666665,0.4742301587301587,1.2530000000000001,7.595634920634921,17.766666666666666,1.6666666666666667,4.333333333333333,-0.6666666666666666,1.1547005383792515,1.5275252316519468,0.3825957331843934,0.2610411012620987,0.956070602913283,1.0157663583601007,,0.09515782936656872,116.01854736779508,116.01854736779508,0.31131278003699325,0.348501076038511,5.1550250583512955,5.1829849829353485,0.5773502691896258,1.5275252316519465,2.516611478423583,3.0,1
LRL_2026-02-05_1,21008653,LRL_2026-02-05_1_21008653,16.0,2.0,16.029601315079304,16.156194318852048,15.799177888531258,0.35701643032079033,6.607647264117022,2.4279282315418893,1619.9,1619.8999999999999,0.021375,0.271,0.3125,3.9,1.0,2.0,-1.0,14.666666666666666,3.0,16.12507160010419,16.600186017933176,15.086554314918388,1.513631703014789,6.5627984687433205,2.456955998074131,1481.3,1481.3,0.5387440476190476,1.11,8.632738095238095,15.233333333333334,2.0,4.333333333333333,1.0,1.1547005383792517,1.0,0.2949077374775893,0.3930473349473788,0.7490264752039009,1.1221850111283203,0.14694268404719832,0.027034629927016007,120.0661484349358,120.06614843493557,0.495434243257374,0.7685642458506641,8.119652151596469,10.323436120465574,1.0,2.0816659994661326,2.0,3.0,1
LRL_2026-02-05_1,21004295,LRL_2026-02-05_1_21004295,16.0,5.0,16.185990906169344,17.217268084431776,14.977201839093926,2.24006624533785,6.814858125052489,2.374674824370855,1610.8999999999999,1610.8999999999996,0.32749999999999996,2.011,4.775,27.8,1.0,5.0,-4.0,16.666666666666668,5.333333333333333,16.233915427658264,17.189425859113026,14.85329434434756,2.3361315147654627,6.925706933351347,2.3429069854668807,1679.8666666666666,1679.8666666666666,0.3345833333333333,1.358666666666667,5.2555555555555555,18.433333333333334,1.6666666666666667,5.333333333333333,-3.0,1.1547005383792517,0.5773502691896257,0.4369188565520041,0.6327855219463753,0.10731001833511906,0.6385683730786884,0.14760588207896394,0.036031657128420866,117.12328262703934,117.12328262703947,0.2576980225638787,0.6867636662879986,4.398897694414582,9.717166939665766,1.1547005383792517,0.5773502691896257,1.7320508075688772,3.0,1
LRL_2026-02-05_1,21013454,LRL_2026-02-05_1_21013454,17.0,5.0,15.243909423806292,16.0063408735756,14.130492578710442,1.8758482948651576,6.471858616110491,2.3543785578377907,1710.6999999999998,1710.6999999999998,0.6095882352941178,1.458,9.18235294117647,19.9,2.0,7.0,-3.0,14.333333333333334,3.0,16.100853007293622,16.874584447490328,14.942573161218228,1.9320112862720997,6.6687606963819475,2.413010100879811,1447.3333333333333,1447.3333333333333,0.5484857609710551,0.859,8.62626050420168,11.799999999999999,2.0,6.666666666666667,1.0,2.516611478423583,1.7320508075688772,0.849142539352067,0.9300460525326553,0.712669200201633,0.43479913993835073,0.18195720731474996,0.06224571735776041,248.62140562174713,248.62140562174713,0.06363836063558119,0.5248056783229389,0.6751746878027216,7.125307010929422,0.0,0.5773502691896257,3.605551275463989,3.0,1
LRL_2026-02-05_1,21009715,LRL_2026-02-05_1_21009715,12.0,3.0,16.55970162245107,17.001942483135796,15.415574385960031,1.5863680971757645,7.0604972141659,2.3449064667203157,1211.0,1211.0,0.7920833333333333,1.757,12.758333333333333,24.9,3.0,4.0,1.0,12.0,4.0,16.81080806124322,17.144828158688945,15.854611583416183,1.2902165752727637,7.2313079586169895,2.325526133888169,1212.25,1212.25,0.9694583333333332,1.587,16.09583333333333,22.65,4.0,6.0,2.0,0.0,1.4142135623730951,0.35511813133906706,0.20207086023610654,0.6208923590287643,0.41882149879265657,0.24156287140177607,0.02740792953452626,1.7677669529663689,1.7677669529663689,0.25084613062592764,0.24041630560342606,4.719937764420204,3.181980515339464,1.4142135623730951,2.8284271247461903,1.4142135623730951,2.0,1
LRL_2026-02-05_1,22002300,LRL_2026-02-05_1_22002300,17.0,6.0,15.336597501958087,16.228244071842898,13.937498484446953,2.2907455873959446,6.832431503414375,2.2428559800547876,1718.6999999999998,1718.6999999999998,0.16652941176470587,1.551,2.3764705882352946,21.2,1.0,6.0,-3.0,13.0,5.0,16.869488433874555,17.016932733257033,16.066653337185404,0.9502793960716271,7.306054782411846,2.3072636561442437,1316.2333333333333,1316.2333333333333,0.4263279857397504,0.9613333333333333,7.331550802139037,14.1,2.6666666666666665,7.666666666666667,-0.6666666666666666,3.4641016151377544,3.605551275463989,1.3277404548794696,0.712572798750942,1.8527150153728198,1.222602964218126,0.41044626057601163,0.05578322796633938,348.54809328603886,348.54809328603886,0.3622867071311029,0.8396441706659633,6.520259848992546,12.211060560000512,2.886751345948129,1.5275252316519468,3.214550253664318,3.0,1
LRL_2026-02-05_1,21011618,LRL_2026-02-05_1_21011618,17.0,3.0,15.564836994417263,16.065187021368754,14.683676239194616,1.3815107821741375,7.318617179125901,2.1255297174326544,1722.5,1722.4999999999995,0.5254705882352941,0.187,8.358823529411765,2.6,2.0,7.0,4.0,17.0,4.0,15.90963065129644,16.136639154411668,15.267164808829529,0.8694743455821398,7.4369771755269545,2.138219259088222,1718.1999999999998,1718.1999999999996,0.7533837145969499,1.4266666666666667,12.17817265795207,21.266666666666666,3.0,6.333333333333333,2.3333333333333335,1.0,1.7320508075688772,0.3527335260051023,0.280926413673374,0.5179510174279492,0.5890438367303124,0.1038836809627769,0.031485836256741874,97.42119892507986,97.42119892507986,0.20522780594157006,1.7583049602766108,3.4167718134783334,27.05962552093678,1.0,0.5773502691896258,2.0816659994661326,3.0,1
LRL_2026-02-05_1,22013966,LRL_2026-02-05_1_22013966,17.0,7.0,15.316174693327833,15.949558579520552,14.094399753717232,1.8551588258033203,7.160608602704492,2.1391092626235526,1723.6999999999998,1723.7,0.8092941176470587,1.974,12.21764705882353,27.0,5.0,7.0,-1.0,17.0,4.666666666666667,15.73363122511288,16.178787700281354,14.732500931700626,1.4462867685807292,7.26296058364679,2.1656296574082403,1721.8,1721.8,0.8291568627450981,1.2343333333333335,14.31764705882353,17.833333333333332,3.6666666666666665,6.666666666666667,1.3333333333333333,0.0,3.214550253664318,0.5312697445349809,0.6408378493990073,1.3554638002406871,1.8806500959079073,0.18699465633055756,0.02364808850401058,1.6522711641857384,1.6522711641859122,0.4981500251131024,1.0759601913329941,6.763792777248872,15.446142992130214,2.3094010767585034,2.516611478423583,2.0816659994661326,3.0,1
LRL_2026-02-05_2,19002713,LRL_2026-02-05_2_19002713,12.0,5.0,16.585669178479527,17.69333746317463,15.078394480235945,2.6149429829386843,7.092998380099478,2.336216091422798,1208.6,1208.6,0.09675,0.675,1.4333333333333333,9.7,1.0,5.0,-4.0,13.666666666666666,4.333333333333333,16.316649976769774,17.601126067333983,14.643394654555854,2.9577314127781307,7.096632134419867,2.295909809515017,1377.6666666666667,1377.6666666666667,0.27365849673202614,1.2896666666666665,4.03937908496732,17.633333333333333,1.3333333333333333,4.333333333333333,-2.6666666666666665,2.8867513459481287,0.5773502691896258,0.451003449783531,0.18206180687296208,0.5965999116018087,0.4213432020946224,0.029081792613664757,0.05761977697655096,289.80625137034804,289.80625137034804,0.15346821977624311,0.9352659158406949,2.262993386005174,12.215290963924408,0.5773502691896257,0.5773502691896258,1.5275252316519468,3.0,1
LRL_2026-02-05_2,20010035,LRL_2026-02-05_2_20010035,12.0,4.0,16.30456175051385,17.086084044057618,15.404152535401385,1.6819315086562323,7.096724159997667,2.2962425928079564,1217.1,1217.1,0.2803333333333333,1.019,4.25,14.0,2.0,4.0,-2.0,12.0,5.333333333333333,16.509146774388956,17.50163356634451,15.148797913726213,2.352835652618296,7.066560264883695,2.3336273732498465,1212.0999999999997,1212.1,0.8069166666666666,2.003,12.83611111111111,27.900000000000002,4.333333333333333,6.0,-0.3333333333333333,0.0,1.5275252316519465,0.18020013755644176,0.3611397336909066,0.22150588279089878,0.5812840192224343,0.027669888949106804,0.03242521956415131,4.38634243989226,4.386342439892269,0.48682147223939626,1.2680350941515777,7.817361080266107,17.8277872996062,2.516611478423583,2.0,1.5275252316519465,3.0,1
LRL_2026-02-05_2,19017159,LRL_2026-02-05_2_19017159,14.0,5.0,16.401985634197356,16.994705833079788,15.269654752334667,1.7250510807451214,7.133205474892683,2.2983763607972594,1412.4999999999995,1412.4999999999998,0.8240714285714287,1.702,13.071428571428571,23.0,5.0,7.0,2.0,12.666666666666666,2.3333333333333335,16.658649872763167,17.102987066192117,15.834632332616295,1.268354733575821,7.092903225365144,2.3483067246119464,1278.4999999999998,1278.4999999999998,0.4561349206349206,0.5673333333333334,7.443253968253969,7.666666666666667,2.3333333333333335,5.0,2.6666666666666665,1.1547005383792517,2.3094010767585034,0.22239197760124185,0.14345107658977063,0.5179066492816377,0.48363606497165,0.039031804785924176,0.043494041246120434,116.05985524719539,116.05985524719544,0.3643001907980493,0.982650158160743,5.712503483643793,13.279056191361391,2.3094010767585034,2.6457513110645907,2.0816659994661326,3.0,1
LRL_2026-02-05_2,21012519,LRL_2026-02-05_2_21012519,12.0,7.0,16.436086320705957,17.32847656927106,15.319534033866951,2.0089425354041097,7.313749917469316,2.2495516705170364,1207.8,1207.8,0.83575,1.221,13.616666666666665,17.5,6.0,8.0,0.0,13.333333333333334,5.333333333333333,16.40266610037715,17.379927960221533,14.826483401127243,2.5534445590942894,7.286203263667687,2.249501903427424,1345.7666666666667,1345.7666666666664,0.8070347222222223,1.8706666666666667,12.905555555555557,25.566666666666666,3.3333333333333335,6.666666666666667,0.6666666666666666,2.3094010767585034,1.5275252316519468,0.5382294629611051,0.3137770983017161,0.9244907913645026,0.6941380123670974,0.167082714877946,0.02398978388057356,232.75773528141522,232.757735281415,0.1582062981791965,0.5657652634559083,3.0625576336224687,7.057147676882873,2.5166114784235836,1.5275252316519465,1.1547005383792517,3.0,1
LRL_2026-02-05_2,21017501,LRL_2026-02-05_2_21017501,,,,,,,,,,,,,,,,,,,,,,,,,,,,,,,,,,,,,,,,,,,,,,,,,,,,0.0,0
LRL_2026-02-05_2,21000672,LRL_2026-02-05_2_21000672,12.0,4.0,16.510251904013582,17.318846606051686,15.358083691821008,1.9607629142306777,7.298280939544313,2.2607466181596676,1213.1,1213.1,0.49833333333333335,0.819,7.833333333333333,11.5,2.0,4.0,-2.0,12.0,4.666666666666667,16.594611487003846,17.654369898347408,15.24741673536731,2.406953162980097,7.253944195389408,2.2863152435398475,1212.0666666666666,1212.0666666666666,0.6313888888888889,1.2696666666666667,9.988888888888889,17.8,2.0,5.333333333333333,-2.3333333333333335,0.0,1.1547005383792517,0.2333803347875357,0.3039517688381503,0.40618937222634366,0.49260898185939483,0.06414240024382652,0.05210531320831271,1.0016652800877783,1.0016652800877783,0.6275039416284645,1.1936118855529771,9.935284810173247,16.47938105633825,1.0,2.309401076758503,0.5773502691896258,3.0,1
LRL_2026-02-05_3,22006914,LRL_2026-02-05_3_22006914,,,,,,,,,,,,,,,,,,,,,,,,,,,,,,,,,,,,,,,,,,,,,,,,,,,,0.0,0
LRL_2026-02-05_3,22005862,LRL_2026-02-05_3_22005862,,,,,,,,,,,,,,,,,,,,,,,,,,,,,,,,,,,,,,,,,,,,,,,,,,,,0.0,0
LRL_2026-02-05_3,22005925,LRL_2026-02-05_3_22005925,13.0,3.0,16.482110774064076,17.114170956203175,15.532619685312932,1.5815512708902428,7.197482915214323,2.2905412539337044,1310.5999999999997,1310.5999999999997,0.8335384615384615,0.725,13.66923076923077,10.0,3.0,6.0,2.0,12.5,5.0,16.641696608351968,17.445251663876014,15.621480144199488,1.8237715196765283,7.1721873632721,2.3208087638950845,1260.9499999999998,1260.9499999999998,1.1706025641025641,1.1915,19.234615384615385,16.35,5.0,8.5,3.0,0.7071067811865476,2.8284271247461903,0.22568845121256212,0.4682188270310154,0.12566766611606403,0.3425511609149501,0.03577331262440626,0.0428047230866469,70.21570337182398,70.21570337182398,0.47668062523527005,0.6597306268470488,7.870642402899491,8.980256121069152,2.8284271247461903,3.5355339059327378,1.4142135623730951,2.0,1
LRL_2026-02-05_3,22003519,LRL_2026-02-05_3_22003519,,,,,,,,,,,,,,,,,,,,,,,,,,,,,,,,,,,,,,,,,,,,,,,,,,,,0.0,0
LRL_2026-02-05_3,21010483,LRL_2026-02-05_3_21010483,16.0,2.0,16.665744155902306,17.125398612727952,16.05108766373807,1.0743109489898828,7.247415026987103,2.301636460144268,1612.6999999999998,1612.6999999999998,0.263,0.277,4.40625,4.2,2.0,4.0,2.0,15.333333333333334,2.6666666666666665,16.685886458912446,17.13558544415032,15.711143420865541,1.4244420232847765,7.109060309122914,2.349116616727564,1547.3666666666666,1547.3666666666666,0.39019642857142856,0.8883333333333333,6.331845238095238,12.533333333333331,2.6666666666666665,4.333333333333333,1.3333333333333333,1.1547005383792515,0.5773502691896258,0.1823194985796096,0.31519563843241905,0.29612608574531946,0.41487002909938175,0.12253769187061556,0.05316133030192504,118.57054159163391,118.57054159163374,0.14325208687976645,0.628663131838772,2.164791816218831,8.504900548115383,0.5773502691896258,0.5773502691896258,1.1547005383792517,3.0,1
LRL_2026-02-05_3,22012331,LRL_2026-02-05_3_22012331,,,,,,,,,,,,,,,,,,,,,,,,,,,,,,,,,,,,,,,,,,,,,,,,,,,,0.0,0
LRL_2026-02-05_4,21005601,LRL_2026-02-05_4_21005601,11.0,1.0,16.607378193517842,17.030003454782214,15.543275077546035,1.4867283772361795,6.792140178959484,2.446811252791499,1111.0,1111.0,0.11027272727272729,0.0,1.8727272727272728,0.0,1.0,3.0,2.0,11.333333333333334,2.0,16.637332299663953,17.28976250057665,15.561826451126164,1.7279360494504867,6.8260807901278335,2.438299670252404,1144.0333333333333,1144.0333333333333,0.14237626262626266,0.18300000000000002,2.343939393939394,2.533333333333333,1.0,3.0,0.0,0.5773502691896258,1.0,0.4946948447047972,0.26416592348091783,0.9469407379513061,0.834876801673147,0.19974519603096275,0.008202665761832349,59.130899987513565,59.130899987513565,0.1477939096663522,0.20403186025716671,2.4053243854933655,2.6576932353703526,0.0,0.0,2.0,3.0,1
LRL_2026-02-05_4,20014269,LRL_2026-02-05_4_20014269,13.0,1.0,16.521846198944935,16.922602614812607,15.811799378800014,1.1108032360125932,7.275507862691606,2.270919925647078,1310.7999999999997,1310.7999999999997,1.0445384615384616,0.0,17.176923076923078,0.0,1.0,12.0,10.0,14.333333333333334,2.6666666666666665,16.541251242100465,16.868185100314626,15.976608743094127,0.8915763572204973,7.245710557782271,2.2825115567342302,1446.3,1446.3,0.917393772893773,0.7556666666666666,15.093498168498167,10.800000000000002,2.6666666666666665,8.0,5.0,1.5275252316519468,1.5275252316519465,0.1735913643786267,0.15537241124314588,0.7230333119116822,0.8776399623880391,0.08215726931393888,0.010038758714111765,153.11077689045948,153.11077689045936,0.19893144024645362,1.0826727729712857,3.1019517796730294,15.293462655657809,1.5275252316519465,3.605551275463989,4.58257569495584,3.0,1
LRL_2026-02-05_4,22013748,LRL_2026-02-05_4_22013748,17.0,5.0,16.456126972572424,16.209922068480562,16.292512960987175,-0.08259089250661233,7.518696267235585,2.190512071264808,1718.3999999999996,1718.3999999999996,0.6065882352941178,2.165,10.2,35.3,4.0,5.0,0.0,16.5,5.0,16.217125095514398,16.757875977081184,15.170776536877447,1.5870994402037342,7.464330096667389,2.172512087997737,1666.9499999999998,1666.9499999999998,0.6933878676470588,2.3445,10.903125,33.95,3.0,5.0,-0.5,0.7071067811865476,0.0,0.33799969596808777,0.7749238490983457,1.5863748643838735,2.3612987134822174,0.07688537575183199,0.025455820458780545,72.76128778409549,72.76128778409557,0.12275321728252779,0.2538513344459706,0.994368911043583,1.9091883092036728,1.4142135623730951,0.0,0.7071067811865476,2.0,1
LRL_2026-02-05_4,22002704,LRL_2026-02-05_4_22002704,11.0,8.0,16.883242153388746,17.502467734539184,14.670394218572888,2.8320735159662966,7.189699831826238,2.3443645138075606,1115.3000000000002,1115.3,0.9371818181818182,2.159,15.536363636363637,31.1,6.0,8.0,0.0,11.333333333333334,5.333333333333333,17.12430732970392,18.166156487321636,15.329405079920084,2.8367514074015516,7.29889096716306,2.3432920452395716,1146.1666666666667,1146.1666666666667,0.6054141414141414,1.3696666666666666,9.86590909090909,19.46666666666667,3.0,5.666666666666667,-1.0,0.5773502691896258,3.0550504633038935,0.5265348800158117,0.5747795008222959,1.0364841402125593,0.8682800241586929,0.2146857686164699,0.005337826646550261,60.70266331334505,60.70266331334508,0.5037710704266739,1.1485705608857182,8.221956783339804,16.3286047577046,2.6457513110645907,3.214550253664318,1.0,3.0,1
LRL_2026-02-05_4,22004324,LRL_2026-02-05_4_22004324,16.0,3.0,15.913641298876225,16.244800378024497,15.394879977666227,0.8499204003582701,6.978482589625354,2.2843585577173697,1617.3,1617.2999999999997,0.3235,1.153,5.1125,16.6,1.0,3.0,0.0,15.666666666666666,3.6666666666666665,16.104945386578976,16.738441219964958,15.362762722105098,1.3756784978598617,7.04559218622882,2.288410603382166,1579.8333333333333,1579.833333333333,0.38905462184873946,1.163,6.0601890756302526,16.366666666666667,2.0,4.0,-0.3333333333333333,1.5275252316519468,1.1547005383792515,0.3746568831184958,0.4488992252908595,0.918557840816183,0.904213207958711,0.19019992069136313,0.01032030502564809,154.93567482453287,154.9356748245326,0.3956905151005708,0.8030466985175894,6.107079899359821,10.451953565402658,1.7320508075688772,1.7320508075688772,1.5275252316519468,3.0,1
LRL_2026-02-05_4,22014529,LRL_2026-02-05_4_22014529,17.0,2.0,16.537554546318894,17.231449589297824,15.594698243242387,1.636751346055437,7.06943197260612,2.3387027645322958,1720.1,1720.0999999999997,0.2908823529411765,0.506,4.7823529411764705,7.5,1.0,3.0,-1.0,16.5,4.0,16.67385348491697,16.856753711246085,16.074971589132552,0.7817821221135333,7.156778999731264,2.3294852759321483,1668.6,1668.5999999999997,0.3488161764705882,0.885,5.750551470588235,13.3,2.0,4.5,-2.0,0.7071067811865476,2.8284271247461903,0.19275580750245896,0.5298999925060645,0.6792090794041757,1.2091090719102402,0.12352735039334985,0.013035497389347965,72.8319984622144,72.8319984622144,0.0819307989554236,0.535986940139403,1.3692394913638035,8.202438661763953,1.4142135623730951,2.1213203435596424,1.4142135623730951,2.0,1
LRL_2026-02-05_5,18003394,LRL_2026-02-05_5_18003394,18.0,1.0,15.969843246182656,16.202395612191616,15.787457598580781,0.4149380136108345,7.166973011669356,2.228881370309041,1816.2999999999997,1816.3,0.22183333333333335,0.0,3.538888888888889,0.0,1.0,4.0,1.0,17.0,3.0,16.51737089254222,18.47680459009548,15.06238523635703,3.4144193537384453,7.28482412931529,2.264705855471875,1715.8,1715.8,0.7043966503267974,1.109,11.014433551198259,14.766666666666666,1.6666666666666667,6.333333333333333,0.0,1.0,3.4641016151377544,0.9234128644215753,3.189624861720404,0.6323935474015725,3.5596355954193615,0.4137360779799902,0.03647854803466326,100.05303593594748,100.05303593594768,0.6129428187667905,1.9208443455938848,9.333208812991728,25.57661692510042,1.1547005383792517,2.516611478423583,3.605551275463989,3.0,1
LRL_2026-02-05_5,19012602,LRL_2026-02-05_5_19012602,16.0,4.0,16.459818949958603,16.83073545728833,15.286197538421154,1.5445379188671762,6.893826376230425,2.3879492600545777,1620.3,1620.2999999999997,0.933375,1.91,15.1375,27.2,4.0,4.0,0.0,16.0,5.666666666666667,16.218745629636885,16.526013240461918,15.070496174456766,1.4555170660051495,6.959069860841667,2.330354319324098,1614.8,1614.8,0.9918869047619047,2.1910000000000003,16.108267195767194,31.03333333333333,4.666666666666667,5.666666666666667,-0.6666666666666666,2.0,1.5275252316519465,0.3618049123171145,0.3794477083194601,0.38182194467759145,0.09790885534637932,0.06661539095600438,0.05852773036702763,202.70596932503,202.70596932502994,0.06495824879016032,0.29373627627516496,1.231001124993916,3.8501082235871418,1.1547005383792515,1.5275252316519465,1.1547005383792517,3.0,1
LRL_2026-02-05_5,19007141,LRL_2026-02-05_5_19007141,16.0,1.0,16.75819414846392,16.64073859506438,16.344282023906427,0.2964565711579539,7.553543349106267,2.220411205151183,1627.0,1626.9999999999998,0.3918125,0.0,6.61875,0.0,1.0,9.0,7.0,16.666666666666668,4.333333333333333,16.447743645971652,16.58020531949393,15.799138562449395,0.7810667570445377,7.404669754548087,2.2228893653669046,1686.8666666666666,1686.8666666666666,0.9651139705882352,1.551,15.653308823529409,21.833333333333332,3.6666666666666665,8.0,1.6666666666666667,0.5773502691896263,2.8867513459481287,0.268927294376638,0.15481140490129974,0.4773656486232182,0.4721536545417698,0.16581384664239043,0.03246711972219425,51.84615061249312,51.84615061249318,0.5006241619330188,1.356787750534327,7.88780323359171,18.980077274166543,2.5166114784235836,1.0,4.725815626252609,3.0,1
LRL_2026-02-05_5,16011638,LRL_2026-02-05_5_16011638,17.0,1.0,16.108342927838944,16.265287638587782,16.010583206075044,0.2547044325127388,7.5562607908134245,2.132243988421851,1716.6999999999998,1716.6999999999998,0.8321176470588235,0.0,13.36470588235294,0.0,1.0,9.0,4.0,17.333333333333332,1.0,16.17737879951626,16.145295963827376,16.02289802284574,0.12239794098163337,7.552546514648572,2.1420995368091167,1747.8666666666666,1747.8666666666666,0.767136165577342,0.0,12.487363834422657,0.0,1.0,7.333333333333333,4.333333333333333,0.5773502691896255,0.0,0.06965947985405069,0.10479484633422838,0.05584134736688573,0.13342260078395637,0.019770220441441638,0.013076542692576874,58.10011474457976,58.100114744579805,0.08052041818976115,0.0,1.1810850558859798,0.0,0.0,1.5275252316519468,0.5773502691896257,3.0,1
LRL_2026-02-05_5,21002490,LRL_2026-02-05_5_21002490,17.0,1.0,16.106191123188736,16.434766433907093,15.438191344017602,0.9965750898894914,7.506093279739773,2.1460890969894164,1714.4,1714.3999999999999,0.6151176470588235,0.0,10.1,0.0,1.0,7.0,6.0,16.666666666666668,1.3333333333333333,16.035130775691783,16.496479250032603,15.300826595460954,1.1956526545716486,7.367896622788424,2.1775376096892436,1681.4333333333334,1681.4333333333332,0.48333210784313724,0.15433333333333335,7.873039215686274,2.1,1.3333333333333333,7.0,4.666666666666667,0.5773502691896255,0.5773502691896257,0.06254864056308776,0.05532019554491008,0.18059549280796167,0.22863067073176782,0.13713342791933547,0.032752132247209194,60.77354139206755,60.77354139206732,0.1273483943462491,0.26731317463479676,2.113883672552536,3.637306695894642,0.5773502691896257,1.0,1.5275252316519465,3.0,1
LRL_2026-02-05_5,21008863,LRL_2026-02-05_5_21008863,18.0,3.0,15.932201893348669,16.706309389416354,14.979862519378566,1.7264468700377886,7.08111700656359,2.250746110303925,1827.6999999999998,1827.7,0.3408333333333334,1.838,5.0055555555555555,23.9,1.0,5.0,2.0,17.666666666666668,3.0,16.666958161402757,18.717127189339653,14.9997553873542,3.71737180198545,7.315147237033011,2.2702912215722755,1790.2333333333333,1790.2333333333333,0.1938355119825708,0.8093333333333333,2.977124183006536,10.666666666666666,1.0,4.0,-0.3333333333333333,0.5773502691896255,1.0,0.9683668218042385,3.553757689644577,0.5927553140437583,4.073270138941069,0.3217771673667123,0.019063999992698175,62.228798263612106,62.22879826361204,0.1636160535436621,0.8932196445070683,2.4458157568717245,11.484917645909931,0.0,1.7320508075688772,2.0816659994661326,3.0,1
LRL_2026-02-05_5,19003051,LRL_2026-02-05_5_19003051,12.0,6.0,16.577628357780466,17.52387352610455,15.526272663772524,1.9976008623320247,7.188049484309055,2.3084982698876004,1217.5,1217.5,1.1583333333333334,2.82,18.53333333333333,41.7,5.0,7.0,-1.0,15.0,6.333333333333333,16.319908246575768,17.395923877695417,15.100320768273827,2.29560310942159,7.214278917391964,2.2622237046150726,1514.8333333333333,1514.8333333333333,0.7864125816993465,3.0976666666666666,12.423488562091501,45.46666666666667,2.3333333333333335,6.666666666666667,-4.0,2.6457513110645907,1.5275252316519465,0.22492201277212306,0.20435940013810622,0.4354002738299714,0.47855706268901066,0.03300691591973909,0.040317833460218985,262.8960504331195,262.89605043311946,0.4208835284190929,0.4966027923132665,6.9868258902022395,8.871489916205357,2.3094010767585034,1.5275252316519465,3.0,3.0,1
LRL_2026-02-05_6,21012195,LRL_2026-02-05_6_21012195,12.0,11.0,15.106042527700716,16.579790232617523,13.390325723034401,3.1894645095831216,6.478305276662589,2.325928976980744,1213.5,1213.5,2.398166666666667,7.806,36.46666666666667,106.9,7.0,11.0,-4.0,11.666666666666666,5.666666666666667,16.149984691574122,17.127858858208253,14.944297787683192,2.1835610705250574,6.682962296110762,2.412814238561,1180.6000000000001,1180.6000000000001,1.3052398989898992,3.03,20.52020202020202,41.733333333333334,4.333333333333333,7.333333333333333,0.0,0.5773502691896258,4.618802153517007,0.9051115870668278,0.47945379333911753,1.346017326289885,0.8760959256835423,0.17899987385181065,0.07535929591697244,59.4258361321066,59.4258361321066,0.9671669602337063,4.139922825367642,14.194283673765485,56.48914349973217,2.3094010767585034,3.2145502536643185,3.605551275463989,3.0,1
LRL_2026-02-05_6,21016215,LRL_2026-02-05_6_21016215,14.0,3.0,16.514962484831646,17.028565595194316,15.55955318281708,1.4690124123772357,7.089143569945959,2.3301641032630385,1411.4999999999995,1411.4999999999998,0.49064285714285705,0.841,7.77857142857143,11.4,2.0,4.0,-1.0,12.666666666666666,3.3333333333333335,16.629052468833166,17.348153873888492,15.585217215275877,1.7629366586126143,7.003552976292423,2.374879632257389,1277.6999999999998,1277.6999999999998,0.32304761904761903,0.638,5.153968253968254,9.0,2.0,3.6666666666666665,-1.3333333333333333,1.1547005383792517,0.5773502691896258,0.10768023059296503,0.3382141849331279,0.2649283476162739,0.5243159148923844,0.07466967998200977,0.03879966308855459,115.89905090206712,115.89905090206729,0.1464347288678273,0.18941224881194985,2.2849181194404418,2.264950330581225,0.0,0.5773502691896258,0.5773502691896257,3.0,1
LRL_2026-02-05_6,21007295,LRL_2026-02-05_6_21007295,14.0,9.0,16.159386713287365,16.990063546854728,14.78817177632513,2.2018917705295973,6.881004363139106,2.3470481723790697,1415.7999999999997,1415.7999999999997,0.9860714285714286,1.893,15.528571428571427,26.7,5.0,9.0,-2.0,14.0,5.333333333333333,16.461648088837944,17.2369341658879,15.2817889505153,1.9551452153725986,7.0031137795379275,2.3499560111767863,1414.2333333333333,1414.2333333333333,0.6615168650793651,0.9563333333333333,10.647718253968252,13.333333333333334,4.0,7.0,1.0,2.0,3.2145502536643185,0.3540717996085564,0.33965694932314344,0.4946517644528314,0.2142185849380514,0.12994222115158194,0.009090022104757896,203.55452177078598,203.55452177078575,0.3458805996961233,0.8558839485195019,5.256059498562415,12.079045216130838,1.0,2.0,2.6457513110645907,3.0,1
LRL_2026-02-05_6,19008473,LRL_2026-02-05_6_19008473,14.0,6.0,16.091697671423756,17.29688550552305,14.280867112864184,3.016018392658866,6.718582105616998,2.393846294572293,1410.7999999999997,1410.7999999999997,0.5210714285714285,1.603,7.678571428571429,21.1,2.0,6.0,-4.0,14.0,6.0,16.33756498981265,17.11753873332562,14.623613946525351,2.4939247868002723,6.73345771828133,2.422075917770711,1398.533333333333,1398.5333333333335,0.8686797810033102,2.6986666666666665,13.474140565317036,37.7,2.6666666666666665,6.0,-3.0,3.0,1.0,0.7197292158063693,0.2757681590959927,1.3771333028743564,1.6363401452639679,0.1652339817507124,0.05029081468397236,285.99736595523626,285.9973659552362,0.3033736072708566,1.7358071129400678,5.121503150362095,23.1928868405811,2.0816659994661326,1.0,2.6457513110645907,3.0,1
LRL_2026-02-05_6,19004608,LRL_2026-02-05_6_19004608,14.0,6.0,16.332525405015286,16.977411306877123,14.722711282608039,2.2547000242690842,6.80191950623184,2.398311513497441,1415.4999999999998,1415.4999999999998,0.7080714285714286,2.324,10.928571428571429,31.5,2.0,6.0,-3.0,12.333333333333334,3.3333333333333335,16.59971870606416,17.23869103006878,15.226978335327017,2.0117126947417607,6.786379055371181,2.4458330325734656,1245.8666666666666,1245.8666666666666,0.42929653679653673,0.9593333333333334,6.888564213564213,13.166666666666666,1.6666666666666667,4.666666666666667,0.3333333333333333,1.5275252316519465,2.5166114784235836,0.2392169585166022,0.22880769791771363,0.4397285972168724,0.21115971751808751,0.018454554397327207,0.04138189326301698,154.7213732272735,154.7213732272735,0.2528343822370212,1.2138638034529792,3.706377228301788,16.373250542678853,0.5773502691896257,1.5275252316519465,2.8867513459481287,3.0,1
LRL_2026-02-05_6,19005959,LRL_2026-02-05_6_19005959,12.0,3.0,16.26158102199302,17.136707811896386,15.258569887933177,1.8781379239632088,6.841527369541211,2.3751730064581307,1213.1,1213.1,0.16183333333333333,0.999,2.3333333333333335,13.7,1.0,3.0,-2.0,12.0,5.333333333333333,16.527932075561214,17.34093577683794,15.40534871189086,1.9355870649470817,6.904548451427125,2.3925811189741197,1213.0666666666666,1213.0666666666666,0.4574444444444444,0.8486666666666666,7.294444444444444,11.833333333333334,2.6666666666666665,5.333333333333333,-2.3333333333333335,0.0,3.214550253664318,0.23096623156770854,0.1827919790597648,0.1320356115215019,0.05083832330832356,0.05916417432708485,0.017891401597300433,5.750072463311513,5.750072463311513,0.5748973902004245,0.26734310040345777,9.44243279229654,3.585154575933,2.886751345948129,3.214550253664318,0.5773502691896258,3.0,1
LRL_2026-02-05_6,18015442,LRL_2026-02-05_6_18015442,12.0,6.0,16.135464984962024,16.813176817110655,15.414932764864421,1.398244052246234,6.942920921155046,2.322261227113254,1213.1999999999998,1213.1999999999998,0.83625,1.541,13.108333333333333,21.1,6.0,8.0,0.0,12.666666666666666,5.333333333333333,16.372232344744067,17.033455625350225,15.418054313664035,1.6154013116861883,7.029481257473549,2.327650622005388,1280.6666666666665,1280.6666666666665,1.0000674603174604,1.5636666666666665,15.958333333333334,21.7,5.333333333333333,7.666666666666667,1.3333333333333333,1.1547005383792515,0.5773502691896258,0.37570616329135864,0.2712679112426996,0.6414379393124153,0.4864018838341641,0.13007612749911965,0.012153441402165642,114.69744257538309,114.69744257538309,0.14329960068836609,0.3265904673032165,2.525137510007019,5.524490926773253,0.5773502691896258,0.5773502691896257,1.5275252316519468,3.0,1
LRL_2026-02-05_7,19002312,LRL_2026-02-05_7_19002312,12.0,3.0,16.634728985334824,17.127782168537937,15.733533016592189,1.3942491519457487,6.909001025037214,2.407481064558823,1215.7999999999997,1215.7999999999997,0.25,0.763,3.9749999999999996,11.4,2.0,4.0,-1.0,11.666666666666666,4.666666666666667,16.838548859521293,17.55027911019361,15.826425136852054,1.723853973341555,7.052857713429057,2.387026344578826,1181.1666666666665,1181.1666666666667,0.4048787878787879,0.9043333333333333,6.64040404040404,13.399999999999999,3.0,5.0,-1.0,0.5773502691896258,1.5275252316519468,0.18789468320335412,0.3917030271334134,0.14928893853332792,0.28579291246556104,0.127418216616118,0.017718394464188002,57.06753309311103,57.06753309311089,0.30176563525787614,0.654545898568873,4.952302008835451,9.656603957913982,1.0,1.0,1.0,3.0,1
LRL_2026-02-05_7,18005570,LRL_2026-02-05_7_18005570,12.0,2.0,16.694101814760412,17.158478151021626,15.862195899265757,1.2962822517558692,7.31517398639881,2.281955976102975,1209.5,1209.5,0.008583333333333333,0.103,0.125,1.5,1.0,2.0,-1.0,12.0,3.3333333333333335,16.73792191464624,17.384851403901006,15.536709249667318,1.8481421542336882,7.301036516411045,2.291354078138703,1212.3,1212.3,0.4745000000000001,1.3546666666666667,7.483333333333333,18.933333333333334,2.0,4.0,-0.6666666666666666,0.0,2.3094010767585034,0.1252446151338925,0.2880885211190063,0.4578221882507097,0.7452693706266906,0.030263961924905113,0.01175013449350923,2.4269322199022456,2.4269322199022456,0.5245164638343904,1.7208237368578263,8.112802810647159,23.995068937874155,1.0,2.0,2.516611478423583,3.0,1
LRL_2026-02-05_7,21007720,LRL_2026-02-05_7_21007720,12.0,4.0,16.609406935899905,17.03909719058567,15.919217920542986,1.119879270042686,7.621382300022713,2.1796051248478996,1215.6,1215.6,0.5642499999999999,0.871,9.175,13.0,4.0,5.0,0.0,12.666666666666666,2.0,16.704041923614223,16.983856987669657,16.028562933639943,0.9552940540297138,7.636169417300643,2.187900932355747,1282.7666666666664,1282.7666666666664,0.3544603174603174,0.29033333333333333,5.885714285714286,4.333333333333333,2.0,4.666666666666667,2.3333333333333335,1.1547005383792515,1.7320508075688772,0.17103265691362454,0.3659265868921622,0.12674012050341793,0.46919656641948687,0.05542055809607283,0.03473222155593672,116.07636853956672,116.07636853956672,0.24994418774201693,0.502872084464164,4.040905321376205,7.505553499465136,1.7320508075688772,0.5773502691896257,2.0816659994661326,3.0,1
LRL_2026-02-05_7,20017325,LRL_2026-02-05_7_20017325,,,,,,,,,,,,,,,,,,,,,,,,,,,,,,,,,,,,,,,,,,,,,,,,,,,,0.0,0
LRL_2026-02-05_7,19016067,LRL_2026-02-05_7_19016067,16.0,5.0,16.100983713856373,17.398832400777387,14.178390154523333,3.220442246254054,6.768376666292883,2.37521145420517,1615.9,1615.8999999999999,0.6648125,3.011,9.675,38.4,3.0,5.0,-1.0,15.666666666666666,7.0,16.19276666853855,17.533610930898742,14.389032879338712,3.1445780515600315,6.800623561872796,2.3777464640004062,1565.033333333333,1565.033333333333,0.6784319444444445,3.2726666666666664,10.096944444444444,45.0,2.0,7.333333333333333,-4.0,0.5773502691896255,2.6457513110645907,0.1300083420744219,0.2623700681765581,0.18248510472522705,0.23936928249093686,0.035988071962034324,0.007135675825196241,86.72170047533291,86.72170047533284,0.03645259962850286,0.42835071300668265,0.5761283212901381,8.432674546073745,1.0,2.516611478423583,4.358898943540674,3.0,1
LRL_2026-02-05_7,19007915,LRL_2026-02-05_7_19007915,,,,,,,,,,,,,,,,,,,,,,,,,,,,,,,,,,,,,,,,,,,,,,,,,,,,0.0,0
LRL_2026-02-05_7,17007087,LRL_2026-02-05_7_17007087,12.0,6.0,16.390531781388443,16.696458107335538,15.811487273816605,0.884970833518933,7.239503126244141,2.2637813892407244,1207.6999999999998,1207.6999999999998,0.9265833333333333,1.346,15.241666666666667,20.1,5.0,6.0,-1.0,13.333333333333334,6.0,16.334334076838815,16.731884667346367,15.514258626015845,1.2176260413305233,7.219431699084043,2.2616321025553723,1342.7666666666664,1342.7666666666664,0.8026319444444444,1.7329999999999999,13.015972222222222,24.733333333333334,4.0,6.333333333333333,-1.3333333333333333,2.3094010767585034,1.0,0.29601838094379407,0.21929431483601072,0.49729687140211465,0.35553792058446404,0.08219030486619426,0.015851113230204834,233.24985173271466,233.24985173271466,0.31095937760369263,0.5639051338656174,5.355748928548476,7.511546667187345,1.7320508075688772,0.5773502691896257,1.5275252316519468,3.0,1
LRL_2026-02-05_7,22019160,LRL_2026-02-05_7_22019160,11.0,1.0,17.100675115505165,16.99339928215281,16.41124349569313,0.5821557864596798,7.2201362312396045,2.3684652692072787,1112.2,1112.2,0.608909090909091,0.0,10.627272727272727,0.0,1.0,6.0,5.0,13.0,3.0,16.617230015350582,17.000440315910012,15.808871057294771,1.1915692586152413,7.056401897797985,2.3545041636599953,1311.8333333333333,1311.8333333333333,0.387407196969697,0.6313333333333333,6.410479797979797,8.633333333333333,1.6666666666666667,4.666666666666667,1.3333333333333333,2.6457513110645907,2.0,0.5676286473017981,0.2431870460024586,0.705897446248314,0.5766876229062113,0.14230041386761905,0.061142410458880005,264.6322416738621,264.6322416738619,0.22170482330819147,0.892166651099072,3.9911713564665336,12.050034578097,0.5773502691896258,1.5275252316519465,3.2145502536643185,3.0,1
LRL_2026-02-05_7,21000715,LRL_2026-02-05_7_21000715,16.0,3.0,16.212936867976993,16.465469607062097,15.156112013311418,1.3093575937506792,7.03098814462888,2.3063094337817085,1613.2999999999997,1613.2999999999995,0.5026875,1.571,8.08125,21.8,2.0,3.0,-1.0,15.0,2.6666666666666665,16.499079671399226,17.05939779441053,15.483335478094427,1.5760623163161018,7.113800329246016,2.31934513090804,1515.3666666666666,1515.3666666666666,0.20733537581699346,0.906,3.29015522875817,12.666666666666666,1.3333333333333333,3.6666666666666665,-0.3333333333333333,2.6457513110645907,1.5275252316519468,0.5751580760712519,0.731479725097735,0.8090606195153233,0.3314447059509373,0.095020164725641,0.05313991435128266,266.83740992097285,266.83740992097285,0.25852777848229835,0.8127551906939752,4.180591280505767,11.321366230863365,0.5773502691896258,0.5773502691896257,3.0550504633038935,3.0,1
LRL_2026-02-05_8,21013518,LRL_2026-02-05_8_21013518,17.0,1.0,16.092183720857605,16.566140093923124,15.304484150715032,1.2616559432080923,7.32363800111232,2.197688328280719,1712.8,1712.7999999999997,0.0,0.0,0.0,0.0,1.0,1.0,0.0,16.666666666666668,4.333333333333333,16.546642489075555,16.740714512217426,16.05085330804244,0.6898612041749868,7.504997414249001,2.206375664964707,1684.3333333333333,1684.3333333333333,0.3377892156862745,0.6076666666666667,5.637254901960785,9.433333333333334,3.3333333333333335,5.0,-0.6666666666666666,0.5773502691896263,3.5118845842842465,0.3956263318685733,0.15473728933615283,0.7013752637552788,0.5499791648290645,0.185351100195119,0.024329337615527465,56.10635733438188,56.10635733438207,0.29851054429414486,0.5769543598356227,4.994884349563388,9.30286694161178,2.516611478423583,4.0,1.1547005383792517,3.0,1
LRL_2026-02-05_8,21004312,LRL_2026-02-05_8_21004312,18.0,5.0,15.775534940248516,17.088980481727177,14.070153998591728,3.0188264831354488,7.206861419812916,2.18625733252661,1815.9999999999998,1815.9999999999998,0.5175555555555555,2.571,7.511111111111112,34.0,2.0,5.0,-3.0,17.5,4.0,15.991296318468224,17.239898785346085,14.451579638705631,2.788319146640453,7.334524611565082,2.178178653050648,1764.5,1764.4999999999998,0.32586601307189544,1.917,4.696732026143791,25.5,1.5,4.5,-1.0,0.7071067811865476,1.4142135623730951,0.30513266731462274,0.2134307117881998,0.5394173132859207,0.3259866014977216,0.18054301719175053,0.011424978080970429,72.83199846221414,72.8319984622144,0.2710899507454857,0.9248956697920043,3.980133071619966,12.020815280171307,0.7071067811865476,0.7071067811865476,2.8284271247461903,2.0,1
LRL_2026-02-05_8,21012937,LRL_2026-02-05_8_21012937,16.0,6.0,16.13852093077847,16.76941070234434,14.86998257567891,1.8994281266654323,7.182528853780557,2.245016776608934,1620.9,1620.8999999999996,1.388375,3.838,21.64375,53.0,3.0,6.0,-2.0,17.0,4.666666666666667,16.0589995028398,16.949014365525255,14.726046084407512,2.2229682811177427,7.201565365809247,2.2288295977829016,1721.1666666666667,1721.1666666666663,0.6611108387799564,2.736,10.207611655773421,38.5,1.6666666666666667,4.666666666666667,-2.3333333333333335,1.0,1.5275252316519465,0.07398968835948715,0.16262010668819513,0.14512567759584216,0.3055125351342128,0.03442597683639319,0.015147020560669381,98.8326531736009,98.8326531736011,0.6644740030000382,1.5387176479133529,10.450091578928353,22.23533224397603,1.1547005383792517,1.5275252316519465,0.5773502691896258,3.0,1
LRL_2026-02-05_8,20016574,LRL_2026-02-05_8_20016574,16.0,3.0,16.21903135976019,17.27677962691238,14.552896492583866,2.7238831343285135,6.995291284001205,2.3172349447397096,1619.8999999999999,1619.8999999999996,0.6433125,2.27,9.68125,28.9,3.0,4.0,0.0,16.5,2.0,16.226188910738525,17.06145827725682,14.919401211245761,2.1420570660110556,6.998395282061876,2.3182104909959658,1668.35,1668.35,0.3250386029411764,1.135,5.102389705882353,14.45,2.0,3.0,0.5,0.7071067811865476,1.4142135623730951,0.010122305666937281,0.30451037295137723,0.5183159438053878,0.8228263167567639,0.004389716154982705,0.001379630746319784,68.51864709697628,68.5186470969766,0.45010726176992655,1.605132393293463,6.475486328152836,20.435385976291222,1.4142135623730951,1.4142135623730951,0.7071067811865476,2.0,1
LRL_2026-02-05_8,21001063,LRL_2026-02-05_8_21001063,16.0,2.0,16.319404637649185,16.771948139881477,15.441914709288051,1.330033430593426,7.373008694575969,2.2134293949795394,1615.8,1615.7999999999997,0.09549999999999999,0.828,1.3687500000000001,11.5,1.0,2.0,-1.0,15.0,2.5,16.76438629402921,17.44887234258787,15.658784495684774,1.7900878469030967,7.462421785953243,2.2462567705445533,1514.1499999999999,1514.1499999999996,0.06964285714285713,0.5569999999999999,1.0129464285714287,7.8,1.0,2.5,-1.5,1.4142135623730951,0.7071067811865476,0.6292990934598773,0.9573153881659746,0.30670019319120156,0.6506151949747744,0.12644920647944563,0.046424919741157984,143.75480861522524,143.75480861522516,0.036567522112790025,0.3832518754031088,0.5031822362550701,5.232590180780452,0.0,0.7071067811865476,0.7071067811865476,2.0,1
LRL_2026-02-05_8,22009309,LRL_2026-02-05_8_22009309,17.0,3.0,16.05751343668332,16.913226782879654,14.99501457847152,1.9182122044081336,7.370369895953089,2.178546638002464,1718.5,1718.4999999999998,0.5113529411764706,2.821,7.970588235294118,41.3,2.0,4.0,0.0,16.666666666666668,5.333333333333333,16.317603798861068,16.98875292884639,15.145309440772166,1.843443488074224,7.4801852411589,2.1805900512293075,1682.4333333333332,1682.4333333333332,0.882171531770603,2.2163333333333335,14.183554474421348,32.06666666666666,4.333333333333333,6.666666666666667,0.0,2.5166114784235827,2.081665999466133,0.2920019228628713,0.11533431233668871,0.31766867663385334,0.3901834903903324,0.12391147175099554,0.0021259020477798615,255.71476948610805,255.71476948610794,0.35502345019582804,1.3074480231861356,5.749294112715587,18.92256148974904,2.081665999466133,2.516611478423583,1.0,3.0,1
LRL_2026-02-05_9,20018653,LRL_2026-02-05_9_20018653,16.0,5.0,15.851927375355466,16.211367585787066,15.15675932897906,1.054608256808006,7.0597338789919775,2.245438224394129,1619.8000000000002,1619.7999999999997,0.5473125,1.241,8.350000000000001,16.4,4.0,7.0,-1.0,14.666666666666666,5.333333333333333,16.55498095663044,16.64099154696685,15.993270497486678,0.6477210494801705,7.402570850837226,2.237434356081201,1486.6666666666667,1486.6666666666667,0.6338207442067736,0.847,10.353208556149733,12.0,4.333333333333333,9.0,1.3333333333333333,3.2145502536643185,2.516611478423583,0.8923209840688775,0.5563285963054919,0.9148899557691389,0.38110015321063345,0.30405629926957856,0.06572548450871324,324.1014861634136,324.10148616341337,0.12978966224108981,0.3445736496019393,2.184489900443442,3.966106403010387,2.516611478423583,1.7320508075688772,4.041451884327381,3.0,1
LRL_2026-02-05_9,22000551,LRL_2026-02-05_9_22000551,17.0,4.0,15.11246078006504,16.814683636924777,13.146355699066996,3.6683279378577804,6.8207894091378725,2.2094087417229207,1717.2999999999997,1717.2999999999997,1.3235882352941175,3.351,22.03529411764706,43.0,3.0,4.0,-1.0,16.666666666666668,6.333333333333333,15.661385025391217,16.532791527261857,14.597586232246101,1.935205295015755,6.968272694469487,2.244854820778581,1684.8999999999999,1684.8999999999996,1.203283088235294,2.1456666666666666,19.36470588235294,28.866666666666664,5.0,7.0,-1.0,0.5773502691896255,3.214550253664318,0.658870109931161,0.27570169444342396,1.624146955928903,1.7504005807906584,0.2558249627279252,0.031111416326324953,54.91047258947954,54.91047258947983,0.12569036752186352,1.0455722516083397,2.328572338354145,12.34395938640975,2.0,3.0,1.0,3.0,1
LRL_2026-02-05_9,21002201,LRL_2026-02-05_9_21002201,16.0,2.0,15.895604633797117,16.24648737498982,15.285753631211872,0.9607337437779471,7.206804470025881,2.206106803349292,1611.0,1610.9999999999998,0.15925,0.317,2.44375,4.2,2.0,3.0,0.0,16.333333333333332,1.6666666666666667,15.838646078216977,16.192936775497703,15.185287620470381,1.0076491550273239,7.15024522687326,2.2159843229920466,1649.5333333333335,1649.5333333333328,0.3214779411764706,0.212,5.086519607843138,2.866666666666667,1.6666666666666667,4.666666666666667,2.0,0.5773502691896255,0.5773502691896257,0.2608472616123981,0.341681781500201,0.2571240657111109,0.10476336844591026,0.07089867391341308,0.021544710874123817,62.546169613600775,62.546169613600824,0.14183578295839927,0.18360010893242956,2.3011667112078276,2.48461935381123,0.5773502691896257,1.5275252316519468,1.7320508075688772,3.0,1
LRL_2026-02-05_9,22014043,LRL_2026-02-05_9_22014043,16.0,4.0,15.915834944681642,16.1946197653405,15.338329402907855,0.856290362432647,7.124974627391887,2.2343408098387156,1619.8,1619.7999999999995,0.5486249999999999,0.829,8.525,11.0,4.0,7.0,1.0,16.333333333333332,3.3333333333333335,15.940848698876357,16.144788772713902,15.298432078496115,0.8463566942177868,7.101852570338566,2.2444169792352566,1653.8333333333333,1653.833333333333,0.8471825980392156,1.1316666666666666,13.309068627450982,15.800000000000002,3.3333333333333335,6.666666666666667,1.3333333333333333,0.5773502691896255,1.1547005383792515,0.4080915008030062,0.15613402547708333,0.8809143928902546,1.0303240474244664,0.19420845444356444,0.009141036094990835,58.68784655559728,58.68784655559737,0.26020500495443527,0.34609439945386766,4.143613134481407,6.42572953056694,1.1547005383792515,0.5773502691896257,1.5275252316519468,3.0,1
LRL_2026-02-05_9,21008045,LRL_2026-02-05_9_21008045,16.0,3.0,15.82259363238903,16.293371497149515,14.979596609576287,1.3137748875732278,6.958069801157909,2.2735847268747036,1610.5,1610.4999999999998,0.09062500000000001,0.808,1.28125,10.7,1.0,3.0,-2.0,16.0,4.666666666666667,15.735792503081663,16.510912317883804,14.516255159686224,1.9946571581975778,6.846339252826676,2.2968535408599213,1616.4666666666665,1616.4666666666665,0.42370833333333335,1.5973333333333333,6.127083333333334,20.666666666666668,1.3333333333333333,4.666666666666667,-3.3333333333333335,0.0,1.5275252316519468,0.28761676416589366,0.19186871345506798,0.6367241031586145,0.7466550332688041,0.1681892361526048,0.0208313671413161,5.762233363317853,5.762233363317877,0.4163182861280337,0.8404798232755698,6.008458664319272,10.261741242758625,0.5773502691896257,1.5275252316519468,1.5275252316519468,3.0,1
LRL_2026-02-05_9,21019874,LRL_2026-02-05_9_21019874,16.0,7.0,15.660793178289612,16.126590057499303,14.78298643644986,1.3436036210494429,7.073361172116665,2.213647918113213,1615.8,1615.8,1.052875,2.435,16.06875,32.3,7.0,9.0,1.0,15.333333333333334,6.333333333333333,15.647206380816948,16.47900766051706,14.234274568091477,2.244733092425584,6.97968937033657,2.239084652970261,1550.3,1550.3,1.1506011904761906,2.671666666666667,17.30684523809524,34.833333333333336,5.333333333333333,7.666666666666667,1.0,1.1547005383792515,1.1547005383792517,0.37747986099161907,0.432140350917744,0.6989250610743167,0.8072826102940567,0.16865629380438998,0.023221289379504035,116.93053493420813,116.93053493420813,0.32958732910148664,0.8665865988655337,4.540037163598302,9.847503913852147,1.5275252316519468,1.1547005383792515,1.0,3.0,1
LRL_2026-02-05_9,22008736,LRL_2026-02-05_9_22008736,11.0,1.0,16.53509603755776,16.718108582197626,15.42751540417075,1.2905931780268762,7.812101657186406,2.117836153596963,1108.9,1108.9,0.8152727272727273,0.0,13.727272727272727,0.0,1.0,5.0,2.0,11.5,4.0,16.423002118528494,16.899892422271066,15.41594545060976,1.4839469716613038,7.797280580204211,2.1081448243519123,1160.0,1160.0,0.9170530303030304,0.904,15.034469696969696,13.2,3.0,6.0,0.0,0.7071067811865476,4.242640687119285,0.1585247405507405,0.2570811720521186,0.016362385241978784,0.27344355729409614,0.02096016807719655,0.013705609255773826,72.26631303726502,72.26631303726495,0.14393908492789811,1.278449060385278,1.8486556832384655,18.667619023324853,2.8284271247461903,1.4142135623730951,2.8284271247461903,2.0,1
