target_race_id,registration_number,starter_id,last1_official_position,last1_post_time_odds,last1_field_size,last1_purse,last1_post_position,last1_position_at_point_of_call_1,last1_position_at_point_of_call_2,last1_position_at_point_of_call_3,last1_position_at_point_of_call_4,last1_position_at_point_of_call_5,last1_length_behind_at_poc_1,last1_length_behind_at_poc_2,last1_length_behind_at_poc_3,last1_length_behind_at_poc_4,last1_length_behind_at_poc_5,last1_length_behind_at_finish,last1_length_ahead_at_poc_1,last1_length_ahead_at_poc_2,last1_length_ahead_at_poc_3,last1_length_ahead_at_poc_4,last1_length_ahead_at_poc_5,last1_length_ahead_at_finish,last1_same_surface,last1_same_distance,avg3_official_position,avg3_post_time_odds,avg3_field_size,avg3_purse,avg3_post_position,avg3_position_at_point_of_call_1,avg3_position_at_point_of_call_2,avg3_position_at_point_of_call_3,avg3_position_at_point_of_call_4,avg3_position_at_point_of_call_5,avg3_length_behind_at_poc_1,avg3_length_behind_at_poc_2,avg3_length_behind_at_poc_3,avg3_length_behind_at_poc_4,avg3_length_behind_at_poc_5,avg3_length_behind_at_finish,avg3_length_ahead_at_poc_1,avg3_length_ahead_at_poc_2,avg3_length_ahead_at_poc_3,avg3_length_ahead_at_poc_4,avg3_length_ahead_at_poc_5,avg3_length_ahead_at_finish,avg3_same_surface,avg3_same_distance,std3_official_position,std3_post_time_odds,std3_field_size,std3_purse,std3_post_position,std3_position_at_point_of_call_1,std3_position_at_point_of_call_2,std3_position_at_point_of_call_3,std3_position_at_point_of_call_4,std3_position_at_point_of_call_5,std3_length_behind_at_poc_1,std3_length_behind_at_poc_2,std3_length_behind_at_poc_3,std3_length_behind_at_poc_4,std3_length_behind_at_poc_5,std3_length_behind_at_finish,std3_length_ahead_at_poc_1,std3_length_ahead_at_poc_2,std3_length_ahead_at_poc_3,std3_length_ahead_at_poc_4,std3_length_ahead_at_poc_5,std3_length_ahead_at_finish,std3_same_surface,std3_same_distance,finish_last1,finish_last2,finish_last3,trend_finish_last1_minus_last2,trend_finish_last2_minus_last3,num_prior_pps,has_any_prior_pp
LRL_2025-12-12_1,22010064,LRL_2025-12-12_1_22010064,9.0,62.0,9.0,28040.0,4.0,9.0,8.0,0.0,0.0,9.0,520.0,720.0,0.0,0.0,1070.0,950.0,0.0,50.0,0.0,0.0,0.0,0.0,0.0,0.0,6.666666666666667,162.33333333333334,8.666666666666666,31530.0,4.0,4.666666666666667,4.333333333333333,3.0,0.0,6.666666666666667,423.3333333333333,640.0,240.0,0.0,703.3333333333334,820.0,150.0,100.0,66.66666666666667,0.0,166.66666666666666,66.66666666666667,0.0,0.0,2.081665999466133,91.76237427907657,0.5773502691896255,3300.106058901744,2.0,3.7859388972001824,3.214550253664318,2.6457513110645907,0.0,2.081665999466133,150.44378795195678,405.9556626036888,213.7755832643195,0.0,321.45502536643187,233.88031127053,150.0,50.0,76.37626158259734,0.0,144.33756729740642,76.37626158259734,0.0,0.0,9.0,6.0,5.0,3.0,1.0,3.0,1
LRL_2025-12-12_1,22011846,LRL_2025-12-12_1_22011846,4.0,63.0,12.0,29900.0,5.0,5.0,6.0,6.0,0.0,7.0,1050.0,1510.0,1210.0,0.0,570.0,525.0,100.0,50.0,200.0,0.0,50.0,10.0,0.0,0.0,5.666666666666667,540.6666666666666,9.666666666666666,35533.333333333336,4.333333333333333,3.0,3.3333333333333335,3.6666666666666665,0.0,5.666666666666667,550.0,753.3333333333334,473.3333333333333,0.0,386.6666666666667,603.3333333333334,150.0,200.0,200.0,0.0,70.0,20.0,0.0,0.0,2.886751345948129,720.1627130956819,2.0816659994661326,6153.318887668129,1.1547005383792515,1.7320508075688772,2.3094010767585034,2.0816659994661326,0.0,2.3094010767585034,435.88989435406734,692.8443788711382,637.9916404885987,0.0,159.47831618540914,157.82374134880132,50.0,180.27756377319946,50.0,0.0,72.11102550927978,26.457513110645905,0.0,0.0,4.0,9.0,4.0,-5.0,5.0,3.0,1
LRL_2025-12-12_1,21017739,LRL_2025-12-12_1_21017739,5.0,1325.0,7.0,30370.0,6.0,3.0,6.0,0.0,0.0,6.0,360.0,700.0,0.0,0.0,1250.0,1475.0,100.0,0.0,0.0,0.0,0.0,250.0,1.0,0.0,6.0,786.0,7.333333333333333,27023.333333333332,5.666666666666667,5.0,7.0,0.0,0.0,7.0,443.3333333333333,660.0,0.0,0.0,1003.3333333333334,1236.6666666666667,66.66666666666667,0.0,0.0,0.0,0.0,100.0,1.0,0.0,1.0,563.4101525531821,0.5773502691896257,2919.3549515831974,0.5773502691896257,2.0,1.0,0.0,0.0,1.0,198.57828011475306,87.17797887081348,0.0,0.0,279.3444707405775,434.6358629166873,28.867513459481287,0.0,0.0,0.0,0.0,132.28756555322954,0.0,0.0,5.0,6.0,7.0,-1.0,-1.0,3.0,1
LRL_2025-12-12_1,19002714,LRL_2025-12-12_1_19002714,8.0,677.0,9.0,31950.0,8.0,1.0,1.0,2.0,0.0,4.0,0.0,0.0,10.0,0.0,310.0,1020.0,250.0,200.0,200.0,0.0,150.0,425.0,0.0,0.0,6.666666666666667,413.6666666666667,7.666666666666667,37633.333333333336,5.666666666666667,4.0,4.666666666666667,2.3333333333333335,0.0,5.0,373.3333333333333,373.3333333333333,406.6666666666667,0.0,1223.3333333333333,1965.0,153.33333333333334,133.33333333333334,66.66666666666667,0.0,66.66666666666667,233.33333333333334,0.3333333333333333,0.0,1.5275252316519468,237.13568549109883,2.3094010767585034,9843.822089683119,2.5166114784235836,3.605551275463989,3.5118845842842465,2.5166114784235836,0.0,1.0,447.9211240088296,380.17539811688675,695.7250414735216,0.0,1069.5949389060015,1697.7705969888864,126.62279942148386,115.47005383792515,115.47005383792515,0.0,76.37626158259734,215.5419526062927,0.5773502691896258,0.0,8.0,7.0,5.0,1.0,2.0,3.0,1
LRL_2025-12-12_1,22004844,LRL_2025-12-12_1_22004844,1.0,15.0,10.0,26370.0,10.0,2.0,2.0,0.0,0.0,1.0,150.0,200.0,0.0,0.0,0.0,0.0,150.0,200.0,0.0,0.0,10.0,75.0,1.0,0.0,2.3333333333333335,24.666666666666668,7.666666666666667,30756.666666666668,7.666666666666667,3.0,2.3333333333333335,0.0,0.0,2.3333333333333335,173.33333333333334,186.66666666666666,0.0,0.0,216.66666666666666,166.66666666666666,150.0,73.33333333333333,0.0,0.0,136.66666666666666,283.3333333333333,1.0,0.0,1.1547005383792515,9.504384952922168,2.081665999466133,3955.0136957200707,2.081665999466133,1.0,0.5773502691896258,0.0,0.0,1.1547005383792515,77.6745346515403,32.14550253664318,0.0,0.0,225.4624876411447,162.66017746619278,0.0,109.6965511460289,0.0,0.0,120.55427546683417,318.5252475602732,0.0,0.0,1.0,3.0,3.0,-2.0,0.0,3.0,1
LRL_2025-12-12_1,22002156,LRL_2025-12-12_1_22002156,7.0,40.0,9.0,28040.0,9.0,6.0,9.0,0.0,0.0,7.0,360.0,770.0,0.0,0.0,910.0,675.0,50.0,0.0,0.0,0.0,150.0,100.0,0.0,0.0,5.0,27.333333333333332,10.666666666666666,29546.666666666668,8.0,5.333333333333333,6.0,2.3333333333333335,0.0,6.0,423.3333333333333,640.0,203.33333333333334,0.0,690.0,410.0,133.33333333333334,20.0,66.66666666666667,0.0,166.66666666666666,75.0,0.0,0.0,3.4641016151377544,11.372481406154654,1.5275252316519468,2557.8376284145425,4.58257569495584,0.5773502691896257,2.6457513110645907,4.041451884327381,0.0,2.6457513110645907,70.94598884597589,115.32562594670796,352.18366420567173,0.0,192.8730152198591,360.1041516006168,104.08329997330664,26.457513110645905,115.47005383792515,0.0,28.867513459481287,25.0,0.0,0.0,7.0,1.0,7.0,6.0,-6.0,3.0,1
LRL_2025-12-12_1,22004645,LRL_2025-12-12_1_22004645,5.0,104.0,7.0,31000.0,3.0,6.0,6.0,6.0,0.0,6.0,320.0,320.0,660.0,0.0,700.0,610.0,200.0,100.0,400.0,0.0,1000.0,25.0,1.0,0.0,5.666666666666667,86.33333333333333,10.0,28000.0,6.666666666666667,7.0,7.0,5.0,0.0,6.0,363.3333333333333,406.6666666666667,370.0,0.0,493.3333333333333,388.3333333333333,103.33333333333333,53.333333333333336,200.0,0.0,340.0,20.0,0.6666666666666666,0.0,3.055050463303893,44.230457078051245,2.6457513110645907,6082.76253029822,4.725815626252609,1.7320508075688772,1.7320508075688772,4.58257569495584,0.0,2.0,75.05553499465135,158.85003409925142,337.1943060017473,0.0,227.22969289539017,261.4542662366276,95.04384952922169,45.09249752822894,200.0,0.0,571.5767664977295,8.660254037844387,0.5773502691896258,0.0,5.0,3.0,9.0,2.0,-6.0,3.0,1
LRL_2025-12-12_1,21003278,LRL_2025-12-12_1_21003278,7.0,297.0,7.0,48500.0,4.0,6.0,6.0,0.0,0.0,6.0,610.0,510.0,0.0,0.0,910.0,1025.0,600.0,700.0,0.0,0.0,300.0,0.0,1.0,0.0,6.333333333333333,142.33333333333334,7.333333333333333,48600.0,2.6666666666666665,5.333333333333333,5.666666666666667,1.0,0.0,6.0,436.6666666666667,573.3333333333334,116.66666666666667,0.0,1003.3333333333334,1178.3333333333333,220.0,250.0,16.666666666666668,0.0,103.33333333333333,50.0,1.0,0.0,1.1547005383792515,137.485756838057,0.5773502691896257,360.5551275463989,1.5275252316519468,2.0816659994661326,2.5166114784235836,1.7320508075688772,0.0,2.0,250.06665778014735,408.6971168644738,202.072594216369,0.0,408.08495847474376,346.4582706955245,329.69683043669073,390.51248379533274,28.867513459481287,0.0,170.39170558842744,43.30127018922193,0.0,0.0,7.0,7.0,5.0,0.0,2.0,3.0,1
LRL_2025-12-12_2,20020224,LRL_2025-12-12_2_20020224,1.0,16.0,10.0,39055.0,5.0,3.0,4.0,3.0,0.0,1.0,300.0,250.0,160.0,0.0,0.0,0.0,10.0,350.0,150.0,0.0,100.0,50.0,1.0,0.0,4.666666666666667,190.66666666666666,9.333333333333334,41351.666666666664,6.0,3.6666666666666665,4.333333333333333,5.0,0.0,3.6666666666666665,433.3333333333333,550.0,443.3333333333333,0.0,336.6666666666667,351.6666666666667,40.0,166.66666666666666,350.0,0.0,86.66666666666667,116.66666666666667,0.3333333333333333,0.6666666666666666,4.041451884327381,251.55980071015588,0.5773502691896258,12163.716879857626,1.0,1.1547005383792517,1.5275252316519468,2.6457513110645907,0.0,3.055050463303893,189.29694486000912,278.3882181415011,253.83721817994567,0.0,296.7041174863155,313.0628264954709,51.96152422706632,160.7275126832159,180.27756377319946,0.0,70.94598884597588,160.7275126832159,0.5773502691896258,0.5773502691896258,1.0,4.0,9.0,-3.0,-5.0,3.0,1
LRL_2025-12-12_2,20016574,LRL_2025-12-12_2_20016574,7.0,43.0,8.0,52000.0,3.0,2.0,3.0,5.0,0.0,7.0,150.0,250.0,610.0,0.0,1460.0,1800.0,10.0,150.0,50.0,0.0,400.0,125.0,1.0,1.0,4.0,28.333333333333332,7.0,52000.0,3.0,1.3333333333333333,1.6666666666666667,2.3333333333333335,0.0,3.3333333333333335,50.0,83.33333333333333,203.33333333333334,0.0,503.3333333333333,725.0,53.333333333333336,100.0,83.33333333333333,0.0,236.66666666666666,391.6666666666667,1.0,0.3333333333333333,3.0,18.175074506954115,1.0,0.0,2.0,0.5773502691896257,1.1547005383792517,2.3094010767585034,0.0,3.214550253664318,86.60254037844386,144.33756729740642,352.18366420567173,0.0,828.8747392298388,949.6709956611289,45.09249752822895,50.0,28.867513459481287,0.0,202.56686138984662,483.6923953643817,0.0,0.5773502691896258,7.0,4.0,1.0,3.0,3.0,3.0,1
LRL_2025-12-12_2,21019098,LRL_2025-12-12_2_21019098,8.0,42.0,8.0,55590.0,4.0,7.0,7.0,0.0,0.0,8.0,620.0,910.0,0.0,0.0,1210.0,2400.0,250.0,10.0,0.0,0.0,0.0,0.0,1.0,0.0,5.333333333333333,128.33333333333334,9.0,45658.333333333336,7.0,5.0,5.333333333333333,0.0,0.0,6.333333333333333,343.3333333333333,610.0,0.0,0.0,813.3333333333334,1070.0,120.0,40.0,0.0,0.0,166.66666666666666,150.0,0.6666666666666666,0.0,3.055050463303893,128.49254193661722,1.0,8675.96728516961,3.0,3.4641016151377544,2.8867513459481287,0.0,0.0,3.785938897200183,315.33051443419384,305.12292604784716,0.0,0.0,466.0829682935575,1165.7937210330135,121.2435565298214,51.96152422706632,0.0,0.0,152.75252316519467,163.93596310755,0.5773502691896258,0.0,8.0,6.0,2.0,2.0,4.0,3.0,1
LRL_2025-12-12_2,19010909,LRL_2025-12-12_2_19010909,3.0,174.0,10.0,39055.0,3.0,2.0,2.0,1.0,0.0,3.0,100.0,50.0,0.0,0.0,110.0,175.0,200.0,150.0,10.0,0.0,400.0,250.0,1.0,0.0,3.3333333333333335,146.0,9.0,36961.666666666664,3.6666666666666665,4.333333333333333,4.666666666666667,1.6666666666666667,0.0,3.0,256.6666666666667,426.6666666666667,100.0,0.0,270.0,400.0,136.66666666666666,83.33333333333333,120.0,0.0,336.6666666666667,358.3333333333333,1.0,0.3333333333333333,1.5275252316519465,52.0,1.0,6186.578887667508,3.0550504633038935,2.081665999466133,2.516611478423583,2.0816659994661326,0.0,2.0,184.48125469362284,385.27046776690963,173.20508075688772,0.0,376.4306044943742,501.8714974971183,109.6965511460289,57.735026918962575,199.24858845171275,0.0,300.05555041247504,326.27953250753154,0.0,0.5773502691896258,3.0,2.0,5.0,1.0,-3.0,3.0,1
LRL_2025-12-12_2,21001404,LRL_2025-12-12_2_21001404,8.0,74.0,8.0,49000.0,5.0,5.0,7.0,0.0,0.0,7.0,350.0,510.0,0.0,0.0,660.0,660.0,10.0,50.0,0.0,0.0,10.0,0.0,0.0,0.0,7.0,296.6666666666667,10.0,50823.333333333336,5.0,5.666666666666667,6.333333333333333,0.0,0.0,6.666666666666667,470.0,593.3333333333334,0.0,0.0,616.6666666666666,515.0,56.666666666666664,83.33333333333333,0.0,0.0,23.333333333333332,450.0,0.0,0.0,2.6457513110645907,232.00502868113298,2.0,2345.982381292182,2.0,2.081665999466133,2.0816659994661326,0.0,0.0,0.5773502691896258,298.66369046136157,189.29694486000912,0.0,0.0,218.2506204649447,313.72758884101984,80.82903768654761,28.867513459481287,0.0,0.0,23.094010767585033,674.0734381356382,0.0,0.0,8.0,4.0,9.0,4.0,-5.0,3.0,1
LRL_2025-12-12_3,21007178,LRL_2025-12-12_3_21007178,3.0,141.0,10.0,33000.0,7.0,3.0,2.0,2.0,0.0,4.0,110.0,150.0,100.0,0.0,110.0,225.0,100.0,10.0,100.0,0.0,150.0,175.0,1.0,0.0,4.333333333333333,69.33333333333333,7.333333333333333,29000.0,3.6666666666666665,4.0,3.6666666666666665,3.0,0.0,5.0,146.66666666666666,226.66666666666666,290.0,0.0,483.3333333333333,851.6666666666666,50.0,6.666666666666667,33.333333333333336,0.0,283.3333333333333,125.0,1.0,0.3333333333333333,2.3094010767585034,62.2280751215505,2.516611478423583,3605.5512754639894,3.0550504633038935,1.0,1.5275252316519468,3.605551275463989,0.0,1.7320508075688772,47.25815626252609,124.23096769056149,418.68842830916645,0.0,327.1594921950658,748.1699895968384,50.0,5.773502691896258,57.735026918962575,0.0,368.5557397915997,108.97247358851683,0.0,0.5773502691896258,3.0,3.0,7.0,0.0,-4.0,3.0,1
LRL_2025-12-12_3,21000940,LRL_2025-12-12_3_21000940,5.0,92.0,6.0,36000.0,3.0,3.0,3.0,2.0,0.0,5.0,250.0,260.0,500.0,0.0,820.0,1425.0,650.0,700.0,10.0,0.0,600.0,675.0,1.0,0.0,5.666666666666667,178.0,8.0,33300.0,4.333333333333333,3.0,3.3333333333333335,1.0,0.0,5.0,303.3333333333333,276.6666666666667,166.66666666666666,0.0,543.3333333333334,708.3333333333334,286.6666666666667,283.3333333333333,36.666666666666664,0.0,316.6666666666667,341.6666666666667,0.3333333333333333,0.3333333333333333,2.081665999466133,210.6086417980041,2.0,2523.8858928247923,3.214550253664318,2.0,2.516611478423583,1.0,0.0,3.0,333.216646242851,285.3652630109932,288.67513459481285,0.0,461.988455844227,628.6559737514099,328.68424564212586,361.7089069035118,55.07570547286102,0.0,246.64414311581237,298.25883613622136,0.5773502691896258,0.5773502691896258,5.0,8.0,4.0,-3.0,4.0,3.0,1
LRL_2025-12-12_3,22006185,LRL_2025-12-12_3_22006185,8.0,208.0,8.0,65000.0,6.0,4.0,5.0,0.0,0.0,7.0,300.0,560.0,0.0,0.0,1260.0,1755.0,100.0,100.0,0.0,0.0,700.0,0.0,1.0,1.0,5.666666666666667,195.33333333333334,9.0,75750.0,5.0,3.0,3.3333333333333335,0.0,0.0,4.333333333333333,170.0,256.6666666666667,0.0,0.0,586.6666666666666,896.6666666666666,66.66666666666667,166.66666666666666,0.0,0.0,353.3333333333333,200.0,0.6666666666666666,0.6666666666666666,4.041451884327381,123.48819106835006,1.7320508075688772,15485.880665948578,3.605551275463989,1.7320508075688772,2.0816659994661326,0.0,0.0,3.055050463303893,153.94804318340653,282.9016319029166,0.0,0.0,634.4551468254737,878.1277431748375,28.867513459481287,76.37626158259734,0.0,0.0,345.01207708330054,304.138126514911,0.5773502691896258,0.5773502691896258,8.0,8.0,1.0,0.0,7.0,3.0,1
LRL_2025-12-12_3,22005270,LRL_2025-12-12_3_22005270,1.0,30.0,9.0,28000.0,2.0,5.0,3.0,0.0,0.0,1.0,320.0,100.0,0.0,0.0,0.0,0.0,10.0,10.0,0.0,0.0,800.0,1150.0,1.0,0.0,3.0,68.0,7.333333333333333,32666.666666666668,3.0,5.333333333333333,3.3333333333333335,0.0,0.0,2.3333333333333335,413.3333333333333,186.66666666666666,0.0,0.0,416.6666666666667,875.0,203.33333333333334,23.333333333333332,0.0,0.0,466.6666666666667,700.0,1.0,0.0,2.6457513110645907,71.96526940128828,1.5275252316519465,8082.903768654761,2.6457513110645907,0.5773502691896258,1.5275252316519465,0.0,0.0,1.5275252316519465,262.7419519858474,150.1110699893027,0.0,0.0,520.4164998665332,1057.41429912783,260.83200212652844,23.09401076758503,0.0,0.0,351.1884584284246,463.0064794363034,0.0,0.0,1.0,2.0,6.0,-1.0,-4.0,3.0,1
LRL_2025-12-12_3,22002084,LRL_2025-12-12_3_22002084,1.0,27.0,7.0,30950.0,4.0,3.0,2.0,0.0,0.0,2.0,200.0,200.0,0.0,0.0,10.0,0.0,50.0,50.0,0.0,0.0,200.0,300.0,1.0,0.0,3.3333333333333335,45.666666666666664,7.333333333333333,33750.0,3.3333333333333335,4.0,4.666666666666667,0.0,0.0,5.0,176.66666666666666,360.0,0.0,0.0,530.0,326.6666666666667,100.0,66.66666666666667,0.0,0.0,70.0,161.66666666666666,1.0,0.6666666666666666,2.5166114784235836,42.217689815210555,0.5773502691896258,10435.636061112902,2.0816659994661326,2.6457513110645907,3.055050463303893,0.0,0.0,3.0,116.7618659209133,144.22205101855957,0.0,0.0,488.7739763939975,322.58073924729814,86.60254037844386,76.37626158259734,0.0,0.0,112.69427669584645,145.4590434910574,0.0,0.5773502691896258,1.0,3.0,6.0,-2.0,-3.0,3.0,1
LRL_2025-12-12_3,21010411,LRL_2025-12-12_3_21010411,1.0,34.0,8.0,25700.0,2.0,1.0,1.0,0.0,0.0,1.0,0.0,0.0,0.0,0.0,0.0,0.0,300.0,200.0,0.0,0.0,300.0,550.0,1.0,1.0,2.6666666666666665,35.666666666666664,9.0,23980.0,3.0,2.6666666666666665,2.0,0.0,0.0,1.6666666666666667,76.66666666666667,103.33333333333333,0.0,0.0,50.0,48.333333333333336,200.0,86.66666666666667,0.0,0.0,150.0,195.0,1.0,0.3333333333333333,2.886751345948129,24.542480178933285,1.7320508075688772,2590.98436892236,1.7320508075688772,2.886751345948129,1.7320508075688772,0.0,0.0,1.1547005383792517,132.7905619136139,178.978583448784,0.0,0.0,86.60254037844386,83.71578903249574,100.0,100.16652800877813,0.0,0.0,132.28756555322954,307.5304862936356,0.0,0.5773502691896258,1.0,6.0,1.0,-5.0,5.0,3.0,1
LRL_2025-12-12_4,23018806,LRL_2025-12-12_4_23018806,3.0,124.0,7.0,53910.0,6.0,3.0,3.0,0.0,0.0,2.0,210.0,150.0,0.0,0.0,250.0,325.0,50.0,150.0,0.0,0.0,150.0,75.0,1.0,1.0,3.6666666666666665,77.0,7.0,52215.0,5.333333333333333,3.3333333333333335,3.0,0.0,0.0,3.3333333333333335,256.6666666666667,253.33333333333334,0.0,0.0,453.3333333333333,620.0,200.0,83.33333333333333,0.0,0.0,200.0,26.666666666666668,1.0,0.3333333333333333,3.0550504633038935,41.2189276910499,0.0,1854.0024271828772,1.1547005383792515,0.5773502691896257,0.0,0.0,0.0,1.5275252316519468,126.62279942148386,130.5118130030126,0.0,0.0,478.57427149120053,808.903578926438,259.8076211353316,57.735026918962575,0.0,0.0,86.60254037844386,41.93248541803041,0.0,0.5773502691896258,3.0,7.0,1.0,-4.0,6.0,3.0,1
LRL_2025-12-12_4,23001383,LRL_2025-12-12_4_23001383,1.0,73.0,9.0,55000.0,8.0,3.0,2.0,0.0,0.0,1.0,60.0,50.0,0.0,0.0,0.0,0.0,100.0,50.0,0.0,0.0,150.0,10.0,0.0,0.0,1.0,73.0,9.0,55000.0,8.0,3.0,2.0,0.0,0.0,1.0,60.0,50.0,0.0,0.0,0.0,0.0,100.0,50.0,0.0,0.0,150.0,10.0,0.0,0.0,,,,,,,,,,,,,,,,,,,,,,,,,1.0,,,,,1.0,1
LRL_2025-12-12_4,23002714,LRL_2025-12-12_4_23002714,4.0,78.0,10.0,100000.0,6.0,6.0,6.0,0.0,0.0,6.0,270.0,550.0,0.0,0.0,710.0,760.0,550.0,500.0,0.0,0.0,10.0,100.0,1.0,1.0,3.0,46.666666666666664,10.333333333333334,91346.66666666667,4.0,4.333333333333333,4.0,0.0,0.0,3.6666666666666665,180.0,303.3333333333333,0.0,0.0,336.6666666666667,361.6666666666667,266.6666666666667,203.33333333333334,0.0,0.0,73.33333333333333,216.66666666666666,1.0,1.0,1.0,36.89625093872457,2.5166114784235836,16785.72409320889,2.6457513110645907,2.0816659994661326,2.0,0.0,0.0,2.0816659994661326,115.32562594670796,273.00793639257694,0.0,0.0,327.1594921950658,350.5828480307234,256.58007197234423,260.83200212652844,0.0,0.0,109.6965511460289,202.072594216369,0.0,0.0,4.0,3.0,2.0,1.0,1.0,3.0,1
LRL_2025-12-12_4,23008967,LRL_2025-12-12_4_23008967,3.0,260.0,6.0,75000.0,1.0,4.0,4.0,0.0,0.0,4.0,450.0,1360.0,0.0,0.0,1200.0,1575.0,500.0,10.0,0.0,0.0,50.0,75.0,1.0,0.0,2.0,199.0,7.0,53866.666666666664,5.0,3.0,2.3333333333333335,0.0,0.0,2.3333333333333335,206.66666666666666,486.6666666666667,0.0,0.0,566.6666666666666,725.0,233.33333333333334,53.333333333333336,0.0,0.0,100.0,100.0,1.0,0.3333333333333333,1.0,62.55397669213365,1.0,22276.7442265097,3.4641016151377544,1.0,1.5275252316519468,0.0,0.0,1.5275252316519468,220.52966542697456,757.9797710581288,0.0,0.0,602.7713773341708,794.9056547792322,236.2907813126304,45.09249752822895,0.0,0.0,50.0,43.30127018922193,0.0,0.5773502691896258,3.0,1.0,2.0,2.0,-1.0,3.0,1
LRL_2025-12-12_4,23010766,LRL_2025-12-12_4_23010766,5.0,163.0,7.0,53910.0,2.0,2.0,2.0,0.0,0.0,4.0,10.0,50.0,0.0,0.0,500.0,1000.0,200.0,100.0,0.0,0.0,10.0,5.0,1.0,1.0,3.0,126.0,7.666666666666667,40886.666666666664,4.0,2.6666666666666665,2.3333333333333335,0.0,0.0,2.6666666666666665,123.33333333333333,70.0,0.0,0.0,316.6666666666667,566.6666666666666,166.66666666666666,100.0,0.0,0.0,56.666666666666664,76.66666666666667,1.0,1.0,2.0,42.883563284783136,0.5773502691896257,11280.78159230704,1.7320508075688772,2.0816659994661326,1.5275252316519465,0.0,0.0,1.5275252316519468,205.02032419575707,81.8535277187245,0.0,0.0,275.3785273643051,513.1601439446883,57.735026918962575,50.0,0.0,0.0,80.82903768654761,88.08140174482541,0.0,0.0,5.0,1.0,3.0,4.0,-2.0,3.0,1
LRL_2025-12-12_5,23006689,LRL_2025-12-12_5_23006689,,,,,,,,,,,,,,,,,,,,,,,,,,,,,,,,,,,,,,,,,,,,,,,,,,,,,,,,,,,,,,,,,,,,,,,,,,,,,,0.0,0
LRL_2025-12-12_5,23014050,LRL_2025-12-12_5_23014050,2.0,47.0,9.0,50615.0,1.0,9.0,8.0,0.0,0.0,8.0,970.0,1160.0,0.0,0.0,960.0,525.0,0.0,250.0,0.0,0.0,1000.0,75.0,1.0,0.0,2.0,47.0,9.0,50615.0,1.0,9.0,8.0,0.0,0.0,8.0,970.0,1160.0,0.0,0.0,960.0,525.0,0.0,250.0,0.0,0.0,1000.0,75.0,1.0,0.0,,,,,,,,,,,,,,,,,,,,,,,,,2.0,,,,,1.0,1
LRL_2025-12-12_5,23014066,LRL_2025-12-12_5_23014066,2.0,49.0,11.0,49500.0,5.0,2.0,2.0,0.0,0.0,2.0,100.0,100.0,0.0,0.0,50.0,25.0,150.0,50.0,0.0,0.0,100.0,10.0,0.0,0.0,4.5,57.0,9.5,47250.0,4.5,2.0,3.0,0.0,0.0,4.0,100.0,205.0,0.0,0.0,350.0,415.0,125.0,30.0,0.0,0.0,300.0,330.0,0.5,0.0,3.5355339059327378,11.313708498984761,2.1213203435596424,3181.9805153394636,0.7071067811865476,0.0,1.4142135623730951,0.0,0.0,2.8284271247461903,0.0,148.49242404917499,0.0,0.0,424.26406871192853,551.5432893255071,35.35533905932738,28.284271247461902,0.0,0.0,282.842712474619,452.54833995939043,0.7071067811865476,0.0,2.0,7.0,,-5.0,,2.0,1
LRL_2025-12-12_5,23016859,LRL_2025-12-12_5_23016859,3.0,93.0,8.0,49410.0,4.0,3.0,4.0,0.0,0.0,4.0,350.0,500.0,0.0,0.0,650.0,1075.0,150.0,250.0,0.0,0.0,300.0,10.0,1.0,0.0,4.333333333333333,62.0,9.666666666666666,50243.333333333336,4.666666666666667,3.6666666666666665,4.666666666666667,0.0,0.0,4.333333333333333,400.0,493.3333333333333,0.0,0.0,700.0,1183.3333333333333,56.666666666666664,120.0,0.0,0.0,186.66666666666666,1086.6666666666667,1.0,0.3333333333333333,3.214550253664318,35.679125549822544,2.081665999466133,723.0894366074867,4.041451884327381,2.0816659994661326,1.1547005383792517,0.0,0.0,2.516611478423583,327.8719262151,320.05207909547056,0.0,0.0,229.128784747792,326.27953250753154,80.82903768654761,121.2435565298214,0.0,0.0,155.0268793897798,1787.4656173849426,0.0,0.5773502691896258,3.0,8.0,2.0,-5.0,6.0,3.0,1
LRL_2025-12-12_5,23000688,LRL_2025-12-12_5_23000688,2.0,9.0,8.0,49410.0,8.0,1.0,1.0,0.0,0.0,1.0,0.0,0.0,0.0,0.0,0.0,600.0,50.0,300.0,0.0,0.0,200.0,475.0,1.0,0.0,2.3333333333333335,29.0,8.333333333333334,48341.666666666664,6.666666666666667,2.6666666666666665,2.0,0.0,0.0,2.0,166.66666666666666,40.0,0.0,0.0,166.66666666666666,466.6666666666667,36.666666666666664,200.0,0.0,0.0,200.0,310.0,1.0,0.0,0.5773502691896258,19.519221295943137,0.5773502691896258,2956.0206923046608,2.309401076758503,1.5275252316519468,1.0,0.0,0.0,1.0,152.75252316519467,60.8276253029822,0.0,0.0,152.75252316519467,230.9401076758503,23.09401076758503,100.0,0.0,0.0,0.0,264.43335644354704,0.0,0.0,2.0,3.0,2.0,-1.0,1.0,3.0,1
LRL_2025-12-12_6,20001085,LRL_2025-12-12_6_20001085,9.0,468.0,9.0,54910.0,1.0,5.0,8.0,0.0,0.0,9.0,270.0,860.0,0.0,0.0,970.0,1085.0,50.0,10.0,0.0,0.0,0.0,0.0,1.0,0.0,7.333333333333333,253.33333333333334,8.666666666666666,50740.0,4.666666666666667,6.0,6.666666666666667,0.0,0.0,8.333333333333334,286.6666666666667,676.6666666666666,0.0,0.0,1100.0,1430.0,86.66666666666667,10.0,0.0,0.0,133.33333333333334,50.0,1.0,0.3333333333333333,1.5275252316519465,191.7559212471243,0.5773502691896255,7721.5477723057575,3.214550253664318,1.7320508075688772,1.1547005383792517,0.0,0.0,0.5773502691896258,20.81665999466132,275.3785273643051,0.0,0.0,225.16660498395404,372.5251669350676,100.16652800877812,0.0,0.0,0.0,230.9401076758503,50.0,0.0,0.5773502691896258,9.0,7.0,6.0,2.0,1.0,3.0,1
LRL_2025-12-12_6,F0047121,LRL_2025-12-12_6_F0047121,6.0,58.0,11.0,26520.0,6.0,1.0,1.0,1.0,0.0,1.0,0.0,0.0,0.0,0.0,0.0,275.0,150.0,200.0,100.0,0.0,50.0,350.0,0.0,0.0,7.666666666666667,245.0,9.333333333333334,32876.666666666664,3.6666666666666665,1.3333333333333333,2.0,0.3333333333333333,0.0,5.333333333333333,33.333333333333336,66.66666666666667,0.0,0.0,330.0,1065.0,83.33333333333333,73.33333333333333,33.333333333333336,0.0,20.0,116.66666666666667,0.3333333333333333,0.0,2.081665999466133,168.49035580709062,2.081665999466133,6837.2825986157195,2.5166114784235836,0.5773502691896257,1.0,0.5773502691896258,0.0,4.509249752822894,57.735026918962575,57.735026918962575,0.0,0.0,403.6087214122113,761.7742447733449,57.735026918962575,109.6965511460289,57.735026918962575,0.0,26.457513110645905,202.07259421636903,0.5773502691896258,0.0,6.0,10.0,7.0,-4.0,3.0,3.0,1
LRL_2025-12-12_6,19008473,LRL_2025-12-12_6_19008473,5.0,54.0,6.0,28000.0,3.0,3.0,5.0,0.0,0.0,5.0,210.0,560.0,0.0,0.0,710.0,900.0,10.0,500.0,0.0,0.0,200.0,100.0,1.0,0.0,5.666666666666667,108.0,6.333333333333333,36350.0,2.0,3.0,3.6666666666666665,1.3333333333333333,0.0,5.666666666666667,286.6666666666667,420.0,283.3333333333333,0.0,943.3333333333334,1558.3333333333333,20.0,183.33333333333334,3.3333333333333335,0.0,200.0,341.6666666666667,0.6666666666666666,0.0,1.1547005383792517,49.759421218498915,1.5275252316519465,16225.5200224831,1.0,2.0,2.3094010767585034,2.3094010767585034,0.0,1.1547005383792517,331.71272711991827,370.4051835490427,490.7477288111819,0.0,412.83572196859774,1033.9044120871781,26.457513110645905,275.3785273643051,5.773502691896258,0.0,200.0,507.6498136839344,0.5773502691896258,0.0,5.0,7.0,5.0,-2.0,2.0,3.0,1
LRL_2025-12-12_6,17020018,LRL_2025-12-12_6_17020018,5.0,393.0,9.0,31370.0,9.0,5.0,5.0,2.0,0.0,2.0,410.0,470.0,150.0,0.0,250.0,525.0,50.0,350.0,10.0,0.0,100.0,25.0,1.0,0.0,5.666666666666667,179.66666666666666,8.666666666666666,28963.333333333332,7.666666666666667,6.333333333333333,5.666666666666667,1.6666666666666667,0.0,4.0,643.3333333333334,646.6666666666666,200.0,0.0,586.6666666666666,850.0,70.0,216.66666666666666,6.666666666666667,0.0,103.33333333333333,391.6666666666667,1.0,0.3333333333333333,0.5773502691896257,185.94174715037323,1.5275252316519465,2715.0751984675,3.2145502536643185,1.5275252316519465,0.5773502691896257,1.5275252316519465,0.0,2.0,321.4550253664318,170.39170558842744,229.128784747792,0.0,387.341365378568,541.4101956926929,72.11102550927978,125.83057392117917,5.773502691896257,0.0,95.04384952922167,491.3840995935189,0.0,0.5773502691896258,5.0,6.0,6.0,-1.0,0.0,3.0,1
LRL_2025-12-12_6,21019628,LRL_2025-12-12_6_21019628,2.0,65.0,8.0,30435.0,7.0,1.0,1.0,0.0,0.0,1.0,0.0,0.0,0.0,0.0,0.0,100.0,100.0,250.0,0.0,0.0,10.0,650.0,1.0,0.0,5.666666666666667,80.33333333333333,9.333333333333334,40245.0,5.666666666666667,2.0,2.6666666666666665,0.0,0.0,4.333333333333333,70.0,136.66666666666666,0.0,0.0,376.6666666666667,670.0,66.66666666666667,200.0,0.0,0.0,86.66666666666667,266.6666666666667,1.0,0.3333333333333333,3.5118845842842465,24.846193538112296,1.5275252316519465,9544.60973534277,3.2145502536643185,1.0,1.5275252316519468,0.0,0.0,3.5118845842842465,60.8276253029822,126.62279942148386,0.0,0.0,446.5795935030321,593.7802623866846,28.867513459481287,86.60254037844386,0.0,0.0,70.94598884597588,340.34296427770227,0.0,0.5773502691896258,2.0,9.0,6.0,-7.0,3.0,3.0,1
LRL_2025-12-12_6,18015442,LRL_2025-12-12_6_18015442,5.0,79.0,8.0,30435.0,5.0,7.0,7.0,0.0,0.0,5.0,610.0,1150.0,0.0,0.0,910.0,1100.0,200.0,250.0,0.0,0.0,150.0,700.0,1.0,0.0,4.333333333333333,92.0,8.0,35081.666666666664,6.666666666666667,4.666666666666667,4.666666666666667,0.0,0.0,4.666666666666667,306.6666666666667,573.3333333333334,0.0,0.0,500.0,616.6666666666666,133.33333333333334,216.66666666666666,0.0,0.0,183.33333333333334,400.0,1.0,0.0,1.1547005383792515,50.76416058598822,1.0,5981.158611283716,1.5275252316519465,2.081665999466133,2.081665999466133,0.0,0.0,1.5275252316519468,262.7419519858474,500.0333322222963,0.0,0.0,410.0,453.6885862938733,76.37626158259734,57.735026918962575,0.0,0.0,57.735026918962575,261.00766272276377,0.0,0.0,5.0,5.0,3.0,0.0,2.0,3.0,1
LRL_2025-12-12_6,19009621,LRL_2025-12-12_6_19009621,3.0,29.0,8.0,30435.0,6.0,4.0,4.0,0.0,0.0,4.0,250.0,750.0,0.0,0.0,360.0,750.0,100.0,150.0,0.0,0.0,550.0,125.0,1.0,0.0,3.6666666666666665,19.333333333333332,7.666666666666667,29158.333333333332,4.0,3.0,3.3333333333333335,0.0,0.0,3.6666666666666665,186.66666666666666,400.0,0.0,0.0,320.0,701.6666666666666,166.66666666666666,103.33333333333333,0.0,0.0,270.0,158.33333333333334,1.0,0.3333333333333333,2.0816659994661326,8.504900548115382,0.5773502691896258,1477.433021606507,2.0,1.7320508075688772,2.0816659994661326,0.0,0.0,1.5275252316519465,164.41816606851367,377.4917217635375,0.0,0.0,105.83005244258362,50.08326400438905,160.7275126832159,80.82903768654761,0.0,0.0,270.55498516937365,38.18813079129866,0.0,0.5773502691896258,3.0,6.0,2.0,-3.0,4.0,3.0,1
LRL_2025-12-12_6,22006543,LRL_2025-12-12_6_22006543,7.0,159.0,9.0,23890.0,1.0,5.0,7.0,0.0,0.0,6.0,120.0,510.0,0.0,0.0,700.0,695.0,50.0,150.0,0.0,0.0,50.0,50.0,1.0,0.0,6.333333333333333,314.3333333333333,7.666666666666667,26330.0,2.6666666666666665,5.0,6.333333333333333,0.0,0.0,6.333333333333333,496.6666666666667,630.0,0.0,0.0,840.0,1473.3333333333333,220.0,116.66666666666667,0.0,0.0,150.0,58.333333333333336,1.0,0.3333333333333333,1.1547005383792517,197.05921275934637,1.1547005383792517,2875.360846919913,2.886751345948129,0.0,1.1547005383792517,0.0,0.0,0.5773502691896258,453.46811721810536,199.24858845171275,0.0,0.0,323.5737937472687,877.9284329222589,329.69683043669073,104.08329997330664,0.0,0.0,217.94494717703367,62.915286960589576,0.0,0.5773502691896258,7.0,5.0,7.0,2.0,-2.0,3.0,1
LRL_2025-12-12_7,21008503,LRL_2025-12-12_7_21008503,3.0,10.0,7.0,48500.0,3.0,4.0,4.0,0.0,0.0,4.0,210.0,250.0,0.0,0.0,460.0,550.0,150.0,10.0,0.0,0.0,150.0,125.0,1.0,0.0,4.0,31.0,8.333333333333334,91166.66666666667,3.3333333333333335,2.3333333333333335,2.3333333333333335,1.3333333333333333,0.0,3.3333333333333335,136.66666666666666,183.33333333333334,70.0,0.0,260.0,443.3333333333333,83.33333333333333,23.333333333333332,70.0,0.0,70.0,78.33333333333333,0.6666666666666666,0.0,1.7320508075688772,20.074859899884732,1.5275252316519465,39007.47791556554,2.516611478423583,1.5275252316519468,1.5275252316519468,1.5275252316519468,0.0,0.5773502691896258,118.46237095944575,160.7275126832159,121.2435565298214,0.0,180.27756377319946,299.5969514753669,57.735026918962575,23.09401076758503,112.69427669584645,0.0,72.11102550927978,60.48415770541352,0.5773502691896258,0.0,3.0,6.0,3.0,-3.0,3.0,3.0,1
LRL_2025-12-12_7,21000753,LRL_2025-12-12_7_21000753,1.0,157.0,7.0,22560.0,2.0,2.0,2.0,0.0,0.0,1.0,100.0,150.0,0.0,0.0,0.0,0.0,50.0,50.0,0.0,0.0,10.0,100.0,1.0,0.0,1.6666666666666667,86.0,6.666666666666667,22726.666666666668,3.3333333333333335,1.3333333333333333,1.3333333333333333,1.0,0.0,1.6666666666666667,33.333333333333336,50.0,3.3333333333333335,0.0,120.0,316.6666666666667,150.0,83.33333333333333,100.0,0.0,186.66666666666666,183.33333333333334,1.0,0.0,1.1547005383792517,69.54854419756032,0.5773502691896257,501.2318159627667,3.2145502536643185,0.5773502691896257,0.5773502691896257,1.0,0.0,1.1547005383792517,57.735026918962575,86.60254037844386,5.773502691896258,0.0,207.84609690826528,548.4827557301445,86.60254037844386,57.735026918962575,132.28756555322954,0.0,170.39170558842744,144.33756729740645,0.0,0.0,1.0,3.0,1.0,-2.0,2.0,3.0,1
LRL_2025-12-12_7,21010064,LRL_2025-12-12_7_21010064,5.0,61.0,9.0,49500.0,4.0,8.0,8.0,0.0,0.0,5.0,590.0,770.0,0.0,0.0,1100.0,800.0,200.0,250.0,0.0,0.0,10.0,200.0,1.0,0.0,3.6666666666666665,42.666666666666664,7.666666666666667,36746.666666666664,4.666666666666667,5.333333333333333,5.0,0.0,0.0,3.3333333333333335,520.0,490.0,0.0,0.0,633.3333333333334,558.3333333333334,100.0,200.0,0.0,0.0,170.0,383.3333333333333,1.0,0.0,1.5275252316519465,21.501937897160182,1.1547005383792517,11044.71064959754,0.5773502691896257,3.055050463303893,3.0,0.0,0.0,2.0816659994661326,291.37604568666933,385.7460304397182,0.0,0.0,568.6240703077327,440.4070087241271,100.0,132.28756555322954,0.0,0.0,147.30919862656236,236.29078131263043,0.0,0.0,5.0,4.0,2.0,1.0,2.0,3.0,1
LRL_2025-12-12_7,22008993,LRL_2025-12-12_7_22008993,2.0,117.0,7.0,48500.0,5.0,5.0,5.0,0.0,0.0,2.0,360.0,260.0,0.0,0.0,300.0,125.0,250.0,250.0,0.0,0.0,150.0,425.0,1.0,0.0,1.6666666666666667,71.0,6.666666666666667,45200.0,4.666666666666667,4.333333333333333,4.333333333333333,0.0,0.0,2.6666666666666665,303.3333333333333,290.0,0.0,0.0,303.3333333333333,125.0,103.33333333333333,150.0,0.0,0.0,233.33333333333334,186.66666666666666,1.0,0.0,0.5773502691896257,44.57577817604534,0.5773502691896258,3351.119216023208,1.5275252316519468,0.5773502691896257,1.1547005383792517,0.0,0.0,0.5773502691896258,55.07570547286101,51.96152422706632,0.0,0.0,5.773502691896266,125.0,128.58201014657274,100.0,0.0,0.0,76.37626158259734,214.2623003081348,0.0,0.0,2.0,1.0,2.0,1.0,-1.0,3.0,1
LRL_2025-12-12_7,21003964,LRL_2025-12-12_7_21003964,2.0,37.0,7.0,48500.0,2.0,4.0,4.0,5.0,0.0,3.0,650.0,450.0,550.0,0.0,350.0,300.0,100.0,50.0,150.0,0.0,50.0,50.0,0.0,1.0,2.3333333333333335,52.666666666666664,7.333333333333333,73833.33333333333,3.3333333333333335,4.0,4.333333333333333,4.0,0.0,3.3333333333333335,583.3333333333334,456.6666666666667,436.6666666666667,0.0,240.0,308.3333333333333,116.66666666666667,53.333333333333336,56.666666666666664,0.0,70.0,50.0,0.0,0.3333333333333333,0.5773502691896258,15.50268793897798,0.5773502691896258,44312.33838710539,3.2145502536643185,1.0,1.5275252316519468,1.0,0.0,1.5275252316519465,115.47005383792518,110.15141094572203,102.63202878893769,0.0,127.67145334803705,62.915286960589576,28.867513459481287,45.09249752822895,80.82903768654761,0.0,72.11102550927978,0.0,0.0,0.5773502691896258,2.0,3.0,2.0,-1.0,1.0,3.0,1
LRL_2025-12-12_8,19005959,LRL_2025-12-12_8_19005959,9.0,528.0,9.0,25520.0,4.0,8.0,9.0,0.0,0.0,9.0,1070.0,1200.0,0.0,0.0,1260.0,530.0,10.0,0.0,0.0,0.0,0.0,0.0,1.0,1.0,6.0,266.6666666666667,7.333333333333333,23746.666666666668,4.333333333333333,4.333333333333333,4.666666666666667,0.0,0.0,5.0,460.0,470.0,0.0,0.0,556.6666666666666,488.3333333333333,53.333333333333336,50.0,0.0,0.0,116.66666666666667,275.0,1.0,1.0,2.6457513110645907,255.69969365123092,2.0816659994661326,4925.53888760746,0.5773502691896257,3.214550253664318,3.7859388972001824,0.0,0.0,3.4641016151377544,531.13086899558,639.2964883369843,0.0,0.0,609.1250555783544,52.04164998665331,45.09249752822894,50.0,0.0,0.0,125.83057392117915,319.1786333700926,0.0,0.0,9.0,5.0,4.0,4.0,1.0,3.0,1
LRL_2025-12-12_8,22006170,LRL_2025-12-12_8_22006170,6.0,258.0,6.0,72000.0,6.0,4.0,4.0,0.0,0.0,5.0,400.0,610.0,0.0,0.0,810.0,1285.0,300.0,50.0,0.0,0.0,50.0,0.0,1.0,0.0,2.6666666666666665,125.66666666666667,6.333333333333333,30700.0,4.0,2.6666666666666665,2.6666666666666665,0.6666666666666666,0.0,2.6666666666666665,153.33333333333334,223.33333333333334,3.3333333333333335,0.0,320.0,428.3333333333333,106.66666666666667,36.666666666666664,33.333333333333336,0.0,133.33333333333334,141.66666666666666,1.0,0.0,2.886751345948129,126.47661180365851,0.5773502691896257,35831.41080113927,2.6457513110645907,1.5275252316519465,1.5275252316519465,1.1547005383792517,0.0,2.0816659994661326,215.71586249817915,336.204302966713,5.773502691896257,0.0,430.92922852830486,741.8950959086691,167.43157806499147,23.09401076758503,57.735026918962575,0.0,144.33756729740645,184.27786989579985,0.0,0.0,6.0,1.0,1.0,5.0,0.0,3.0,1
LRL_2025-12-12_8,20013127,LRL_2025-12-12_8_20013127,7.0,275.0,8.0,25000.0,4.0,4.0,5.0,0.0,0.0,6.0,360.0,470.0,0.0,0.0,650.0,1100.0,10.0,10.0,0.0,0.0,200.0,525.0,1.0,1.0,5.0,232.66666666666666,8.333333333333334,21666.666666666668,3.6666666666666665,5.666666666666667,5.666666666666667,0.0,0.0,5.666666666666667,430.0,526.6666666666666,0.0,0.0,526.6666666666666,575.0,73.33333333333333,103.33333333333333,0.0,0.0,103.33333333333333,266.6666666666667,1.0,0.6666666666666666,2.0,36.74688195389281,0.5773502691896255,2886.7513459481293,1.5275252316519468,2.0816659994661326,0.5773502691896257,0.0,0.0,0.5773502691896258,75.49834435270749,162.58331197676264,0.0,0.0,180.09256878986798,458.93899376714546,109.6965511460289,95.04384952922169,0.0,0.0,95.04384952922169,232.28933107943925,0.0,0.5773502691896258,7.0,5.0,3.0,2.0,2.0,3.0,1
LRL_2025-12-12_8,19011495,LRL_2025-12-12_8_19011495,7.0,35.0,7.0,32980.0,2.0,1.0,1.0,0.0,0.0,2.0,0.0,0.0,0.0,0.0,50.0,625.0,50.0,100.0,0.0,0.0,10.0,0.0,1.0,1.0,4.0,24.0,6.333333333333333,27570.0,2.6666666666666665,2.0,2.3333333333333335,0.0,0.0,2.3333333333333335,103.33333333333333,116.66666666666667,0.0,0.0,170.0,365.0,83.33333333333333,116.66666666666667,0.0,0.0,173.33333333333334,275.0,1.0,0.6666666666666666,3.0,14.933184523068078,0.5773502691896257,6541.429507378338,2.0816659994661326,1.7320508075688772,2.3094010767585034,0.0,0.0,1.5275252316519465,178.978583448784,202.072594216369,0.0,0.0,252.38858928247924,325.4612112064969,57.735026918962575,76.37626158259734,0.0,0.0,282.9016319029166,288.3140648667699,0.0,0.5773502691896258,7.0,1.0,4.0,6.0,-3.0,3.0,1
LRL_2025-12-12_8,18001931,LRL_2025-12-12_8_18001931,6.0,310.0,9.0,25520.0,5.0,4.0,4.0,0.0,0.0,6.0,510.0,650.0,0.0,0.0,810.0,305.0,300.0,50.0,0.0,0.0,50.0,50.0,1.0,1.0,6.333333333333333,169.66666666666666,8.666666666666666,28873.333333333332,6.333333333333333,3.3333333333333335,3.3333333333333335,0.0,0.0,5.333333333333333,420.0,450.0,0.0,0.0,613.3333333333334,693.3333333333334,183.33333333333334,133.33333333333334,0.0,0.0,233.33333333333334,341.6666666666667,1.0,0.6666666666666666,1.5275252316519468,137.12160053519406,2.5166114784235836,10653.456403127266,4.163331998932265,1.1547005383792515,1.1547005383792515,0.0,0.0,2.081665999466133,238.11761799581316,229.128784747792,0.0,0.0,170.39170558842744,342.0648086742238,104.08329997330664,104.08329997330664,0.0,0.0,175.59422921421233,505.18148554092255,0.0,0.5773502691896258,6.0,5.0,8.0,1.0,-3.0,3.0,1
LRL_2025-12-12_8,19017159,LRL_2025-12-12_8_19017159,1.0,9.0,7.0,18910.0,5.0,2.0,2.0,0.0,0.0,1.0,100.0,10.0,0.0,0.0,0.0,0.0,10.0,200.0,0.0,0.0,10.0,75.0,1.0,1.0,1.6666666666666667,74.66666666666667,7.0,20080.0,4.0,2.6666666666666665,2.0,0.3333333333333333,0.0,1.6666666666666667,250.0,103.33333333333333,0.0,0.0,250.0,450.0,23.333333333333332,166.66666666666666,3.3333333333333335,0.0,206.66666666666666,166.66666666666666,1.0,0.6666666666666666,0.5773502691896257,56.88878038184096,1.0,1076.9865365917997,2.6457513110645907,0.5773502691896258,1.0,0.5773502691896258,0.0,0.5773502691896257,132.28756555322954,170.39170558842744,0.0,0.0,250.0,402.33692348577705,23.094010767585033,104.08329997330664,5.773502691896258,0.0,340.6366588218792,87.79711460710615,0.0,0.5773502691896258,1.0,2.0,2.0,-1.0,0.0,3.0,1
LRL_2025-12-13_1,22016308,LRL_2025-12-13_1_22016308,2.0,32.0,9.0,26240.0,7.0,4.0,3.0,3.0,0.0,2.0,300.0,150.0,360.0,0.0,300.0,600.0,150.0,50.0,200.0,0.0,50.0,100.0,1.0,0.0,3.3333333333333335,103.66666666666667,7.333333333333333,27940.0,4.666666666666667,4.333333333333333,4.333333333333333,1.0,0.0,3.3333333333333335,310.0,313.3333333333333,120.0,0.0,436.6666666666667,583.3333333333334,100.0,100.0,66.66666666666667,0.0,83.33333333333333,258.3333333333333,0.6666666666666666,0.3333333333333333,3.2145502536643185,127.61008319616963,1.5275252316519465,2996.5980711466796,3.214550253664318,1.5275252316519468,2.3094010767585034,1.7320508075688772,0.0,3.2145502536643185,105.35653752852738,145.7166199626293,207.84609690826528,0.0,518.684232778801,575.1811308912467,50.0,132.28756555322954,115.47005383792515,0.0,104.08329997330664,364.29154990657327,0.5773502691896258,0.5773502691896258,2.0,1.0,7.0,1.0,-6.0,3.0,1
LRL_2025-12-13_1,22001273,LRL_2025-12-13_1_22001273,6.0,87.0,6.0,30450.0,2.0,5.0,5.0,0.0,0.0,5.0,350.0,750.0,0.0,0.0,910.0,950.0,10.0,10.0,0.0,0.0,10.0,0.0,1.0,0.0,4.666666666666667,131.0,6.333333333333333,31650.0,1.6666666666666667,4.666666666666667,4.333333333333333,0.0,0.0,4.666666666666667,340.0,703.3333333333334,0.0,0.0,1023.3333333333334,1283.3333333333333,53.333333333333336,70.0,0.0,0.0,370.0,450.0,1.0,0.3333333333333333,1.5275252316519465,40.59556626036888,0.5773502691896257,2035.313243704762,0.5773502691896258,1.5275252316519465,1.1547005383792517,0.0,0.0,0.5773502691896257,125.29964086141668,521.5681483117363,0.0,0.0,875.5188937614844,1307.2713311831378,83.86497083606082,51.96152422706632,0.0,0.0,315.75306807693886,614.4102863722254,0.0,0.5773502691896258,6.0,3.0,5.0,3.0,-2.0,3.0,1
LRL_2025-12-13_1,20002819,LRL_2025-12-13_1_20002819,1.0,37.0,7.0,28000.0,5.0,6.0,5.0,0.0,0.0,1.0,420.0,80.0,0.0,0.0,0.0,0.0,300.0,100.0,0.0,0.0,400.0,475.0,1.0,1.0,5.0,41.666666666666664,9.333333333333334,51000.0,5.666666666666667,8.666666666666666,8.666666666666666,0.0,0.0,5.333333333333333,713.3333333333334,720.0,0.0,0.0,593.3333333333334,710.0,116.66666666666667,33.333333333333336,0.0,0.0,266.6666666666667,275.0,1.0,0.6666666666666666,3.605551275463989,29.280255007997,2.0816659994661326,24062.41883103193,1.1547005383792515,2.3094010767585034,3.2145502536643185,0.0,0.0,4.041451884327381,349.4757979221642,555.0675634551167,0.0,0.0,530.0314456080255,679.8345386930558,160.7275126832159,57.735026918962575,0.0,0.0,152.75252316519467,213.60009363293827,0.0,0.5773502691896258,1.0,8.0,6.0,-7.0,2.0,3.0,1
LRL_2025-12-13_1,22003166,LRL_2025-12-13_1_22003166,5.0,136.0,9.0,23890.0,6.0,8.0,7.0,6.0,0.0,6.0,810.0,650.0,510.0,0.0,810.0,975.0,500.0,400.0,400.0,0.0,400.0,25.0,1.0,0.0,5.333333333333333,178.66666666666666,8.333333333333334,24106.666666666668,5.333333333333333,6.333333333333333,6.666666666666667,2.6666666666666665,0.0,5.666666666666667,446.6666666666667,623.3333333333334,236.66666666666666,0.0,636.6666666666666,635.0,250.0,200.0,216.66666666666666,0.0,166.66666666666666,275.0,1.0,0.0,2.516611478423583,97.2899446671306,1.1547005383792517,375.27767497325624,3.055050463303893,2.0816659994661326,2.5166114784235836,3.0550504633038935,0.0,3.5118845842842465,325.9345537578569,300.88757590391356,256.96951829610714,0.0,427.23919920032307,406.32499307820086,217.94494717703367,200.0,202.07259421636903,0.0,208.16659994661327,229.128784747792,0.0,0.0,5.0,8.0,3.0,-3.0,5.0,3.0,1
LRL_2025-12-13_1,21018249,LRL_2025-12-13_1_21018249,1.0,19.0,7.0,41000.0,4.0,1.0,1.0,0.0,0.0,1.0,0.0,0.0,0.0,0.0,0.0,0.0,100.0,300.0,0.0,0.0,500.0,250.0,1.0,0.0,3.3333333333333335,15.0,7.333333333333333,45666.666666666664,3.3333333333333335,2.6666666666666665,3.3333333333333335,0.0,0.0,3.3333333333333335,93.33333333333333,236.66666666666666,0.0,0.0,340.0,433.3333333333333,66.66666666666667,133.33333333333334,0.0,0.0,516.6666666666666,141.66666666666666,1.0,0.3333333333333333,3.2145502536643185,3.4641016151377544,0.5773502691896257,8082.903768654761,2.0816659994661326,2.886751345948129,4.041451884327381,0.0,0.0,3.2145502536643185,161.65807537309522,409.9186911246343,0.0,0.0,580.2585630561604,707.6957915187382,28.867513459481287,152.75252316519467,0.0,0.0,475.2192476461084,128.2900359861721,0.0,0.5773502691896258,1.0,7.0,2.0,-6.0,5.0,3.0,1
LRL_2025-12-13_1,22004675,LRL_2025-12-13_1_22004675,5.0,27.0,6.0,30450.0,1.0,6.0,6.0,0.0,0.0,6.0,360.0,760.0,0.0,0.0,920.0,925.0,0.0,0.0,0.0,0.0,0.0,25.0,1.0,0.0,4.333333333333333,93.66666666666667,6.666666666666667,47483.333333333336,3.6666666666666665,3.3333333333333335,3.6666666666666665,0.6666666666666666,0.0,3.3333333333333335,186.66666666666666,403.3333333333333,33.333333333333336,0.0,443.3333333333333,550.0,20.0,70.0,3.3333333333333335,0.0,170.0,191.66666666666666,1.0,0.3333333333333333,2.081665999466133,71.98842499550419,1.1547005383792517,21762.371960182405,2.516611478423583,2.3094010767585034,2.0816659994661326,1.1547005383792517,0.0,2.3094010767585034,150.1110699893027,309.89245446337236,57.735026918962575,0.0,456.54499595695205,375.0,26.457513110645905,112.69427669584645,5.773502691896258,0.0,285.832118559129,226.84429314693668,0.0,0.5773502691896258,5.0,2.0,6.0,3.0,-4.0,3.0,1
LRL_2025-12-13_2,16012148,LRL_2025-12-13_2_16012148,1.0,23.0,9.0,26000.0,5.0,5.0,5.0,5.0,0.0,2.0,260.0,130.0,210.0,0.0,150.0,0.0,100.0,100.0,400.0,0.0,150.0,225.0,1.0,0.0,3.3333333333333335,27.333333333333332,8.333333333333334,30666.666666666668,3.6666666666666665,3.6666666666666665,4.333333333333333,4.333333333333333,0.0,4.0,253.33333333333334,233.33333333333334,420.0,0.0,500.0,401.6666666666667,86.66666666666667,186.66666666666666,283.3333333333333,0.0,266.6666666666667,85.0,1.0,0.3333333333333333,2.0816659994661326,4.509249752822894,0.5773502691896258,4163.331998932265,1.5275252316519468,1.1547005383792515,0.5773502691896257,0.5773502691896257,0.0,2.0,50.33222956847166,92.9157324317757,289.30952282978865,0.0,409.2676385936225,474.35043304853565,70.94598884597588,232.4507116214819,160.7275126832159,0.0,160.7275126832159,121.6552506059644,0.0,0.5773502691896258,1.0,4.0,5.0,-3.0,-1.0,3.0,1
LRL_2025-12-13_2,18003394,LRL_2025-12-13_2_18003394,7.0,216.0,10.0,39055.0,8.0,6.0,7.0,8.0,0.0,8.0,710.0,810.0,1310.0,0.0,1610.0,1900.0,50.0,50.0,150.0,0.0,1000.0,50.0,1.0,0.0,4.666666666666667,153.33333333333334,8.666666666666666,33900.0,6.333333333333333,6.0,6.333333333333333,6.333333333333333,0.0,6.333333333333333,483.3333333333333,610.0,1006.6666666666666,0.0,980.0,875.0,66.66666666666667,116.66666666666667,200.0,0.0,433.3333333333333,58.333333333333336,1.0,0.0,3.214550253664318,79.43131204590124,1.1547005383792515,4656.127682957159,1.5275252316519465,1.0,0.5773502691896257,1.5275252316519465,0.0,1.5275252316519465,200.33305601755623,180.27756377319946,333.216646242851,0.0,736.6817494685205,958.8404455382554,28.867513459481287,76.37626158259734,86.60254037844386,0.0,500.83264004389065,14.433756729740644,0.0,0.0,7.0,1.0,6.0,6.0,-5.0,3.0,1
LRL_2025-12-13_2,20003449,LRL_2025-12-13_2_20003449,8.0,164.0,9.0,31370.0,1.0,6.0,7.0,5.0,0.0,8.0,460.0,830.0,560.0,0.0,870.0,705.0,200.0,50.0,150.0,0.0,2500.0,4425.0,1.0,0.0,5.666666666666667,177.66666666666666,7.666666666666667,30268.333333333332,1.6666666666666667,5.333333333333333,5.666666666666667,5.0,0.0,6.0,456.6666666666667,563.3333333333334,586.6666666666666,0.0,546.6666666666666,543.3333333333334,133.33333333333334,83.33333333333333,116.66666666666667,0.0,1133.3333333333333,1883.3333333333333,1.0,0.3333333333333333,2.5166114784235836,47.982635748084256,1.5275252316519468,995.0167502777692,1.1547005383792517,2.0816659994661326,2.3094010767585034,2.0,0.0,2.0,205.02032419575707,325.934553757857,251.06440076867395,0.0,325.0128202599604,144.94251734164595,76.37626158259734,57.735026918962575,57.735026918962575,0.0,1184.6237095944573,2216.7449860850784,0.0,0.5773502691896258,8.0,6.0,3.0,2.0,3.0,3.0,1
LRL_2025-12-13_2,21004220,LRL_2025-12-13_2_21004220,1.0,28.0,8.0,19140.0,1.0,1.0,1.0,1.0,0.0,1.0,0.0,0.0,0.0,0.0,0.0,0.0,10.0,100.0,450.0,0.0,450.0,825.0,1.0,0.0,2.6666666666666665,30.666666666666668,8.666666666666666,20466.666666666668,5.333333333333333,1.3333333333333333,1.6666666666666667,2.3333333333333335,0.0,2.3333333333333335,50.0,53.333333333333336,56.666666666666664,0.0,86.66666666666667,291.6666666666667,10.0,120.0,286.6666666666667,0.0,250.0,433.3333333333333,1.0,0.0,1.5275252316519468,3.0550504633038935,0.5773502691896258,1156.2583333033033,3.7859388972001824,0.5773502691896257,0.5773502691896257,2.3094010767585034,0.0,1.5275252316519468,86.60254037844386,83.86497083606082,98.14954576223639,0.0,80.82903768654761,287.59056544562327,0.0,121.2435565298214,240.90108620206203,0.0,180.27756377319946,400.26033195076093,0.0,0.0,1.0,4.0,3.0,-3.0,1.0,3.0,1
LRL_2025-12-13_2,19012610,LRL_2025-12-13_2_19012610,3.0,220.0,9.0,31370.0,6.0,8.0,6.0,6.0,0.0,4.0,710.0,820.0,710.0,0.0,360.0,200.0,200.0,10.0,150.0,0.0,50.0,125.0,1.0,0.0,3.3333333333333335,123.33333333333333,8.0,26815.0,3.6666666666666665,6.333333333333333,5.666666666666667,5.333333333333333,0.0,4.0,626.6666666666666,643.3333333333334,653.3333333333334,0.0,620.0,370.0,316.6666666666667,136.66666666666666,150.0,0.0,266.6666666666667,416.6666666666667,1.0,0.3333333333333333,1.5275252316519465,83.76952508718988,1.7320508075688772,6288.6027859930855,2.0816659994661326,2.0816659994661326,1.5275252316519468,1.1547005383792515,0.0,1.0,293.9954648176283,341.2232895529456,134.28824718989128,0.0,375.099986670221,468.7216658103186,340.34296427770227,185.8314648635514,50.0,0.0,292.97326385411577,300.34702151566836,0.0,0.5773502691896258,3.0,2.0,5.0,1.0,-3.0,3.0,1
LRL_2025-12-13_3,22010453,LRL_2025-12-13_3_22010453,1.0,25.0,9.0,24550.0,2.0,1.0,1.0,0.0,0.0,1.0,0.0,0.0,0.0,0.0,0.0,0.0,50.0,250.0,0.0,0.0,350.0,300.0,1.0,0.0,2.0,33.666666666666664,6.666666666666667,25916.666666666668,3.3333333333333335,2.3333333333333335,0.3333333333333333,0.0,0.0,2.3333333333333335,53.333333333333336,0.0,0.0,0.0,120.0,225.0,66.66666666666667,83.33333333333333,0.0,0.0,170.0,191.66666666666666,1.0,0.0,1.7320508075688772,10.969655114602888,2.081665999466133,5235.535630031882,1.1547005383792515,1.5275252316519468,0.5773502691896258,0.0,0.0,1.5275252316519468,83.86497083606082,0.0,0.0,0.0,199.24858845171275,389.7114317029974,28.867513459481287,144.33756729740642,0.0,0.0,170.88007490635061,94.64847243000456,0.0,0.0,1.0,4.0,1.0,-3.0,3.0,3.0,1
LRL_2025-12-13_3,22010143,LRL_2025-12-13_3_22010143,1.0,40.0,7.0,23220.0,2.0,2.0,1.0,0.0,0.0,1.0,50.0,0.0,0.0,0.0,0.0,0.0,250.0,150.0,0.0,0.0,300.0,475.0,1.0,1.0,5.0,132.0,8.666666666666666,25506.666666666668,4.333333333333333,2.3333333333333335,2.6666666666666665,1.3333333333333333,0.0,5.0,233.33333333333334,236.66666666666666,116.66666666666667,0.0,603.3333333333334,581.6666666666666,103.33333333333333,56.666666666666664,3.3333333333333335,0.0,116.66666666666667,216.66666666666666,0.6666666666666666,0.3333333333333333,5.291502622129181,168.08331267558955,2.081665999466133,2196.390979159524,3.2145502536643185,0.5773502691896257,1.5275252316519468,2.3094010767585034,0.0,5.291502622129181,160.7275126832159,209.8412098071619,202.072594216369,0.0,661.08496680331,508.92861319966414,128.58201014657274,80.82903768654761,5.773502691896257,0.0,160.7275126832159,240.22558842332626,0.5773502691896258,0.5773502691896258,1.0,3.0,11.0,-2.0,-8.0,3.0,1
LRL_2025-12-13_3,21008555,LRL_2025-12-13_3_21008555,4.0,70.0,5.0,29000.0,3.0,4.0,4.0,0.0,0.0,3.0,550.0,360.0,0.0,0.0,550.0,525.0,100.0,150.0,0.0,0.0,150.0,475.0,1.0,0.0,4.333333333333333,98.0,5.333333333333333,37783.333333333336,3.3333333333333335,4.0,4.333333333333333,0.0,0.0,4.0,376.6666666666667,426.6666666666667,0.0,0.0,550.0,650.0,136.66666666666666,250.0,0.0,0.0,100.0,408.3333333333333,1.0,0.0,0.5773502691896257,48.49742261192856,0.5773502691896257,8262.01145807323,0.5773502691896258,0.0,0.5773502691896257,0.0,0.0,1.0,151.4375558880073,76.37626158259734,0.0,0.0,250.0,378.3186487605389,148.43629385474878,217.94494717703367,0.0,0.0,86.60254037844386,379.418414594407,0.0,0.0,4.0,5.0,4.0,-1.0,1.0,3.0,1
LRL_2025-12-13_3,22016324,LRL_2025-12-13_3_22016324,3.0,83.0,6.0,17000.0,3.0,3.0,4.0,0.0,0.0,4.0,110.0,160.0,0.0,0.0,160.0,150.0,100.0,10.0,0.0,0.0,100.0,600.0,1.0,0.0,3.6666666666666665,60.0,6.666666666666667,16666.666666666668,2.6666666666666665,3.3333333333333335,4.0,0.0,0.0,4.0,173.33333333333334,293.3333333333333,0.0,0.0,356.6666666666667,341.6666666666667,86.66666666666667,106.66666666666667,0.0,0.0,136.66666666666666,416.6666666666667,1.0,0.3333333333333333,2.0816659994661326,21.656407827707714,0.5773502691896257,577.3502691896263,0.5773502691896257,1.5275252316519468,2.0,0.0,0.0,2.0,118.46237095944574,284.48784391135825,0.0,0.0,266.520793435209,444.64405239846997,70.94598884597588,167.43157806499147,0.0,0.0,148.43629385474878,236.29078131263043,0.0,0.5773502691896258,3.0,6.0,2.0,-3.0,4.0,3.0,1
LRL_2025-12-13_3,22008315,LRL_2025-12-13_3_22008315,3.0,13.0,9.0,26530.0,5.0,9.0,8.0,0.0,0.0,7.0,710.0,820.0,0.0,0.0,720.0,125.0,0.0,300.0,0.0,0.0,10.0,150.0,1.0,0.0,1.6666666666666667,19.0,8.0,27510.0,3.3333333333333335,4.666666666666667,4.333333333333333,0.0,0.0,3.3333333333333335,356.6666666666667,393.3333333333333,0.0,0.0,273.3333333333333,41.666666666666664,66.66666666666667,236.66666666666666,0.0,0.0,73.33333333333333,150.0,1.0,0.0,1.1547005383792517,6.0,1.0,848.7048957087499,2.0816659994661326,4.041451884327381,3.5118845842842465,0.0,0.0,3.2145502536643185,355.0117368951812,411.0150037812894,0.0,0.0,390.042732701602,72.16878364870321,76.37626158259734,202.56686138984662,0.0,0.0,109.6965511460289,75.0,0.0,0.0,3.0,1.0,1.0,2.0,0.0,3.0,1
LRL_2025-12-13_3,21004579,LRL_2025-12-13_3_21004579,2.0,92.0,9.0,24550.0,1.0,5.0,2.0,0.0,0.0,2.0,310.0,250.0,0.0,0.0,350.0,300.0,200.0,150.0,0.0,0.0,250.0,75.0,1.0,0.0,2.0,140.0,8.666666666666666,25593.333333333332,2.3333333333333335,5.333333333333333,3.3333333333333335,0.0,0.0,2.3333333333333335,423.3333333333333,270.0,0.0,0.0,170.0,183.33333333333334,120.0,56.666666666666664,0.0,0.0,153.33333333333334,75.0,1.0,0.0,0.0,61.26173356998641,0.5773502691896255,994.3004240838548,2.3094010767585034,0.5773502691896258,1.1547005383792515,0.0,0.0,1.5275252316519465,240.90108620206203,72.11102550927978,0.0,0.0,175.2141546793523,142.15601757693318,98.48857801796105,80.82903768654761,0.0,0.0,126.62279942148386,25.0,0.0,0.0,2.0,2.0,2.0,0.0,0.0,3.0,1
LRL_2025-12-13_4,23005429,LRL_2025-12-13_4_23005429,5.0,295.0,9.0,32400.0,2.0,1.0,1.0,2.0,0.0,3.0,0.0,0.0,250.0,0.0,360.0,300.0,50.0,10.0,10.0,0.0,10.0,800.0,1.0,0.0,5.333333333333333,489.6666666666667,9.0,41081.666666666664,3.0,3.6666666666666665,4.333333333333333,2.3333333333333335,0.0,4.666666666666667,310.0,473.3333333333333,370.0,0.0,1053.3333333333333,1391.6666666666667,250.0,90.0,6.666666666666667,0.0,136.66666666666666,383.3333333333333,1.0,0.0,0.5773502691896258,223.01868382118423,1.0,7540.690176192982,2.6457513110645907,3.785938897200183,3.5118845842842465,2.516611478423583,0.0,1.5275252316519465,377.2267222772003,539.0114408185909,442.3799272118933,0.0,618.8968680913916,959.2748997723922,229.128784747792,138.5640646055102,5.773502691896257,0.0,185.8314648635514,368.5557397915997,0.0,0.0,5.0,5.0,6.0,0.0,-1.0,3.0,1
LRL_2025-12-13_4,23005168,LRL_2025-12-13_4_23005168,5.0,326.0,9.0,48500.0,7.0,7.0,6.0,0.0,0.0,7.0,670.0,1410.0,0.0,0.0,1010.0,900.0,150.0,10.0,0.0,0.0,1500.0,50.0,1.0,0.0,4.5,200.5,8.5,41550.0,5.5,6.5,5.5,0.0,0.0,6.0,915.0,1330.0,0.0,0.0,1005.0,775.0,125.0,55.0,0.0,0.0,900.0,27.5,1.0,0.0,0.7071067811865476,177.48380207782344,0.7071067811865476,9828.784258493011,2.1213203435596424,0.7071067811865476,0.7071067811865476,0.0,0.0,1.4142135623730951,346.4823227814083,113.13708498984761,0.0,0.0,7.0710678118654755,176.7766952966369,35.35533905932738,63.63961030678928,0.0,0.0,848.5281374238571,31.81980515339464,0.0,0.0,5.0,4.0,,1.0,,2.0,1
LRL_2025-12-13_4,23017715,LRL_2025-12-13_4_23017715,3.0,134.0,9.0,32400.0,9.0,5.0,5.0,5.0,0.0,4.0,400.0,570.0,960.0,0.0,370.0,100.0,100.0,150.0,100.0,0.0,50.0,175.0,1.0,0.0,3.6666666666666665,189.33333333333334,8.666666666666666,36026.666666666664,5.666666666666667,6.333333333333333,5.333333333333333,1.6666666666666667,0.0,5.0,560.0,600.0,320.0,0.0,543.3333333333334,480.0,483.3333333333333,103.33333333333333,33.333333333333336,0.0,483.3333333333333,366.6666666666667,1.0,0.0,2.0816659994661326,61.15826463637873,1.5275252316519468,10157.762220751838,3.5118845842842465,2.3094010767585034,0.5773502691896258,2.886751345948129,0.0,1.0,312.40998703626616,98.48857801796105,554.2562584220408,0.0,170.09801096230765,741.9737192111322,621.1548384528074,80.82903768654761,57.735026918962575,0.0,375.27767497325675,467.9298380455486,0.0,0.0,3.0,6.0,2.0,-3.0,4.0,3.0,1
LRL_2025-12-13_4,23004415,LRL_2025-12-13_4_23004415,2.0,24.0,9.0,32400.0,8.0,3.0,2.0,1.0,0.0,1.0,150.0,10.0,0.0,0.0,0.0,25.0,100.0,10.0,250.0,0.0,350.0,75.0,1.0,0.0,4.0,49.333333333333336,8.0,31666.666666666668,4.0,5.0,4.0,0.3333333333333333,0.0,3.3333333333333335,576.6666666666666,590.0,0.0,0.0,500.0,306.6666666666667,86.66666666666667,270.0,83.33333333333333,0.0,266.6666666666667,258.3333333333333,1.0,0.0,1.7320508075688772,29.022979401386987,1.0,3360.555509634283,3.605551275463989,2.0,2.6457513110645907,0.5773502691896258,0.0,2.516611478423583,597.8572850884509,837.3768566183329,0.0,0.0,700.0,320.24730027485526,70.94598884597588,225.16660498395404,144.33756729740642,0.0,144.33756729740645,160.72751268321593,0.0,0.0,2.0,5.0,5.0,-3.0,0.0,3.0,1
LRL_2025-12-13_4,23014784,LRL_2025-12-13_4_23014784,2.0,104.0,7.0,31850.0,7.0,3.0,1.0,0.0,0.0,1.0,20.0,0.0,0.0,0.0,0.0,250.0,100.0,200.0,0.0,0.0,10.0,625.0,1.0,0.0,4.0,407.0,9.333333333333334,36870.0,8.666666666666666,6.0,4.666666666666667,0.0,0.0,4.333333333333333,533.3333333333334,493.3333333333333,0.0,0.0,590.0,891.6666666666666,66.66666666666667,86.66666666666667,0.0,0.0,56.666666666666664,325.0,1.0,0.0,2.0,273.89596565119393,2.0816659994661326,10556.737185323882,1.5275252316519468,2.6457513110645907,3.214550253664318,0.0,0.0,2.886751345948129,496.01747281051837,565.1843357112202,0.0,0.0,558.3009940883144,1026.0157568640616,28.867513459481287,100.16652800877813,0.0,0.0,80.82903768654761,300.0,0.0,0.0,2.0,6.0,4.0,-4.0,2.0,3.0,1
LRL_2025-12-13_4,23014465,LRL_2025-12-13_4_23014465,4.0,217.0,7.0,31850.0,3.0,7.0,7.0,0.0,0.0,4.0,1270.0,970.0,0.0,0.0,760.0,925.0,0.0,0.0,0.0,0.0,10.0,650.0,1.0,0.0,4.0,217.0,7.0,31850.0,3.0,7.0,7.0,0.0,0.0,4.0,1270.0,970.0,0.0,0.0,760.0,925.0,0.0,0.0,0.0,0.0,10.0,650.0,1.0,0.0,,,,,,,,,,,,,,,,,,,,,,,,,4.0,,,,,1.0,1
LRL_2025-12-13_5,23005943,LRL_2025-12-13_5_23005943,5.0,160.0,7.0,49500.0,6.0,6.0,6.0,6.0,0.0,5.0,650.0,700.0,1200.0,0.0,1400.0,1430.0,50.0,10.0,200.0,0.0,200.0,575.0,1.0,1.0,4.333333333333333,122.0,9.0,66191.66666666667,5.666666666666667,7.333333333333333,7.666666666666667,2.3333333333333335,0.0,5.0,883.3333333333334,930.0,400.0,0.0,740.0,826.6666666666666,83.33333333333333,136.66666666666666,166.66666666666666,0.0,283.3333333333333,350.0,1.0,0.6666666666666666,3.055050463303893,97.70875088752287,3.4641016151377544,31070.022663869,1.5275252316519468,1.5275252316519465,2.081665999466133,3.2145502536643185,0.0,4.0,329.292170167062,265.141471671257,692.8203230275509,0.0,703.420215802759,740.6978691297372,104.08329997330664,228.10816147900832,152.75252316519467,0.0,189.29694486000912,288.3140648667699,0.0,0.5773502691896258,5.0,7.0,1.0,-2.0,6.0,3.0,1
LRL_2025-12-13_5,23016365,LRL_2025-12-13_5_23016365,6.0,578.0,7.0,53910.0,4.0,5.0,7.0,0.0,0.0,6.0,310.0,600.0,0.0,0.0,910.0,1005.0,100.0,0.0,0.0,0.0,50.0,425.0,1.0,0.0,3.6666666666666665,409.6666666666667,6.0,44960.0,2.6666666666666665,5.333333333333333,6.0,1.6666666666666667,0.0,4.666666666666667,693.3333333333334,723.3333333333334,416.6666666666667,0.0,690.0,668.3333333333334,33.333333333333336,0.0,266.6666666666667,0.0,116.66666666666667,325.0,1.0,0.0,2.0816659994661326,316.12075751733437,1.7320508075688772,13038.868815967127,1.5275252316519468,1.5275252316519465,1.7320508075688772,2.886751345948129,0.0,1.1547005383792517,663.9528095680697,399.5414037785488,721.6878364870322,0.0,206.63978319771826,384.0681363161143,57.735026918962575,0.0,461.8802153517006,0.0,160.7275126832159,86.60254037844386,0.0,0.0,6.0,2.0,3.0,4.0,-1.0,3.0,1
LRL_2025-12-13_5,23009922,LRL_2025-12-13_5_23009922,7.0,256.0,9.0,125000.0,9.0,4.0,5.0,0.0,0.0,8.0,360.0,460.0,0.0,0.0,870.0,660.0,100.0,150.0,0.0,0.0,1200.0,50.0,1.0,0.0,6.666666666666667,255.0,8.333333333333334,77205.0,8.0,4.666666666666667,5.333333333333333,0.6666666666666666,0.0,6.333333333333333,436.6666666666667,573.3333333333334,83.33333333333333,0.0,876.6666666666666,646.6666666666666,166.66666666666666,136.66666666666666,100.0,0.0,483.3333333333333,533.3333333333334,0.6666666666666666,0.0,2.5166114784235836,177.50211266348353,1.1547005383792517,41457.63409795595,1.7320508075688772,3.0550504633038935,2.516611478423583,1.1547005383792517,0.0,3.785938897200183,331.7127271199182,382.7967258654825,144.33756729740645,0.0,480.0347209664456,90.73771725877465,57.735026918962575,120.55427546683417,173.20508075688772,0.0,633.1139971074193,880.8140174482542,0.5773502691896258,0.0,7.0,9.0,4.0,-2.0,5.0,3.0,1
LRL_2025-12-13_5,23019191,LRL_2025-12-13_5_23019191,1.0,25.0,7.0,31850.0,1.0,6.0,3.0,0.0,0.0,2.0,570.0,210.0,0.0,0.0,10.0,0.0,700.0,300.0,0.0,0.0,150.0,250.0,1.0,0.0,4.0,24.0,9.0,34500.0,3.0,6.333333333333333,4.666666666666667,0.0,0.0,4.0,646.6666666666666,596.6666666666666,0.0,0.0,380.0,433.3333333333333,516.6666666666666,186.66666666666666,0.0,0.0,283.3333333333333,283.3333333333333,0.6666666666666666,0.0,3.605551275463989,10.535653752852738,2.6457513110645907,2601.441907865713,2.6457513110645907,4.509249752822894,3.7859388972001824,0.0,0.0,3.4641016151377544,588.7557501488485,812.2397018942951,0.0,0.0,524.3090691567331,425.2450274057691,317.54264805429415,155.0268793897798,0.0,0.0,152.75252316519467,104.08329997330664,0.5773502691896258,0.0,1.0,8.0,3.0,-7.0,5.0,3.0,1
LRL_2025-12-13_5,23014975,LRL_2025-12-13_5_23014975,2.0,23.0,4.0,30000.0,2.0,3.0,3.0,0.0,0.0,2.0,60.0,250.0,0.0,0.0,250.0,225.0,250.0,150.0,0.0,0.0,150.0,525.0,1.0,0.0,3.0,49.333333333333336,6.666666666666667,38088.333333333336,4.333333333333333,3.6666666666666665,3.0,0.0,0.0,3.0,156.66666666666666,190.0,0.0,0.0,273.3333333333333,358.3333333333333,183.33333333333334,70.0,0.0,0.0,233.33333333333334,441.6666666666667,0.6666666666666666,0.0,2.6457513110645907,49.11551010967242,2.309401076758503,10620.082783732589,2.516611478423583,0.5773502691896258,1.0,0.0,0.0,2.6457513110645907,95.04384952922169,158.74507866387543,0.0,0.0,285.71547618799605,440.407008724127,76.37626158259734,72.11102550927978,0.0,0.0,104.08329997330664,236.2907813126304,0.5773502691896258,0.0,2.0,1.0,6.0,1.0,-5.0,3.0,1
LRL_2025-12-13_5,23014565,LRL_2025-12-13_5_23014565,3.0,31.0,6.0,31350.0,5.0,2.0,2.0,0.0,0.0,2.0,200.0,200.0,0.0,0.0,450.0,650.0,200.0,200.0,0.0,0.0,200.0,275.0,1.0,0.0,5.0,210.0,8.333333333333334,54776.666666666664,6.666666666666667,2.3333333333333335,2.6666666666666665,0.0,0.0,3.3333333333333335,136.66666666666666,186.66666666666666,0.0,0.0,353.3333333333333,758.3333333333334,136.66666666666666,200.0,0.0,0.0,203.33333333333334,516.6666666666666,1.0,0.0,5.291502622129181,298.8494604311676,4.041451884327381,40931.76069183114,5.686240703077327,1.5275252316519468,2.0816659994661326,0.0,0.0,3.214550253664318,118.46237095944575,180.3699901129158,0.0,0.0,316.28046625318694,817.8987304876645,109.6965511460289,0.0,0.0,0.0,195.021366350801,250.41632002194532,0.0,0.0,3.0,11.0,1.0,-8.0,10.0,3.0,1
LRL_2025-12-13_5,23005166,LRL_2025-12-13_5_23005166,2.0,10.0,6.0,31350.0,3.0,5.0,5.0,0.0,0.0,3.0,850.0,810.0,0.0,0.0,650.0,500.0,50.0,250.0,0.0,0.0,10.0,150.0,1.0,0.0,4.666666666666667,37.0,7.333333333333333,67783.33333333333,2.6666666666666665,4.666666666666667,4.666666666666667,0.0,0.0,4.333333333333333,416.6666666666667,443.3333333333333,0.0,0.0,503.3333333333333,878.3333333333334,33.333333333333336,90.0,0.0,0.0,53.333333333333336,150.0,1.0,0.0,2.309401076758503,33.15116890850155,1.1547005383792517,34518.70266005566,0.5773502691896257,3.5118845842842465,2.5166114784235836,0.0,0.0,2.309401076758503,425.2450274057691,355.5746522649405,0.0,0.0,220.30282189144407,357.29306365130196,28.867513459481287,138.5640646055102,0.0,0.0,45.09249752822895,75.0,0.0,0.0,2.0,6.0,6.0,-4.0,0.0,3.0,1
LRL_2025-12-13_6,22002577,LRL_2025-12-13_6_22002577,5.0,73.0,5.0,21000.0,5.0,2.0,2.0,0.0,0.0,5.0,50.0,10.0,0.0,0.0,410.0,1050.0,300.0,10.0,0.0,0.0,0.0,0.0,1.0,1.0,4.666666666666667,130.0,8.0,23360.0,4.666666666666667,3.0,3.3333333333333335,0.0,0.0,5.333333333333333,240.0,176.66666666666666,0.0,0.0,340.0,633.3333333333334,183.33333333333334,86.66666666666667,0.0,0.0,166.66666666666666,91.66666666666667,0.6666666666666666,0.3333333333333333,3.511884584284246,93.57884376289333,2.6457513110645907,2266.62745064115,3.5118845842842465,1.7320508075688772,2.3094010767585034,0.0,0.0,3.5118845842842465,329.0896534380867,254.82019804821857,0.0,0.0,166.43316977093238,557.5242894559243,125.83057392117915,100.16652800877813,0.0,0.0,152.75252316519467,137.68926368215256,0.5773502691896258,0.5773502691896258,5.0,1.0,8.0,4.0,-7.0,3.0,1
LRL_2025-12-13_6,21004771,LRL_2025-12-13_6_21004771,3.0,236.0,9.0,26240.0,6.0,3.0,2.0,2.0,0.0,3.0,200.0,100.0,350.0,0.0,350.0,700.0,100.0,50.0,10.0,0.0,350.0,525.0,1.0,0.0,3.3333333333333335,416.3333333333333,9.666666666666666,28853.333333333332,6.666666666666667,3.6666666666666665,3.3333333333333335,3.3333333333333335,0.0,4.333333333333333,256.6666666666667,190.0,230.0,0.0,373.3333333333333,385.0,53.333333333333336,86.66666666666667,103.33333333333333,0.0,123.33333333333333,195.0,0.3333333333333333,0.0,0.5773502691896258,220.38678121278812,2.0816659994661326,3870.6244112976574,1.1547005383792517,2.0816659994661326,1.5275252316519468,2.3094010767585034,0.0,2.309401076758503,143.64307617610163,191.57244060668017,190.78784028338913,0.0,25.16611478423584,277.803887661782,45.09249752822894,100.16652800877813,95.04384952922169,0.0,196.29909152447277,286.48734701553576,0.5773502691896258,0.0,3.0,4.0,3.0,-1.0,1.0,3.0,1
LRL_2025-12-13_6,22008047,LRL_2025-12-13_6_22008047,2.0,31.0,10.0,26380.0,5.0,4.0,3.0,2.0,0.0,1.0,400.0,310.0,50.0,0.0,0.0,75.0,100.0,50.0,50.0,0.0,10.0,50.0,0.0,0.0,2.0,47.333333333333336,10.0,26140.0,4.666666666666667,7.666666666666667,6.666666666666667,0.6666666666666666,0.0,5.0,720.0,663.3333333333334,16.666666666666668,0.0,400.0,103.33333333333333,133.33333333333334,100.0,16.666666666666668,0.0,103.33333333333333,133.33333333333334,0.0,0.3333333333333333,1.0,19.55334583474995,1.0,541.4794548272354,1.5275252316519465,3.214550253664318,3.214550253664318,1.1547005383792517,0.0,4.0,283.5489375751565,313.9001964531614,28.867513459481287,0.0,395.0949253027682,120.0347172002056,152.75252316519467,50.0,28.867513459481287,0.0,128.58201014657274,104.08329997330664,0.0,0.5773502691896258,2.0,3.0,1.0,-1.0,2.0,3.0,1
LRL_2025-12-13_6,21016438,LRL_2025-12-13_6_21016438,2.0,50.0,7.0,25600.0,7.0,4.0,3.0,0.0,0.0,3.0,360.0,260.0,0.0,0.0,160.0,675.0,10.0,10.0,0.0,0.0,150.0,150.0,1.0,1.0,5.666666666666667,93.0,8.333333333333334,31483.333333333332,6.333333333333333,5.333333333333333,6.0,0.0,0.0,6.0,480.0,746.6666666666666,0.0,0.0,673.3333333333334,591.6666666666666,90.0,86.66666666666667,0.0,0.0,283.3333333333333,258.3333333333333,0.6666666666666666,0.6666666666666666,3.5118845842842465,38.43175770115127,2.3094010767585034,5095.668094895245,2.0816659994661326,1.1547005383792517,3.0,0.0,0.0,3.0,131.14877048604,441.0593308539491,0.0,0.0,451.70049073842426,260.2082499332666,138.5640646055102,70.94598884597588,0.0,0.0,189.29694486000912,128.2900359861721,0.5773502691896258,0.5773502691896258,2.0,9.0,6.0,-7.0,3.0,3.0,1
LRL_2025-12-13_6,22004627,LRL_2025-12-13_6_22004627,4.0,180.0,6.0,30450.0,3.0,3.0,3.0,0.0,0.0,4.0,200.0,250.0,0.0,0.0,510.0,725.0,50.0,200.0,0.0,0.0,400.0,200.0,1.0,1.0,3.6666666666666665,248.0,7.333333333333333,33983.333333333336,3.3333333333333335,3.6666666666666665,4.0,0.0,0.0,4.0,253.33333333333334,290.0,0.0,0.0,443.3333333333333,625.0,100.0,216.66666666666666,0.0,0.0,216.66666666666666,116.66666666666667,1.0,0.6666666666666666,2.5166114784235836,275.3706592939778,1.5275252316519465,14086.370481189728,0.5773502691896258,3.0550504633038935,3.605551275463989,0.0,0.0,3.0,283.7839553839035,311.92947920964446,0.0,0.0,414.0450861118066,581.4851674806504,86.60254037844386,76.37626158259734,0.0,0.0,175.5942292142123,76.37626158259734,0.0,0.5773502691896258,4.0,6.0,1.0,-2.0,5.0,3.0,1
LRL_2025-12-13_6,22015100,LRL_2025-12-13_6_22015100,3.0,12.0,6.0,30450.0,4.0,1.0,2.0,0.0,0.0,2.0,0.0,100.0,0.0,0.0,250.0,450.0,50.0,150.0,0.0,0.0,250.0,275.0,1.0,1.0,4.0,10.333333333333334,6.666666666666667,36816.666666666664,4.0,3.0,3.3333333333333335,0.0,0.0,3.3333333333333335,143.33333333333334,210.0,0.0,0.0,323.3333333333333,535.0,66.66666666666667,70.0,0.0,0.0,90.0,300.0,1.0,1.0,1.0,3.785938897200183,1.1547005383792517,8148.6706482305035,1.0,2.6457513110645907,2.3094010767585034,0.0,0.0,2.3094010767585034,125.03332889007368,101.4889156509222,0.0,0.0,87.36894948054105,76.97402159170326,28.867513459481287,72.11102550927978,0.0,0.0,138.5640646055102,163.93596310755,0.0,0.0,3.0,5.0,4.0,-2.0,1.0,3.0,1
LRL_2025-12-13_6,22006485,LRL_2025-12-13_6_22006485,1.0,11.0,7.0,24870.0,3.0,4.0,4.0,0.0,0.0,2.0,300.0,210.0,0.0,0.0,10.0,0.0,100.0,200.0,0.0,0.0,150.0,75.0,1.0,1.0,4.0,203.33333333333334,8.0,25243.333333333332,2.3333333333333335,5.666666666666667,5.666666666666667,0.0,0.0,4.666666666666667,526.6666666666666,350.0,0.0,0.0,343.3333333333333,210.0,100.0,200.0,0.0,0.0,200.0,216.66666666666666,0.6666666666666666,0.3333333333333333,5.196152422706632,320.2285642058393,2.6457513110645907,1485.6087416723597,1.1547005383792517,3.7859388972001824,3.7859388972001824,0.0,0.0,4.618802153517007,235.44284515213738,251.1971337416094,0.0,0.0,423.5957192103496,363.73066958946424,50.0,50.0,0.0,0.0,86.60254037844386,289.75564417856185,0.5773502691896258,0.5773502691896258,1.0,10.0,1.0,-9.0,9.0,3.0,1
LRL_2025-12-13_7,20016522,LRL_2025-12-13_7_20016522,3.0,39.0,5.0,32000.0,3.0,2.0,2.0,0.0,0.0,2.0,100.0,200.0,0.0,0.0,300.0,475.0,200.0,100.0,0.0,0.0,50.0,375.0,1.0,1.0,2.3333333333333335,52.666666666666664,6.0,48660.0,3.0,4.666666666666667,3.6666666666666665,0.0,0.0,2.6666666666666665,230.0,256.6666666666667,0.0,0.0,240.0,268.3333333333333,116.66666666666667,66.66666666666667,0.0,0.0,83.33333333333333,170.0,1.0,0.6666666666666666,1.1547005383792515,42.19399641339196,1.0,14444.472991424782,1.0,2.516611478423583,2.0816659994661326,0.0,0.0,1.1547005383792517,135.27749258468683,134.28824718989125,0.0,0.0,206.63978319771826,243.43034595820902,104.08329997330664,28.867513459481287,0.0,0.0,28.867513459481287,186.61457606521523,0.0,0.5773502691896258,3.0,1.0,3.0,2.0,-2.0,3.0,1
LRL_2025-12-13_7,20007029,LRL_2025-12-13_7_20007029,3.0,110.0,8.0,55590.0,2.0,2.0,2.0,0.0,0.0,3.0,250.0,300.0,0.0,0.0,360.0,975.0,10.0,100.0,0.0,0.0,250.0,400.0,1.0,1.0,3.3333333333333335,55.333333333333336,8.0,43140.0,4.333333333333333,4.333333333333333,3.6666666666666665,0.0,0.0,4.333333333333333,290.0,393.3333333333333,0.0,0.0,410.0,633.3333333333334,23.333333333333332,103.33333333333333,0.0,0.0,133.33333333333334,233.33333333333334,1.0,1.0,0.5773502691896258,49.36935621752965,1.0,11849.434585666946,2.081665999466133,2.081665999466133,1.5275252316519468,0.0,0.0,1.5275252316519468,96.43650760992955,144.6835627614047,0.0,0.0,219.31712199461307,430.3583777891786,23.094010767585033,95.04384952922169,0.0,0.0,104.08329997330664,152.75252316519467,0.0,0.0,3.0,4.0,3.0,-1.0,1.0,3.0,1
LRL_2025-12-13_7,20013954,LRL_2025-12-13_7_20013954,1.0,13.0,9.0,54910.0,9.0,5.0,1.0,0.0,0.0,1.0,600.0,0.0,0.0,0.0,0.0,0.0,150.0,10.0,0.0,0.0,250.0,5.0,1.0,1.0,1.6666666666666667,23.333333333333332,8.666666666666666,51136.666666666664,7.0,5.666666666666667,2.3333333333333335,0.0,0.0,1.6666666666666667,573.3333333333334,183.33333333333334,0.0,0.0,100.0,166.66666666666666,183.33333333333334,86.66666666666667,0.0,0.0,216.66666666666666,126.66666666666667,1.0,1.0,1.1547005383792517,13.051181300301263,0.5773502691896255,3277.3515730439008,1.7320508075688772,0.5773502691896257,1.5275252316519465,0.0,0.0,1.1547005383792517,102.63202878893767,275.3785273643051,0.0,0.0,173.20508075688772,288.6751345948129,104.08329997330664,70.94598884597588,0.0,0.0,57.735026918962575,136.96106502701173,0.0,0.0,1.0,1.0,3.0,0.0,-2.0,3.0,1
LRL_2025-12-13_7,18005570,LRL_2025-12-13_7_18005570,6.0,95.0,8.0,55590.0,7.0,6.0,6.0,0.0,0.0,5.0,520.0,760.0,0.0,0.0,910.0,1900.0,100.0,150.0,0.0,0.0,50.0,75.0,1.0,1.0,5.666666666666667,67.0,7.0,62818.333333333336,4.333333333333333,4.666666666666667,4.666666666666667,0.0,0.0,4.333333333333333,333.3333333333333,423.3333333333333,0.0,0.0,576.6666666666666,1068.3333333333333,36.666666666666664,70.0,0.0,0.0,33.333333333333336,183.33333333333334,1.0,0.3333333333333333,1.5275252316519465,24.576411454889016,1.0,9821.082340217567,2.516611478423583,3.214550253664318,2.309401076758503,0.0,0.0,3.0550504633038935,289.3671255228094,380.83242158898884,0.0,0.0,501.43128475727696,835.0199598412803,55.075705472861024,72.11102550927978,0.0,0.0,28.867513459481287,255.3592241007427,0.0,0.5773502691896258,6.0,4.0,7.0,2.0,-3.0,3.0,1
LRL_2025-12-13_7,18007346,LRL_2025-12-13_7_18007346,7.0,47.0,7.0,54295.0,6.0,3.0,4.0,4.0,0.0,7.0,200.0,400.0,500.0,0.0,720.0,1625.0,10.0,100.0,50.0,0.0,0.0,0.0,1.0,0.0,4.0,162.33333333333334,7.0,60765.0,6.666666666666667,2.3333333333333335,2.6666666666666665,1.3333333333333333,0.0,4.333333333333333,86.66666666666667,153.33333333333334,166.66666666666666,0.0,280.0,618.3333333333334,70.0,53.333333333333336,16.666666666666668,0.0,83.33333333333333,68.33333333333333,1.0,0.0,2.6457513110645907,204.98129996010206,1.0,11462.795252467873,1.1547005383792517,1.1547005383792515,1.5275252316519468,2.3094010767585034,0.0,2.516611478423583,102.63202878893769,215.71586249817915,288.67513459481285,0.0,384.3175770115127,878.7111774259694,72.11102550927978,45.09249752822894,28.867513459481287,0.0,76.37626158259734,114.05408073950416,0.0,0.0,7.0,2.0,3.0,5.0,-1.0,3.0,1
LRL_2025-12-13_7,17007087,LRL_2025-12-13_7_17007087,4.0,600.0,8.0,54000.0,3.0,8.0,8.0,0.0,0.0,5.0,880.0,380.0,0.0,0.0,610.0,455.0,0.0,0.0,0.0,0.0,10.0,125.0,1.0,0.0,4.333333333333333,418.0,6.333333333333333,51598.333333333336,2.3333333333333335,6.333333333333333,6.0,2.0,0.0,4.666666666666667,483.3333333333333,446.6666666666667,270.0,0.0,790.0,855.0,0.0,3.3333333333333335,0.0,0.0,23.333333333333332,75.0,1.0,0.0,0.5773502691896258,158.42663917409848,1.5275252316519465,3983.5923904603155,1.1547005383792515,1.5275252316519465,2.0,3.4641016151377544,0.0,0.5773502691896257,343.8507428134093,189.03262505010431,467.6537180435969,0.0,457.38386504117085,688.4947349108779,0.0,5.773502691896258,0.0,0.0,23.09401076758503,43.30127018922193,0.0,0.0,4.0,4.0,5.0,0.0,-1.0,3.0,1
LRL_2025-12-13_8,22016072,LRL_2025-12-13_8_22016072,4.0,158.0,6.0,38000.0,6.0,3.0,5.0,5.0,0.0,5.0,250.0,260.0,410.0,0.0,770.0,825.0,10.0,200.0,200.0,0.0,400.0,550.0,1.0,1.0,4.666666666666667,284.0,5.666666666666667,49000.0,4.333333333333333,4.0,5.333333333333333,3.0,0.0,5.333333333333333,436.6666666666667,610.0,370.0,0.0,893.3333333333334,978.3333333333334,56.666666666666664,66.66666666666667,66.66666666666667,0.0,133.33333333333334,200.0,1.0,0.6666666666666666,2.081665999466133,299.5797055876783,1.5275252316519468,18193.405398660252,2.8867513459481287,1.7320508075688772,1.5275252316519465,2.6457513110645907,0.0,1.5275252316519465,241.93663082165406,314.80152477394387,351.7101079013795,0.0,120.13880860626733,132.88466176851765,80.82903768654761,115.47005383792515,115.47005383792515,0.0,230.9401076758503,304.138126514911,0.0,0.5773502691896258,4.0,7.0,3.0,-3.0,4.0,3.0,1
LRL_2025-12-13_8,21008850,LRL_2025-12-13_8_21008850,1.0,166.0,9.0,72000.0,7.0,9.0,9.0,5.0,0.0,3.0,870.0,620.0,220.0,0.0,60.0,0.0,0.0,0.0,50.0,0.0,100.0,5.0,1.0,0.0,1.3333333333333333,87.33333333333333,6.666666666666667,48333.333333333336,4.666666666666667,5.666666666666667,5.666666666666667,3.6666666666666665,0.0,2.6666666666666665,573.3333333333334,423.3333333333333,206.66666666666666,0.0,160.0,183.33333333333334,33.333333333333336,16.666666666666668,83.33333333333333,0.0,120.0,60.0,1.0,0.0,0.5773502691896257,70.72717535242965,2.516611478423583,21825.06204649447,2.081665999466133,2.886751345948129,2.886751345948129,1.1547005383792515,0.0,0.5773502691896257,267.6440422152777,211.26602503321098,51.31601439446884,0.0,217.94494717703367,317.54264805429415,57.735026918962575,28.867513459481287,28.867513459481287,0.0,121.2435565298214,60.6217782649107,0.0,0.0,1.0,2.0,1.0,-1.0,1.0,3.0,1
LRL_2025-12-13_8,22019160,LRL_2025-12-13_8_22019160,3.0,34.0,6.0,48000.0,6.0,2.0,2.0,0.0,0.0,2.0,10.0,300.0,0.0,0.0,150.0,150.0,100.0,50.0,0.0,0.0,10.0,50.0,1.0,0.0,3.6666666666666665,138.0,5.666666666666667,82000.0,4.333333333333333,3.0,3.0,2.6666666666666665,0.0,3.3333333333333335,273.3333333333333,350.0,316.6666666666667,0.0,586.6666666666666,883.3333333333334,70.0,66.66666666666667,150.0,0.0,90.0,275.0,1.0,0.3333333333333333,1.1547005383792517,204.86092843683005,0.5773502691896257,58889.727457341825,2.886751345948129,1.0,1.0,2.3094010767585034,0.0,1.5275252316519465,275.74142476844736,50.0,275.3785273643051,0.0,378.1974792794544,637.0504951205464,51.96152422706632,28.867513459481287,180.27756377319946,0.0,138.5640646055102,368.2729965664059,0.0,0.5773502691896258,3.0,3.0,5.0,0.0,-2.0,3.0,1
LRL_2025-12-13_8,19010610,LRL_2025-12-13_8_19010610,4.0,40.0,8.0,49000.0,1.0,3.0,3.0,0.0,0.0,4.0,260.0,400.0,0.0,0.0,450.0,600.0,50.0,100.0,0.0,0.0,400.0,200.0,1.0,0.0,5.0,62.333333333333336,7.666666666666667,41666.666666666664,2.6666666666666665,2.3333333333333335,2.3333333333333335,1.3333333333333333,0.0,4.0,186.66666666666666,233.33333333333334,103.33333333333333,0.0,570.0,1308.3333333333333,53.333333333333336,100.0,36.666666666666664,0.0,220.0,150.0,0.6666666666666666,0.3333333333333333,2.6457513110645907,20.404247923737188,0.5773502691896258,12701.705922171766,2.0816659994661326,0.5773502691896258,0.5773502691896258,1.1547005383792517,0.0,3.0,80.82903768654761,152.75252316519467,170.39170558842744,0.0,638.5138996137829,1336.5845776954534,45.09249752822894,0.0,55.07570547286102,0.0,196.72315572906,132.28756555322954,0.5773502691896258,0.5773502691896258,4.0,8.0,3.0,-4.0,5.0,3.0,1
LRL_2025-12-13_8,22000284,LRL_2025-12-13_8_22000284,3.0,83.0,9.0,54910.0,8.0,9.0,8.0,0.0,0.0,6.0,1310.0,630.0,0.0,0.0,570.0,80.0,0.0,500.0,0.0,0.0,150.0,100.0,1.0,0.0,3.3333333333333335,103.66666666666667,8.666666666666666,55233.333333333336,6.0,7.666666666666667,6.333333333333333,0.0,0.0,5.333333333333333,813.3333333333334,553.3333333333334,0.0,0.0,413.3333333333333,160.0,70.0,333.3333333333333,0.0,0.0,170.0,158.33333333333334,1.0,0.0,0.5773502691896258,33.231511150312336,0.5773502691896255,560.0297611139359,2.0,1.1547005383792517,1.5275252316519465,0.0,0.0,0.5773502691896257,472.2640504350647,66.58328118479393,0.0,0.0,137.9613472438325,102.10288928331069,112.69427669584645,144.33756729740642,0.0,0.0,170.88007490635061,52.04164998665332,0.0,0.0,3.0,4.0,3.0,-1.0,1.0,3.0,1
LRL_2025-12-13_8,21010862,LRL_2025-12-13_8_21010862,4.0,458.0,6.0,100000.0,3.0,6.0,6.0,5.0,0.0,5.0,1210.0,1360.0,1050.0,0.0,950.0,1450.0,0.0,0.0,200.0,0.0,2000.0,25.0,1.0,0.0,2.0,196.33333333333334,8.0,57926.666666666664,3.3333333333333335,8.0,7.0,1.6666666666666667,0.0,5.0,1086.6666666666667,1076.6666666666667,350.0,0.0,463.3333333333333,483.3333333333333,0.0,100.0,66.66666666666667,0.0,673.3333333333334,91.66666666666667,1.0,0.0,1.7320508075688772,227.8252254104741,2.6457513110645907,36645.76555801957,2.516611478423583,2.6457513110645907,2.6457513110645907,2.886751345948129,0.0,0.0,438.2160806421112,579.5112883571237,606.2177826491071,0.0,444.1095960833692,837.1578903249574,0.0,132.28756555322954,115.47005383792515,0.0,1148.9270356873553,94.64847243000456,0.0,0.0,4.0,1.0,1.0,3.0,0.0,3.0,1
LRL_2025-12-13_9,23004937,LRL_2025-12-13_9_23004937,2.0,66.0,6.0,33600.0,5.0,3.0,3.0,0.0,0.0,3.0,250.0,200.0,0.0,0.0,350.0,375.0,50.0,400.0,0.0,0.0,300.0,25.0,1.0,1.0,1.6666666666666667,62.333333333333336,8.333333333333334,30160.0,7.0,3.0,3.0,0.0,0.0,1.6666666666666667,286.6666666666667,156.66666666666666,0.0,0.0,116.66666666666667,128.33333333333334,66.66666666666667,216.66666666666666,0.0,0.0,250.0,300.0,1.0,0.6666666666666666,0.5773502691896257,16.802777548171413,2.5166114784235836,3129.9840255183412,1.7320508075688772,1.0,1.0,0.0,0.0,1.1547005383792517,100.16652800877813,51.316014394468844,0.0,0.0,202.07259421636903,213.6781068180204,28.867513459481287,160.7275126832159,0.0,0.0,86.60254037844386,241.09126902482387,0.0,0.5773502691896258,2.0,1.0,2.0,1.0,-1.0,3.0,1
LRL_2025-12-13_9,23011140,LRL_2025-12-13_9_23011140,4.0,161.0,4.0,49000.0,3.0,4.0,4.0,0.0,0.0,4.0,350.0,860.0,0.0,0.0,1250.0,2025.0,0.0,0.0,0.0,0.0,0.0,0.0,1.0,1.0,2.5,259.0,6.0,37370.0,4.0,4.5,4.0,0.0,0.0,4.0,335.0,590.0,0.0,0.0,780.0,1012.5,250.0,100.0,0.0,0.0,300.0,12.5,1.0,0.5,2.1213203435596424,138.59292911256333,2.8284271247461903,16447.303730399097,1.4142135623730951,0.7071067811865476,0.0,0.0,0.0,0.0,21.213203435596427,381.8376618407357,0.0,0.0,664.6803743153547,1431.8912319027588,353.5533905932738,141.4213562373095,0.0,0.0,424.26406871192853,17.67766952966369,0.0,0.7071067811865476,4.0,1.0,,3.0,,2.0,1
LRL_2025-12-13_9,23007699,LRL_2025-12-13_9_23007699,1.0,45.0,12.0,30260.0,5.0,2.0,2.0,0.0,0.0,1.0,200.0,10.0,0.0,0.0,0.0,0.0,500.0,600.0,0.0,0.0,500.0,1200.0,1.0,0.0,4.0,137.0,9.666666666666666,29316.666666666668,4.666666666666667,2.3333333333333335,2.3333333333333335,0.0,0.0,2.3333333333333335,136.66666666666666,13.333333333333334,0.0,0.0,103.33333333333333,561.6666666666666,186.66666666666666,220.0,0.0,0.0,283.3333333333333,541.6666666666666,0.6666666666666666,0.0,3.0,80.57294831393475,2.0816659994661326,3210.674903090211,1.5275252316519465,0.5773502691896258,0.5773502691896258,0.0,0.0,1.1547005383792515,77.67453465154028,5.773502691896258,0.0,0.0,130.5118130030126,543.5147958734273,272.0906711619003,329.69683043669073,0.0,0.0,202.07259421636903,573.5488935856588,0.5773502691896258,0.0,1.0,7.0,4.0,-6.0,3.0,3.0,1
LRL_2025-12-13_9,23012905,LRL_2025-12-13_9_23012905,5.0,19.0,6.0,34050.0,2.0,1.0,1.0,0.0,0.0,3.0,0.0,0.0,0.0,0.0,110.0,835.0,50.0,10.0,0.0,0.0,150.0,550.0,1.0,1.0,2.3333333333333335,35.0,6.333333333333333,33243.333333333336,3.3333333333333335,1.6666666666666667,1.0,0.0,0.0,2.0,50.0,16.666666666666668,0.0,0.0,40.0,278.3333333333333,116.66666666666667,53.333333333333336,0.0,0.0,216.66666666666666,391.6666666666667,1.0,0.6666666666666666,2.3094010767585034,19.0,0.5773502691896258,1032.2951774242363,2.3094010767585034,0.5773502691896257,1.0,0.0,0.0,1.0,50.0,28.867513459481287,0.0,0.0,60.8276253029822,482.08747477333753,57.735026918962575,83.86497083606082,0.0,0.0,76.37626158259734,150.69284433354272,0.0,0.5773502691896258,5.0,1.0,1.0,4.0,0.0,3.0,1
LRL_2025-12-13_9,23005659,LRL_2025-12-13_9_23005659,6.0,829.0,10.0,34000.0,6.0,9.0,9.0,0.0,0.0,7.0,770.0,910.0,0.0,0.0,710.0,775.0,800.0,1000.0,0.0,0.0,150.0,200.0,0.0,0.0,4.666666666666667,391.6666666666667,9.0,35666.666666666664,6.666666666666667,5.333333333333333,5.666666666666667,0.0,0.0,5.0,423.3333333333333,620.0,0.0,0.0,706.6666666666666,1058.3333333333333,366.6666666666667,616.6666666666666,0.0,0.0,416.6666666666667,700.0,0.6666666666666666,0.3333333333333333,3.2145502536643185,412.3279439151964,1.0,21548.395145191982,0.5773502691896257,4.041451884327381,4.163331998932265,0.0,0.0,3.4641016151377544,390.6831623366092,537.3081052803875,0.0,0.0,705.0059101407118,1224.8299201657892,378.59388972001824,332.91640592396965,0.0,0.0,236.29078131263043,500.0,0.5773502691896258,0.5773502691896258,6.0,7.0,1.0,-1.0,6.0,3.0,1
LRL_2025-12-13_9,23016039,LRL_2025-12-13_9_23016039,4.0,32.0,5.0,45000.0,3.0,2.0,3.0,0.0,0.0,5.0,250.0,700.0,0.0,0.0,1500.0,2300.0,100.0,100.0,0.0,0.0,0.0,0.0,1.0,1.0,3.6666666666666665,38.0,5.666666666666667,57666.666666666664,4.0,1.6666666666666667,2.0,0.6666666666666666,0.0,3.0,100.0,250.0,16.666666666666668,0.0,553.3333333333334,983.3333333333334,133.33333333333334,233.33333333333334,50.0,0.0,416.6666666666667,500.0,0.6666666666666666,0.6666666666666666,2.516611478423583,33.406586176980134,1.1547005383792515,23692.47419188915,1.0,0.5773502691896257,1.0,1.1547005383792517,0.0,2.0,132.28756555322954,390.51248379533274,28.867513459481287,0.0,823.7313477908518,1185.678427455494,28.867513459481287,230.9401076758503,86.60254037844386,0.0,678.8470618138767,556.7764362830022,0.5773502691896258,0.5773502691896258,4.0,1.0,6.0,3.0,-5.0,3.0,1
LRL_2025-12-13_9,23013929,LRL_2025-12-13_9_23013929,1.0,14.0,7.0,32000.0,5.0,4.0,3.0,0.0,0.0,1.0,110.0,110.0,0.0,0.0,0.0,0.0,50.0,50.0,0.0,0.0,10.0,75.0,1.0,1.0,1.0,14.0,7.0,32000.0,5.0,4.0,3.0,0.0,0.0,1.0,110.0,110.0,0.0,0.0,0.0,0.0,50.0,50.0,0.0,0.0,10.0,75.0,1.0,1.0,,,,,,,,,,,,,,,,,,,,,,,,,1.0,,,,,1.0,1
LRL_2025-12-14_1,17011275,LRL_2025-12-14_1_17011275,5.0,49.0,7.0,24660.0,7.0,7.0,7.0,7.0,0.0,5.0,660.0,430.0,480.0,0.0,660.0,430.0,0.0,0.0,0.0,0.0,100.0,225.0,0.0,1.0,4.0,109.0,9.0,46081.666666666664,3.0,7.0,7.0,6.666666666666667,0.0,5.0,800.0,796.6666666666666,550.0,0.0,530.0,331.6666666666667,116.66666666666667,116.66666666666667,100.0,0.0,40.0,86.66666666666667,0.0,0.6666666666666666,1.0,56.04462507680822,1.7320508075688772,32068.374737946,3.4641016151377544,2.0,2.0,1.5275252316519465,0.0,2.0,332.86633954186476,495.21039299810064,185.20259177452135,0.0,112.69427669584645,100.04165798972613,125.83057392117915,104.08329997330664,100.0,0.0,51.96152422706632,120.03471720020559,0.0,0.5773502691896258,5.0,4.0,3.0,1.0,1.0,3.0,1
LRL_2025-12-14_1,15000089,LRL_2025-12-14_1_15000089,4.0,50.0,11.0,26520.0,7.0,10.0,8.0,7.0,0.0,9.0,1080.0,810.0,410.0,0.0,520.0,200.0,500.0,200.0,100.0,0.0,800.0,50.0,0.0,0.0,2.3333333333333335,41.666666666666664,10.666666666666666,26353.333333333332,7.333333333333333,9.666666666666666,8.0,7.0,0.0,5.333333333333333,1000.0,896.6666666666666,563.3333333333334,0.0,393.3333333333333,100.0,250.0,150.0,40.0,0.0,300.0,51.666666666666664,0.0,0.3333333333333333,1.5275252316519468,7.371114795831993,1.5275252316519465,763.7626158259728,1.5275252316519468,2.516611478423583,1.0,0.0,0.0,3.214550253664318,80.0,223.00971578236977,155.0268793897798,0.0,113.72481406154654,100.0,250.0,86.60254037844386,51.96152422706632,0.0,433.0127018922193,47.52192476461084,0.0,0.5773502691896258,4.0,2.0,1.0,2.0,1.0,3.0,1
LRL_2025-12-14_1,19002713,LRL_2025-12-14_1_19002713,4.0,30.0,6.0,18680.0,6.0,5.0,2.0,0.0,0.0,4.0,310.0,250.0,0.0,0.0,410.0,475.0,300.0,10.0,0.0,0.0,500.0,700.0,1.0,0.0,3.0,81.66666666666667,7.0,21620.0,4.666666666666667,2.6666666666666665,1.3333333333333333,0.0,0.0,2.0,106.66666666666667,83.33333333333333,0.0,0.0,136.66666666666666,268.3333333333333,200.0,86.66666666666667,0.0,0.0,216.66666666666666,300.0,1.0,0.0,1.7320508075688772,109.09781543795151,1.0,5126.909400408788,2.309401076758503,2.0816659994661326,0.5773502691896257,0.0,0.0,1.7320508075688772,176.16280348965083,144.33756729740642,0.0,0.0,236.71361036774658,243.43034595820905,100.0,100.16652800877813,0.0,0.0,246.64414311581237,354.43617196894564,0.0,0.0,4.0,4.0,1.0,0.0,3.0,3.0,1
LRL_2025-12-14_1,20012355,LRL_2025-12-14_1_20012355,3.0,61.0,8.0,21030.0,5.0,7.0,7.0,7.0,0.0,5.0,1200.0,1300.0,810.0,0.0,1010.0,1025.0,250.0,500.0,1500.0,0.0,150.0,100.0,1.0,0.0,2.6666666666666665,51.333333333333336,7.333333333333333,19243.333333333332,5.333333333333333,4.333333333333333,4.333333333333333,4.333333333333333,0.0,2.6666666666666665,566.6666666666666,566.6666666666666,373.3333333333333,0.0,453.3333333333333,558.3333333333334,166.66666666666666,200.0,553.3333333333334,0.0,70.0,125.0,1.0,0.6666666666666666,0.5773502691896258,17.61628034896508,1.1547005383792515,2568.3911955411572,0.5773502691896258,2.516611478423583,2.516611478423583,2.516611478423583,0.0,2.0816659994661326,583.8093296045664,652.5590650150631,392.47080570831423,0.0,512.867754234299,488.8336458687488,76.37626158259734,259.8076211353316,822.8203530135441,0.0,72.11102550927978,114.564392373896,0.0,0.5773502691896258,3.0,2.0,3.0,1.0,-1.0,3.0,1
LRL_2025-12-14_1,20015303,LRL_2025-12-14_1_20015303,4.0,178.0,9.0,31370.0,2.0,9.0,9.0,8.0,0.0,7.0,910.0,980.0,1010.0,0.0,620.0,325.0,0.0,0.0,500.0,0.0,250.0,200.0,1.0,1.0,4.333333333333333,106.33333333333333,8.333333333333334,40056.666666666664,2.6666666666666665,8.0,8.0,4.333333333333333,0.0,7.333333333333333,823.3333333333334,1046.6666666666667,620.0,0.0,1000.0,725.0,83.33333333333333,3.3333333333333335,166.66666666666666,0.0,183.33333333333334,75.0,1.0,0.3333333333333333,0.5773502691896257,63.51640208114226,3.055050463303893,8339.882093491091,0.5773502691896258,2.6457513110645907,3.605551275463989,4.041451884327381,0.0,2.5166114784235836,426.6536456346451,632.639971337042,542.8627819255986,0.0,329.69683043669073,628.9872812704563,144.33756729740645,5.773502691896258,288.67513459481285,0.0,160.7275126832159,108.97247358851683,0.0,0.5773502691896258,4.0,5.0,4.0,-1.0,1.0,3.0,1
LRL_2025-12-14_1,F0046453,LRL_2025-12-14_1_F0046453,7.0,165.0,7.0,22700.0,2.0,7.0,7.0,0.0,0.0,7.0,1200.0,1300.0,0.0,0.0,1060.0,2150.0,0.0,0.0,0.0,0.0,0.0,0.0,1.0,0.0,6.0,288.3333333333333,9.0,25243.333333333332,5.666666666666667,7.666666666666667,7.333333333333333,4.333333333333333,0.0,6.0,1073.3333333333333,950.0,426.6666666666667,0.0,816.6666666666666,1458.3333333333333,50.0,236.66666666666666,33.333333333333336,0.0,116.66666666666667,108.33333333333333,0.6666666666666666,0.0,1.0,303.4210495884116,2.6457513110645907,5910.721896125154,3.511884584284246,2.0816659994661326,1.5275252316519468,4.041451884327381,0.0,1.0,141.89197769195172,350.0,370.7200201409864,0.0,510.5226080530943,804.803288595004,50.0,401.2895878705718,28.867513459481287,0.0,104.08329997330664,101.03629710818451,0.5773502691896258,0.0,7.0,6.0,5.0,1.0,1.0,3.0,1
LRL_2025-12-14_1,19001576,LRL_2025-12-14_1_19001576,1.0,13.0,7.0,21000.0,5.0,5.0,5.0,3.0,0.0,2.0,1060.0,700.0,110.0,0.0,10.0,0.0,400.0,500.0,150.0,0.0,300.0,575.0,1.0,0.0,2.6666666666666665,32.666666666666664,7.666666666666667,21000.0,6.0,4.0,4.0,2.0,0.0,2.6666666666666665,543.3333333333334,423.3333333333333,170.0,0.0,470.0,600.0,300.0,466.6666666666667,100.0,0.0,370.0,750.0,1.0,0.0,1.5275252316519468,17.897858344878397,3.0550504633038935,0.0,1.7320508075688772,1.0,1.0,1.7320508075688772,0.0,1.1547005383792517,452.1430452117265,265.7693235370353,206.63978319771826,0.0,445.7577817604534,520.2163011671203,100.0,152.75252316519467,86.60254037844386,0.0,399.6248240537617,510.5144464165534,0.0,0.0,1.0,3.0,4.0,-2.0,-1.0,3.0,1
LRL_2025-12-14_2,23004610,LRL_2025-12-14_2_23004610,2.0,73.0,7.0,49500.0,3.0,1.0,1.0,1.0,0.0,1.0,0.0,0.0,0.0,0.0,0.0,5.0,100.0,200.0,300.0,0.0,250.0,575.0,1.0,0.0,1.3333333333333333,49.666666666666664,7.0,44156.666666666664,4.666666666666667,2.3333333333333335,1.6666666666666667,1.0,0.0,1.0,43.333333333333336,20.0,0.0,0.0,0.0,1.6666666666666667,283.3333333333333,200.0,216.66666666666666,0.0,316.6666666666667,291.6666666666667,1.0,0.3333333333333333,0.5773502691896257,37.00450423034111,0.0,10553.60759803648,2.081665999466133,2.3094010767585034,1.1547005383792517,0.0,0.0,0.0,75.05553499465135,34.64101615137755,0.0,0.0,0.0,2.886751345948129,275.3785273643051,50.0,104.08329997330664,0.0,76.37626158259734,264.96855159307745,0.0,0.5773502691896258,2.0,1.0,1.0,1.0,0.0,3.0,1
LRL_2025-12-14_2,23015101,LRL_2025-12-14_2_23015101,1.0,8.0,8.0,46000.0,8.0,4.0,2.0,1.0,0.0,1.0,410.0,200.0,0.0,0.0,0.0,0.0,50.0,10.0,10.0,0.0,450.0,825.0,1.0,1.0,3.3333333333333335,25.333333333333332,7.333333333333333,45333.333333333336,5.666666666666667,4.333333333333333,3.6666666666666665,1.3333333333333333,0.0,3.6666666666666665,360.0,500.0,6.666666666666667,0.0,293.3333333333333,450.0,20.0,6.666666666666667,36.666666666666664,0.0,166.66666666666666,311.6666666666667,0.6666666666666666,0.3333333333333333,3.2145502536643185,22.6789182575654,1.1547005383792517,577.3502691896263,3.214550253664318,3.5118845842842465,3.785938897200183,1.5275252316519468,0.0,3.785938897200183,337.78691508109074,700.0,11.547005383792516,0.0,499.43301185777995,595.2940449895328,26.457513110645905,5.773502691896257,55.075705472861024,0.0,246.64414311581237,446.83143727062594,0.5773502691896258,0.5773502691896258,1.0,2.0,7.0,-1.0,-5.0,3.0,1
LRL_2025-12-14_2,23017670,LRL_2025-12-14_2_23017670,2.0,19.0,8.0,28260.0,1.0,8.0,7.0,0.0,0.0,4.0,1510.0,1060.0,0.0,0.0,550.0,75.0,0.0,800.0,0.0,0.0,50.0,250.0,1.0,0.0,4.0,30.333333333333332,8.666666666666666,36840.0,4.0,6.333333333333333,6.0,3.6666666666666665,0.0,5.0,840.0,626.6666666666666,296.6666666666667,0.0,640.0,691.6666666666666,50.0,433.3333333333333,266.6666666666667,0.0,266.6666666666667,160.0,0.6666666666666666,0.0,4.358898943540674,22.27853974867593,3.0550504633038935,15734.967429264034,2.6457513110645907,4.725815626252609,4.58257569495584,5.507570547286102,0.0,4.58257569495584,769.2203845452875,555.8177159225255,513.8417395787669,0.0,689.4200461257274,1133.6702930452634,50.0,321.4550253664318,251.6611478423583,0.0,189.29694486000912,134.81468762712763,0.5773502691896258,0.0,2.0,1.0,9.0,1.0,-8.0,3.0,1
LRL_2025-12-14_2,23013139,LRL_2025-12-14_2_23013139,3.0,107.0,7.0,49500.0,4.0,2.0,2.0,2.0,0.0,3.0,100.0,200.0,300.0,0.0,450.0,580.0,150.0,100.0,50.0,0.0,450.0,25.0,1.0,0.0,2.3333333333333335,44.0,6.666666666666667,48490.0,3.3333333333333335,4.333333333333333,4.0,3.3333333333333335,0.0,2.3333333333333335,326.6666666666667,296.6666666666667,373.3333333333333,0.0,366.6666666666667,368.3333333333333,350.0,116.66666666666667,216.66666666666666,0.0,156.66666666666666,91.66666666666667,1.0,0.3333333333333333,1.1547005383792517,54.74486277268398,0.5773502691896258,3110.5144269075495,2.0816659994661326,2.081665999466133,1.7320508075688772,1.1547005383792515,0.0,1.1547005383792517,294.84459183327976,193.9931270260195,296.87258770949757,0.0,332.91640592396965,320.1692260872886,390.51248379533274,76.37626158259734,288.67513459481285,0.0,254.03411844343535,115.47005383792515,0.0,0.5773502691896258,3.0,3.0,1.0,0.0,2.0,3.0,1
LRL_2025-12-14_3,23010382,LRL_2025-12-14_3_23010382,5.0,85.0,9.0,32400.0,2.0,3.0,3.0,0.0,0.0,4.0,210.0,500.0,0.0,0.0,560.0,730.0,100.0,150.0,0.0,0.0,150.0,300.0,1.0,1.0,4.333333333333333,88.0,8.333333333333334,37988.333333333336,4.666666666666667,3.3333333333333335,3.0,0.0,0.0,3.6666666666666665,190.0,223.33333333333334,0.0,0.0,436.6666666666667,655.0,103.33333333333333,103.33333333333333,0.0,0.0,120.0,106.66666666666667,0.3333333333333333,0.3333333333333333,1.1547005383792515,70.54785609782908,1.1547005383792517,10071.502287808573,3.7859388972001824,1.5275252316519468,1.0,0.0,0.0,0.5773502691896257,81.8535277187245,240.0694344004112,0.0,0.0,109.6965511460289,72.62919523166975,95.04384952922169,80.82903768654761,0.0,0.0,98.48857801796105,167.43157806499147,0.5773502691896258,0.5773502691896258,5.0,5.0,3.0,0.0,2.0,3.0,1
LRL_2025-12-14_3,23002688,LRL_2025-12-14_3_23002688,,,,,,,,,,,,,,,,,,,,,,,,,,,,,,,,,,,,,,,,,,,,,,,,,,,,,,,,,,,,,,,,,,,,,,,,,,,,,,0.0,0
LRL_2025-12-14_3,23009173,LRL_2025-12-14_3_23009173,6.0,64.0,12.0,30260.0,7.0,4.0,3.0,0.0,0.0,4.0,750.0,610.0,0.0,0.0,660.0,1345.0,200.0,10.0,0.0,0.0,200.0,100.0,1.0,0.0,5.666666666666667,189.33333333333334,10.0,32286.666666666668,3.6666666666666665,5.666666666666667,5.666666666666667,2.0,0.0,4.666666666666667,693.3333333333334,626.6666666666666,316.6666666666667,0.0,1006.6666666666666,1698.3333333333333,166.66666666666666,20.0,66.66666666666667,0.0,216.66666666666666,308.3333333333333,1.0,0.3333333333333333,0.5773502691896257,144.2440062301839,2.0,1800.148142052018,3.0550504633038935,1.5275252316519465,2.516611478423583,3.4641016151377544,0.0,0.5773502691896257,201.08041509140895,86.21678104251707,548.4827557301445,0.0,410.52811515575075,503.6202272877186,104.08329997330664,26.457513110645905,115.47005383792515,0.0,28.867513459481287,226.84429314693665,0.0,0.5773502691896258,6.0,5.0,6.0,1.0,-1.0,3.0,1
LRL_2025-12-14_3,23001790,LRL_2025-12-14_3_23001790,10.0,803.0,12.0,30260.0,4.0,6.0,6.0,0.0,0.0,8.0,1000.0,1170.0,0.0,0.0,1170.0,1670.0,300.0,10.0,0.0,0.0,200.0,50.0,1.0,0.0,7.0,816.0,9.0,27986.666666666668,2.3333333333333335,7.0,7.0,0.0,0.0,7.333333333333333,876.6666666666666,800.0,0.0,0.0,880.0,1323.3333333333333,100.0,3.3333333333333335,0.0,0.0,100.0,125.0,1.0,0.6666666666666666,2.6457513110645907,139.9535637274021,2.6457513110645907,7127.3089825917705,1.5275252316519468,1.0,1.0,0.0,0.0,0.5773502691896257,267.2701504720146,403.3608806019741,0.0,0.0,300.4995840263344,360.7399802258315,173.20508075688772,5.773502691896258,0.0,0.0,100.0,152.0690632574555,0.0,0.5773502691896258,10.0,5.0,6.0,5.0,-1.0,3.0,1
LRL_2025-12-14_3,23008616,LRL_2025-12-14_3_23008616,3.0,229.0,7.0,27760.0,4.0,5.0,5.0,0.0,0.0,3.0,460.0,810.0,0.0,0.0,650.0,780.0,100.0,150.0,0.0,0.0,10.0,10.0,1.0,1.0,5.666666666666667,390.0,8.666666666666666,30586.666666666668,4.666666666666667,6.666666666666667,6.666666666666667,0.0,0.0,6.0,690.0,943.3333333333334,0.0,0.0,1206.6666666666667,1701.6666666666667,316.6666666666667,266.6666666666667,0.0,0.0,186.66666666666666,5.0,1.0,1.0,2.309401076758503,324.0324057868287,2.0816659994661326,3571.068934273508,0.5773502691896257,1.5275252316519465,1.5275252316519465,0.0,0.0,2.6457513110645907,204.20577856662138,321.4550253664318,0.0,0.0,789.3246058076064,1410.1447916201137,202.07259421636903,104.08329997330664,0.0,0.0,197.56855350316593,5.0,0.0,0.0,3.0,7.0,7.0,-4.0,0.0,3.0,1
LRL_2025-12-14_3,23014518,LRL_2025-12-14_3_23014518,9.0,72.0,12.0,30260.0,6.0,10.0,7.0,0.0,0.0,10.0,1410.0,1180.0,0.0,0.0,1420.0,1620.0,100.0,50.0,0.0,0.0,10.0,50.0,1.0,0.0,8.0,413.6666666666667,10.333333333333334,37070.0,5.666666666666667,8.333333333333334,7.333333333333333,1.6666666666666667,0.0,8.333333333333334,980.0,760.0,190.0,0.0,1180.0,1426.6666666666667,50.0,50.0,83.33333333333333,0.0,20.0,708.3333333333334,0.3333333333333333,0.0,1.0,327.98526389661674,1.5275252316519468,10366.180588818623,1.5275252316519468,2.081665999466133,1.5275252316519465,2.8867513459481287,0.0,2.081665999466133,514.4900387762624,425.0882261366457,329.0896534380867,0.0,230.65125189341592,192.50541117935708,50.0,50.0,144.33756729740645,0.0,26.457513110645905,1075.9685559222135,0.5773502691896258,0.0,9.0,8.0,7.0,1.0,1.0,3.0,1
LRL_2025-12-14_3,23016206,LRL_2025-12-14_3_23016206,9.0,457.0,11.0,29400.0,11.0,9.0,9.0,0.0,0.0,10.0,1260.0,1010.0,0.0,0.0,1560.0,1530.0,100.0,10.0,0.0,0.0,200.0,150.0,1.0,1.0,9.0,457.0,11.0,29400.0,11.0,9.0,9.0,0.0,0.0,10.0,1260.0,1010.0,0.0,0.0,1560.0,1530.0,100.0,10.0,0.0,0.0,200.0,150.0,1.0,1.0,,,,,,,,,,,,,,,,,,,,,,,,,9.0,,,,,1.0,1
LRL_2025-12-14_3,23000425,LRL_2025-12-14_3_23000425,8.0,292.0,12.0,30260.0,8.0,7.0,9.0,0.0,0.0,11.0,1300.0,1380.0,0.0,0.0,1430.0,1495.0,10.0,10.0,0.0,0.0,1500.0,125.0,1.0,0.0,6.333333333333333,365.3333333333333,10.0,32286.666666666668,5.0,6.0,6.333333333333333,1.6666666666666667,0.0,8.0,873.3333333333334,826.6666666666666,200.0,0.0,1446.6666666666667,1848.3333333333333,36.666666666666664,6.666666666666667,116.66666666666667,0.0,633.3333333333334,241.66666666666666,1.0,0.3333333333333333,1.5275252316519465,111.79147254300452,2.0,1800.148142052018,3.605551275463989,3.605551275463989,4.618802153517007,2.886751345948129,0.0,2.6457513110645907,747.6853170507853,729.474696842415,346.41016151377545,0.0,255.40817005987367,856.5239829294526,55.075705472861024,5.773502691896257,202.07259421636903,0.0,765.3975002136689,112.73124382057236,0.0,0.5773502691896258,8.0,6.0,5.0,2.0,1.0,3.0,1
LRL_2025-12-14_4,18001544,LRL_2025-12-14_4_18001544,3.0,143.0,7.0,22700.0,7.0,7.0,0.0,0.0,0.0,5.0,470.0,0.0,0.0,0.0,270.0,500.0,0.0,0.0,0.0,0.0,10.0,100.0,1.0,0.0,3.6666666666666665,106.0,7.333333333333333,24610.0,4.666666666666667,5.666666666666667,3.0,1.3333333333333333,0.0,4.0,743.3333333333334,486.6666666666667,166.66666666666666,0.0,326.6666666666667,785.0,33.333333333333336,6.666666666666667,3.3333333333333335,0.0,170.0,508.3333333333333,1.0,0.0,2.0816659994661326,58.966091951222275,0.5773502691896257,5081.741827365889,2.5166114784235836,2.309401076758503,3.0,2.3094010767585034,0.0,1.0,490.8496035786658,458.2939377008312,288.6751345948129,0.0,153.0795000427338,319.25694980689144,57.735026918962575,5.773502691896258,5.773502691896257,0.0,147.30919862656236,425.9792639710686,0.0,0.0,3.0,2.0,6.0,1.0,-4.0,3.0,1
LRL_2025-12-14_4,21012195,LRL_2025-12-14_4_21012195,3.0,335.0,7.0,18910.0,4.0,1.0,1.0,0.0,0.0,2.0,0.0,0.0,0.0,0.0,10.0,80.0,100.0,10.0,0.0,0.0,300.0,250.0,1.0,0.0,6.0,229.0,9.333333333333334,19556.666666666668,7.0,6.0,6.333333333333333,0.0,0.0,7.333333333333333,536.6666666666666,693.3333333333334,0.0,0.0,883.3333333333334,1045.0,36.666666666666664,6.666666666666667,0.0,0.0,133.33333333333334,100.0,1.0,0.3333333333333333,2.6457513110645907,129.96538000559994,3.214550253664318,1043.0883631473098,2.6457513110645907,4.358898943540674,4.725815626252609,0.0,0.0,5.033222956847166,525.3887449625594,732.7573495594114,0.0,0.0,1051.1580915035252,1179.607985730853,55.075705472861024,5.773502691896258,0.0,0.0,152.75252316519467,132.28756555322954,0.0,0.5773502691896258,3.0,7.0,8.0,-4.0,-1.0,3.0,1
LRL_2025-12-14_4,21013577,LRL_2025-12-14_4_21013577,6.0,57.0,8.0,20760.0,3.0,6.0,6.0,0.0,0.0,6.0,750.0,910.0,0.0,0.0,1250.0,1560.0,50.0,50.0,0.0,0.0,200.0,800.0,1.0,0.0,6.333333333333333,88.0,8.666666666666666,26913.333333333332,4.0,4.666666666666667,5.0,0.0,0.0,6.333333333333333,553.3333333333334,640.0,0.0,0.0,956.6666666666666,1161.6666666666667,53.333333333333336,100.0,0.0,0.0,70.0,275.0,1.0,0.0,4.509249752822894,52.82991576748916,2.0816659994661326,12052.125676963931,1.0,1.5275252316519468,1.7320508075688772,0.0,0.0,4.509249752822894,298.3845393671283,376.4306044943742,0.0,0.0,707.2010558061501,882.6994581018691,45.09249752822894,86.60254037844386,0.0,0.0,112.69427669584645,454.8351349665063,0.0,0.0,6.0,11.0,2.0,-5.0,9.0,3.0,1
LRL_2025-12-14_4,20013447,LRL_2025-12-14_4_20013447,5.0,53.0,10.0,26740.0,9.0,8.0,5.0,0.0,0.0,4.0,620.0,500.0,0.0,0.0,250.0,140.0,10.0,50.0,0.0,0.0,10.0,100.0,0.0,1.0,6.333333333333333,95.0,9.666666666666666,37413.333333333336,6.666666666666667,7.333333333333333,7.333333333333333,0.0,0.0,6.666666666666667,480.0,630.0,0.0,0.0,696.6666666666666,375.0,36.666666666666664,83.33333333333333,0.0,0.0,103.33333333333333,58.333333333333336,0.0,0.6666666666666666,3.214550253664318,37.469987990390386,0.5773502691896255,15346.091793461075,4.041451884327381,1.1547005383792517,2.516611478423583,0.0,0.0,3.0550504633038935,157.1623364550171,306.4310689208912,0.0,0.0,418.6088070422472,248.4451649760969,23.094010767585033,104.08329997330664,0.0,0.0,170.39170558842744,52.04164998665332,0.0,0.5773502691896258,5.0,10.0,4.0,-5.0,6.0,3.0,1
LRL_2025-12-14_4,19022004,LRL_2025-12-14_4_19022004,1.0,44.0,10.0,14600.0,6.0,2.0,0.0,0.0,0.0,1.0,10.0,0.0,0.0,0.0,0.0,0.0,100.0,0.0,0.0,0.0,50.0,10.0,1.0,0.0,2.6666666666666665,52.333333333333336,8.333333333333334,18000.0,5.0,1.6666666666666667,1.3333333333333333,0.0,0.0,2.0,36.666666666666664,100.0,0.0,0.0,216.66666666666666,725.0,116.66666666666667,166.66666666666666,0.0,0.0,233.33333333333334,111.66666666666667,1.0,0.3333333333333333,1.5275252316519468,10.408329997330664,1.5275252316519468,3129.472799050984,2.6457513110645907,0.5773502691896257,1.5275252316519465,0.0,0.0,1.0,55.07570547286102,173.20508075688772,0.0,0.0,225.4624876411447,637.8675411086537,28.867513459481287,246.6441431158124,0.0,0.0,160.7275126832159,163.27379867367983,0.0,0.5773502691896258,1.0,3.0,4.0,-2.0,-1.0,3.0,1
LRL_2025-12-14_4,21004662,LRL_2025-12-14_4_21004662,4.0,192.0,8.0,19140.0,3.0,3.0,3.0,3.0,0.0,5.0,110.0,150.0,550.0,0.0,900.0,1330.0,150.0,10.0,10.0,0.0,600.0,50.0,1.0,0.0,7.333333333333333,404.6666666666667,8.666666666666666,25053.333333333332,7.0,4.333333333333333,5.0,3.6666666666666665,0.0,7.333333333333333,403.3333333333333,440.0,440.0,0.0,1230.0,1920.0,183.33333333333334,103.33333333333333,3.3333333333333335,0.0,266.6666666666667,16.666666666666668,0.3333333333333333,0.3333333333333333,3.0550504633038935,239.43544711118557,1.1547005383792515,5494.154469373185,3.605551275463989,2.3094010767585034,1.7320508075688772,4.041451884327381,0.0,2.081665999466133,295.01412395567326,262.10684844162313,396.6106403010388,0.0,335.1119216023208,585.064099052403,28.867513459481287,80.82903768654761,5.773502691896258,0.0,305.50504633038935,28.867513459481287,0.5773502691896258,0.5773502691896258,4.0,10.0,8.0,-6.0,2.0,3.0,1
LRL_2025-12-14_4,20004769,LRL_2025-12-14_4_20004769,7.0,123.0,7.0,18910.0,6.0,5.0,6.0,0.0,0.0,7.0,260.0,610.0,0.0,0.0,880.0,1930.0,50.0,150.0,0.0,0.0,0.0,0.0,1.0,0.0,5.333333333333333,124.66666666666667,9.333333333333334,23816.666666666668,7.333333333333333,5.666666666666667,5.666666666666667,0.0,0.0,5.333333333333333,626.6666666666666,643.3333333333334,0.0,0.0,680.0,870.0,36.666666666666664,166.66666666666666,0.0,0.0,20.0,43.333333333333336,0.6666666666666666,0.6666666666666666,1.5275252316519465,69.51498639382255,2.0816659994661326,4256.645784339276,1.5275252316519465,0.5773502691896257,0.5773502691896258,0.0,0.0,2.0816659994661326,320.05207909547056,152.75252316519467,0.0,0.0,329.24155266308657,936.4427371708321,23.094010767585033,28.867513459481287,0.0,0.0,26.457513110645905,70.76957915187381,0.5773502691896258,0.5773502691896258,7.0,5.0,4.0,2.0,1.0,3.0,1
LRL_2025-12-14_5,21002357,LRL_2025-12-14_5_21002357,3.0,142.0,7.0,30950.0,3.0,4.0,5.0,0.0,0.0,3.0,250.0,400.0,0.0,0.0,210.0,500.0,150.0,150.0,0.0,0.0,200.0,225.0,1.0,0.0,3.6666666666666665,149.0,7.0,36783.333333333336,3.0,4.0,5.0,0.0,0.0,4.0,333.3333333333333,516.6666666666666,0.0,0.0,340.0,501.6666666666667,183.33333333333334,53.333333333333336,0.0,0.0,183.33333333333334,166.66666666666666,1.0,0.3333333333333333,3.0550504633038935,137.63357148602952,0.0,7541.9383008171935,1.0,1.0,2.0,0.0,0.0,2.6457513110645907,76.37626158259734,292.97326385411577,0.0,0.0,372.42448899072144,502.5020729642151,104.08329997330664,83.86497083606082,0.0,0.0,175.59422921421233,146.48663192705789,0.0,0.5773502691896258,3.0,7.0,1.0,-4.0,6.0,3.0,1
LRL_2025-12-14_5,22001067,LRL_2025-12-14_5_22001067,6.0,95.0,7.0,30950.0,1.0,7.0,7.0,0.0,0.0,6.0,900.0,750.0,0.0,0.0,1010.0,1800.0,0.0,0.0,0.0,0.0,10.0,150.0,1.0,0.0,5.0,126.33333333333333,7.333333333333333,33750.0,2.0,6.666666666666667,5.333333333333333,0.0,0.0,4.333333333333333,556.6666666666666,486.6666666666667,0.0,0.0,623.3333333333334,788.3333333333334,3.3333333333333335,83.33333333333333,0.0,0.0,23.333333333333332,316.6666666666667,1.0,0.6666666666666666,1.7320508075688772,37.58102358017053,0.5773502691896258,10435.636061112902,1.7320508075688772,0.5773502691896258,1.5275252316519465,0.0,0.0,1.5275252316519465,318.79983270593686,300.055550412475,0.0,0.0,355.71524191877603,884.6515321488644,5.773502691896257,76.37626158259734,0.0,0.0,23.094010767585033,246.64414311581237,0.0,0.5773502691896258,6.0,6.0,3.0,0.0,3.0,3.0,1
LRL_2025-12-14_5,22002328,LRL_2025-12-14_5_22002328,2.0,12.0,8.0,24050.0,7.0,2.0,2.0,0.0,0.0,2.0,200.0,200.0,0.0,0.0,200.0,300.0,50.0,50.0,0.0,0.0,10.0,100.0,1.0,1.0,2.3333333333333335,37.333333333333336,7.333333333333333,24710.0,4.0,2.3333333333333335,2.6666666666666665,0.0,0.0,2.3333333333333335,220.0,203.33333333333334,0.0,0.0,203.33333333333334,391.6666666666667,83.33333333333333,86.66666666666667,0.0,0.0,136.66666666666666,333.3333333333333,1.0,1.0,0.5773502691896258,27.75487945088815,1.1547005383792517,873.0979326513149,3.0,0.5773502691896257,1.1547005383792515,0.0,0.0,0.5773502691896258,81.8535277187245,5.77350269189626,0.0,0.0,95.04384952922167,137.68926368215256,57.735026918962575,100.16652800877813,0.0,0.0,109.6965511460289,284.31203515386636,0.0,0.0,2.0,3.0,2.0,-1.0,1.0,3.0,1
LRL_2025-12-14_5,22013360,LRL_2025-12-14_5_22013360,1.0,33.0,6.0,34050.0,1.0,3.0,2.0,0.0,0.0,2.0,210.0,200.0,0.0,0.0,150.0,0.0,50.0,10.0,0.0,0.0,50.0,175.0,1.0,1.0,3.3333333333333335,90.66666666666667,7.333333333333333,38733.333333333336,4.666666666666667,4.0,3.6666666666666665,0.0,0.0,3.6666666666666665,326.6666666666667,310.0,0.0,0.0,390.0,716.6666666666666,103.33333333333333,120.0,0.0,0.0,86.66666666666667,116.66666666666667,0.6666666666666666,0.3333333333333333,2.0816659994661326,95.58416884261396,1.1547005383792517,8025.32450018897,3.214550253664318,1.7320508075688772,2.0816659994661326,0.0,0.0,2.0816659994661326,255.7994005726623,190.5255888325765,0.0,0.0,216.33307652783935,644.85140407177,128.58201014657274,98.48857801796105,0.0,0.0,100.16652800877813,52.04164998665332,0.5773502691896258,0.5773502691896258,1.0,4.0,5.0,-3.0,-1.0,3.0,1
LRL_2025-12-14_5,22005591,LRL_2025-12-14_5_22005591,5.0,661.0,9.0,100000.0,2.0,9.0,9.0,0.0,0.0,8.0,1160.0,870.0,0.0,0.0,800.0,425.0,0.0,0.0,0.0,0.0,250.0,5.0,1.0,0.0,3.6666666666666665,281.0,7.666666666666667,59800.0,4.666666666666667,6.333333333333333,4.0,0.0,0.0,5.666666666666667,923.3333333333334,343.3333333333333,0.0,0.0,633.3333333333334,603.3333333333334,50.0,66.66666666666667,0.0,0.0,86.66666666666667,210.0,1.0,0.0,2.3094010767585034,329.2126972034949,1.1547005383792517,35311.4574182375,2.309401076758503,3.0550504633038935,4.58257569495584,0.0,0.0,3.214550253664318,676.7815994346577,463.0694692304097,0.0,0.0,520.4164998665332,709.5127436017857,86.60254037844386,115.47005383792515,0.0,0.0,141.53915830374763,177.97471730557686,0.0,0.0,5.0,1.0,5.0,4.0,-4.0,3.0,1
LRL_2025-12-14_5,22003414,LRL_2025-12-14_5_22003414,2.0,8.0,7.0,30950.0,7.0,5.0,4.0,0.0,0.0,1.0,400.0,300.0,0.0,0.0,0.0,300.0,200.0,100.0,0.0,0.0,10.0,200.0,1.0,0.0,2.6666666666666665,16.0,7.333333333333333,38283.333333333336,4.0,3.6666666666666665,4.0,1.3333333333333333,0.0,3.0,333.3333333333333,286.6666666666667,100.0,0.0,226.66666666666666,491.6666666666667,103.33333333333333,116.66666666666667,50.0,0.0,103.33333333333333,191.66666666666666,0.6666666666666666,0.0,1.1547005383792517,11.357816691600547,1.5275252316519465,6352.62412970682,3.0,1.1547005383792515,0.0,2.3094010767585034,0.0,1.7320508075688772,160.7275126832159,120.55427546683417,173.20508075688772,0.0,333.8163167571851,586.4796103304302,95.04384952922169,28.867513459481287,86.60254037844386,0.0,80.82903768654761,38.18813079129866,0.5773502691896258,0.0,2.0,2.0,4.0,0.0,-2.0,3.0,1
LRL_2025-12-14_5,22006659,LRL_2025-12-14_5_22006659,1.0,38.0,8.0,56000.0,7.0,5.0,4.0,0.0,0.0,2.0,260.0,250.0,0.0,0.0,300.0,0.0,10.0,50.0,0.0,0.0,10.0,25.0,0.0,0.0,3.3333333333333335,86.0,9.333333333333334,77000.0,5.333333333333333,3.0,2.6666666666666665,0.0,0.0,2.6666666666666665,136.66666666666666,136.66666666666666,0.0,0.0,156.66666666666666,258.3333333333333,70.0,100.0,0.0,0.0,70.0,133.33333333333334,0.3333333333333333,0.0,2.0816659994661326,75.47847375245475,1.1547005383792515,18186.53347947321,2.8867513459481287,2.0,1.5275252316519465,0.0,0.0,2.0816659994661326,130.51181300301263,126.62279942148388,0.0,0.0,150.44378795195678,372.23424524529355,72.11102550927978,50.0,0.0,0.0,72.11102550927978,101.03629710818451,0.5773502691896258,0.0,1.0,5.0,4.0,-4.0,1.0,3.0,1
LRL_2025-12-14_6,23016656,LRL_2025-12-14_6_23016656,3.0,22.0,9.0,31950.0,2.0,2.0,2.0,0.0,0.0,1.0,150.0,10.0,0.0,0.0,0.0,275.0,10.0,10.0,0.0,0.0,50.0,325.0,0.0,1.0,3.0,59.0,9.333333333333334,46021.666666666664,2.3333333333333335,3.3333333333333335,3.3333333333333335,0.0,0.0,2.0,203.33333333333334,126.66666666666667,0.0,0.0,153.33333333333334,325.0,56.666666666666664,90.0,0.0,0.0,23.333333333333332,233.33333333333334,0.0,1.0,0.0,52.43090691567332,0.5773502691896258,12340.26573187682,1.5275252316519468,3.214550253664318,3.214550253664318,0.0,0.0,1.7320508075688772,234.5918441321721,210.7921567168317,0.0,0.0,265.5811238272278,66.14378277661477,80.82903768654761,138.5640646055102,0.0,0.0,23.094010767585033,80.36375634160797,0.0,0.0,3.0,3.0,3.0,0.0,0.0,3.0,1
LRL_2025-12-14_6,23000429,LRL_2025-12-14_6_23000429,10.0,354.0,10.0,70000.0,3.0,10.0,10.0,0.0,0.0,10.0,1070.0,1420.0,0.0,0.0,1110.0,1010.0,0.0,0.0,0.0,0.0,0.0,0.0,0.0,1.0,6.333333333333333,201.66666666666666,8.0,58978.333333333336,4.666666666666667,7.666666666666667,6.0,0.0,0.0,6.666666666666667,963.3333333333334,913.3333333333334,0.0,0.0,1026.6666666666667,1213.3333333333333,233.33333333333334,0.0,0.0,0.0,66.66666666666667,300.0,0.6666666666666666,0.6666666666666666,3.214550253664318,141.9870886148925,2.0,9667.28546869975,1.5275252316519465,2.5166114784235836,5.291502622129181,0.0,0.0,3.0550504633038935,420.2776859807493,792.5486315257464,0.0,0.0,104.08329997330664,877.8430003897812,404.145188432738,0.0,0.0,0.0,76.37626158259734,435.88989435406734,0.5773502691896258,0.5773502691896258,10.0,5.0,4.0,5.0,1.0,3.0,1
LRL_2025-12-14_6,23004717,LRL_2025-12-14_6_23004717,4.0,54.0,9.0,32400.0,5.0,8.0,7.0,0.0,0.0,5.0,720.0,1210.0,0.0,0.0,710.0,530.0,400.0,200.0,0.0,0.0,100.0,200.0,1.0,0.0,3.0,36.666666666666664,9.333333333333334,31833.333333333332,5.666666666666667,6.0,4.0,0.0,0.0,3.3333333333333335,543.3333333333334,503.3333333333333,0.0,0.0,453.3333333333333,560.0,203.33333333333334,136.66666666666666,0.0,0.0,116.66666666666667,208.33333333333334,1.0,0.0,1.0,23.43786110832926,1.5275252316519465,2205.296654269745,1.1547005383792515,2.0,2.6457513110645907,0.0,0.0,1.5275252316519468,288.84828774519906,620.1075175591192,0.0,0.0,223.6813209307682,152.2333734763833,195.02136635080097,109.6965511460289,0.0,0.0,28.867513459481287,14.43375672974064,0.0,0.0,4.0,2.0,3.0,2.0,-1.0,3.0,1
LRL_2025-12-14_6,23002970,LRL_2025-12-14_6_23002970,5.0,85.0,8.0,49410.0,6.0,8.0,5.0,0.0,0.0,5.0,1010.0,750.0,0.0,0.0,950.0,1460.0,0.0,150.0,0.0,0.0,350.0,700.0,1.0,0.0,6.0,70.0,9.333333333333334,43770.0,3.6666666666666665,8.666666666666666,7.333333333333333,3.3333333333333335,0.0,6.333333333333333,1140.0,873.3333333333334,400.0,0.0,1203.3333333333333,1520.0,83.33333333333333,170.0,0.0,0.0,200.0,383.3333333333333,0.6666666666666666,0.0,3.605551275463989,14.106735979665885,1.1547005383792515,9415.927994626976,2.0816659994661326,1.1547005383792517,2.081665999466133,5.773502691896257,0.0,3.2145502536643185,183.5755975068582,213.61959960016154,692.8203230275509,0.0,714.5161533046914,1126.1993606817578,144.33756729740642,170.88007490635061,0.0,0.0,180.27756377319946,354.7299442298794,0.5773502691896258,0.0,5.0,3.0,10.0,2.0,-7.0,3.0,1
LRL_2025-12-14_6,23009121,LRL_2025-12-14_6_23009121,,,,,,,,,,,,,,,,,,,,,,,,,,,,,,,,,,,,,,,,,,,,,,,,,,,,,,,,,,,,,,,,,,,,,,,,,,,,,,0.0,0
LRL_2025-12-14_6,23012748,LRL_2025-12-14_6_23012748,6.0,10.0,9.0,32400.0,9.0,5.0,4.0,0.0,0.0,3.0,410.0,650.0,0.0,0.0,550.0,1030.0,10.0,400.0,0.0,0.0,10.0,250.0,1.0,0.0,6.666666666666667,342.3333333333333,9.0,61338.333333333336,6.666666666666667,4.0,3.6666666666666665,0.0,0.0,4.0,240.0,323.3333333333333,0.0,0.0,520.0,1173.3333333333333,186.66666666666666,320.0,0.0,0.0,70.0,100.0,1.0,0.0,2.0816659994661326,303.239729147309,0.0,35534.94629703742,2.081665999466133,1.0,0.5773502691896257,0.0,0.0,1.7320508075688772,175.2141546793523,282.9016319029166,0.0,0.0,108.16653826391968,190.87517736293879,197.56855350316593,278.74719729532706,0.0,0.0,72.11102550927978,132.28756555322954,0.0,0.0,6.0,5.0,9.0,1.0,-4.0,3.0,1
LRL_2025-12-14_6,23015826,LRL_2025-12-14_6_23015826,2.0,71.0,12.0,30260.0,2.0,9.0,10.0,0.0,0.0,7.0,1360.0,1390.0,0.0,0.0,1160.0,1200.0,50.0,10.0,0.0,0.0,10.0,50.0,1.0,1.0,2.0,90.0,9.5,29010.0,2.5,8.0,8.0,0.0,0.0,5.5,1110.0,1175.0,0.0,0.0,910.0,987.5,25.0,10.0,0.0,0.0,105.0,27.5,1.0,0.5,0.0,26.870057685088806,3.5355339059327378,1767.7669529663688,0.7071067811865476,1.4142135623730951,2.8284271247461903,0.0,0.0,2.1213203435596424,353.5533905932738,304.05591591021545,0.0,0.0,353.5533905932738,300.5203820042827,35.35533905932738,0.0,0.0,0.0,134.35028842544403,31.81980515339464,0.0,0.7071067811865476,2.0,2.0,,0.0,,2.0,1
LRL_2025-12-14_7,22003776,LRL_2025-12-14_7_22003776,1.0,25.0,7.0,47500.0,4.0,1.0,2.0,1.0,0.0,1.0,0.0,10.0,0.0,0.0,0.0,0.0,10.0,350.0,150.0,0.0,450.0,200.0,1.0,0.0,3.0,59.333333333333336,8.666666666666666,59833.0,3.0,6.0,5.333333333333333,0.3333333333333333,0.0,3.3333333333333335,370.0,406.6666666666667,0.0,0.0,483.3333333333333,458.3333333333333,370.0,316.6666666666667,50.0,0.0,233.33333333333334,245.0,1.0,0.3333333333333333,2.6457513110645907,32.65475973473596,2.081665999466133,20929.863043030167,1.7320508075688772,4.58257569495584,3.5118845842842465,0.5773502691896258,0.0,3.2145502536643185,347.7067730142742,395.01054838236075,0.0,0.0,596.5176722724427,438.98557303553076,345.9768778401239,251.6611478423583,86.60254037844386,0.0,189.29694486000912,260.43233286210835,0.0,0.5773502691896258,1.0,2.0,6.0,-1.0,-4.0,3.0,1
LRL_2025-12-14_7,20011903,LRL_2025-12-14_7_20011903,5.0,34.0,7.0,69000.0,5.0,4.0,4.0,0.0,0.0,5.0,460.0,600.0,0.0,0.0,1050.0,1525.0,200.0,350.0,0.0,0.0,250.0,225.0,1.0,0.0,4.0,23.666666666666668,7.333333333333333,73666.66666666667,4.0,2.3333333333333335,2.0,0.0,0.0,3.3333333333333335,156.66666666666666,200.0,0.0,0.0,483.3333333333333,991.6666666666666,133.33333333333334,153.33333333333334,0.0,0.0,253.33333333333334,258.3333333333333,1.0,0.0,2.6457513110645907,13.79613472438325,0.5773502691896258,26312.227829154515,1.7320508075688772,1.5275252316519468,1.7320508075688772,0.0,0.0,2.0816659994661326,262.7419519858474,346.41016151377545,0.0,0.0,529.9371031861549,859.6268570335233,57.735026918962575,176.16280348965083,0.0,0.0,245.01700621249404,251.6611478423583,0.0,0.0,5.0,6.0,1.0,-1.0,5.0,3.0,1
LRL_2025-12-14_7,22010639,LRL_2025-12-14_7_22010639,1.0,16.0,4.0,29000.0,2.0,4.0,3.0,0.0,0.0,3.0,160.0,60.0,0.0,0.0,20.0,0.0,0.0,100.0,0.0,0.0,10.0,50.0,1.0,0.0,1.3333333333333333,21.666666666666668,5.0,29333.333333333332,4.0,3.6666666666666665,3.0,0.0,0.0,2.6666666666666665,206.66666666666666,90.0,0.0,0.0,123.33333333333333,158.33333333333334,183.33333333333334,40.0,0.0,0.0,40.0,36.666666666666664,1.0,0.0,0.5773502691896257,10.692676621563628,1.0,577.3502691896263,2.0,1.5275252316519468,0.0,0.0,0.0,0.5773502691896257,50.33222956847167,26.457513110645905,0.0,0.0,153.7313674346694,274.24137786507225,275.3785273643051,51.96152422706632,0.0,0.0,51.96152422706632,23.09401076758503,0.0,0.0,1.0,2.0,1.0,-1.0,1.0,3.0,1
LRL_2025-12-14_7,22001496,LRL_2025-12-14_7_22001496,1.0,89.0,7.0,31850.0,6.0,3.0,3.0,0.0,0.0,3.0,250.0,410.0,0.0,0.0,310.0,0.0,150.0,50.0,0.0,0.0,250.0,125.0,1.0,1.0,5.0,400.0,7.666666666666667,44496.666666666664,4.666666666666667,4.333333333333333,4.0,0.0,0.0,5.0,356.6666666666667,506.6666666666667,0.0,0.0,810.0,778.3333333333334,283.3333333333333,66.66666666666667,0.0,0.0,200.0,225.0,0.6666666666666666,0.3333333333333333,4.0,274.0273708956826,2.0816659994661326,11102.523737120913,2.3094010767585034,3.2145502536643185,2.6457513110645907,0.0,0.0,2.6457513110645907,410.52811515575075,268.3902631120089,0.0,0.0,563.1163290120435,701.0052306034053,125.83057392117917,28.867513459481287,0.0,0.0,86.60254037844386,195.25624189766637,0.5773502691896258,0.5773502691896258,1.0,5.0,9.0,-4.0,-4.0,3.0,1
LRL_2025-12-14_7,22003953,LRL_2025-12-14_7_22003953,6.0,16.0,6.0,35000.0,4.0,1.0,1.0,2.0,0.0,4.0,0.0,0.0,50.0,0.0,850.0,1680.0,100.0,200.0,10.0,0.0,200.0,0.0,1.0,0.0,5.333333333333333,28.333333333333332,6.666666666666667,48350.0,4.666666666666667,4.666666666666667,5.0,4.333333333333333,0.0,4.666666666666667,226.66666666666666,256.6666666666667,340.0,0.0,950.0,1396.6666666666667,50.0,66.66666666666667,70.0,0.0,266.6666666666667,375.0,1.0,0.0,0.5773502691896257,15.69500982265807,1.1547005383792515,11561.466169997644,1.1547005383792515,3.214550253664318,3.605551275463989,2.081665999466133,0.0,0.5773502691896257,198.57828011475306,234.5918441321721,252.38858928247924,0.0,100.0,266.8957349478132,50.0,115.47005383792515,51.96152422706632,0.0,208.16659994661327,627.9928343540236,0.0,0.0,6.0,5.0,5.0,1.0,0.0,3.0,1
LRL_2025-12-14_7,21011854,LRL_2025-12-14_7_21011854,3.0,16.0,6.0,31700.0,3.0,6.0,6.0,0.0,0.0,5.0,750.0,610.0,0.0,0.0,170.0,150.0,0.0,0.0,0.0,0.0,100.0,125.0,1.0,0.0,3.3333333333333335,73.33333333333333,6.0,59233.333333333336,4.333333333333333,6.0,6.0,0.0,0.0,5.333333333333333,706.6666666666666,643.3333333333334,0.0,0.0,433.3333333333333,266.6666666666667,0.0,0.0,0.0,0.0,66.66666666666667,108.33333333333333,1.0,0.0,1.5275252316519468,61.92199393861064,1.0,36021.7064189543,1.5275252316519465,1.0,1.0,0.0,0.0,1.5275252316519465,426.6536456346451,490.8496035786658,0.0,0.0,380.83242158898884,202.07259421636903,0.0,0.0,0.0,0.0,57.735026918962575,76.37626158259734,0.0,0.0,3.0,5.0,2.0,-2.0,3.0,3.0,1
LRL_2025-12-14_8,20015226,LRL_2025-12-14_8_20015226,4.0,161.0,7.0,30950.0,2.0,6.0,6.0,0.0,0.0,5.0,600.0,550.0,0.0,0.0,610.0,725.0,300.0,200.0,0.0,0.0,400.0,250.0,1.0,0.0,6.0,284.3333333333333,7.333333333333333,34900.0,2.6666666666666665,5.666666666666667,5.666666666666667,2.6666666666666665,0.0,6.333333333333333,556.6666666666666,473.3333333333333,176.66666666666666,0.0,846.6666666666666,1156.6666666666667,183.33333333333334,83.33333333333333,66.66666666666667,0.0,233.33333333333334,408.3333333333333,0.6666666666666666,0.0,2.6457513110645907,178.4862272931257,1.5275252316519465,5996.457287432305,2.0816659994661326,0.5773502691896257,0.5773502691896257,4.618802153517007,0.0,2.309401076758503,228.10816147900832,70.94598884597586,305.9956426705017,0.0,289.88503468329185,380.79959733872266,160.7275126832159,104.08329997330664,115.47005383792515,0.0,208.16659994661327,506.4171534746166,0.5773502691896258,0.0,4.0,9.0,5.0,-5.0,4.0,3.0,1
LRL_2025-12-14_8,22009607,LRL_2025-12-14_8_22009607,2.0,75.0,9.0,31950.0,9.0,9.0,9.0,7.0,0.0,2.0,1510.0,1160.0,480.0,0.0,250.0,375.0,0.0,0.0,50.0,0.0,50.0,150.0,0.0,0.0,3.0,45.666666666666664,7.666666666666667,37316.666666666664,5.666666666666667,5.666666666666667,5.333333333333333,3.6666666666666665,0.0,2.6666666666666665,790.0,886.6666666666666,280.0,0.0,450.0,608.3333333333334,50.0,50.0,33.333333333333336,0.0,36.666666666666664,233.33333333333334,0.3333333333333333,0.3333333333333333,1.0,25.482019804821856,1.5275252316519468,7124.66373475502,2.886751345948129,2.886751345948129,3.214550253664318,3.5118845842842465,0.0,1.1547005383792517,661.2110101926615,464.7938611183816,249.79991993593592,0.0,304.138126514911,448.14432199162513,50.0,50.0,28.867513459481287,0.0,23.094010767585033,123.3220715579062,0.5773502691896258,0.5773502691896258,2.0,3.0,4.0,-1.0,-1.0,3.0,1
LRL_2025-12-14_8,22000246,LRL_2025-12-14_8_22000246,7.0,188.0,7.0,30950.0,6.0,2.0,3.0,0.0,0.0,7.0,100.0,250.0,0.0,0.0,1020.0,1950.0,100.0,50.0,0.0,0.0,0.0,0.0,1.0,0.0,5.0,137.33333333333334,6.333333333333333,34283.333333333336,4.0,3.3333333333333335,3.6666666666666665,2.6666666666666665,0.0,5.0,190.0,240.0,333.3333333333333,0.0,993.3333333333334,1583.3333333333333,66.66666666666667,66.66666666666667,233.33333333333334,0.0,183.33333333333334,425.0,1.0,0.0,1.7320508075688772,104.64384039843593,1.1547005383792515,10456.377639189075,2.6457513110645907,1.5275252316519465,1.1547005383792517,2.3094010767585034,0.0,1.7320508075688772,79.37253933193772,65.57438524302,292.97326385411577,0.0,83.26663997864533,351.1884584284246,57.735026918962575,76.37626158259734,251.66114784235833,0.0,160.7275126832159,467.0385423067351,0.0,0.0,7.0,4.0,4.0,3.0,0.0,3.0,1
LRL_2025-12-14_8,22017992,LRL_2025-12-14_8_22017992,1.0,85.0,11.0,24560.0,11.0,5.0,4.0,4.0,0.0,3.0,120.0,360.0,560.0,0.0,250.0,0.0,450.0,100.0,250.0,0.0,400.0,225.0,1.0,0.0,4.666666666666667,156.33333333333334,9.666666666666666,25200.0,6.333333333333333,6.0,6.0,5.666666666666667,0.0,5.333333333333333,660.0,640.0,706.6666666666666,0.0,686.6666666666666,355.0,183.33333333333334,100.0,100.0,0.0,216.66666666666666,91.66666666666667,0.3333333333333333,0.0,3.511884584284246,109.16195918603391,1.5275252316519465,746.4583042608609,5.033222956847166,1.7320508075688772,2.0,2.0816659994661326,0.0,2.5166114784235836,566.6568626602875,362.9049462324811,220.3028218914441,0.0,583.9805932848568,404.2585806139432,236.2907813126304,100.0,132.28756555322954,0.0,202.07259421636903,118.1453906563152,0.5773502691896258,0.0,1.0,5.0,8.0,-4.0,-3.0,3.0,1
LRL_2025-12-14_8,22002372,LRL_2025-12-14_8_22002372,2.0,61.0,12.0,29900.0,2.0,9.0,8.0,9.0,0.0,6.0,1560.0,1760.0,1620.0,0.0,560.0,325.0,300.0,10.0,150.0,0.0,10.0,25.0,0.0,0.0,2.6666666666666665,76.33333333333333,9.0,31976.666666666668,4.0,7.0,6.0,4.666666666666667,0.0,4.0,810.0,793.3333333333334,576.6666666666666,0.0,353.3333333333333,200.0,103.33333333333333,106.66666666666667,166.66666666666666,0.0,240.0,433.3333333333333,0.3333333333333333,0.3333333333333333,2.0816659994661326,82.08126054912493,2.6457513110645907,7212.810363050822,3.4641016151377544,2.0,1.7320508075688772,4.041451884327381,0.0,2.6457513110645907,650.0,837.2176140844944,905.2255704150946,0.0,307.4627348693388,175.0,170.39170558842744,167.43157806499147,125.83057392117915,0.0,398.37168574084177,707.2540797572916,0.5773502691896258,0.5773502691896258,2.0,1.0,5.0,1.0,-4.0,3.0,1
LRL_2025-12-14_8,21019222,LRL_2025-12-14_8_21019222,7.0,170.0,9.0,42100.0,8.0,4.0,3.0,3.0,0.0,2.0,460.0,300.0,250.0,0.0,50.0,560.0,200.0,100.0,50.0,0.0,10.0,175.0,0.0,0.0,6.333333333333333,240.33333333333334,8.0,61023.333333333336,7.666666666666667,3.6666666666666665,3.3333333333333335,3.0,0.0,2.6666666666666665,426.6666666666667,320.0,170.0,0.0,186.66666666666666,488.3333333333333,183.33333333333334,166.66666666666666,133.33333333333334,0.0,70.0,241.66666666666666,0.0,0.6666666666666666,0.5773502691896257,152.2180453603755,1.0,25483.41879209564,0.5773502691896257,1.5275252316519468,1.5275252316519465,1.0,0.0,0.5773502691896258,401.0403138505322,320.4684071792413,138.5640646055102,0.0,228.10816147900834,137.32564703409676,28.867513459481295,76.37626158259734,104.08329997330664,0.0,72.11102550927978,160.7275126832159,0.0,0.5773502691896258,7.0,6.0,6.0,1.0,0.0,3.0,1
LRL_2025-12-19_1,23006366,LRL_2025-12-19_1_23006366,4.0,118.0,7.0,45500.0,1.0,5.0,5.0,0.0,0.0,6.0,400.0,660.0,0.0,0.0,760.0,1125.0,50.0,10.0,0.0,0.0,1500.0,200.0,1.0,0.0,3.3333333333333335,96.66666666666667,8.333333333333334,50085.0,4.333333333333333,3.6666666666666665,3.6666666666666665,0.0,0.0,3.6666666666666665,270.0,343.3333333333333,0.0,0.0,356.6666666666667,558.3333333333334,150.0,56.666666666666664,0.0,0.0,586.6666666666666,233.33333333333334,0.3333333333333333,0.6666666666666666,1.1547005383792517,37.81974792794544,1.5275252316519468,4570.073850606793,4.163331998932265,1.5275252316519465,1.1547005383792515,0.0,0.0,2.0816659994661326,191.57244060668017,275.3785273643051,0.0,0.0,378.19747927945434,513.1601439446885,100.0,80.82903768654761,0.0,0.0,800.020833062073,104.08329997330664,0.5773502691896258,0.5773502691896258,4.0,4.0,2.0,0.0,2.0,3.0,1
LRL_2025-12-19_1,23015894,LRL_2025-12-19_1_23015894,7.0,327.0,9.0,48500.0,1.0,5.0,3.0,0.0,0.0,5.0,610.0,1100.0,0.0,0.0,950.0,1100.0,50.0,10.0,0.0,0.0,50.0,1775.0,1.0,0.0,7.0,182.0,9.666666666666666,48871.666666666664,6.333333333333333,6.0,4.333333333333333,1.6666666666666667,0.0,6.0,496.6666666666667,540.0,90.0,0.0,760.0,821.6666666666666,133.33333333333334,123.33333333333333,16.666666666666668,0.0,70.0,825.0,0.6666666666666666,0.0,2.0,135.72398461583714,1.1547005383792515,2577.6749859773495,4.725815626252608,1.0,2.3094010767585034,2.886751345948129,0.0,1.0,102.63202878893769,488.67166891482464,155.88457268119896,0.0,226.0530911091463,287.9380720455934,104.08329997330664,196.29909152447277,28.867513459481287,0.0,72.11102550927978,822.7241335952167,0.5773502691896258,0.0,7.0,9.0,5.0,-2.0,4.0,3.0,1
LRL_2025-12-19_1,23006203,LRL_2025-12-19_1_23006203,3.0,28.0,7.0,31850.0,6.0,2.0,2.0,0.0,0.0,3.0,10.0,200.0,0.0,0.0,160.0,875.0,10.0,10.0,0.0,0.0,600.0,50.0,1.0,0.0,3.6666666666666665,152.0,9.333333333333334,38466.666666666664,5.666666666666667,2.3333333333333335,3.0,0.0,0.0,4.0,90.0,226.66666666666666,0.0,0.0,213.33333333333334,658.3333333333334,53.333333333333336,70.0,0.0,0.0,270.0,141.66666666666666,0.6666666666666666,0.3333333333333333,2.0816659994661326,173.28589094326173,2.5166114784235836,7427.033952617515,4.509249752822894,1.5275252316519468,1.0,0.0,0.0,1.0,147.30919862656236,181.47543451754933,0.0,0.0,83.86497083606082,375.2776749732567,45.09249752822894,72.11102550927978,0.0,0.0,301.16440692751195,180.8544534517559,0.5773502691896258,0.5773502691896258,3.0,2.0,6.0,1.0,-4.0,3.0,1
LRL_2025-12-19_1,23017289,LRL_2025-12-19_1_23017289,,,,,,,,,,,,,,,,,,,,,,,,,,,,,,,,,,,,,,,,,,,,,,,,,,,,,,,,,,,,,,,,,,,,,,,,,,,,,,0.0,0
LRL_2025-12-19_1,23009571,LRL_2025-12-19_1_23009571,6.0,69.0,9.0,48500.0,2.0,1.0,2.0,0.0,0.0,2.0,0.0,100.0,0.0,0.0,500.0,950.0,10.0,1000.0,0.0,0.0,150.0,150.0,1.0,0.0,5.666666666666667,134.66666666666666,7.666666666666667,51166.666666666664,3.0,1.6666666666666667,2.3333333333333335,2.3333333333333335,0.0,4.333333333333333,36.666666666666664,56.666666666666664,273.3333333333333,0.0,936.6666666666666,3293.3333333333335,23.333333333333332,403.3333333333333,0.0,0.0,283.3333333333333,716.6666666666666,1.0,0.0,1.5275252316519468,141.4366760544567,1.1547005383792517,7847.504911329034,2.6457513110645907,1.1547005383792517,0.5773502691896258,4.041451884327381,0.0,2.516611478423583,63.50852961085884,45.09249752822895,473.42722073549317,0.0,705.0059101407118,3369.645134629659,23.094010767585033,525.3887449625594,0.0,0.0,368.55573979159965,1113.9269874337965,0.0,0.0,6.0,7.0,4.0,-1.0,3.0,3.0,1
LRL_2025-12-19_1,23006091,LRL_2025-12-19_1_23006091,,,,,,,,,,,,,,,,,,,,,,,,,,,,,,,,,,,,,,,,,,,,,,,,,,,,,,,,,,,,,,,,,,,,,,,,,,,,,,0.0,0
LRL_2025-12-19_1,23003648,LRL_2025-12-19_1_23003648,,,,,,,,,,,,,,,,,,,,,,,,,,,,,,,,,,,,,,,,,,,,,,,,,,,,,,,,,,,,,,,,,,,,,,,,,,,,,,0.0,0
LRL_2025-12-19_2,21004535,LRL_2025-12-19_2_21004535,7.0,32.0,7.0,30370.0,3.0,7.0,7.0,0.0,0.0,7.0,,,0.0,0.0,,,,,0.0,0.0,,,1.0,1.0,3.6666666666666665,17.666666666666668,5.333333333333333,33280.0,2.3333333333333335,3.0,3.0,0.0,0.0,3.3333333333333335,0.0,0.0,0.0,0.0,5.0,102.5,105.0,300.0,0.0,0.0,400.0,200.0,0.6666666666666666,0.3333333333333333,3.0550504633038935,12.42309676905615,1.5275252316519465,12981.960560716552,1.1547005383792515,3.4641016151377544,3.4641016151377544,0.0,0.0,3.214550253664318,0.0,0.0,0.0,0.0,7.0710678118654755,144.95689014324225,134.35028842544403,212.13203435596427,0.0,0.0,282.842712474619,247.48737341529164,0.5773502691896258,0.5773502691896258,7.0,3.0,1.0,4.0,2.0,3.0,1
LRL_2025-12-19_2,22018034,LRL_2025-12-19_2_22018034,8.0,224.0,9.0,49500.0,8.0,1.0,4.0,0.0,0.0,8.0,0.0,410.0,0.0,0.0,1260.0,1125.0,10.0,200.0,0.0,0.0,150.0,150.0,1.0,0.0,3.6666666666666665,89.66666666666667,9.666666666666666,36006.666666666664,6.0,1.0,2.0,0.0,0.0,3.6666666666666665,0.0,136.66666666666666,0.0,0.0,423.3333333333333,408.3333333333333,136.66666666666666,166.66666666666666,0.0,0.0,166.66666666666666,133.33333333333334,0.3333333333333333,0.0,3.7859388972001824,116.57758503817676,1.1547005383792515,11696.261510984325,4.358898943540674,0.0,1.7320508075688772,0.0,0.0,3.7859388972001824,0.0,236.71361036774658,0.0,0.0,724.5918391296809,622.6622947740881,109.6965511460289,28.867513459481287,0.0,0.0,125.83057392117915,52.04164998665332,0.5773502691896258,0.0,8.0,1.0,2.0,7.0,-1.0,3.0,1
LRL_2025-12-19_2,19010023,LRL_2025-12-19_2_19010023,5.0,57.0,9.0,54500.0,6.0,5.0,4.0,0.0,0.0,4.0,550.0,450.0,0.0,0.0,410.0,185.0,200.0,50.0,0.0,0.0,50.0,50.0,0.0,0.0,4.333333333333333,160.33333333333334,8.333333333333334,112166.66666666667,7.0,3.6666666666666665,3.3333333333333335,0.6666666666666666,0.0,3.3333333333333335,353.3333333333333,300.0,16.666666666666668,0.0,286.6666666666667,298.3333333333333,116.66666666666667,83.33333333333333,33.333333333333336,0.0,70.0,125.0,0.0,0.3333333333333333,0.5773502691896257,201.01824129499624,1.1547005383792515,77298.66320534486,1.0,1.5275252316519465,1.1547005383792517,1.1547005383792517,0.0,2.0816659994661326,200.08331597945224,180.27756377319946,28.867513459481287,0.0,249.06491790963523,143.7300710823359,76.37626158259734,28.867513459481287,57.735026918962575,0.0,72.11102550927978,90.13878188659973,0.0,0.5773502691896258,5.0,4.0,4.0,1.0,0.0,3.0,1
LRL_2025-12-19_2,18013711,LRL_2025-12-19_2_18013711,2.0,305.0,8.0,40000.0,1.0,7.0,7.0,0.0,0.0,3.0,520.0,860.0,0.0,0.0,460.0,285.0,150.0,200.0,0.0,0.0,50.0,150.0,1.0,0.0,3.0,270.0,7.666666666666667,40593.333333333336,2.0,5.666666666666667,5.666666666666667,0.0,0.0,3.3333333333333335,363.3333333333333,690.0,0.0,0.0,586.6666666666666,536.6666666666666,100.0,103.33333333333333,0.0,0.0,36.666666666666664,166.66666666666666,1.0,0.3333333333333333,1.7320508075688772,115.54652742510265,0.5773502691896258,8126.261953280447,1.0,3.2145502536643185,2.3094010767585034,0.0,0.0,1.5275252316519468,306.648550189518,338.67388443752196,0.0,0.0,319.4265695482036,304.3983136177553,86.60254037844386,95.04384952922169,0.0,0.0,23.09401076758503,150.69284433354272,0.0,0.5773502691896258,2.0,5.0,2.0,-3.0,3.0,3.0,1
LRL_2025-12-19_2,21004468,LRL_2025-12-19_2_21004468,5.0,288.0,8.0,29000.0,4.0,3.0,2.0,1.0,0.0,1.0,110.0,50.0,0.0,0.0,0.0,575.0,100.0,250.0,10.0,0.0,10.0,100.0,0.0,0.0,4.333333333333333,224.66666666666666,8.0,26333.333333333332,2.3333333333333335,4.0,3.0,0.3333333333333333,0.0,3.0,160.0,120.0,0.0,0.0,110.0,276.6666666666667,53.333333333333336,90.0,3.3333333333333335,0.0,73.33333333333333,133.33333333333334,0.3333333333333333,0.3333333333333333,1.1547005383792515,180.53346873456272,2.0,4618.8021535170055,1.5275252316519468,1.0,1.0,0.5773502691896258,0.0,1.7320508075688772,86.60254037844386,60.8276253029822,0.0,0.0,110.0,258.9562382591571,45.09249752822894,138.5640646055102,5.773502691896258,0.0,109.6965511460289,128.29003598617211,0.5773502691896258,0.5773502691896258,5.0,5.0,3.0,0.0,2.0,3.0,1
LRL_2025-12-19_3,22005635,LRL_2025-12-19_3_22005635,7.0,134.0,7.0,32600.0,6.0,5.0,6.0,7.0,0.0,7.0,560.0,650.0,950.0,0.0,1750.0,2260.0,10.0,50.0,0.0,0.0,0.0,0.0,1.0,1.0,5.5,99.5,6.5,32600.0,6.0,5.5,6.0,3.5,0.0,6.0,560.0,975.0,475.0,0.0,1850.0,1867.5,5.0,25.0,0.0,0.0,200.0,87.5,1.0,0.5,2.1213203435596424,48.79036790187178,0.7071067811865476,0.0,0.0,0.7071067811865476,0.0,4.949747468305833,0.0,1.4142135623730951,0.0,459.6194077712559,671.7514421272201,0.0,141.4213562373095,555.0788232314399,7.0710678118654755,35.35533905932738,0.0,0.0,282.842712474619,123.74368670764582,0.0,0.7071067811865476,7.0,4.0,,3.0,,2.0,1
LRL_2025-12-19_3,21013063,LRL_2025-12-19_3_21013063,7.0,324.0,9.0,25870.0,3.0,5.0,7.0,9.0,0.0,8.0,450.0,760.0,720.0,0.0,580.0,825.0,100.0,100.0,0.0,0.0,150.0,50.0,1.0,0.0,7.333333333333333,505.0,9.0,27856.666666666668,5.666666666666667,6.333333333333333,7.0,8.0,0.0,7.666666666666667,766.6666666666666,893.3333333333334,1143.3333333333333,0.0,1650.0,1630.0,183.33333333333334,150.0,3.3333333333333335,0.0,100.0,25.0,0.6666666666666666,0.3333333333333333,2.5166114784235836,359.4760075443144,1.0,3589.2385450584543,2.309401076758503,2.3094010767585034,2.0,2.6457513110645907,0.0,2.516611478423583,505.7996968497839,146.401275039985,624.0459384799594,0.0,1426.8496767354295,1116.8146668091354,104.08329997330664,50.0,5.773502691896258,0.0,86.60254037844386,25.0,0.5773502691896258,0.5773502691896258,7.0,5.0,10.0,2.0,-5.0,3.0,1
LRL_2025-12-19_3,22013886,LRL_2025-12-19_3_22013886,8.0,101.0,12.0,27020.0,9.0,9.0,9.0,7.0,0.0,8.0,760.0,630.0,480.0,0.0,620.0,885.0,150.0,200.0,10.0,0.0,150.0,5.0,0.0,0.0,5.333333333333333,60.0,8.333333333333334,28046.666666666668,6.333333333333333,6.333333333333333,5.333333333333333,4.0,0.0,5.333333333333333,860.0,680.0,380.0,0.0,493.3333333333333,548.3333333333334,83.33333333333333,166.66666666666666,53.333333333333336,0.0,100.0,76.66666666666667,0.3333333333333333,0.0,2.516611478423583,40.50925820105819,3.5118845842842465,3649.9497713438927,3.0550504633038935,3.7859388972001824,3.5118845842842465,3.605551275463989,0.0,2.516611478423583,715.2621896899067,506.85303589896745,341.1744421846396,0.0,113.72481406154654,299.8471833006496,76.37626158259734,57.735026918962575,83.86497083606082,0.0,50.0,88.08140174482541,0.5773502691896258,0.0,8.0,3.0,5.0,5.0,-2.0,3.0,1
LRL_2025-12-19_3,22003142,LRL_2025-12-19_3_22003142,2.0,111.0,11.0,26520.0,8.0,9.0,9.0,9.0,0.0,5.0,910.0,880.0,820.0,0.0,410.0,475.0,250.0,250.0,200.0,0.0,10.0,100.0,0.0,1.0,3.0,133.0,9.0,21315.0,6.0,6.333333333333333,6.333333333333333,5.333333333333333,0.0,4.0,606.6666666666666,586.6666666666666,430.0,0.0,323.3333333333333,340.0,200.0,150.0,166.66666666666666,0.0,203.33333333333334,141.66666666666666,0.0,0.6666666666666666,1.7320508075688772,47.031904065219386,2.0,4507.679558264984,3.4641016151377544,2.309401076758503,2.309401076758503,3.5118845842842465,0.0,1.7320508075688772,279.34447074057744,336.05555096342823,338.0828300875393,0.0,102.63202878893767,126.19429464123962,132.28756555322954,86.60254037844386,104.08329997330664,0.0,167.43157806499147,38.18813079129867,0.0,0.5773502691896258,2.0,2.0,5.0,0.0,-3.0,3.0,1
LRL_2025-12-19_3,22013867,LRL_2025-12-19_3_22013867,3.0,66.0,8.0,15000.0,6.0,3.0,3.0,4.0,0.0,3.0,250.0,150.0,300.0,0.0,260.0,625.0,10.0,50.0,50.0,0.0,200.0,350.0,1.0,1.0,2.3333333333333335,66.0,8.0,15000.0,6.0,3.3333333333333335,3.3333333333333335,3.0,0.0,2.3333333333333335,283.3333333333333,336.6666666666667,233.33333333333334,0.0,203.33333333333334,541.6666666666666,53.333333333333336,166.66666666666666,120.0,0.0,233.33333333333334,341.6666666666667,1.0,0.3333333333333333,0.5773502691896258,35.0,0.0,0.0,2.0,0.5773502691896257,1.5275252316519465,1.0,0.0,0.5773502691896258,152.75252316519467,207.44477176668812,76.37626158259734,0.0,55.075705472861024,260.2082499332666,45.09249752822895,202.072594216369,157.1623364550171,0.0,152.75252316519467,212.62251370288456,0.0,0.5773502691896258,3.0,2.0,2.0,1.0,0.0,3.0,1
LRL_2025-12-19_3,22008704,LRL_2025-12-19_3_22008704,5.0,439.0,9.0,25870.0,6.0,3.0,3.0,2.0,0.0,3.0,350.0,350.0,150.0,0.0,400.0,700.0,50.0,100.0,100.0,0.0,10.0,25.0,1.0,0.0,4.666666666666667,269.0,8.333333333333334,25536.666666666668,5.333333333333333,4.0,4.333333333333333,0.6666666666666666,0.0,4.0,653.3333333333334,786.6666666666666,50.0,0.0,623.3333333333334,1016.6666666666666,70.0,133.33333333333334,33.333333333333336,0.0,170.0,226.66666666666666,1.0,0.0,0.5773502691896258,153.37535656030275,0.5773502691896258,288.67513459481313,1.1547005383792517,1.7320508075688772,2.3094010767585034,1.1547005383792517,0.0,1.7320508075688772,402.5336424863558,408.6971168644738,86.60254037844386,0.0,289.194283023253,425.2450274057691,72.11102550927978,28.867513459481287,57.735026918962575,0.0,170.88007490635061,366.7537775311024,0.0,0.0,5.0,5.0,4.0,0.0,1.0,3.0,1
LRL_2025-12-19_3,21002201,LRL_2025-12-19_3_21002201,2.0,54.0,9.0,25870.0,7.0,4.0,4.0,4.0,0.0,2.0,400.0,450.0,350.0,0.0,250.0,175.0,50.0,200.0,50.0,0.0,150.0,175.0,1.0,0.0,2.6666666666666665,61.0,8.333333333333334,24986.666666666668,5.666666666666667,4.0,3.6666666666666665,3.3333333333333335,0.0,2.3333333333333335,306.6666666666667,420.0,366.6666666666667,0.0,366.6666666666667,378.3333333333333,70.0,220.0,200.0,0.0,100.0,466.6666666666667,1.0,0.3333333333333333,1.1547005383792515,44.91102314577124,0.5773502691896258,1385.363971428929,1.5275252316519465,0.0,0.5773502691896257,0.5773502691896258,0.0,0.5773502691896258,120.96831541082705,196.72315572906,28.867513459481295,0.0,104.08329997330664,228.10816147900832,72.11102550927978,220.68076490713912,150.0,0.0,50.0,330.0883720056393,0.0,0.5773502691896258,2.0,4.0,2.0,-2.0,2.0,3.0,1
LRL_2025-12-19_4,22000551,LRL_2025-12-19_4_22000551,5.0,216.0,7.0,25200.0,3.0,5.0,6.0,6.0,0.0,6.0,570.0,910.0,1120.0,0.0,970.0,950.0,100.0,100.0,150.0,0.0,600.0,500.0,1.0,0.0,8.0,393.0,8.666666666666666,25820.0,4.0,7.0,8.0,8.333333333333334,0.0,8.333333333333334,846.6666666666666,926.6666666666666,1066.6666666666667,0.0,1206.6666666666667,1355.0,50.0,66.66666666666667,50.0,0.0,200.0,166.66666666666666,0.3333333333333333,0.6666666666666666,2.6457513110645907,364.31716951030455,1.5275252316519468,812.6499861564017,2.6457513110645907,2.0,1.7320508075688772,2.0816659994661326,0.0,2.0816659994661326,275.0151510977774,125.83057392117918,61.10100926607786,0.0,282.90163190291656,807.6354375583082,50.0,57.735026918962575,86.60254037844386,0.0,346.41016151377545,288.67513459481285,0.5773502691896258,0.5773502691896258,5.0,10.0,9.0,-5.0,1.0,3.0,1
LRL_2025-12-19_4,19017639,LRL_2025-12-19_4_19017639,2.0,29.0,7.0,25200.0,2.0,2.0,2.0,1.0,0.0,1.0,10.0,10.0,0.0,0.0,0.0,25.0,10.0,50.0,10.0,0.0,150.0,350.0,1.0,0.0,3.6666666666666665,78.0,7.333333333333333,24376.666666666668,3.6666666666666665,3.6666666666666665,3.3333333333333335,0.6666666666666666,0.0,2.6666666666666665,220.0,273.3333333333333,0.0,0.0,236.66666666666666,361.6666666666667,86.66666666666667,183.33333333333334,53.333333333333336,0.0,416.6666666666667,933.3333333333334,1.0,0.0,2.0816659994661326,49.50757517794625,0.5773502691896257,1575.573969489638,2.0816659994661326,2.0816659994661326,1.5275252316519465,0.5773502691896258,0.0,2.8867513459481287,252.38858928247924,413.5617648348712,0.0,0.0,409.9186911246343,387.341365378568,100.16652800877813,125.83057392117917,83.86497083606082,0.0,505.7996968497839,803.6375634160796,0.0,0.0,2.0,3.0,6.0,-1.0,-3.0,3.0,1
LRL_2025-12-19_4,19019286,LRL_2025-12-19_4_19019286,6.0,308.0,8.0,25370.0,2.0,4.0,4.0,6.0,0.0,6.0,350.0,360.0,650.0,0.0,860.0,1205.0,10.0,50.0,100.0,0.0,600.0,1075.0,1.0,0.0,5.666666666666667,339.0,9.0,20336.666666666668,3.6666666666666665,4.0,4.333333333333333,4.666666666666667,0.0,5.333333333333333,416.6666666666667,556.6666666666666,583.3333333333334,0.0,580.0,951.6666666666666,53.333333333333336,23.333333333333332,70.0,0.0,403.3333333333333,566.6666666666666,0.6666666666666666,0.3333333333333333,1.5275252316519465,169.637849550152,1.0,8865.620865643497,1.5275252316519468,1.0,1.5275252316519468,2.309401076758503,0.0,1.1547005383792517,256.58007197234423,485.8326186386967,354.7299442298794,0.0,301.99337741082996,241.10855093366834,45.09249752822895,23.094010767585033,51.96152422706632,0.0,340.6366588218792,469.2636075100362,0.5773502691896258,0.5773502691896258,6.0,4.0,7.0,2.0,-3.0,3.0,1
LRL_2025-12-19_4,22013966,LRL_2025-12-19_4_22013966,6.0,67.0,10.0,28540.0,5.0,8.0,8.0,8.0,0.0,8.0,980.0,1180.0,1270.0,0.0,1080.0,970.0,250.0,50.0,200.0,0.0,100.0,150.0,0.0,1.0,4.0,47.0,9.333333333333334,27003.333333333332,3.6666666666666665,7.0,6.666666666666667,5.666666666666667,0.0,5.0,650.0,673.3333333333334,726.6666666666666,0.0,530.0,440.0,350.0,116.66666666666667,136.66666666666666,0.0,133.33333333333334,133.33333333333334,0.3333333333333333,0.3333333333333333,2.0,34.64101615137755,1.1547005383792515,1587.2092909674304,1.5275252316519465,1.0,1.5275252316519465,2.516611478423583,0.0,3.0,286.87976575562107,438.9001405027496,495.4122862155655,0.0,500.89919145472777,475.70999569065185,217.94494717703367,57.735026918962575,109.6965511460289,0.0,57.735026918962575,101.03629710818451,0.5773502691896258,0.5773502691896258,6.0,2.0,4.0,4.0,-2.0,3.0,1
LRL_2025-12-19_5,18007504,LRL_2025-12-19_5_18007504,9.0,1259.0,10.0,14600.0,1.0,6.0,8.0,0.0,0.0,7.0,700.0,660.0,0.0,0.0,860.0,1250.0,100.0,150.0,0.0,0.0,100.0,1125.0,1.0,0.0,7.333333333333333,994.0,8.0,18913.333333333332,3.0,5.666666666666667,7.333333333333333,0.0,0.0,7.0,593.3333333333334,813.3333333333334,0.0,0.0,1223.3333333333333,1700.0,66.66666666666667,50.0,0.0,0.0,33.333333333333336,425.0,1.0,0.3333333333333333,1.5275252316519465,285.30509984926664,1.7320508075688772,3735.4562416568792,2.6457513110645907,1.5275252316519465,0.5773502691896257,0.0,0.0,0.0,100.66445913694334,300.88757590391356,0.0,0.0,398.7898360456713,595.2940449895328,57.735026918962575,86.60254037844386,0.0,0.0,57.735026918962575,610.8395861435308,0.0,0.5773502691896258,9.0,7.0,6.0,2.0,1.0,3.0,1
LRL_2025-12-19_5,18016073,LRL_2025-12-19_5_18016073,4.0,306.0,7.0,19450.0,2.0,6.0,6.0,3.0,0.0,4.0,560.0,760.0,750.0,0.0,850.0,1175.0,600.0,800.0,10.0,0.0,1200.0,1925.0,1.0,0.0,4.0,169.66666666666666,5.333333333333333,17816.666666666668,2.0,4.0,4.666666666666667,2.3333333333333335,0.0,4.0,303.3333333333333,606.6666666666666,783.3333333333334,0.0,1300.0,1933.3333333333333,220.0,300.0,103.33333333333333,0.0,700.0,1383.3333333333333,1.0,0.0,0.0,129.62381468439096,1.5275252316519465,3316.7504177030473,1.0,1.7320508075688772,1.1547005383792517,2.0816659994661326,0.0,0.0,223.6813209307682,256.96951829610714,800.5206639015219,0.0,507.444578254611,1378.933766840646,329.69683043669073,435.88989435406734,170.39170558842744,0.0,624.4997998398399,1207.3559265325753,0.0,0.0,4.0,4.0,4.0,0.0,0.0,3.0,1
LRL_2025-12-19_5,21019287,LRL_2025-12-19_5_21019287,8.0,37.0,8.0,21300.0,8.0,6.0,4.0,5.0,0.0,6.0,1000.0,550.0,460.0,0.0,1100.0,2250.0,50.0,50.0,550.0,0.0,100.0,0.0,1.0,0.0,5.666666666666667,131.33333333333334,8.666666666666666,20713.333333333332,5.0,3.0,2.3333333333333335,2.0,0.0,3.0,366.6666666666667,186.66666666666666,153.33333333333334,0.0,370.0,976.6666666666666,83.33333333333333,100.0,200.0,0.0,166.66666666666666,91.66666666666667,0.6666666666666666,0.0,4.041451884327381,181.87999706766365,2.081665999466133,6838.8985467934335,3.605551275463989,2.6457513110645907,1.5275252316519468,2.6457513110645907,0.0,2.6457513110645907,550.7570547286102,314.69562013687664,265.5811238272278,0.0,632.2183167229498,1153.9641819975755,28.867513459481287,86.60254037844386,304.138126514911,0.0,115.47005383792515,101.03629710818451,0.5773502691896258,0.0,8.0,1.0,8.0,7.0,-7.0,3.0,1
LRL_2025-12-19_5,19001706,LRL_2025-12-19_5_19001706,6.0,271.0,7.0,15800.0,2.0,2.0,4.0,0.0,0.0,6.0,100.0,410.0,0.0,0.0,960.0,1375.0,10.0,10.0,0.0,0.0,200.0,1150.0,1.0,0.0,6.666666666666667,372.6666666666667,7.0,20936.666666666668,4.333333333333333,3.0,5.333333333333333,2.0,0.0,6.333333333333333,186.66666666666666,563.3333333333334,533.3333333333334,0.0,1310.0,2143.3333333333335,53.333333333333336,6.666666666666667,0.0,0.0,70.0,383.3333333333333,1.0,0.0,1.1547005383792517,282.5673960904431,1.0,4520.733716260374,3.214550253664318,1.7320508075688772,1.1547005383792517,3.4641016151377544,0.0,0.5773502691896257,109.6965511460289,178.978583448784,923.7604307034012,0.0,926.0129588726068,1309.201410529844,45.09249752822894,5.773502691896257,0.0,0.0,112.69427669584645,663.9528095680697,0.0,0.0,6.0,8.0,6.0,-2.0,2.0,3.0,1
LRL_2025-12-19_5,21017703,LRL_2025-12-19_5_21017703,6.0,54.0,7.0,19450.0,1.0,7.0,6.0,0.0,0.0,6.0,1400.0,1400.0,0.0,0.0,1300.0,1325.0,0.0,150.0,0.0,0.0,100.0,25.0,1.0,0.0,5.0,71.66666666666667,6.333333333333333,22816.666666666668,3.0,5.333333333333333,5.0,0.0,0.0,5.333333333333333,640.0,656.6666666666666,0.0,0.0,740.0,1045.0,33.333333333333336,83.33333333333333,0.0,0.0,133.33333333333334,750.0,1.0,0.0,1.0,25.579940057266224,1.1547005383792517,5361.980355552725,3.4641016151377544,2.081665999466133,1.0,0.0,0.0,0.5773502691896257,667.3080248281149,678.6997372427172,0.0,0.0,504.7771785649585,260.43233286210835,57.735026918962575,76.37626158259734,0.0,0.0,152.75252316519467,1046.7210707729162,0.0,0.0,6.0,4.0,5.0,2.0,-1.0,3.0,1
LRL_2025-12-19_5,18022195,LRL_2025-12-19_5_18022195,2.0,52.0,9.0,20000.0,6.0,1.0,1.0,0.0,0.0,2.0,0.0,0.0,0.0,0.0,10.0,5.0,200.0,100.0,0.0,0.0,50.0,5.0,1.0,0.0,2.0,40.666666666666664,6.666666666666667,20666.666666666668,4.666666666666667,1.3333333333333333,1.6666666666666667,0.0,0.0,2.0,33.333333333333336,50.0,0.0,0.0,103.33333333333333,351.6666666666667,73.33333333333333,70.0,0.0,0.0,53.333333333333336,38.333333333333336,1.0,0.6666666666666666,0.0,14.0118997046558,2.081665999466133,1154.7005383792518,1.5275252316519468,0.5773502691896258,1.1547005383792517,0.0,0.0,0.0,57.735026918962575,86.60254037844386,0.0,0.0,95.04384952922167,301.261237688046,109.6965511460289,51.96152422706632,0.0,0.0,45.09249752822894,53.46338310781813,0.0,0.5773502691896258,2.0,2.0,2.0,0.0,0.0,3.0,1
LRL_2025-12-19_5,21015050,LRL_2025-12-19_5_21015050,1.0,6.0,4.0,14000.0,1.0,3.0,3.0,0.0,0.0,1.0,150.0,150.0,0.0,0.0,0.0,0.0,400.0,200.0,0.0,0.0,10.0,225.0,1.0,1.0,2.0,9.0,5.333333333333333,15366.666666666666,3.3333333333333335,2.3333333333333335,2.3333333333333335,1.3333333333333333,0.0,1.6666666666666667,150.0,133.33333333333334,100.0,0.0,166.66666666666666,116.66666666666667,200.0,150.0,133.33333333333334,0.0,140.0,383.3333333333333,1.0,0.3333333333333333,1.7320508075688772,2.6457513110645907,1.5275252316519465,2367.136103677466,2.0816659994661326,1.1547005383792515,1.1547005383792515,1.5275252316519465,0.0,1.1547005383792517,150.0,125.83057392117915,173.20508075688772,0.0,288.6751345948129,202.072594216369,173.20508075688772,50.0,115.47005383792515,0.0,225.16660498395404,341.2599204907212,0.0,0.5773502691896258,1.0,1.0,4.0,0.0,-3.0,3.0,1
LRL_2025-12-19_6,23018283,LRL_2025-12-19_6_23018283,2.0,34.0,12.0,29180.0,11.0,11.0,7.0,6.0,0.0,3.0,880.0,410.0,180.0,0.0,20.0,125.0,800.0,400.0,300.0,0.0,200.0,275.0,1.0,0.0,6.333333333333333,336.3333333333333,11.0,44910.0,7.0,9.333333333333334,8.0,7.666666666666667,0.0,7.0,803.3333333333334,580.0,506.6666666666667,0.0,770.0,800.0,400.0,170.0,233.33333333333334,0.0,70.0,125.0,0.3333333333333333,0.3333333333333333,3.7859388972001824,400.832051280001,1.0,13671.878985713705,4.58257569495584,1.5275252316519468,1.0,1.5275252316519465,0.0,3.605551275463989,66.58328118479393,175.2141546793523,315.64748269760264,0.0,721.8725649309579,693.1630399841007,346.41016151377545,204.20577856662138,57.735026918962575,0.0,112.69427669584645,132.28756555322954,0.5773502691896258,0.5773502691896258,2.0,8.0,9.0,-6.0,-1.0,3.0,1
LRL_2025-12-19_6,23000245,LRL_2025-12-19_6_23000245,8.0,1259.0,9.0,48500.0,4.0,9.0,9.0,0.0,0.0,8.0,970.0,2270.0,0.0,0.0,2510.0,2875.0,0.0,0.0,0.0,0.0,800.0,1900.0,1.0,0.0,6.333333333333333,884.0,8.666666666666666,48371.666666666664,6.0,7.0,7.0,3.3333333333333335,0.0,6.333333333333333,646.6666666666666,953.3333333333334,163.33333333333334,0.0,1193.3333333333333,1413.3333333333333,50.0,133.33333333333334,20.0,0.0,436.6666666666667,761.6666666666666,0.6666666666666666,0.3333333333333333,1.5275252316519465,376.0039893405388,2.516611478423583,3309.366757150577,4.358898943540674,4.358898943540674,4.358898943540674,4.163331998932265,0.0,1.5275252316519465,551.392177432119,1175.3439212984995,274.2869543622761,0.0,1172.9592206608604,1266.0404153633222,50.0,152.75252316519467,26.457513110645905,0.0,398.7898360456712,1002.5758491672007,0.5773502691896258,0.5773502691896258,8.0,6.0,5.0,2.0,1.0,3.0,1
LRL_2025-12-19_6,23017976,LRL_2025-12-19_6_23017976,3.0,183.0,12.0,29180.0,1.0,1.0,1.0,2.0,0.0,2.0,0.0,0.0,10.0,0.0,10.0,0.0,10.0,50.0,100.0,0.0,10.0,25.0,1.0,0.0,3.3333333333333335,108.0,9.0,24980.0,3.6666666666666665,5.0,4.0,2.6666666666666665,0.0,4.0,630.0,626.6666666666666,570.0,0.0,596.6666666666666,808.3333333333334,20.0,36.666666666666664,533.3333333333334,0.0,153.33333333333334,341.6666666666667,1.0,0.3333333333333333,0.5773502691896258,65.3834841531101,2.6457513110645907,6086.411093575589,3.785938897200183,3.4641016151377544,2.6457513110645907,3.0550504633038935,0.0,1.7320508075688772,867.928568489366,862.2258018253301,978.6214794290998,0.0,659.191423892433,825.5048960080935,26.457513110645905,23.09401076758503,838.6497083606082,0.0,126.62279942148386,274.24137786507225,0.0,0.5773502691896258,3.0,4.0,3.0,-1.0,1.0,3.0,1
LRL_2025-12-19_6,23009996,LRL_2025-12-19_6_23009996,6.0,45.0,12.0,29180.0,4.0,2.0,2.0,4.0,0.0,6.0,10.0,50.0,160.0,0.0,330.0,435.0,50.0,10.0,10.0,0.0,500.0,375.0,1.0,0.0,6.333333333333333,283.0,10.666666666666666,37980.0,4.333333333333333,6.0,5.666666666666667,1.3333333333333333,0.0,7.0,446.6666666666667,526.6666666666666,53.333333333333336,0.0,883.3333333333334,995.0,350.0,120.0,3.3333333333333335,0.0,333.3333333333333,183.33333333333334,1.0,0.0,1.5275252316519468,206.4073642097103,1.5275252316519465,14742.604925860287,0.5773502691896258,4.0,3.5118845842842465,2.3094010767585034,0.0,1.0,378.1974792794544,416.4532786920201,92.37604307034013,0.0,685.3709457901855,1022.3502335305647,396.8626966596886,157.1623364550171,5.773502691896258,0.0,208.16659994661327,166.45820296198482,0.0,0.0,6.0,5.0,8.0,1.0,-3.0,3.0,1
LRL_2025-12-19_6,23004092,LRL_2025-12-19_6_23004092,5.0,146.0,7.0,31850.0,5.0,5.0,6.0,0.0,0.0,6.0,320.0,720.0,0.0,0.0,970.0,1575.0,250.0,250.0,0.0,0.0,150.0,400.0,1.0,0.0,5.333333333333333,151.66666666666666,7.333333333333333,41628.333333333336,5.333333333333333,4.0,3.6666666666666665,3.6666666666666665,0.0,5.666666666666667,310.0,360.0,526.6666666666666,0.0,1423.3333333333333,2266.6666666666665,90.0,200.0,100.0,0.0,283.3333333333333,475.0,1.0,0.3333333333333333,1.5275252316519465,64.68642309892651,0.5773502691896257,8484.08264536204,1.5275252316519468,1.7320508075688772,2.0816659994661326,3.2145502536643185,0.0,1.5275252316519468,155.24174696260025,313.2091952673165,463.0694692304097,0.0,395.76929306520657,675.6170019569765,138.5640646055102,50.0,100.0,0.0,125.83057392117917,90.13878188659973,0.0,0.5773502691896258,5.0,7.0,4.0,-2.0,3.0,3.0,1
LRL_2025-12-19_6,23008991,LRL_2025-12-19_6_23008991,7.0,46.0,9.0,28400.0,8.0,7.0,5.0,0.0,0.0,7.0,810.0,1100.0,0.0,0.0,2000.0,2475.0,10.0,100.0,0.0,0.0,1500.0,2500.0,1.0,0.0,7.0,46.0,9.0,28400.0,8.0,7.0,5.0,0.0,0.0,7.0,810.0,1100.0,0.0,0.0,2000.0,2475.0,10.0,100.0,0.0,0.0,1500.0,2500.0,1.0,0.0,,,,,,,,,,,,,,,,,,,,,,,,,7.0,,,,,1.0,1
LRL_2025-12-19_6,23000358,LRL_2025-12-19_6_23000358,8.0,144.0,8.0,34600.0,1.0,8.0,8.0,0.0,0.0,8.0,1270.0,1950.0,0.0,0.0,2150.0,1780.0,0.0,0.0,0.0,0.0,0.0,0.0,1.0,0.0,8.0,144.0,8.0,34600.0,1.0,8.0,8.0,0.0,0.0,8.0,1270.0,1950.0,0.0,0.0,2150.0,1780.0,0.0,0.0,0.0,0.0,0.0,0.0,1.0,0.0,,,,,,,,,,,,,,,,,,,,,,,,,8.0,,,,,1.0,1
LRL_2025-12-19_6,23016735,LRL_2025-12-19_6_23016735,5.0,211.0,12.0,29180.0,12.0,3.0,3.0,3.0,0.0,5.0,60.0,60.0,110.0,0.0,230.0,425.0,200.0,150.0,50.0,0.0,100.0,10.0,1.0,0.0,6.0,284.3333333333333,10.333333333333334,28586.666666666668,6.333333333333333,3.6666666666666665,4.333333333333333,1.0,0.0,5.333333333333333,223.33333333333334,606.6666666666666,36.666666666666664,0.0,1076.6666666666667,1401.6666666666667,233.33333333333334,116.66666666666667,16.666666666666668,0.0,150.0,70.0,1.0,0.0,1.7320508075688772,66.58328118479393,1.5275252316519468,525.4839039716951,4.932882862316247,2.0816659994661326,2.3094010767585034,1.7320508075688772,0.0,2.5166114784235836,291.6047553338822,473.84948383778294,63.50852961085884,0.0,740.022522179787,850.0784277543651,57.735026918962575,57.735026918962575,28.867513459481287,0.0,50.0,72.11102550927978,0.0,0.0,5.0,5.0,8.0,0.0,-3.0,3.0,1
LRL_2025-12-19_7,23005036,LRL_2025-12-19_7_23005036,2.0,127.0,9.0,32400.0,8.0,7.0,6.0,0.0,0.0,6.0,520.0,1060.0,0.0,0.0,810.0,475.0,200.0,150.0,0.0,0.0,400.0,50.0,1.0,1.0,3.6666666666666665,64.0,9.0,33300.0,6.666666666666667,5.333333333333333,5.0,0.0,0.0,5.333333333333333,493.3333333333333,570.0,0.0,0.0,690.0,883.3333333333334,133.33333333333334,200.0,0.0,0.0,250.0,66.66666666666667,1.0,1.0,2.886751345948129,55.758407437802596,1.0,1153.2562594670796,2.309401076758503,2.8867513459481287,2.6457513110645907,0.0,0.0,3.055050463303893,430.6197084822446,505.6678751908213,0.0,0.0,628.6493458200684,750.9715928937215,76.37626158259734,86.60254037844386,0.0,0.0,132.28756555322954,28.867513459481287,0.0,0.0,2.0,7.0,2.0,-5.0,5.0,3.0,1
LRL_2025-12-19_7,23009535,LRL_2025-12-19_7_23009535,,,,,,,,,,,,,,,,,,,,,,,,,,,,,,,,,,,,,,,,,,,,,,,,,,,,,,,,,,,,,,,,,,,,,,,,,,,,,,0.0,0
LRL_2025-12-19_7,23004276,LRL_2025-12-19_7_23004276,9.0,86.0,11.0,49500.0,9.0,10.0,11.0,0.0,0.0,11.0,1150.0,1130.0,0.0,0.0,970.0,495.0,10.0,0.0,0.0,0.0,0.0,100.0,0.0,0.0,6.666666666666667,60.333333333333336,10.666666666666666,50978.333333333336,7.0,5.666666666666667,7.666666666666667,0.0,0.0,7.666666666666667,520.0,833.3333333333334,0.0,0.0,973.3333333333334,596.6666666666666,156.66666666666666,183.33333333333334,0.0,0.0,166.66666666666666,241.66666666666666,0.3333333333333333,0.0,2.516611478423583,23.15887159024233,0.5773502691896255,3003.98207939617,1.7320508075688772,4.041451884327381,3.0550504633038935,0.0,0.0,3.0550504633038935,555.607775323564,267.64404221527764,0.0,0.0,25.166114784235816,230.0181152286344,254.03411844343535,160.7275126832159,0.0,0.0,144.33756729740642,128.29003598617211,0.5773502691896258,0.0,9.0,4.0,7.0,5.0,-3.0,3.0,1
LRL_2025-12-19_7,23009929,LRL_2025-12-19_7_23009929,,,,,,,,,,,,,,,,,,,,,,,,,,,,,,,,,,,,,,,,,,,,,,,,,,,,,,,,,,,,,,,,,,,,,,,,,,,,,,0.0,0
LRL_2025-12-19_7,23006307,LRL_2025-12-19_7_23006307,,,,,,,,,,,,,,,,,,,,,,,,,,,,,,,,,,,,,,,,,,,,,,,,,,,,,,,,,,,,,,,,,,,,,,,,,,,,,,0.0,0
LRL_2025-12-19_7,23012790,LRL_2025-12-19_7_23012790,,,,,,,,,,,,,,,,,,,,,,,,,,,,,,,,,,,,,,,,,,,,,,,,,,,,,,,,,,,,,,,,,,,,,,,,,,,,,,0.0,0
LRL_2025-12-19_7,23000894,LRL_2025-12-19_7_23000894,4.0,185.0,8.0,49410.0,1.0,2.0,2.0,0.0,0.0,3.0,50.0,300.0,0.0,0.0,400.0,1085.0,300.0,150.0,0.0,0.0,250.0,375.0,1.0,1.0,4.0,185.0,8.0,49410.0,1.0,2.0,2.0,0.0,0.0,3.0,50.0,300.0,0.0,0.0,400.0,1085.0,300.0,150.0,0.0,0.0,250.0,375.0,1.0,1.0,,,,,,,,,,,,,,,,,,,,,,,,,4.0,,,,,1.0,1
LRL_2025-12-19_8,22012730,LRL_2025-12-19_8_22012730,7.0,114.0,8.0,55590.0,1.0,6.0,6.0,0.0,0.0,8.0,560.0,650.0,0.0,0.0,1050.0,1225.0,350.0,150.0,0.0,0.0,0.0,525.0,1.0,0.0,5.333333333333333,170.33333333333334,7.666666666666667,52256.666666666664,3.6666666666666665,6.333333333333333,6.0,0.0,0.0,6.333333333333333,466.6666666666667,580.0,0.0,0.0,853.3333333333334,781.6666666666666,200.0,133.33333333333334,0.0,0.0,266.6666666666667,208.33333333333334,1.0,0.0,1.5275252316519465,76.1730486020701,0.5773502691896257,5422.308856320647,2.516611478423583,0.5773502691896258,1.0,0.0,0.0,1.5275252316519465,170.39170558842744,330.6055050963308,0.0,0.0,384.75100173142283,408.66653072319656,150.0,76.37626158259734,0.0,0.0,305.50504633038935,275.3785273643051,0.0,0.0,7.0,5.0,4.0,2.0,1.0,3.0,1
LRL_2025-12-19_8,21009228,LRL_2025-12-19_8_21009228,1.0,18.0,6.0,35000.0,1.0,6.0,6.0,1.0,0.0,1.0,700.0,600.0,0.0,0.0,0.0,0.0,0.0,0.0,50.0,0.0,600.0,625.0,1.0,0.0,3.0,62.333333333333336,6.666666666666667,33456.666666666664,1.6666666666666667,5.666666666666667,5.666666666666667,2.3333333333333335,0.0,3.3333333333333335,650.0,583.3333333333334,166.66666666666666,0.0,383.3333333333333,333.3333333333333,16.666666666666668,50.0,50.0,0.0,233.33333333333334,225.0,0.6666666666666666,0.0,3.4641016151377544,69.97380462239661,0.5773502691896257,2673.1317463479677,0.5773502691896257,1.5275252316519465,1.5275252316519465,3.2145502536643185,0.0,3.2145502536643185,180.27756377319946,175.5942292142123,288.6751345948129,0.0,500.8326400438907,577.3502691896258,28.867513459481287,86.60254037844386,50.0,0.0,321.4550253664318,347.3110997362451,0.5773502691896258,0.0,1.0,1.0,7.0,0.0,-6.0,3.0,1
LRL_2025-12-19_8,22018092,LRL_2025-12-19_8_22018092,2.0,25.0,6.0,36000.0,5.0,4.0,4.0,4.0,0.0,4.0,900.0,960.0,660.0,0.0,810.0,875.0,50.0,50.0,10.0,0.0,10.0,150.0,1.0,1.0,2.6666666666666665,65.0,7.0,46196.666666666664,6.333333333333333,6.333333333333333,6.333333333333333,1.3333333333333333,0.0,5.333333333333333,1123.3333333333333,976.6666666666666,220.0,0.0,710.0,500.0,16.666666666666668,16.666666666666668,3.3333333333333335,0.0,53.333333333333336,133.33333333333334,1.0,0.3333333333333333,0.5773502691896258,47.843494855622744,1.0,9819.675826285373,1.1547005383792517,2.081665999466133,2.081665999466133,2.3094010767585034,0.0,1.5275252316519468,512.867754234299,415.2509281546922,381.051177665153,0.0,164.62077633154328,330.7189138830738,28.867513459481287,28.867513459481287,5.773502691896258,0.0,83.86497083606082,52.04164998665332,0.0,0.5773502691896258,2.0,3.0,3.0,-1.0,0.0,3.0,1
LRL_2025-12-19_8,21004097,LRL_2025-12-19_8_21004097,3.0,45.0,6.0,60155.0,2.0,5.0,4.0,4.0,0.0,5.0,420.0,270.0,360.0,0.0,270.0,400.0,200.0,10.0,250.0,0.0,500.0,175.0,1.0,0.0,4.0,41.0,8.333333333333334,87395.0,4.0,5.333333333333333,4.333333333333333,2.3333333333333335,0.0,4.0,443.3333333333333,313.3333333333333,220.0,0.0,343.3333333333333,491.6666666666667,120.0,153.33333333333334,133.33333333333334,0.0,233.33333333333334,116.66666666666667,1.0,0.0,1.0,20.29778313018444,3.214550253664318,23612.3574638366,2.6457513110645907,2.5166114784235836,1.5275252316519468,2.0816659994661326,0.0,1.0,205.993527406405,130.51181300301263,192.8730152198591,0.0,66.58328118479393,87.79711460710615,98.48857801796105,214.55380055672128,125.83057392117915,0.0,236.2907813126304,52.04164998665332,0.0,0.0,3.0,5.0,4.0,-2.0,1.0,3.0,1
LRL_2025-12-19_8,21012026,LRL_2025-12-19_8_21012026,5.0,58.0,7.0,57340.0,7.0,7.0,5.0,0.0,0.0,6.0,660.0,650.0,0.0,0.0,860.0,950.0,0.0,150.0,0.0,0.0,550.0,100.0,1.0,0.0,5.0,157.33333333333334,8.333333333333334,57566.666666666664,6.666666666666667,7.333333333333333,5.666666666666667,0.0,0.0,5.333333333333333,773.3333333333334,590.0,0.0,0.0,623.3333333333334,466.6666666666667,33.333333333333336,100.0,0.0,0.0,203.33333333333334,116.66666666666667,0.6666666666666666,0.0,4.0,200.40292745699435,1.5275252316519465,2099.198259653751,1.5275252316519465,2.5166114784235836,3.055050463303893,0.0,0.0,3.0550504633038935,382.7967258654824,314.3246729100342,0.0,0.0,409.9186911246343,475.21924764610844,57.735026918962575,50.0,0.0,0.0,300.88757590391356,76.37626158259734,0.5773502691896258,0.0,5.0,1.0,9.0,4.0,-8.0,3.0,1
LRL_2025-12-19_8,21005073,LRL_2025-12-19_8_21005073,4.0,81.0,6.0,60155.0,5.0,3.0,3.0,2.0,0.0,2.0,110.0,20.0,10.0,0.0,50.0,575.0,300.0,250.0,50.0,0.0,10.0,400.0,1.0,0.0,4.333333333333333,93.66666666666667,6.666666666666667,73338.33333333333,5.333333333333333,3.6666666666666665,4.0,3.3333333333333335,0.0,3.3333333333333335,353.3333333333333,280.0,340.0,0.0,276.6666666666667,508.3333333333333,166.66666666666666,166.66666666666666,70.0,0.0,270.0,400.0,1.0,0.0,2.516611478423583,46.317743180484655,0.5773502691896257,23090.151760725465,1.5275252316519468,0.5773502691896258,1.0,2.3094010767585034,0.0,2.3094010767585034,223.68132093076824,225.16660498395404,291.032644217105,0.0,241.10855093366834,256.58007197234423,125.83057392117917,104.08329997330664,72.11102550927978,0.0,375.099986670221,400.0,0.0,0.0,4.0,7.0,2.0,-3.0,5.0,3.0,1
LRL_2025-12-19_8,21007729,LRL_2025-12-19_8_21007729,12.0,859.0,12.0,102030.0,9.0,6.0,8.0,0.0,0.0,10.0,460.0,1060.0,0.0,0.0,1100.0,2750.0,100.0,10.0,0.0,0.0,200.0,0.0,1.0,0.0,7.333333333333333,341.3333333333333,9.0,73125.0,6.0,5.333333333333333,6.0,1.3333333333333333,0.0,7.333333333333333,430.0,710.0,166.66666666666666,0.0,1000.0,1575.0,233.33333333333334,253.33333333333334,33.333333333333336,0.0,133.33333333333334,158.33333333333334,1.0,0.3333333333333333,4.163331998932265,451.4934477191594,2.6457513110645907,25037.308661275874,2.6457513110645907,1.1547005383792515,2.0,2.3094010767585034,0.0,2.516611478423583,30.0,444.40972086577943,288.6751345948129,0.0,217.94494717703367,1088.8640870191284,125.83057392117915,245.01700621249404,57.735026918962575,0.0,115.47005383792515,194.18633662885074,0.0,0.5773502691896258,12.0,6.0,4.0,6.0,2.0,3.0,1
LRL_2025-12-19_8,21007462,LRL_2025-12-19_8_21007462,1.0,31.0,11.0,100000.0,9.0,2.0,2.0,2.0,0.0,1.0,100.0,150.0,50.0,0.0,0.0,0.0,10.0,50.0,400.0,0.0,10.0,5.0,1.0,1.0,3.6666666666666665,56.0,10.333333333333334,80676.66666666667,7.333333333333333,4.666666666666667,4.333333333333333,1.3333333333333333,0.0,4.333333333333333,340.0,456.6666666666667,33.333333333333336,0.0,353.3333333333333,366.6666666666667,86.66666666666667,116.66666666666667,150.0,0.0,120.0,93.33333333333333,0.6666666666666666,0.6666666666666666,2.516611478423583,48.590122453025366,2.081665999466133,35241.64629147358,1.5275252316519465,4.618802153517007,4.041451884327381,1.1547005383792517,0.0,3.5118845842842465,415.69219381653056,531.1622476544557,28.867513459481287,0.0,408.08495847474376,436.84474740270525,70.94598884597588,57.735026918962575,217.94494717703367,0.0,98.48857801796105,77.5134396948899,0.5773502691896258,0.5773502691896258,1.0,6.0,4.0,-5.0,2.0,3.0,1
LRL_2025-12-19_9,22013926,LRL_2025-12-19_9_22013926,4.0,589.0,6.0,31600.0,5.0,4.0,3.0,3.0,0.0,4.0,350.0,200.0,210.0,0.0,360.0,825.0,10.0,10.0,10.0,0.0,100.0,450.0,1.0,1.0,4.333333333333333,403.0,7.333333333333333,25200.0,5.333333333333333,5.666666666666667,5.0,3.3333333333333335,0.0,4.666666666666667,443.3333333333333,590.0,510.0,0.0,543.3333333333334,870.0,103.33333333333333,136.66666666666666,3.3333333333333335,0.0,116.66666666666667,533.3333333333334,1.0,0.6666666666666666,0.5773502691896258,319.5668944055376,1.5275252316519465,11085.125168440814,3.511884584284246,1.5275252316519465,2.0,3.5118845842842465,0.0,1.1547005383792515,197.3153144926499,666.8583057891684,709.2954250522133,0.0,275.3785273643051,245.61148181630273,170.39170558842744,228.10816147900832,5.773502691896258,0.0,28.867513459481287,123.32207155790617,0.0,0.5773502691896258,4.0,4.0,5.0,0.0,-1.0,3.0,1
LRL_2025-12-19_9,21003152,LRL_2025-12-19_9_21003152,7.0,47.0,9.0,34200.0,1.0,1.0,1.0,1.0,0.0,2.0,0.0,0.0,0.0,0.0,10.0,530.0,10.0,50.0,10.0,0.0,100.0,150.0,0.0,0.0,6.0,101.33333333333333,8.666666666666666,41566.666666666664,4.333333333333333,2.3333333333333335,2.0,2.3333333333333335,0.0,2.6666666666666665,133.33333333333334,100.0,116.66666666666667,0.0,236.66666666666666,721.6666666666666,56.666666666666664,36.666666666666664,203.33333333333334,0.0,220.0,216.66666666666666,0.0,0.3333333333333333,2.6457513110645907,113.69403385109236,2.516611478423583,7665.724579798921,3.5118845842842465,1.5275252316519468,1.0,1.5275252316519468,0.0,1.1547005383792515,152.75252316519467,132.28756555322954,125.83057392117917,0.0,202.56686138984662,169.13998147491128,80.82903768654761,23.094010767585033,224.79620400116488,0.0,289.30952282978865,160.7275126832159,0.0,0.5773502691896258,7.0,8.0,3.0,-1.0,5.0,3.0,1
LRL_2025-12-19_9,22008884,LRL_2025-12-19_9_22008884,3.0,122.0,10.0,25050.0,2.0,4.0,4.0,0.0,0.0,2.0,650.0,400.0,0.0,0.0,200.0,300.0,200.0,350.0,0.0,0.0,50.0,450.0,1.0,0.0,5.333333333333333,69.0,7.666666666666667,27616.666666666668,2.6666666666666665,3.3333333333333335,3.3333333333333335,1.3333333333333333,0.0,4.0,416.6666666666667,433.3333333333333,250.0,0.0,833.3333333333334,1495.0,100.0,183.33333333333334,33.333333333333336,0.0,33.333333333333336,150.0,1.0,0.3333333333333333,2.516611478423583,46.119410230400824,2.5166114784235836,3896.2588894134497,2.0816659994661326,0.5773502691896258,0.5773502691896258,2.3094010767585034,0.0,3.4641016151377544,202.07259421636903,57.735026918962575,433.0127018922193,0.0,969.9656351300974,1795.7101659232205,86.60254037844386,144.33756729740642,57.735026918962575,0.0,28.867513459481287,259.8076211353316,0.0,0.5773502691896258,3.0,8.0,5.0,-5.0,3.0,3.0,1
LRL_2025-12-19_9,22005771,LRL_2025-12-19_9_22005771,9.0,64.0,11.0,26520.0,2.0,1.0,1.0,2.0,0.0,9.0,0.0,0.0,10.0,0.0,670.0,1635.0,150.0,10.0,250.0,0.0,500.0,450.0,0.0,1.0,5.0,181.0,11.666666666666666,27573.333333333332,3.0,1.3333333333333333,1.6666666666666667,2.0,0.0,3.6666666666666665,3.3333333333333335,53.333333333333336,56.666666666666664,0.0,223.33333333333334,585.0,150.0,86.66666666666667,136.66666666666666,0.0,250.0,166.66666666666666,0.0,0.6666666666666666,3.4641016151377544,151.4034345713465,0.5773502691896258,1413.6949222987735,1.0,0.5773502691896258,0.5773502691896257,1.0,0.0,4.618802153517007,5.773502691896257,83.86497083606082,89.62886439832502,0.0,386.82468035704926,909.6702699330126,50.0,100.16652800877813,120.55427546683416,0.0,217.94494717703367,245.37386440559095,0.0,0.5773502691896258,9.0,3.0,3.0,6.0,0.0,3.0,1
LRL_2025-12-19_9,22018416,LRL_2025-12-19_9_22018416,9.0,237.0,10.0,48000.0,1.0,10.0,10.0,0.0,0.0,10.0,710.0,1020.0,0.0,0.0,1000.0,1200.0,0.0,0.0,0.0,0.0,0.0,100.0,0.0,0.0,9.0,237.0,10.0,48000.0,1.0,10.0,10.0,0.0,0.0,10.0,710.0,1020.0,0.0,0.0,1000.0,1200.0,0.0,0.0,0.0,0.0,0.0,100.0,0.0,0.0,,,,,,,,,,,,,,,,,,,,,,,,,9.0,,,,,1.0,1
LRL_2025-12-19_9,21009377,LRL_2025-12-19_9_21009377,7.0,217.0,8.0,25370.0,5.0,5.0,6.0,0.0,0.0,7.0,660.0,1600.0,0.0,0.0,2100.0,2475.0,300.0,200.0,0.0,0.0,1500.0,2225.0,1.0,0.0,6.5,135.5,8.0,25370.0,3.0,4.0,4.5,0.0,0.0,5.0,755.0,1000.0,0.0,0.0,1180.0,1690.0,200.0,105.0,0.0,0.0,800.0,1237.5,1.0,0.0,0.7071067811865476,115.25840533340725,0.0,0.0,2.8284271247461903,1.4142135623730951,2.1213203435596424,0.0,0.0,2.8284271247461903,134.35028842544403,848.5281374238571,0.0,0.0,1301.0764773832475,1110.1576464628797,141.4213562373095,134.35028842544403,0.0,0.0,989.9494936611666,1396.5358928434314,0.0,0.0,7.0,6.0,,1.0,,2.0,1
LRL_2025-12-19_9,22012513,LRL_2025-12-19_9_22012513,4.0,32.0,9.0,25870.0,8.0,6.0,5.0,7.0,0.0,5.0,550.0,650.0,660.0,0.0,510.0,375.0,150.0,100.0,10.0,0.0,50.0,325.0,1.0,0.0,3.0,38.666666666666664,8.333333333333334,24986.666666666668,5.0,5.0,4.333333333333333,4.333333333333333,0.0,3.6666666666666665,426.6666666666667,523.3333333333334,470.0,0.0,536.6666666666666,550.0,166.66666666666666,70.0,186.66666666666666,0.0,216.66666666666666,150.0,1.0,0.3333333333333333,1.0,20.81665999466133,0.5773502691896258,1385.363971428929,2.6457513110645907,2.6457513110645907,2.081665999466133,2.516611478423583,0.0,1.5275252316519468,196.55363983740756,125.03332889007368,240.20824298928628,0.0,251.06440076867398,416.08292442733097,76.37626158259734,51.96152422706632,170.39170558842744,0.0,246.6441431158124,152.0690632574555,0.0,0.5773502691896258,4.0,2.0,3.0,2.0,-1.0,3.0,1
LRL_2025-12-19_9,22010651,LRL_2025-12-19_9_22010651,6.0,110.0,9.0,25870.0,2.0,9.0,9.0,6.0,0.0,6.0,910.0,870.0,650.0,0.0,560.0,725.0,0.0,0.0,10.0,0.0,10.0,100.0,1.0,0.0,5.0,96.33333333333333,8.333333333333334,24986.666666666668,3.6666666666666665,6.333333333333333,6.666666666666667,5.666666666666667,0.0,5.333333333333333,706.6666666666666,846.6666666666666,803.3333333333334,0.0,853.3333333333334,1058.3333333333333,403.3333333333333,550.0,186.66666666666666,0.0,236.66666666666666,86.66666666666667,1.0,0.3333333333333333,1.7320508075688772,12.662279942148386,0.5773502691896258,1385.363971428929,2.0816659994661326,3.055050463303893,2.5166114784235836,0.5773502691896258,0.0,1.1547005383792517,478.5742714912006,615.3318887668129,134.28824718989125,0.0,560.8327142146162,945.1631252505216,689.9516891299951,826.1355820929153,197.56855350316593,0.0,317.8574103797697,70.94598884597588,0.0,0.5773502691896258,6.0,3.0,6.0,3.0,-3.0,3.0,1
LRL_2025-12-20_1,22016018,LRL_2025-12-20_1_22016018,2.0,18.0,11.0,24560.0,5.0,2.0,2.0,2.0,0.0,1.0,10.0,10.0,10.0,0.0,0.0,225.0,10.0,50.0,400.0,0.0,50.0,200.0,1.0,0.0,2.6666666666666665,65.33333333333333,10.0,25366.666666666668,7.333333333333333,3.0,2.6666666666666665,3.0,0.0,1.6666666666666667,260.0,436.6666666666667,406.6666666666667,0.0,100.0,181.66666666666666,90.0,36.666666666666664,333.3333333333333,0.0,70.0,158.33333333333334,0.3333333333333333,0.3333333333333333,1.1547005383792515,41.428653530296316,1.0,741.9793348425097,2.081665999466133,1.7320508075688772,1.1547005383792517,1.7320508075688772,0.0,1.1547005383792517,284.7806173179628,662.5959050079719,610.7645481962205,0.0,173.20508075688772,144.94251734164595,138.5640646055102,23.09401076758503,115.47005383792515,0.0,72.11102550927978,118.1453906563152,0.5773502691896258,0.5773502691896258,2.0,4.0,2.0,-2.0,2.0,3.0,1
LRL_2025-12-20_1,22000184,LRL_2025-12-20_1_22000184,3.0,806.0,10.0,20825.0,3.0,8.0,8.0,6.0,0.0,5.0,960.0,480.0,260.0,0.0,210.0,200.0,300.0,250.0,10.0,0.0,100.0,25.0,0.0,0.0,6.666666666666667,842.6666666666666,10.666666666666666,30783.333333333332,4.333333333333333,10.0,10.0,9.0,0.0,7.666666666666667,1076.6666666666667,760.0,686.6666666666666,0.0,1096.6666666666667,1300.0,100.0,83.33333333333333,53.333333333333336,0.0,200.0,225.0,0.0,0.3333333333333333,3.511884584284246,173.92335476678608,0.5773502691896258,16645.80152270636,3.2145502536643185,1.7320508075688772,1.7320508075688772,2.6457513110645907,0.0,2.516611478423583,283.6077102854105,327.414110874898,369.6394639825858,0.0,817.333061446393,1112.7106542133943,173.20508075688772,144.33756729740642,83.86497083606082,0.0,173.20508075688772,325.0,0.0,0.5773502691896258,3.0,7.0,10.0,-4.0,-3.0,3.0,1
LRL_2025-12-20_1,21001939,LRL_2025-12-20_1_21001939,5.0,145.0,10.0,26370.0,5.0,9.0,7.0,0.0,0.0,6.0,1160.0,1050.0,0.0,0.0,680.0,900.0,450.0,10.0,0.0,0.0,100.0,275.0,1.0,0.0,4.0,81.33333333333333,8.0,26443.333333333332,5.333333333333333,6.333333333333333,5.0,0.0,0.0,4.333333333333333,646.6666666666666,593.3333333333334,0.0,0.0,616.6666666666666,951.6666666666666,200.0,186.66666666666666,0.0,0.0,466.6666666666667,650.0,1.0,0.0,1.0,59.936077059925545,2.6457513110645907,287.1120571019852,3.511884584284246,2.309401076758503,2.0,0.0,0.0,1.5275252316519465,445.57079497351856,395.5165398985652,0.0,0.0,136.50396819628844,355.3284865210406,229.128784747792,197.5685535031659,0.0,0.0,635.0852961085883,693.2712311931024,0.0,0.0,5.0,4.0,3.0,1.0,1.0,3.0,1
LRL_2025-12-20_1,22012789,LRL_2025-12-20_1_22012789,6.0,811.0,7.0,31850.0,7.0,5.0,4.0,0.0,0.0,6.0,410.0,460.0,0.0,0.0,910.0,1400.0,150.0,400.0,0.0,0.0,600.0,1325.0,1.0,0.0,6.333333333333333,888.3333333333334,9.0,28080.0,6.0,4.333333333333333,3.6666666666666665,1.3333333333333333,0.0,5.666666666666667,440.0,420.0,116.66666666666667,0.0,746.6666666666666,1060.0,150.0,233.33333333333334,83.33333333333333,0.0,206.66666666666666,641.6666666666666,0.6666666666666666,0.0,2.5166114784235836,99.06731718045732,1.7320508075688772,3269.602422313759,1.7320508075688772,0.5773502691896257,0.5773502691896257,2.3094010767585034,0.0,1.5275252316519465,51.96152422706632,252.38858928247924,202.072594216369,0.0,202.56686138984662,294.83045975611134,50.0,144.33756729740642,144.33756729740645,0.0,340.6366588218792,652.5590650150631,0.5773502691896258,0.0,6.0,4.0,9.0,2.0,-5.0,3.0,1
LRL_2025-12-20_1,22018492,LRL_2025-12-20_1_22018492,4.0,732.0,11.0,24560.0,7.0,9.0,9.0,8.0,0.0,6.0,1370.0,1810.0,1260.0,0.0,1050.0,450.0,50.0,200.0,150.0,0.0,50.0,25.0,1.0,0.0,5.333333333333333,472.6666666666667,9.0,28286.666666666668,5.0,6.666666666666667,7.333333333333333,2.6666666666666665,0.0,6.333333333333333,863.3333333333334,1113.3333333333333,420.0,0.0,1106.6666666666667,1301.6666666666667,250.0,233.33333333333334,50.0,0.0,33.333333333333336,33.333333333333336,1.0,0.0,1.5275252316519468,286.573434451509,2.0,5100.836532700624,2.0,2.5166114784235836,1.5275252316519465,4.618802153517007,0.0,0.5773502691896258,447.9211240088296,610.7645481962205,727.4613391789285,0.0,318.7998327059368,757.4683711768652,304.138126514911,152.75252316519467,86.60254037844386,0.0,28.867513459481287,38.18813079129867,0.0,0.0,4.0,5.0,7.0,-1.0,-2.0,3.0,1
LRL_2025-12-20_1,22012576,LRL_2025-12-20_1_22012576,6.0,305.0,8.0,28000.0,2.0,4.0,6.0,0.0,0.0,6.0,310.0,460.0,0.0,0.0,750.0,975.0,10.0,150.0,0.0,0.0,900.0,925.0,1.0,0.0,8.0,312.5,9.0,36500.0,5.5,6.5,8.0,0.0,0.0,8.0,810.0,890.0,0.0,0.0,945.0,1405.0,105.0,75.0,0.0,0.0,450.0,462.5,0.5,0.0,2.8284271247461903,10.606601717798213,1.4142135623730951,12020.815280171308,4.949747468305833,3.5355339059327378,2.8284271247461903,0.0,0.0,2.8284271247461903,707.1067811865476,608.1118318204309,0.0,0.0,275.77164466275354,608.1118318204309,134.35028842544403,106.06601717798213,0.0,0.0,636.3961030678928,654.0737725975565,0.7071067811865476,0.0,6.0,10.0,,-4.0,,2.0,1
LRL_2025-12-20_1,22010120,LRL_2025-12-20_1_22010120,5.0,148.0,11.0,24560.0,6.0,6.0,6.0,5.0,0.0,4.0,570.0,760.0,810.0,0.0,650.0,475.0,350.0,400.0,150.0,0.0,250.0,100.0,1.0,0.0,5.333333333333333,142.66666666666666,11.666666666666666,27640.0,8.0,6.0,6.333333333333333,1.6666666666666667,0.0,5.333333333333333,513.3333333333334,646.6666666666666,270.0,0.0,690.0,491.6666666666667,233.33333333333334,250.0,50.0,0.0,166.66666666666666,70.0,0.3333333333333333,0.0,0.5773502691896257,11.0151410945722,0.5773502691896258,2877.707420847366,2.6457513110645907,0.0,0.5773502691896257,2.886751345948129,0.0,1.5275252316519465,55.07570547286103,240.90108620206203,467.6537180435969,0.0,212.83796653792763,28.867513459481295,125.83057392117915,132.28756555322954,86.60254037844386,0.0,76.37626158259734,51.96152422706632,0.5773502691896258,0.0,5.0,6.0,5.0,-1.0,1.0,3.0,1
LRL_2025-12-20_1,22007924,LRL_2025-12-20_1_22007924,3.0,157.0,8.0,26030.0,3.0,2.0,1.0,3.0,0.0,3.0,10.0,0.0,450.0,0.0,900.0,1700.0,50.0,10.0,50.0,0.0,100.0,225.0,1.0,0.0,4.666666666666667,290.3333333333333,8.0,28520.0,4.0,4.666666666666667,4.666666666666667,1.0,0.0,5.333333333333333,576.6666666666666,836.6666666666666,150.0,0.0,1083.3333333333333,1333.3333333333333,266.6666666666667,236.66666666666666,16.666666666666668,0.0,400.0,158.33333333333334,1.0,0.0,1.5275252316519465,116.44025649805712,1.0,2999.5499662449365,3.605551275463989,2.309401076758503,3.214550253664318,1.7320508075688772,0.0,2.081665999466133,693.4935712271119,825.24743764118,259.8076211353316,0.0,236.2907813126304,375.2776749732567,189.29694486000912,202.56686138984662,28.867513459481287,0.0,360.5551275463989,115.47005383792515,0.0,0.0,3.0,6.0,5.0,-3.0,1.0,3.0,1
LRL_2025-12-20_1,20005532,LRL_2025-12-20_1_20005532,3.0,163.0,10.0,26370.0,1.0,6.0,5.0,0.0,0.0,5.0,610.0,800.0,0.0,0.0,530.0,575.0,100.0,50.0,0.0,0.0,150.0,300.0,1.0,0.0,6.333333333333333,169.33333333333334,10.333333333333334,28296.666666666668,3.0,5.333333333333333,4.666666666666667,3.3333333333333335,0.0,6.333333333333333,526.6666666666666,553.3333333333334,320.0,0.0,586.6666666666666,511.6666666666667,166.66666666666666,86.66666666666667,100.0,0.0,150.0,145.0,0.3333333333333333,0.0,3.0550504633038935,74.70162871941504,0.5773502691896255,3644.397526798268,2.0,3.055050463303893,2.5166114784235836,4.163331998932265,0.0,1.5275252316519465,342.68547289509274,352.18366420567173,470.3190406521939,0.0,210.79215671683167,145.7166199626293,57.735026918962575,100.16652800877813,100.0,0.0,50.0,146.03081866510234,0.5773502691896258,0.0,3.0,7.0,9.0,-4.0,-2.0,3.0,1
LRL_2025-12-20_2,22009002,LRL_2025-12-20_2_22009002,1.0,56.0,6.0,30450.0,6.0,2.0,1.0,0.0,0.0,1.0,50.0,0.0,0.0,0.0,0.0,0.0,150.0,100.0,0.0,0.0,250.0,400.0,1.0,0.0,1.0,51.333333333333336,6.0,28466.666666666668,4.666666666666667,3.0,2.3333333333333335,0.0,0.0,2.0,156.66666666666666,153.33333333333334,0.0,0.0,40.0,0.0,150.0,266.6666666666667,0.0,0.0,333.3333333333333,235.0,1.0,0.3333333333333333,0.0,8.962886439832502,1.0,3876.31698050267,3.2145502536643185,1.7320508075688772,1.5275252316519465,0.0,0.0,1.7320508075688772,143.64307617610163,185.8314648635514,0.0,0.0,69.2820323027551,0.0,150.0,208.16659994661327,0.0,0.0,332.91640592396965,205.3655277791285,0.0,0.5773502691896258,1.0,1.0,1.0,0.0,0.0,3.0,1
LRL_2025-12-20_2,21010163,LRL_2025-12-20_2_21010163,8.0,283.0,12.0,53470.0,8.0,2.0,2.0,0.0,0.0,3.0,50.0,10.0,0.0,0.0,160.0,390.0,100.0,200.0,0.0,0.0,100.0,100.0,0.0,0.0,5.666666666666667,143.33333333333334,9.666666666666666,60450.0,4.0,2.0,2.6666666666666665,0.0,0.0,4.0,53.333333333333336,90.0,0.0,0.0,256.6666666666667,471.6666666666667,100.0,150.0,0.0,0.0,100.0,38.333333333333336,0.6666666666666666,0.0,2.081665999466133,120.96418202647152,2.0816659994661326,10074.914391695842,3.4641016151377544,1.0,1.1547005383792517,0.0,0.0,1.0,55.075705472861024,138.5640646055102,0.0,0.0,95.04384952922167,132.88466176851765,50.0,50.0,0.0,0.0,0.0,53.46338310781813,0.5773502691896258,0.0,8.0,5.0,4.0,3.0,1.0,3.0,1
LRL_2025-12-20_2,20011779,LRL_2025-12-20_2_20011779,10.0,297.0,10.0,39055.0,2.0,10.0,10.0,10.0,0.0,10.0,,,,0.0,,,,,,0.0,,,1.0,0.0,7.0,195.0,8.666666666666666,41851.666666666664,2.0,8.0,8.0,3.3333333333333335,0.0,6.333333333333333,680.0,545.0,0.0,0.0,510.0,357.5,100.0,150.0,0.0,0.0,55.0,587.5,1.0,0.3333333333333333,2.6457513110645907,106.22617379911601,1.5275252316519465,8119.6372045389635,0.0,1.7320508075688772,1.7320508075688772,5.773502691896258,0.0,3.214550253664318,14.142135623730951,162.63455967290594,0.0,0.0,353.5533905932738,74.24621202458749,141.4213562373095,212.13203435596427,0.0,0.0,63.63961030678928,159.0990257669732,0.0,0.5773502691896258,10.0,6.0,5.0,4.0,1.0,3.0,1
LRL_2025-12-20_2,21008169,LRL_2025-12-20_2_21008169,1.0,22.0,7.0,48500.0,3.0,2.0,2.0,2.0,0.0,1.0,200.0,150.0,100.0,0.0,0.0,0.0,300.0,200.0,250.0,0.0,50.0,300.0,0.0,0.0,2.6666666666666665,184.33333333333334,6.666666666666667,73833.33333333333,3.0,2.0,2.0,2.3333333333333335,0.0,2.0,150.0,183.33333333333334,116.66666666666667,0.0,300.0,408.3333333333333,216.66666666666666,166.66666666666666,170.0,0.0,233.33333333333334,391.6666666666667,0.3333333333333333,0.0,2.0816659994661326,253.12908432918832,1.5275252316519465,44312.33838710539,2.0,1.0,1.0,0.5773502691896257,0.0,1.0,132.28756555322954,202.07259421636903,76.37626158259734,0.0,300.0,353.8478957593691,76.37626158259734,57.735026918962575,138.5640646055102,0.0,236.29078131263043,158.7713240271471,0.5773502691896258,0.0,1.0,2.0,5.0,-1.0,-3.0,3.0,1
LRL_2025-12-20_2,21007720,LRL_2025-12-20_2_21007720,1.0,15.0,6.0,48000.0,5.0,3.0,1.0,0.0,0.0,1.0,110.0,0.0,0.0,0.0,0.0,0.0,100.0,300.0,0.0,0.0,150.0,125.0,1.0,0.0,3.6666666666666665,32.666666666666664,7.0,49636.666666666664,3.0,2.3333333333333335,2.0,0.0,0.0,2.6666666666666665,56.666666666666664,86.66666666666667,0.0,0.0,43.333333333333336,241.66666666666666,83.33333333333333,136.66666666666666,0.0,0.0,100.0,336.6666666666667,1.0,0.0,2.3094010767585034,20.404247923737188,1.7320508075688772,4675.043671810278,2.0,0.5773502691896258,1.7320508075688772,0.0,0.0,2.0816659994661326,50.33222956847167,150.1110699893027,0.0,0.0,66.58328118479393,237.60962382305422,28.867513459481287,148.43629385474878,0.0,0.0,50.0,469.74283744761163,0.0,0.0,1.0,5.0,5.0,-4.0,0.0,3.0,1
LRL_2025-12-20_2,21010862,LRL_2025-12-20_2_21010862,3.0,44.0,6.0,48000.0,6.0,5.0,4.0,2.0,0.0,5.0,260.0,250.0,100.0,0.0,260.0,500.0,150.0,250.0,10.0,0.0,600.0,50.0,1.0,0.0,2.6666666666666665,181.33333333333334,6.333333333333333,60326.666666666664,5.0,6.0,5.0,2.3333333333333335,0.0,5.0,690.0,673.3333333333334,383.3333333333333,0.0,430.0,650.0,50.0,100.0,70.0,0.0,870.0,41.666666666666664,1.0,0.0,1.5275252316519465,239.60244851280908,0.5773502691896258,35169.30669395308,1.7320508075688772,1.0,1.0,2.516611478423583,0.0,0.0,481.3522618623496,600.0277771348034,579.5112883571237,0.0,459.23850012820134,736.5459931328118,86.60254037844386,132.28756555322954,112.69427669584645,0.0,1022.1056696839129,14.433756729740644,0.0,0.0,3.0,4.0,1.0,-1.0,3.0,3.0,1
LRL_2025-12-20_2,22003263,LRL_2025-12-20_2_22003263,7.0,212.0,8.0,50000.0,1.0,5.0,4.0,6.0,0.0,7.0,300.0,700.0,1310.0,0.0,1360.0,1980.0,50.0,10.0,50.0,0.0,800.0,1500.0,1.0,0.0,7.666666666666667,273.6666666666667,9.666666666666666,46303.333333333336,1.3333333333333333,8.333333333333334,8.0,6.0,0.0,8.666666666666666,1046.6666666666667,1193.3333333333333,990.0,0.0,1126.6666666666667,1246.6666666666667,66.66666666666667,20.0,16.666666666666668,0.0,433.3333333333333,575.0,0.6666666666666666,0.0,2.0816659994661326,189.1939040596534,2.081665999466133,10934.168159184921,0.5773502691896257,3.055050463303893,3.605551275463989,6.0,0.0,2.081665999466133,909.7985124923723,712.3435500749154,875.0428560933459,0.0,395.5165398985652,747.9026228950754,76.37626158259734,26.457513110645905,28.867513459481287,0.0,321.4550253664318,801.950746617272,0.5773502691896258,0.0,7.0,6.0,10.0,1.0,-4.0,3.0,1
LRL_2025-12-20_3,23008213,LRL_2025-12-20_3_23008213,4.0,347.0,10.0,49000.0,6.0,4.0,5.0,0.0,0.0,4.0,260.0,860.0,0.0,0.0,860.0,1575.0,200.0,100.0,0.0,0.0,100.0,425.0,1.0,0.0,4.0,347.0,10.0,49000.0,6.0,4.0,5.0,0.0,0.0,4.0,260.0,860.0,0.0,0.0,860.0,1575.0,200.0,100.0,0.0,0.0,100.0,425.0,1.0,0.0,,,,,,,,,,,,,,,,,,,,,,,,,4.0,,,,,1.0,1
LRL_2025-12-20_3,23007473,LRL_2025-12-20_3_23007473,,,,,,,,,,,,,,,,,,,,,,,,,,,,,,,,,,,,,,,,,,,,,,,,,,,,,,,,,,,,,,,,,,,,,,,,,,,,,,0.0,0
LRL_2025-12-20_3,23006925,LRL_2025-12-20_3_23006925,2.0,13.0,9.0,48500.0,6.0,3.0,4.0,0.0,0.0,3.0,410.0,1110.0,0.0,0.0,650.0,250.0,50.0,150.0,0.0,0.0,150.0,75.0,1.0,1.0,2.6666666666666665,27.666666666666668,8.666666666666666,47500.0,4.333333333333333,2.3333333333333335,3.0,0.0,0.0,2.3333333333333335,220.0,556.6666666666666,0.0,0.0,386.6666666666667,486.6666666666667,23.333333333333332,153.33333333333334,0.0,0.0,170.0,250.0,1.0,0.3333333333333333,0.5773502691896258,32.57811126098831,1.5275252316519465,2179.449471770337,1.5275252316519465,1.1547005383792517,1.0,0.0,0.0,1.1547005383792517,206.63978319771826,550.0303021955548,0.0,0.0,342.1013495052794,422.97557061056534,23.094010767585033,145.0287327853806,0.0,0.0,170.88007490635061,303.10889132455355,0.0,0.5773502691896258,2.0,3.0,3.0,-1.0,0.0,3.0,1
LRL_2025-12-20_3,23019680,LRL_2025-12-20_3_23019680,,,,,,,,,,,,,,,,,,,,,,,,,,,,,,,,,,,,,,,,,,,,,,,,,,,,,,,,,,,,,,,,,,,,,,,,,,,,,,0.0,0
LRL_2025-12-20_3,23008615,LRL_2025-12-20_3_23008615,6.0,36.0,7.0,51730.0,2.0,6.0,7.0,7.0,0.0,6.0,320.0,340.0,530.0,0.0,820.0,1710.0,500.0,0.0,0.0,0.0,400.0,800.0,1.0,0.0,4.0,67.66666666666667,8.333333333333334,47525.0,2.3333333333333335,7.666666666666667,7.333333333333333,3.3333333333333335,0.0,4.666666666666667,776.6666666666666,676.6666666666666,263.3333333333333,0.0,956.6666666666666,1403.3333333333333,216.66666666666666,100.0,150.0,0.0,236.66666666666666,516.6666666666666,1.0,0.0,2.0,29.737742572921256,1.5275252316519465,3687.1432030774176,0.5773502691896258,1.5275252316519465,1.5275252316519468,3.511884584284246,0.0,2.309401076758503,455.00915741700555,548.8472768752099,265.0157228040128,0.0,587.0547958524257,501.15699469660535,256.5800719723442,100.0,259.8076211353316,0.0,202.56686138984662,264.9685515930774,0.0,0.0,6.0,2.0,4.0,4.0,-2.0,3.0,1
LRL_2025-12-20_3,23007607,LRL_2025-12-20_3_23007607,,,,,,,,,,,,,,,,,,,,,,,,,,,,,,,,,,,,,,,,,,,,,,,,,,,,,,,,,,,,,,,,,,,,,,,,,,,,,,0.0,0
LRL_2025-12-20_3,23008719,LRL_2025-12-20_3_23008719,4.0,72.0,9.0,48500.0,3.0,8.0,5.0,0.0,0.0,4.0,820.0,1260.0,0.0,0.0,800.0,575.0,150.0,150.0,0.0,0.0,150.0,325.0,1.0,1.0,3.5,41.5,9.0,47500.0,4.5,5.0,3.0,0.0,0.0,3.0,435.0,630.0,0.0,0.0,425.0,362.5,80.0,80.0,0.0,0.0,125.0,187.5,1.0,0.5,0.7071067811865476,43.1335136523794,0.0,1414.213562373095,2.1213203435596424,4.242640687119285,2.8284271247461903,0.0,0.0,1.4142135623730951,544.4722215136416,890.9545442950499,0.0,0.0,530.3300858899106,300.5203820042827,98.99494936611666,98.99494936611666,0.0,0.0,35.35533905932738,194.45436482630058,0.0,0.7071067811865476,4.0,3.0,,1.0,,2.0,1
LRL_2025-12-20_4,20010035,LRL_2025-12-20_4_20010035,7.0,92.0,8.0,55590.0,6.0,8.0,8.0,0.0,0.0,7.0,870.0,920.0,0.0,0.0,1060.0,1975.0,0.0,0.0,0.0,0.0,150.0,425.0,1.0,1.0,5.666666666666667,119.33333333333333,7.333333333333333,70863.33333333333,4.666666666666667,5.333333333333333,5.666666666666667,2.0,0.0,5.333333333333333,476.6666666666667,533.3333333333334,176.66666666666666,0.0,823.3333333333334,1225.0,116.66666666666667,86.66666666666667,66.66666666666667,0.0,133.33333333333334,210.0,1.0,0.3333333333333333,2.3094010767585034,44.76978147515725,1.1547005383792515,25242.940267198144,2.309401076758503,3.055050463303893,3.2145502536643185,3.4641016151377544,0.0,2.8867513459481287,411.01500378128935,470.1418225741391,305.9956426705017,0.0,638.7748690527308,776.2087348130012,160.7275126832159,141.53915830374763,115.47005383792515,0.0,28.867513459481287,210.17849556983703,0.0,0.5773502691896258,7.0,7.0,3.0,0.0,4.0,3.0,1
LRL_2025-12-20_4,22013665,LRL_2025-12-20_4_22013665,8.0,180.0,9.0,31500.0,1.0,2.0,2.0,0.0,0.0,5.0,10.0,10.0,0.0,0.0,120.0,920.0,100.0,100.0,0.0,0.0,100.0,600.0,0.0,0.0,6.333333333333333,97.0,7.666666666666667,29200.0,2.0,1.3333333333333333,1.6666666666666667,0.0,0.0,3.3333333333333335,3.3333333333333335,6.666666666666667,0.0,0.0,143.33333333333334,1006.6666666666666,116.66666666666667,166.66666666666666,0.0,0.0,166.66666666666666,300.0,0.6666666666666666,0.6666666666666666,2.0816659994661326,81.0740402348372,1.1547005383792517,3157.5306807693887,1.7320508075688772,0.5773502691896257,0.5773502691896258,0.0,0.0,2.0816659994661326,5.773502691896258,5.773502691896257,0.0,0.0,156.31165450257805,679.1600204173781,76.37626158259734,76.37626158259734,0.0,0.0,76.37626158259734,300.0,0.5773502691896258,0.5773502691896258,8.0,7.0,4.0,1.0,3.0,3.0,1
LRL_2025-12-20_4,20020171,LRL_2025-12-20_4_20020171,1.0,17.0,8.0,30435.0,2.0,2.0,2.0,0.0,0.0,2.0,100.0,250.0,0.0,0.0,10.0,0.0,100.0,400.0,0.0,0.0,300.0,100.0,1.0,1.0,1.0,41.666666666666664,7.333333333333333,29135.0,3.3333333333333335,2.6666666666666665,2.3333333333333335,0.0,0.0,2.0,253.33333333333334,183.33333333333334,0.0,0.0,23.333333333333332,0.0,136.66666666666666,200.0,0.0,0.0,266.6666666666667,61.666666666666664,1.0,0.6666666666666666,0.0,25.540817005987364,1.1547005383792515,1469.8724434453488,1.5275252316519465,2.0816659994661326,1.5275252316519468,0.0,0.0,0.0,355.715241918776,160.7275126832159,0.0,0.0,23.094010767585033,0.0,148.43629385474878,180.27756377319946,0.0,0.0,104.08329997330664,46.45786621588785,0.0,0.5773502691896258,1.0,1.0,1.0,0.0,0.0,3.0,1
LRL_2025-12-20_4,21000672,LRL_2025-12-20_4_21000672,4.0,14.0,7.0,32980.0,5.0,2.0,2.0,0.0,0.0,1.0,50.0,100.0,0.0,0.0,0.0,175.0,100.0,150.0,0.0,0.0,50.0,25.0,1.0,1.0,4.0,54.0,6.666666666666667,59993.333333333336,3.3333333333333335,4.0,4.333333333333333,0.0,0.0,3.3333333333333335,260.0,440.0,0.0,0.0,270.0,333.3333333333333,40.0,153.33333333333334,0.0,0.0,150.0,308.3333333333333,1.0,0.6666666666666666,1.0,60.8276253029822,1.5275252316519468,35348.834964300215,2.0816659994661326,2.0,2.516611478423583,0.0,0.0,2.516611478423583,210.0,420.35699113967405,0.0,0.0,384.3175770115127,274.24137786507225,51.96152422706632,145.0287327853806,0.0,0.0,132.28756555322954,301.3856886670854,0.0,0.5773502691896258,4.0,5.0,3.0,-1.0,2.0,3.0,1
LRL_2025-12-20_4,16013161,LRL_2025-12-20_4_16013161,1.0,14.0,8.0,28000.0,4.0,1.0,1.0,0.0,0.0,1.0,0.0,0.0,0.0,0.0,0.0,0.0,10.0,100.0,0.0,0.0,200.0,150.0,1.0,1.0,2.6666666666666665,26.333333333333332,6.0,56666.666666666664,3.0,1.6666666666666667,2.3333333333333335,0.0,0.0,2.3333333333333335,66.66666666666667,216.66666666666666,0.0,0.0,383.3333333333333,500.0,10.0,216.66666666666666,0.0,0.0,250.0,300.0,1.0,1.0,1.5275252316519468,18.009256878986797,1.7320508075688772,46231.30252689549,1.0,0.5773502691896257,1.1547005383792515,0.0,0.0,1.1547005383792515,76.37626158259734,202.072594216369,0.0,0.0,375.2776749732567,467.0385423067351,0.0,104.08329997330664,0.0,0.0,229.128784747792,217.94494717703367,0.0,0.0,1.0,3.0,4.0,-2.0,-1.0,3.0,1
LRL_2025-12-20_4,18011492,LRL_2025-12-20_4_18011492,2.0,35.0,11.0,55500.0,1.0,2.0,3.0,0.0,0.0,2.0,150.0,250.0,0.0,0.0,250.0,10.0,50.0,50.0,0.0,0.0,250.0,50.0,0.0,0.0,2.6666666666666665,37.666666666666664,9.666666666666666,51460.0,5.333333333333333,3.0,3.3333333333333335,0.0,0.0,1.6666666666666667,186.66666666666666,173.33333333333334,0.0,0.0,166.66666666666666,111.66666666666667,83.33333333333333,100.0,0.0,0.0,90.0,133.33333333333334,0.0,0.0,0.5773502691896258,14.189197769195175,1.5275252316519465,9964.44178065184,4.041451884327381,1.7320508075688772,1.5275252316519468,0.0,0.0,0.5773502691896257,32.145502536643185,68.06859285554046,0.0,0.0,144.33756729740642,88.928810479694,57.735026918962575,50.0,0.0,0.0,138.5640646055102,166.45820296198482,0.0,0.0,2.0,3.0,3.0,-1.0,0.0,3.0,1
LRL_2025-12-20_4,18007223,LRL_2025-12-20_4_18007223,2.0,71.0,9.0,25520.0,6.0,1.0,1.0,0.0,0.0,1.0,0.0,0.0,0.0,0.0,0.0,5.0,200.0,200.0,0.0,0.0,400.0,100.0,1.0,1.0,4.666666666666667,50.0,7.666666666666667,28840.0,6.666666666666667,1.3333333333333333,2.0,0.0,0.0,2.6666666666666665,16.666666666666668,123.33333333333333,0.0,0.0,250.0,490.0,216.66666666666666,183.33333333333334,0.0,0.0,166.66666666666666,50.0,1.0,1.0,2.309401076758503,22.64950330581225,1.5275252316519465,9925.562956326457,1.1547005383792515,0.5773502691896257,1.7320508075688772,0.0,0.0,2.886751345948129,28.867513459481287,213.61959960016154,0.0,0.0,433.0127018922193,443.53692067290183,28.867513459481295,125.83057392117915,0.0,0.0,208.16659994661327,50.0,0.0,0.0,2.0,6.0,6.0,-4.0,0.0,3.0,1
LRL_2025-12-20_4,20006451,LRL_2025-12-20_4_20006451,5.0,603.0,7.0,40830.0,1.0,6.0,7.0,0.0,0.0,5.0,460.0,910.0,0.0,0.0,950.0,1475.0,100.0,0.0,0.0,0.0,300.0,150.0,1.0,1.0,6.333333333333333,586.0,7.666666666666667,61053.333333333336,2.0,4.666666666666667,6.0,0.0,0.0,6.333333333333333,356.6666666666667,596.6666666666666,0.0,0.0,903.3333333333334,1066.6666666666667,66.66666666666667,83.33333333333333,0.0,0.0,216.66666666666666,308.3333333333333,0.6666666666666666,0.3333333333333333,2.309401076758503,223.98437445500522,2.081665999466133,35461.73477614051,1.7320508075688772,1.1547005383792517,1.0,0.0,0.0,2.309401076758503,130.51181300301263,272.0906711619002,0.0,0.0,136.13718571108095,364.29154990657327,28.867513459481287,76.37626158259734,0.0,0.0,144.33756729740645,364.2915499065732,0.5773502691896258,0.5773502691896258,5.0,9.0,5.0,-4.0,4.0,3.0,1
LRL_2025-12-20_5,21007291,LRL_2025-12-20_5_21007291,2.0,17.0,7.0,175000.0,7.0,1.0,2.0,2.0,0.0,2.0,0.0,10.0,10.0,0.0,10.0,50.0,50.0,150.0,150.0,0.0,400.0,650.0,1.0,0.0,1.6666666666666667,16.0,6.666666666666667,225000.0,3.6666666666666665,2.0,2.3333333333333335,0.6666666666666666,0.0,1.3333333333333333,40.0,26.666666666666668,3.3333333333333335,0.0,3.3333333333333335,25.0,50.0,133.33333333333334,50.0,0.0,266.6666666666667,483.3333333333333,1.0,0.6666666666666666,0.5773502691896258,7.54983443527075,0.5773502691896258,66143.78277661477,2.886751345948129,1.0,0.5773502691896258,1.1547005383792517,0.0,0.5773502691896257,60.8276253029822,28.867513459481287,5.773502691896258,0.0,5.773502691896258,25.0,0.0,28.867513459481287,86.60254037844386,0.0,125.83057392117917,208.16659994661327,0.0,0.5773502691896258,2.0,2.0,1.0,0.0,1.0,3.0,1
LRL_2025-12-20_5,22013479,LRL_2025-12-20_5_22013479,3.0,127.0,9.0,100000.0,5.0,8.0,8.0,0.0,0.0,5.0,1350.0,1020.0,0.0,0.0,410.0,75.0,350.0,700.0,0.0,0.0,350.0,75.0,1.0,1.0,2.6666666666666665,110.33333333333333,8.666666666666666,84970.0,4.0,7.666666666666667,6.333333333333333,0.0,0.0,4.666666666666667,736.6666666666666,730.0,0.0,0.0,423.3333333333333,191.66666666666666,253.33333333333334,316.6666666666667,0.0,0.0,170.0,133.33333333333334,1.0,0.3333333333333333,1.5275252316519468,83.26063495634256,0.5773502691896255,26032.723637760224,1.7320508075688772,0.5773502691896258,1.5275252316519465,0.0,0.0,0.5773502691896257,533.5103872778236,306.10455730027934,0.0,0.0,270.2468007827906,269.64482812272394,212.21058723196006,332.91640592396965,0.0,0.0,170.88007490635061,52.04164998665332,0.0,0.5773502691896258,3.0,1.0,4.0,2.0,-3.0,3.0,1
LRL_2025-12-20_5,22007555,LRL_2025-12-20_5_22007555,1.0,26.0,8.0,100000.0,5.0,5.0,3.0,0.0,0.0,1.0,270.0,60.0,0.0,0.0,0.0,0.0,200.0,300.0,0.0,0.0,50.0,125.0,1.0,0.0,3.0,41.0,7.666666666666667,84666.66666666667,4.0,5.333333333333333,4.666666666666667,0.0,0.0,3.3333333333333335,360.0,243.33333333333334,0.0,0.0,140.0,143.33333333333334,70.0,166.66666666666666,0.0,0.0,200.0,275.0,0.6666666666666666,0.3333333333333333,3.4641016151377544,13.0,0.5773502691896257,13613.718571108093,1.0,2.5166114784235836,2.0816659994661326,0.0,0.0,3.2145502536643185,219.31712199461307,208.40665376454115,0.0,0.0,200.7485989988473,248.26061575153906,112.69427669584645,125.83057392117917,0.0,0.0,259.8076211353316,180.27756377319946,0.5773502691896258,0.5773502691896258,1.0,1.0,7.0,0.0,-6.0,3.0,1
LRL_2025-12-20_5,21010815,LRL_2025-12-20_5_21010815,1.0,9.0,7.0,88000.0,7.0,1.0,1.0,0.0,0.0,1.0,0.0,0.0,0.0,0.0,0.0,0.0,100.0,200.0,0.0,0.0,400.0,525.0,1.0,1.0,1.6666666666666667,34.333333333333336,6.0,90000.0,4.333333333333333,1.0,1.0,0.6666666666666666,0.0,1.0,0.0,0.0,0.0,0.0,0.0,83.33333333333333,250.0,150.0,166.66666666666666,0.0,316.6666666666667,525.0,1.0,0.3333333333333333,1.1547005383792517,43.015501081974314,1.0,59025.41825349483,3.055050463303893,0.0,0.0,0.5773502691896258,0.0,0.0,0.0,0.0,0.0,0.0,0.0,144.33756729740642,180.27756377319946,50.0,152.75252316519467,0.0,236.2907813126304,175.0,0.0,0.5773502691896258,1.0,3.0,1.0,-2.0,2.0,3.0,1
LRL_2025-12-20_5,21013111,LRL_2025-12-20_5_21013111,8.0,285.0,8.0,57000.0,3.0,5.0,5.0,8.0,0.0,8.0,500.0,360.0,880.0,0.0,1410.0,1280.0,10.0,10.0,0.0,0.0,0.0,0.0,1.0,0.0,5.333333333333333,181.0,7.333333333333333,60933.333333333336,5.666666666666667,5.333333333333333,5.333333333333333,6.0,0.0,6.333333333333333,376.6666666666667,413.3333333333333,633.3333333333334,0.0,876.6666666666666,886.6666666666666,170.0,136.66666666666666,33.333333333333336,0.0,50.0,108.33333333333333,1.0,0.0,3.0550504633038935,96.27045237246992,0.5773502691896257,11610.914405563986,2.309401076758503,0.5773502691896257,0.5773502691896258,2.6457513110645907,0.0,1.5275252316519465,120.13880860626735,50.33222956847167,213.85353243127253,0.0,485.62674281111555,747.166871142808,243.3105012119288,109.6965511460289,57.735026918962575,0.0,50.0,128.2900359861721,0.0,0.0,8.0,2.0,6.0,6.0,-4.0,3.0,1
LRL_2025-12-20_6,19016903,LRL_2025-12-20_6_19016903,3.0,27.0,8.0,130000.0,1.0,6.0,7.0,0.0,0.0,3.0,400.0,660.0,0.0,0.0,510.0,250.0,50.0,350.0,0.0,0.0,100.0,25.0,1.0,0.0,2.6666666666666665,52.333333333333336,6.333333333333333,118000.0,3.0,4.666666666666667,4.666666666666667,0.0,0.0,2.6666666666666665,350.0,360.0,0.0,0.0,453.3333333333333,500.0,33.333333333333336,136.66666666666666,0.0,0.0,250.0,191.66666666666666,1.0,0.0,1.5275252316519465,24.11085509336683,1.5275252316519465,13114.877048604001,2.0,1.5275252316519465,2.081665999466133,0.0,0.0,1.5275252316519465,50.0,274.9545416973504,0.0,0.0,427.8239513320092,661.4378277661476,28.867513459481287,185.8314648635514,0.0,0.0,304.138126514911,267.31691553909064,0.0,0.0,3.0,4.0,1.0,-1.0,3.0,3.0,1
LRL_2025-12-20_6,19015690,LRL_2025-12-20_6_19015690,1.0,39.0,8.0,75000.0,7.0,7.0,6.0,6.0,0.0,5.0,610.0,610.0,410.0,0.0,220.0,0.0,50.0,150.0,200.0,0.0,200.0,275.0,1.0,1.0,1.3333333333333333,37.666666666666664,7.333333333333333,91666.66666666667,5.333333333333333,7.0,6.666666666666667,2.0,0.0,5.0,956.6666666666666,963.3333333333334,136.66666666666666,0.0,350.0,175.0,16.666666666666668,50.0,66.66666666666667,0.0,216.66666666666666,175.0,1.0,0.3333333333333333,0.5773502691896257,4.163331998932266,2.0816659994661326,28867.513459481288,2.8867513459481287,2.0,2.081665999466133,3.4641016151377544,0.0,1.0,345.01207708330054,307.4627348693388,236.71361036774658,0.0,147.30919862656236,303.10889132455355,28.867513459481287,86.60254037844386,115.47005383792515,0.0,175.5942292142123,114.564392373896,0.0,0.5773502691896258,1.0,2.0,1.0,-1.0,1.0,3.0,1
LRL_2025-12-20_6,22018757,LRL_2025-12-20_6_22018757,7.0,146.0,7.0,100000.0,7.0,7.0,6.0,0.0,0.0,7.0,510.0,920.0,0.0,0.0,1150.0,1775.0,0.0,10.0,0.0,0.0,0.0,0.0,1.0,0.0,4.333333333333333,245.33333333333334,7.0,149666.66666666666,4.333333333333333,4.333333333333333,4.333333333333333,2.3333333333333335,0.0,4.333333333333333,226.66666666666666,383.3333333333333,90.0,0.0,470.0,753.3333333333334,100.0,73.33333333333333,36.666666666666664,0.0,153.33333333333334,50.0,1.0,0.0,3.055050463303893,287.18693099327015,2.0,132666.24790553673,2.516611478423583,3.055050463303893,2.8867513459481287,3.2145502536643185,0.0,2.516611478423583,259.67928938083094,478.78317987721056,155.88457268119896,0.0,600.9991680526688,917.4193879209951,100.0,109.6965511460289,55.07570547286102,0.0,256.96951829610714,50.0,0.0,0.0,7.0,5.0,1.0,2.0,4.0,3.0,1
LRL_2025-12-20_6,22008378,LRL_2025-12-20_6_22008378,1.0,29.0,7.0,100000.0,7.0,2.0,1.0,1.0,0.0,1.0,200.0,0.0,0.0,0.0,0.0,0.0,50.0,10.0,50.0,0.0,350.0,325.0,1.0,0.0,4.666666666666667,134.33333333333334,8.0,166666.66666666666,5.0,2.3333333333333335,2.6666666666666665,1.3333333333333333,0.0,3.3333333333333335,136.66666666666666,106.66666666666667,50.0,0.0,466.6666666666667,861.6666666666666,36.666666666666664,40.0,20.0,0.0,266.6666666666667,358.3333333333333,1.0,0.0,3.511884584284246,92.14300479870045,1.0,115470.05383792515,2.0,0.5773502691896257,1.5275252316519468,1.5275252316519465,0.0,2.516611478423583,55.07570547286102,105.03967504392487,86.60254037844386,0.0,642.9100507328636,888.6272184292654,23.09401076758503,51.96152422706632,26.457513110645905,0.0,189.29694486000912,57.735026918962575,0.0,0.0,1.0,5.0,8.0,-4.0,-3.0,3.0,1
LRL_2025-12-20_6,21014582,LRL_2025-12-20_6_21014582,2.0,228.0,8.0,50735.0,8.0,8.0,8.0,7.0,0.0,3.0,1080.0,960.0,910.0,0.0,600.0,500.0,0.0,0.0,1200.0,0.0,100.0,475.0,1.0,0.0,2.6666666666666665,208.33333333333334,6.666666666666667,51538.333333333336,5.333333333333333,6.666666666666667,6.666666666666667,6.333333333333333,0.0,4.333333333333333,900.0,856.6666666666666,813.3333333333334,0.0,650.0,491.6666666666667,0.0,0.0,400.0,0.0,216.66666666666666,183.33333333333334,1.0,0.3333333333333333,1.1547005383792517,96.02256679204808,1.1547005383792517,1626.3174146928807,2.309401076758503,1.1547005383792517,1.1547005383792517,0.5773502691896257,0.0,1.1547005383792517,180.0,105.03967504392487,126.62279942148388,0.0,132.28756555322954,187.63883748662835,0.0,0.0,692.8203230275509,0.0,104.08329997330664,252.89984842489196,0.0,0.5773502691896258,2.0,2.0,4.0,0.0,-2.0,3.0,1
LRL_2025-12-20_6,21015936,LRL_2025-12-20_6_21015936,4.0,121.0,7.0,100000.0,5.0,1.0,2.0,2.0,0.0,2.0,0.0,10.0,50.0,0.0,350.0,475.0,200.0,200.0,250.0,0.0,10.0,25.0,1.0,0.0,3.3333333333333335,333.3333333333333,8.0,84898.33333333333,5.0,1.3333333333333333,1.6666666666666667,1.0,0.0,1.3333333333333333,33.333333333333336,6.666666666666667,16.666666666666668,0.0,116.66666666666667,295.0,183.33333333333334,150.0,133.33333333333334,0.0,73.33333333333333,41.666666666666664,0.6666666666666666,0.0,2.0816659994661326,188.29321106543733,1.0,26156.853945635994,0.0,0.5773502691896258,0.5773502691896257,1.0,0.0,0.5773502691896257,57.735026918962575,5.773502691896258,28.867513459481287,0.0,202.07259421636903,257.53640519351825,125.83057392117915,86.60254037844386,125.83057392117915,0.0,109.6965511460289,28.867513459481287,0.5773502691896258,0.0,4.0,5.0,1.0,-1.0,4.0,3.0,1
LRL_2025-12-20_6,21017680,LRL_2025-12-20_6_21017680,5.0,239.0,5.0,100000.0,3.0,4.0,4.0,0.0,0.0,5.0,560.0,660.0,0.0,0.0,810.0,1535.0,450.0,250.0,0.0,0.0,0.0,0.0,1.0,0.0,5.333333333333333,532.0,7.333333333333333,76066.66666666667,2.0,5.333333333333333,6.0,4.333333333333333,0.0,5.666666666666667,656.6666666666666,883.3333333333334,423.3333333333333,0.0,650.0,931.6666666666666,233.33333333333334,86.66666666666667,3.3333333333333335,0.0,16.666666666666668,8.333333333333334,0.6666666666666666,0.0,4.509249752822894,344.8318430771729,2.5166114784235836,22969.835291819865,1.0,2.3094010767585034,3.4641016151377544,5.131601439446884,0.0,4.041451884327381,511.89191567491406,808.4759324391379,640.3384521745772,0.0,576.8882040742383,818.4792809432217,202.07259421636903,141.53915830374763,5.773502691896258,0.0,28.867513459481287,14.433756729740644,0.5773502691896258,0.0,5.0,1.0,10.0,4.0,-9.0,3.0,1
LRL_2025-12-20_6,20016744,LRL_2025-12-20_6_20016744,1.0,20.0,7.0,59020.0,7.0,3.0,2.0,1.0,0.0,1.0,350.0,150.0,0.0,0.0,0.0,0.0,100.0,10.0,10.0,0.0,100.0,150.0,0.0,0.0,4.0,14.333333333333334,7.0,99673.33333333333,5.0,4.333333333333333,4.666666666666667,5.0,0.0,4.333333333333333,420.0,386.6666666666667,373.3333333333333,0.0,386.6666666666667,310.0,100.0,103.33333333333333,3.3333333333333335,0.0,50.0,250.0,0.0,0.0,2.6457513110645907,5.507570547286102,1.0,40490.988297809345,3.4641016151377544,2.3094010767585034,2.516611478423583,3.605551275463989,0.0,2.886751345948129,166.43316977093238,319.4265695482036,385.5299383100271,0.0,342.1013495052794,373.7311868174771,50.0,95.04384952922169,5.773502691896258,0.0,50.0,312.2498999199199,0.0,0.0,1.0,6.0,5.0,-5.0,1.0,3.0,1
LRL_2025-12-20_6,20001190,LRL_2025-12-20_6_20001190,7.0,119.0,9.0,75000.0,9.0,9.0,9.0,0.0,0.0,7.0,1580.0,1260.0,0.0,0.0,1300.0,960.0,0.0,0.0,0.0,0.0,150.0,250.0,1.0,0.0,3.3333333333333335,112.66666666666667,7.666666666666667,75666.66666666667,7.0,7.0,6.333333333333333,1.6666666666666667,0.0,6.333333333333333,1026.6666666666667,776.6666666666666,153.33333333333334,0.0,793.3333333333334,428.3333333333333,83.33333333333333,183.33333333333334,33.333333333333336,0.0,116.66666666666667,108.33333333333333,1.0,0.0,3.214550253664318,34.93326972004386,1.1547005383792517,24006.94344004112,1.7320508075688772,1.7320508075688772,2.516611478423583,2.886751345948129,0.0,1.1547005383792515,519.2622972384316,500.83264004389065,265.5811238272278,0.0,447.9211240088296,488.270758220614,104.08329997330664,202.07259421636903,57.735026918962575,0.0,104.08329997330664,123.32207155790618,0.0,0.0,7.0,2.0,1.0,5.0,1.0,3.0,1
LRL_2025-12-20_7,21012274,LRL_2025-12-20_7_21012274,3.0,49.0,5.0,100000.0,5.0,1.0,1.0,0.0,0.0,3.0,0.0,0.0,0.0,0.0,110.0,735.0,200.0,250.0,0.0,0.0,500.0,100.0,1.0,0.0,2.6666666666666665,73.0,5.333333333333333,85333.33333333333,3.0,1.0,1.0,0.0,0.0,2.6666666666666665,0.0,0.0,0.0,0.0,156.66666666666666,636.6666666666666,116.66666666666667,116.66666666666667,0.0,0.0,366.6666666666667,175.0,1.0,0.6666666666666666,0.5773502691896258,52.306787322488084,0.5773502691896257,25403.411844343533,2.0,0.0,0.0,0.0,0.0,0.5773502691896258,0.0,0.0,0.0,0.0,126.62279942148386,105.63301251660548,76.37626158259734,115.47005383792515,0.0,0.0,115.47005383792515,66.14378277661477,0.0,0.5773502691896258,3.0,2.0,3.0,1.0,-1.0,3.0,1
LRL_2025-12-20_7,22009021,LRL_2025-12-20_7_22009021,3.0,6.0,7.0,100000.0,3.0,2.0,1.0,0.0,0.0,1.0,10.0,0.0,0.0,0.0,0.0,275.0,50.0,10.0,0.0,0.0,50.0,400.0,1.0,0.0,1.6666666666666667,32.666666666666664,8.0,100676.66666666667,3.0,4.0,2.6666666666666665,0.0,0.0,1.6666666666666667,210.0,140.0,0.0,0.0,83.33333333333333,91.66666666666667,66.66666666666667,36.666666666666664,0.0,0.0,133.33333333333334,241.66666666666666,1.0,0.3333333333333333,1.1547005383792517,30.550504633038933,3.605551275463989,1172.0210464549414,0.0,2.6457513110645907,2.0816659994661326,0.0,0.0,1.1547005383792517,304.138126514911,233.88031127053,0.0,0.0,144.33756729740642,158.77132402714707,28.867513459481287,23.094010767585033,0.0,0.0,76.37626158259734,137.68926368215256,0.0,0.5773502691896258,3.0,1.0,1.0,2.0,0.0,3.0,1
LRL_2025-12-20_7,21006052,LRL_2025-12-20_7_21006052,2.0,8.0,5.0,100000.0,2.0,2.0,2.0,0.0,0.0,1.0,200.0,250.0,0.0,0.0,0.0,10.0,10.0,10.0,0.0,0.0,10.0,725.0,1.0,0.0,1.3333333333333333,11.0,6.0,86753.33333333333,4.333333333333333,1.6666666666666667,1.3333333333333333,0.6666666666666666,0.0,1.0,70.0,83.33333333333333,0.0,0.0,0.0,3.3333333333333335,103.33333333333333,53.333333333333336,103.33333333333333,0.0,206.66666666666666,418.3333333333333,1.0,0.0,0.5773502691896257,7.937253933193772,2.6457513110645907,22943.899697595727,4.041451884327381,0.5773502691896257,0.5773502691896257,0.5773502691896258,0.0,0.0,112.69427669584645,144.33756729740642,0.0,0.0,0.0,5.773502691896258,128.58201014657274,45.09249752822894,170.39170558842744,0.0,340.6366588218792,371.6629297271028,0.0,0.0,2.0,1.0,1.0,1.0,0.0,3.0,1
LRL_2025-12-20_7,20016866,LRL_2025-12-20_7_20016866,5.0,56.0,7.0,60000.0,2.0,2.0,3.0,0.0,0.0,4.0,100.0,110.0,0.0,0.0,120.0,385.0,50.0,50.0,0.0,0.0,100.0,10.0,1.0,1.0,3.0,48.333333333333336,7.0,49666.666666666664,3.3333333333333335,3.3333333333333335,3.0,0.0,0.0,3.6666666666666665,143.33333333333334,120.0,0.0,0.0,260.0,453.3333333333333,70.0,70.0,0.0,0.0,133.33333333333334,15.0,1.0,0.6666666666666666,2.0,9.29157324317757,0.0,17897.858344878397,1.1547005383792515,1.5275252316519468,2.0,0.0,0.0,2.5166114784235836,66.58328118479393,125.29964086141668,0.0,0.0,351.5679166249389,491.07874453424813,72.11102550927978,72.11102550927978,0.0,0.0,57.735026918962575,8.660254037844387,0.0,0.5773502691896258,5.0,3.0,1.0,2.0,2.0,3.0,1
LRL_2025-12-20_7,22013715,LRL_2025-12-20_7_22013715,1.0,58.0,7.0,100000.0,4.0,6.0,5.0,0.0,0.0,3.0,460.0,520.0,0.0,0.0,100.0,0.0,50.0,400.0,0.0,0.0,150.0,225.0,1.0,0.0,1.6666666666666667,30.0,6.666666666666667,64333.333333333336,3.3333333333333335,4.333333333333333,3.6666666666666665,0.0,0.0,2.6666666666666665,306.6666666666667,376.6666666666667,0.0,0.0,186.66666666666666,108.33333333333333,66.66666666666667,283.3333333333333,0.0,0.0,266.6666666666667,95.0,1.0,0.3333333333333333,1.1547005383792517,25.238858928247925,1.5275252316519468,30989.24544633724,1.1547005383792515,1.5275252316519465,1.5275252316519465,0.0,0.0,0.5773502691896258,150.1110699893027,132.03534880225573,0.0,0.0,77.6745346515403,187.63883748662838,28.867513459481287,202.072594216369,0.0,0.0,104.08329997330664,114.34596626029271,0.0,0.5773502691896258,1.0,1.0,3.0,0.0,-2.0,3.0,1
LRL_2025-12-20_7,22013268,LRL_2025-12-20_7_22013268,3.0,26.0,7.0,57340.0,3.0,1.0,2.0,0.0,0.0,2.0,0.0,100.0,0.0,0.0,200.0,225.0,150.0,50.0,0.0,0.0,150.0,175.0,1.0,1.0,2.3333333333333335,34.333333333333336,5.666666666666667,77113.33333333333,2.3333333333333335,1.6666666666666667,2.0,0.0,0.0,2.0,100.0,200.0,0.0,0.0,350.0,541.6666666666666,86.66666666666667,86.66666666666667,0.0,0.0,283.3333333333333,350.0,1.0,1.0,1.1547005383792517,10.408329997330664,1.1547005383792517,21499.733331679567,1.1547005383792517,1.1547005383792517,1.0,0.0,0.0,1.0,173.20508075688772,264.5751311064591,0.0,0.0,444.40972086577943,751.8033874181024,70.94598884597588,100.16652800877812,0.0,0.0,275.3785273643051,188.74586088176875,0.0,0.0,3.0,3.0,1.0,0.0,2.0,3.0,1
LRL_2025-12-20_7,22009796,LRL_2025-12-20_7_22009796,2.0,76.0,12.0,102030.0,8.0,1.0,1.0,0.0,0.0,1.0,0.0,0.0,0.0,0.0,0.0,175.0,100.0,100.0,0.0,0.0,200.0,250.0,1.0,0.0,1.6666666666666667,57.666666666666664,9.0,59910.0,5.666666666666667,2.0,1.3333333333333333,0.0,0.0,1.3333333333333333,83.33333333333333,3.3333333333333335,0.0,0.0,100.0,191.66666666666666,116.66666666666667,70.0,0.0,0.0,133.33333333333334,225.0,1.0,0.3333333333333333,0.5773502691896257,41.645327869202006,2.6457513110645907,37171.13530684797,3.214550253664318,1.7320508075688772,0.5773502691896258,0.0,0.0,0.5773502691896258,144.33756729740645,5.773502691896257,0.0,0.0,173.20508075688772,200.52015692526606,28.867513459481287,51.96152422706632,0.0,0.0,57.735026918962575,43.30127018922193,0.0,0.5773502691896258,2.0,1.0,2.0,1.0,-1.0,3.0,1
LRL_2025-12-20_7,22009436,LRL_2025-12-20_7_22009436,1.0,14.0,6.0,44800.0,2.0,2.0,1.0,0.0,0.0,1.0,10.0,0.0,0.0,0.0,0.0,0.0,100.0,10.0,0.0,0.0,150.0,275.0,1.0,1.0,2.6666666666666665,32.666666666666664,7.0,55100.0,4.0,2.6666666666666665,2.3333333333333335,0.0,0.0,2.0,140.0,203.33333333333334,0.0,0.0,116.66666666666667,131.66666666666666,103.33333333333333,86.66666666666667,0.0,0.0,166.66666666666666,136.66666666666666,1.0,1.0,2.8867513459481287,17.243356208503418,1.0,14752.287958143985,2.6457513110645907,1.1547005383792517,2.3094010767585034,0.0,0.0,1.7320508075688772,191.57244060668017,352.18366420567173,0.0,0.0,202.072594216369,228.0533563299022,95.04384952922167,100.16652800877813,0.0,0.0,125.83057392117915,132.88466176851765,0.0,0.0,1.0,1.0,6.0,0.0,-5.0,3.0,1
LRL_2025-12-20_8,22008556,LRL_2025-12-20_8_22008556,1.0,4.0,6.0,100000.0,5.0,4.0,4.0,3.0,0.0,1.0,460.0,560.0,300.0,0.0,0.0,0.0,600.0,700.0,300.0,0.0,50.0,425.0,1.0,0.0,1.0,55.0,6.666666666666667,250000.0,5.0,4.666666666666667,4.666666666666667,2.0,0.0,2.3333333333333335,610.0,456.6666666666667,216.66666666666666,0.0,70.0,0.0,300.0,300.0,133.33333333333334,0.0,70.0,250.0,1.0,0.0,0.0,47.50789408087881,1.1547005383792515,217944.94717703367,3.0,2.0816659994661326,2.0816659994661326,1.7320508075688772,0.0,1.5275252316519465,259.8076211353316,223.6813209307682,189.29694486000912,0.0,81.8535277187245,0.0,264.5751311064591,350.0,152.75252316519467,0.0,72.11102550927978,175.0,0.0,0.0,1.0,1.0,1.0,0.0,0.0,3.0,1
LRL_2025-12-20_8,20013355,LRL_2025-12-20_8_20013355,1.0,1.0,10.0,75000.0,9.0,2.0,4.0,2.0,0.0,1.0,150.0,210.0,50.0,0.0,0.0,0.0,100.0,400.0,100.0,0.0,700.0,550.0,1.0,0.0,1.0,1.3333333333333333,8.666666666666666,136333.33333333334,7.0,1.3333333333333333,2.0,1.0,0.0,1.0,50.0,70.0,16.666666666666668,0.0,0.0,0.0,83.33333333333333,183.33333333333334,83.33333333333333,0.0,700.0,766.6666666666666,1.0,0.0,0.0,0.5773502691896257,2.309401076758503,143214.2916518227,2.6457513110645907,0.5773502691896257,1.7320508075688772,1.0,0.0,0.0,86.60254037844386,121.2435565298214,28.867513459481287,0.0,0.0,0.0,28.867513459481287,189.29694486000912,76.37626158259734,0.0,100.0,581.1267790537047,0.0,0.0,1.0,1.0,1.0,0.0,0.0,3.0,1
LRL_2025-12-20_8,20008679,LRL_2025-12-20_8_20008679,2.0,1.0,6.0,150000.0,4.0,5.0,5.0,5.0,0.0,3.0,660.0,450.0,550.0,0.0,60.0,75.0,10.0,10.0,100.0,0.0,250.0,175.0,1.0,0.0,2.0,12.0,4.0,183333.33333333334,2.6666666666666665,3.6666666666666665,3.3333333333333335,3.0,0.0,2.3333333333333335,456.6666666666667,316.6666666666667,253.33333333333334,0.0,153.33333333333334,166.66666666666666,3.3333333333333335,36.666666666666664,116.66666666666667,0.0,416.6666666666667,625.0,1.0,0.0,1.0,19.924858845171276,1.7320508075688772,104083.29997330664,1.5275252316519468,1.1547005383792515,1.5275252316519468,2.0,0.0,1.1547005383792517,200.08331597945227,189.29694486000912,277.5487945088815,0.0,215.71586249817915,226.84429314693665,5.773502691896258,55.07570547286102,125.83057392117915,0.0,520.4164998665332,935.0802104632522,0.0,0.0,2.0,3.0,1.0,-1.0,2.0,3.0,1
LRL_2025-12-20_8,21012937,LRL_2025-12-20_8_21012937,3.0,37.0,6.0,100000.0,1.0,1.0,1.0,1.0,0.0,2.0,0.0,0.0,0.0,0.0,50.0,550.0,200.0,250.0,250.0,0.0,300.0,900.0,1.0,0.0,5.333333333333333,141.66666666666666,6.333333333333333,70833.33333333333,2.6666666666666665,3.3333333333333335,3.3333333333333335,3.3333333333333335,0.0,4.666666666666667,353.3333333333333,336.6666666666667,303.3333333333333,0.0,346.6666666666667,448.3333333333333,250.0,233.33333333333334,183.33333333333334,0.0,150.0,300.0,0.3333333333333333,0.3333333333333333,2.081665999466133,99.9016182718445,0.5773502691896258,25260.31142589761,1.5275252316519468,2.5166114784235836,2.5166114784235836,2.5166114784235836,0.0,2.516611478423583,332.46553706111155,421.9399641339196,402.5336424863558,0.0,341.5162270424838,105.1586103623157,86.60254037844386,125.83057392117915,115.47005383792515,0.0,150.0,519.6152422706632,0.5773502691896258,0.5773502691896258,3.0,6.0,7.0,-3.0,-1.0,3.0,1
LRL_2025-12-20_8,22009309,LRL_2025-12-20_8_22009309,6.0,42.0,9.0,100000.0,6.0,5.0,6.0,0.0,0.0,6.0,800.0,720.0,0.0,0.0,760.0,400.0,50.0,150.0,0.0,0.0,50.0,125.0,1.0,0.0,4.666666666666667,79.33333333333333,9.333333333333334,750000.0,6.666666666666667,5.333333333333333,5.333333333333333,3.3333333333333335,0.0,5.0,503.3333333333333,493.3333333333333,390.0,0.0,663.3333333333334,650.0,116.66666666666667,166.66666666666666,150.0,0.0,53.333333333333336,150.0,1.0,0.0,3.2145502536643185,81.67210866221916,0.5773502691896255,1082820.3913853858,2.0816659994661326,1.5275252316519465,2.0816659994661326,4.163331998932265,0.0,3.605551275463989,300.05555041247504,341.95516275285763,666.8583057891684,0.0,620.6716791777544,804.6738469715541,76.37626158259734,28.867513459481287,217.94494717703367,0.0,45.09249752822894,25.0,0.0,0.0,6.0,7.0,1.0,-1.0,6.0,3.0,1
LRL_2025-12-20_9,23001038,LRL_2025-12-20_9_23001038,7.0,361.0,12.0,80000.0,12.0,6.0,6.0,0.0,0.0,8.0,410.0,270.0,0.0,0.0,660.0,745.0,10.0,100.0,0.0,0.0,250.0,100.0,0.0,1.0,5.666666666666667,378.6666666666667,10.0,64200.0,6.333333333333333,4.333333333333333,5.333333333333333,0.0,0.0,6.0,306.6666666666667,576.6666666666666,0.0,0.0,860.0,756.6666666666666,23.333333333333332,150.0,0.0,0.0,316.6666666666667,275.0,0.3333333333333333,0.6666666666666666,2.3094010767585034,353.8309389148062,3.4641016151377544,27366.40275958826,5.507570547286102,1.5275252316519465,2.0816659994661326,0.0,0.0,2.6457513110645907,130.5118130030126,267.2701504720146,0.0,0.0,295.9729717389748,112.95279249904952,23.09401076758503,86.60254037844386,0.0,0.0,256.58007197234423,325.0,0.5773502691896258,0.5773502691896258,7.0,7.0,3.0,0.0,4.0,3.0,1
LRL_2025-12-20_9,23001458,LRL_2025-12-20_9_23001458,7.0,289.0,9.0,34000.0,3.0,6.0,6.0,7.0,0.0,7.0,600.0,560.0,750.0,0.0,1060.0,1425.0,50.0,50.0,50.0,0.0,150.0,750.0,1.0,0.0,6.5,183.0,8.0,34000.0,2.0,6.5,6.5,3.5,0.0,7.0,905.0,935.0,375.0,0.0,1230.0,2000.0,25.0,25.0,25.0,0.0,75.0,775.0,1.0,0.5,0.7071067811865476,149.90663761154806,1.4142135623730951,0.0,1.4142135623730951,0.7071067811865476,0.7071067811865476,4.949747468305833,0.0,0.0,431.335136523794,530.3300858899106,530.3300858899106,0.0,240.41630560342617,813.1727983645296,35.35533905932738,35.35533905932738,35.35533905932738,0.0,106.06601717798213,35.35533905932738,0.0,0.7071067811865476,7.0,6.0,,1.0,,2.0,1
LRL_2025-12-20_9,23006398,LRL_2025-12-20_9_23006398,7.0,148.0,10.0,34000.0,5.0,9.0,8.0,0.0,0.0,7.0,660.0,620.0,0.0,0.0,520.0,675.0,100.0,10.0,0.0,0.0,100.0,175.0,1.0,1.0,7.0,148.0,10.0,34000.0,5.0,9.0,8.0,0.0,0.0,7.0,660.0,620.0,0.0,0.0,520.0,675.0,100.0,10.0,0.0,0.0,100.0,175.0,1.0,1.0,,,,,,,,,,,,,,,,,,,,,,,,,7.0,,,,,1.0,1
LRL_2025-12-20_9,23008625,LRL_2025-12-20_9_23008625,4.0,238.0,12.0,30260.0,12.0,5.0,5.0,0.0,0.0,5.0,950.0,820.0,0.0,0.0,860.0,1260.0,50.0,350.0,0.0,0.0,200.0,10.0,1.0,0.0,4.0,238.0,12.0,30260.0,12.0,5.0,5.0,0.0,0.0,5.0,950.0,820.0,0.0,0.0,860.0,1260.0,50.0,350.0,0.0,0.0,200.0,10.0,1.0,0.0,,,,,,,,,,,,,,,,,,,,,,,,,4.0,,,,,1.0,1
LRL_2025-12-20_9,23017895,LRL_2025-12-20_9_23017895,5.0,334.0,12.0,30260.0,11.0,3.0,4.0,0.0,0.0,3.0,700.0,620.0,0.0,0.0,650.0,1270.0,50.0,200.0,0.0,0.0,10.0,75.0,1.0,0.0,6.5,268.0,10.0,31980.0,6.0,2.0,4.0,0.0,0.0,5.5,350.0,440.0,0.0,0.0,825.0,2110.0,50.0,175.0,0.0,0.0,5.0,37.5,1.0,0.5,2.1213203435596424,93.33809511662427,2.8284271247461903,2432.4473272817236,7.0710678118654755,1.4142135623730951,0.0,0.0,0.0,3.5355339059327378,494.9747468305833,254.55844122715712,0.0,0.0,247.48737341529164,1187.9393923933999,0.0,35.35533905932738,0.0,0.0,7.0710678118654755,53.033008588991066,0.0,0.7071067811865476,5.0,8.0,,-3.0,,2.0,1
LRL_2025-12-20_9,23016487,LRL_2025-12-20_9_23016487,3.0,81.0,9.0,32400.0,7.0,4.0,2.0,0.0,0.0,2.0,310.0,400.0,0.0,0.0,400.0,525.0,100.0,100.0,0.0,0.0,150.0,5.0,1.0,1.0,3.5,205.5,9.0,41507.5,7.0,4.5,3.5,0.0,0.0,3.5,480.0,555.0,0.0,0.0,550.0,787.5,100.0,100.0,0.0,0.0,150.0,27.5,1.0,1.0,0.7071067811865476,176.06958851545033,0.0,12879.950019312962,0.0,0.7071067811865476,2.1213203435596424,0.0,0.0,2.1213203435596424,240.41630560342617,219.20310216782974,0.0,0.0,212.13203435596427,371.23106012293744,0.0,0.0,0.0,0.0,0.0,31.81980515339464,0.0,0.0,3.0,4.0,,-1.0,,2.0,1
LRL_2025-12-21_1,22008620,LRL_2025-12-21_1_22008620,,,,,,,,,,,,,,,,,,,,,,,,,,,,,,,,,,,,,,,,,,,,,,,,,,,,,,,,,,,,,,,,,,,,,,,,,,,,,,0.0,0
LRL_2025-12-21_1,22018806,LRL_2025-12-21_1_22018806,6.0,144.0,6.0,34050.0,3.0,2.0,4.0,0.0,0.0,5.0,10.0,220.0,0.0,0.0,650.0,1100.0,200.0,100.0,0.0,0.0,150.0,0.0,1.0,0.0,4.333333333333333,218.66666666666666,7.0,31393.333333333332,3.0,4.666666666666667,4.666666666666667,1.3333333333333333,0.0,3.3333333333333335,443.3333333333333,383.3333333333333,166.66666666666666,0.0,583.3333333333334,1183.3333333333333,266.6666666666667,186.66666666666666,83.33333333333333,0.0,200.0,191.66666666666666,1.0,0.0,2.081665999466133,84.89012506371594,1.0,4644.850194929147,1.0,2.516611478423583,1.1547005383792517,2.3094010767585034,0.0,1.5275252316519468,400.54130040900066,209.8412098071619,288.67513459481285,0.0,160.72751268321593,76.37626158259734,208.16659994661327,232.4507116214819,144.33756729740642,0.0,50.0,232.28933107943925,0.0,0.0,6.0,2.0,5.0,4.0,-3.0,3.0,1
LRL_2025-12-21_1,22001738,LRL_2025-12-21_1_22001738,4.0,51.0,7.0,30600.0,7.0,1.0,2.0,0.0,0.0,2.0,0.0,10.0,0.0,0.0,700.0,1475.0,200.0,400.0,0.0,0.0,150.0,25.0,1.0,0.0,3.3333333333333335,65.0,8.666666666666666,30820.0,4.0,4.0,3.6666666666666665,0.3333333333333333,0.0,2.6666666666666665,273.3333333333333,210.0,0.0,0.0,466.6666666666667,1016.6666666666666,186.66666666666666,236.66666666666666,66.66666666666667,0.0,150.0,58.333333333333336,0.6666666666666666,0.3333333333333333,0.5773502691896258,12.288205727444508,2.886751345948129,696.56299069072,2.6457513110645907,4.358898943540674,2.8867513459481287,0.5773502691896258,0.0,1.1547005383792517,430.85186936270026,272.21315177632397,0.0,0.0,208.16659994661327,609.4738167742182,170.39170558842744,202.56686138984662,115.47005383792515,0.0,50.0,38.18813079129867,0.5773502691896258,0.5773502691896258,4.0,3.0,3.0,1.0,0.0,3.0,1
LRL_2025-12-21_1,22015381,LRL_2025-12-21_1_22015381,9.0,623.0,11.0,37965.0,8.0,5.0,5.0,0.0,0.0,9.0,320.0,460.0,0.0,0.0,1220.0,2645.0,350.0,50.0,0.0,0.0,500.0,300.0,1.0,0.0,8.0,450.0,9.0,43337.5,6.0,6.0,6.0,0.0,0.0,8.0,835.0,730.0,0.0,0.0,1185.0,2122.5,175.0,25.0,0.0,0.0,250.0,150.0,1.0,0.0,1.4142135623730951,244.65894629054543,2.8284271247461903,7597.862363849453,2.8284271247461903,1.4142135623730951,1.4142135623730951,0.0,0.0,1.4142135623730951,728.3199846221439,381.8376618407357,0.0,0.0,49.49747468305833,738.9265863399422,247.48737341529164,35.35533905932738,0.0,0.0,353.5533905932738,212.13203435596427,0.0,0.0,9.0,7.0,,2.0,,2.0,1
LRL_2025-12-21_1,21013073,LRL_2025-12-21_1_21013073,4.0,37.0,12.0,28100.0,5.0,7.0,6.0,0.0,0.0,6.0,760.0,760.0,0.0,0.0,770.0,425.0,400.0,50.0,0.0,0.0,150.0,50.0,0.0,1.0,3.0,36.666666666666664,8.666666666666666,31946.666666666668,4.333333333333333,4.666666666666667,4.0,0.0,0.0,3.6666666666666665,376.6666666666667,393.3333333333333,0.0,0.0,373.3333333333333,783.3333333333334,416.6666666666667,133.33333333333334,0.0,0.0,283.3333333333333,158.33333333333334,0.6666666666666666,0.6666666666666666,1.0,9.504384952922168,2.8867513459481287,3357.6827326793896,3.0550504633038935,2.5166114784235836,2.6457513110645907,0.0,0.0,2.0816659994661326,375.2776749732567,380.7011076071796,0.0,0.0,344.4318994131254,686.6282351704839,275.3785273643051,104.08329997330664,0.0,0.0,125.83057392117917,146.48663192705789,0.5773502691896258,0.5773502691896258,4.0,2.0,3.0,2.0,-1.0,3.0,1
LRL_2025-12-21_1,22004198,LRL_2025-12-21_1_22004198,,,,,,,,,,,,,,,,,,,,,,,,,,,,,,,,,,,,,,,,,,,,,,,,,,,,,,,,,,,,,,,,,,,,,,,,,,,,,,0.0,0
LRL_2025-12-21_1,21019445,LRL_2025-12-21_1_21019445,5.0,45.0,7.0,19100.0,6.0,6.0,0.0,0.0,0.0,5.0,610.0,0.0,0.0,0.0,610.0,575.0,50.0,0.0,0.0,0.0,50.0,450.0,1.0,0.0,5.0,64.0,7.333333333333333,23133.333333333332,7.0,3.6666666666666665,2.3333333333333335,0.0,0.0,4.333333333333333,370.0,370.0,0.0,0.0,720.0,816.6666666666666,103.33333333333333,86.66666666666667,0.0,0.0,150.0,408.3333333333333,1.0,0.0,0.0,50.269274910227224,0.5773502691896257,4070.495465337523,1.0,2.0816659994661326,2.0816659994661326,0.0,0.0,0.5773502691896257,256.3201123595259,435.54563480765137,0.0,0.0,157.1623364550171,209.66242709015208,128.58201014657274,141.53915830374763,0.0,0.0,173.20508075688772,190.94065395649335,0.0,0.0,5.0,5.0,5.0,0.0,0.0,3.0,1
LRL_2025-12-21_1,22002359,LRL_2025-12-21_1_22002359,,,,,,,,,,,,,,,,,,,,,,,,,,,,,,,,,,,,,,,,,,,,,,,,,,,,,,,,,,,,,,,,,,,,,,,,,,,,,,0.0,0
LRL_2025-12-21_1,21013781,LRL_2025-12-21_1_21013781,9.0,72.0,10.0,30600.0,9.0,8.0,0.0,0.0,0.0,9.0,660.0,0.0,0.0,0.0,660.0,875.0,100.0,0.0,0.0,0.0,100.0,350.0,1.0,0.0,6.0,341.3333333333333,9.333333333333334,30600.0,9.0,4.0,0.6666666666666666,0.0,0.0,5.0,240.0,33.333333333333336,0.0,0.0,340.0,775.0,150.0,66.66666666666667,0.0,0.0,100.0,391.6666666666667,1.0,0.0,3.0,446.7284783101849,1.1547005383792517,0.0,1.0,3.4641016151377544,1.1547005383792517,0.0,0.0,3.605551275463989,364.28011200173967,57.735026918962575,0.0,0.0,325.1153641401772,556.7764362830022,50.0,115.47005383792515,0.0,0.0,0.0,240.22558842332626,0.0,0.0,9.0,3.0,6.0,6.0,-3.0,3.0,1
LRL_2025-12-21_1,19010208,LRL_2025-12-21_1_19010208,,,,,,,,,,,,,,,,,,,,,,,,,,,,,,,,,,,,,,,,,,,,,,,,,,,,,,,,,,,,,,,,,,,,,,,,,,,,,,0.0,0
LRL_2025-12-21_2,22013122,LRL_2025-12-21_2_22013122,2.0,8.0,7.0,30950.0,4.0,5.0,3.0,0.0,0.0,2.0,420.0,300.0,0.0,0.0,50.0,5.0,600.0,10.0,0.0,0.0,500.0,725.0,1.0,1.0,2.3333333333333335,54.0,7.666666666666667,30983.333333333332,5.333333333333333,5.333333333333333,4.0,1.3333333333333333,0.0,2.3333333333333335,493.3333333333333,443.3333333333333,86.66666666666667,0.0,270.0,318.3333333333333,236.66666666666666,23.333333333333332,3.3333333333333335,0.0,200.0,333.3333333333333,0.6666666666666666,0.3333333333333333,0.5773502691896257,44.13615298142782,2.081665999466133,1000.4165798972608,2.309401076758503,0.5773502691896257,1.0,2.3094010767585034,0.0,1.5275252316519465,181.4754345175493,198.57828011475308,150.1110699893027,0.0,425.0882261366457,442.8694314731299,317.8574103797697,23.09401076758503,5.773502691896258,0.0,259.8076211353316,341.2599204907212,0.5773502691896258,0.5773502691896258,2.0,2.0,3.0,0.0,-1.0,3.0,1
LRL_2025-12-21_2,22015103,LRL_2025-12-21_2_22015103,5.0,12.0,6.0,42000.0,6.0,4.0,4.0,3.0,0.0,5.0,170.0,210.0,110.0,0.0,550.0,525.0,10.0,10.0,50.0,0.0,600.0,525.0,1.0,0.0,6.333333333333333,81.33333333333333,8.333333333333334,93333.33333333333,5.0,6.0,6.0,6.333333333333333,0.0,7.333333333333333,536.6666666666666,480.0,443.3333333333333,0.0,846.6666666666666,930.0,36.666666666666664,10.0,20.0,0.0,266.6666666666667,425.0,0.3333333333333333,0.0,1.5275252316519465,70.52895386529799,2.0816659994661326,54197.17089787375,1.0,2.6457513110645907,2.6457513110645907,3.5118845842842465,0.0,2.516611478423583,510.7184482014854,502.6927491022722,416.33319989322655,0.0,285.71547618799605,511.6395215383581,23.094010767585033,0.0,26.457513110645905,0.0,305.50504633038935,173.20508075688772,0.5773502691896258,0.0,5.0,8.0,6.0,-3.0,2.0,3.0,1
LRL_2025-12-21_2,22000942,LRL_2025-12-21_2_22000942,6.0,255.0,6.0,44000.0,6.0,4.0,5.0,0.0,0.0,5.0,170.0,610.0,0.0,0.0,710.0,1225.0,150.0,450.0,0.0,0.0,100.0,0.0,1.0,0.0,4.0,144.0,7.333333333333333,42666.666666666664,5.666666666666667,3.6666666666666665,3.6666666666666665,0.0,0.0,4.0,223.33333333333334,340.0,0.0,0.0,406.6666666666667,766.6666666666666,220.0,250.0,0.0,0.0,416.6666666666667,250.0,1.0,0.0,2.6457513110645907,110.50339361304701,1.5275252316519465,1154.700538379251,1.5275252316519468,0.5773502691896258,1.5275252316519468,0.0,0.0,1.7320508075688772,110.15141094572203,304.4667469527666,0.0,0.0,333.216646242851,668.1753761800366,252.38858928247924,200.0,0.0,0.0,354.7299442298794,350.0,0.0,0.0,6.0,1.0,5.0,5.0,-4.0,3.0,1
LRL_2025-12-21_2,22004555,LRL_2025-12-21_2_22004555,6.0,85.0,8.0,55000.0,4.0,4.0,2.0,0.0,0.0,4.0,170.0,100.0,0.0,0.0,310.0,375.0,10.0,10.0,0.0,0.0,50.0,875.0,1.0,1.0,5.0,154.33333333333334,7.666666666666667,49000.0,4.333333333333333,4.0,2.3333333333333335,0.6666666666666666,0.0,3.3333333333333335,166.66666666666666,73.33333333333333,16.666666666666668,0.0,146.66666666666666,451.6666666666667,186.66666666666666,40.0,3.3333333333333335,0.0,86.66666666666667,425.0,1.0,0.3333333333333333,1.0,75.03554713156514,0.5773502691896258,5196.152422706632,3.511884584284246,3.0,1.5275252316519468,1.1547005383792517,0.0,1.1547005383792517,165.0252505931542,64.29100507328637,28.867513459481287,0.0,151.7673658377628,317.03049275004025,272.0906711619002,51.96152422706632,5.773502691896257,0.0,100.16652800877812,427.20018726587654,0.0,0.5773502691896258,6.0,4.0,5.0,2.0,-1.0,3.0,1
LRL_2025-12-21_2,21004504,LRL_2025-12-21_2_21004504,7.0,91.0,10.0,51000.0,7.0,1.0,1.0,1.0,0.0,7.0,0.0,0.0,0.0,0.0,700.0,815.0,150.0,100.0,100.0,0.0,50.0,350.0,0.0,0.0,6.333333333333333,90.66666666666667,9.333333333333334,54341.666666666664,7.333333333333333,2.3333333333333335,3.3333333333333335,0.6666666666666666,0.0,5.0,203.33333333333334,326.6666666666667,0.0,0.0,736.6666666666666,985.0,133.33333333333334,36.666666666666664,50.0,0.0,116.66666666666667,376.6666666666667,0.3333333333333333,0.0,1.1547005383792517,45.50091574170056,1.1547005383792517,2896.99988493844,2.516611478423583,1.5275252316519465,4.041451884327381,0.5773502691896258,0.0,3.4641016151377544,184.48125469362284,565.8032638058332,0.0,0.0,755.6674753708362,951.4594053347731,28.867513459481287,55.075705472861024,50.0,0.0,76.37626158259734,385.69201875762656,0.5773502691896258,0.0,7.0,5.0,7.0,2.0,-2.0,3.0,1
LRL_2025-12-21_3,23002277,LRL_2025-12-21_3_23002277,8.0,66.0,8.0,70000.0,7.0,3.0,4.0,7.0,0.0,8.0,150.0,200.0,1000.0,0.0,1660.0,4725.0,10.0,50.0,150.0,0.0,0.0,0.0,1.0,0.0,8.0,66.0,8.0,70000.0,7.0,3.0,4.0,7.0,0.0,8.0,150.0,200.0,1000.0,0.0,1660.0,4725.0,10.0,50.0,150.0,0.0,0.0,0.0,1.0,0.0,,,,,,,,,,,,,,,,,,,,,,,,,8.0,,,,,1.0,1
LRL_2025-12-21_3,23014780,LRL_2025-12-21_3_23014780,9.0,530.0,9.0,32400.0,3.0,9.0,9.0,9.0,0.0,9.0,1100.0,1420.0,2260.0,0.0,2620.0,4750.0,0.0,0.0,0.0,0.0,0.0,0.0,1.0,0.0,8.0,462.5,8.0,39950.0,4.0,8.0,8.0,4.5,0.0,8.0,880.0,1175.0,1130.0,0.0,2015.0,3492.5,0.0,0.0,0.0,0.0,0.0,0.0,1.0,0.0,1.4142135623730951,95.45941546018392,1.4142135623730951,10677.312395916868,1.4142135623730951,1.4142135623730951,1.4142135623730951,6.363961030678928,0.0,1.4142135623730951,311.1269837220809,346.4823227814083,1598.0613254815974,0.0,855.5992052357225,1778.373554684167,0.0,0.0,0.0,0.0,0.0,0.0,0.0,0.0,9.0,7.0,,2.0,,2.0,1
LRL_2025-12-21_3,23018868,LRL_2025-12-21_3_23018868,,,,,,,,,,,,,,,,,,,,,,,,,,,,,,,,,,,,,,,,,,,,,,,,,,,,,,,,,,,,,,,,,,,,,,,,,,,,,,0.0,0
LRL_2025-12-21_3,23002053,LRL_2025-12-21_3_23002053,3.0,54.0,7.0,27400.0,7.0,5.0,3.0,0.0,0.0,2.0,310.0,250.0,0.0,0.0,250.0,550.0,500.0,150.0,0.0,0.0,150.0,725.0,1.0,0.0,3.0,73.66666666666667,7.0,23800.0,3.0,5.666666666666667,4.0,0.0,0.0,3.6666666666666665,463.3333333333333,536.6666666666666,0.0,0.0,706.6666666666666,836.6666666666666,383.3333333333333,66.66666666666667,0.0,0.0,66.66666666666667,283.3333333333333,1.0,0.3333333333333333,0.0,69.61561127601577,2.0,7118.988692223074,3.4641016151377544,2.081665999466133,1.0,0.0,0.0,1.5275252316519468,309.89245446337236,445.57079497351856,0.0,0.0,731.1862507824757,714.5161533046914,246.6441431158124,76.37626158259734,0.0,0.0,76.37626158259734,384.32841858667354,0.0,0.5773502691896258,3.0,3.0,3.0,0.0,0.0,3.0,1
LRL_2025-12-21_3,23004968,LRL_2025-12-21_3_23004968,4.0,44.0,9.0,28400.0,2.0,6.0,7.0,0.0,0.0,6.0,610.0,1400.0,0.0,0.0,1750.0,1750.0,200.0,300.0,0.0,0.0,250.0,225.0,1.0,1.0,5.0,59.333333333333336,7.666666666666667,22800.0,3.3333333333333335,4.0,4.0,1.0,0.0,5.0,286.6666666666667,503.3333333333333,20.0,0.0,836.6666666666666,1240.0,100.0,150.0,66.66666666666667,0.0,133.33333333333334,150.0,1.0,0.3333333333333333,1.7320508075688772,53.66873702010634,1.1547005383792517,4849.742261192857,3.2145502536643185,2.6457513110645907,3.0,1.7320508075688772,0.0,1.7320508075688772,306.648550189518,778.4814277382173,34.64101615137755,0.0,801.581769586443,745.0335562912586,86.60254037844386,132.28756555322954,115.47005383792515,0.0,104.08329997330664,129.9038105676658,0.0,0.5773502691896258,4.0,7.0,4.0,-3.0,3.0,3.0,1
LRL_2025-12-21_3,23007154,LRL_2025-12-21_3_23007154,9.0,293.0,9.0,28400.0,6.0,3.0,8.0,0.0,0.0,8.0,350.0,1700.0,0.0,0.0,3500.0,4980.0,10.0,1200.0,0.0,0.0,600.0,0.0,1.0,1.0,9.0,657.5,9.0,37450.0,4.5,6.0,8.5,0.0,0.0,8.5,350.0,1700.0,0.0,0.0,3500.0,4980.0,10.0,1200.0,0.0,0.0,600.0,0.0,1.0,1.0,0.0,515.4808434849931,0.0,12798.63273947651,2.1213203435596424,4.242640687119285,0.7071067811865476,0.0,0.0,0.7071067811865476,,,0.0,0.0,,,,,0.0,0.0,,,0.0,0.0,9.0,9.0,,0.0,,2.0,1
LRL_2025-12-21_3,23000349,LRL_2025-12-21_3_23000349,2.0,110.0,7.0,27400.0,1.0,4.0,5.0,0.0,0.0,4.0,300.0,650.0,0.0,0.0,800.0,425.0,10.0,400.0,0.0,0.0,300.0,125.0,1.0,0.0,4.0,238.33333333333334,8.666666666666666,25053.333333333332,2.6666666666666665,3.0,4.0,0.0,0.0,4.666666666666667,173.33333333333334,340.0,0.0,0.0,626.6666666666666,575.0,36.666666666666664,170.0,0.0,0.0,283.3333333333333,186.66666666666666,1.0,0.3333333333333333,3.4641016151377544,166.1455185472462,2.0816659994661326,6221.296756572004,1.5275252316519468,1.0,1.7320508075688772,0.0,0.0,3.0550504633038935,148.43629385474878,320.4684071792413,0.0,0.0,550.8478313775352,326.9174207655505,23.094010767585033,204.20577856662138,0.0,0.0,225.4624876411447,214.26230030813477,0.0,0.5773502691896258,2.0,8.0,2.0,-6.0,6.0,3.0,1
LRL_2025-12-21_3,23008380,LRL_2025-12-21_3_23008380,,,,,,,,,,,,,,,,,,,,,,,,,,,,,,,,,,,,,,,,,,,,,,,,,,,,,,,,,,,,,,,,,,,,,,,,,,,,,,0.0,0
LRL_2025-12-21_3,23014027,LRL_2025-12-21_3_23014027,6.0,199.0,6.0,28000.0,1.0,5.0,5.0,0.0,0.0,5.0,220.0,660.0,0.0,0.0,900.0,2700.0,600.0,400.0,0.0,0.0,200.0,0.0,1.0,0.0,6.0,199.0,6.0,28000.0,1.0,5.0,5.0,0.0,0.0,5.0,220.0,660.0,0.0,0.0,900.0,2700.0,600.0,400.0,0.0,0.0,200.0,0.0,1.0,0.0,,,,,,,,,,,,,,,,,,,,,,,,,6.0,,,,,1.0,1
LRL_2025-12-21_4,22013102,LRL_2025-12-21_4_22013102,3.0,121.0,7.0,27040.0,5.0,5.0,3.0,0.0,0.0,1.0,1000.0,510.0,0.0,0.0,0.0,550.0,100.0,50.0,0.0,0.0,10.0,475.0,1.0,1.0,4.666666666666667,105.0,6.333333333333333,27740.0,3.0,5.333333333333333,5.0,0.0,0.0,4.0,593.3333333333334,633.3333333333334,0.0,0.0,603.3333333333334,1025.0,50.0,16.666666666666668,0.0,0.0,53.333333333333336,183.33333333333334,1.0,0.6666666666666666,1.5275252316519465,49.0,0.5773502691896257,2003.8962048968503,1.7320508075688772,0.5773502691896258,1.7320508075688772,0.0,0.0,2.6457513110645907,352.7510926040249,109.69655114602888,0.0,0.0,545.0076452063157,433.7337893224368,50.0,28.867513459481287,0.0,0.0,83.86497083606082,255.35922410074272,0.0,0.5773502691896258,3.0,6.0,5.0,-3.0,1.0,3.0,1
LRL_2025-12-21_4,22002517,LRL_2025-12-21_4_22002517,5.0,23.0,9.0,23560.0,6.0,5.0,4.0,0.0,0.0,4.0,600.0,650.0,0.0,0.0,650.0,600.0,300.0,100.0,0.0,0.0,200.0,75.0,1.0,0.0,2.6666666666666665,22.0,8.0,24763.333333333332,6.0,4.333333333333333,2.6666666666666665,0.0,0.0,2.3333333333333335,353.3333333333333,223.33333333333334,0.0,0.0,283.3333333333333,425.0,250.0,40.0,0.0,0.0,103.33333333333333,150.0,1.0,0.3333333333333333,2.0816659994661326,12.529964086141668,1.7320508075688772,1322.9638443031363,1.0,2.081665999466133,1.5275252316519468,0.0,0.0,1.5275252316519468,306.648550189518,369.6394639825858,0.0,0.0,332.91640592396965,369.9662146737185,50.0,51.96152422706632,0.0,0.0,95.04384952922169,66.14378277661477,0.0,0.5773502691896258,5.0,2.0,1.0,3.0,1.0,3.0,1
LRL_2025-12-21_4,22007775,LRL_2025-12-21_4_22007775,6.0,33.0,9.0,23560.0,2.0,8.0,6.0,0.0,0.0,6.0,1400.0,1000.0,0.0,0.0,900.0,675.0,1500.0,10.0,0.0,0.0,50.0,475.0,1.0,0.0,4.0,31.666666666666668,7.666666666666667,24486.666666666668,3.6666666666666665,4.0,3.0,0.0,0.0,3.3333333333333335,520.0,336.6666666666667,0.0,0.0,400.0,575.0,536.6666666666666,153.33333333333334,0.0,0.0,153.33333333333334,233.33333333333334,1.0,0.3333333333333333,2.0,16.041612554021285,1.5275252316519465,1468.65017391254,2.0816659994661326,3.605551275463989,2.6457513110645907,0.0,0.0,2.516611478423583,766.2897624267207,574.4852768638491,0.0,0.0,458.257569495584,433.7337893224368,835.483891725827,176.16280348965083,0.0,0.0,214.55380055672126,209.66242709015205,0.0,0.5773502691896258,6.0,4.0,2.0,2.0,2.0,3.0,1
LRL_2025-12-21_4,21008059,LRL_2025-12-21_4_21008059,3.0,151.0,6.0,26180.0,6.0,4.0,4.0,0.0,0.0,4.0,260.0,610.0,0.0,0.0,700.0,875.0,150.0,50.0,0.0,0.0,50.0,75.0,1.0,1.0,4.666666666666667,135.33333333333334,7.0,24060.0,3.0,6.0,6.333333333333333,0.0,0.0,5.666666666666667,513.3333333333334,626.6666666666666,0.0,0.0,676.6666666666666,845.0,83.33333333333333,16.666666666666668,0.0,0.0,20.0,208.33333333333334,0.6666666666666666,0.3333333333333333,1.5275252316519465,67.86997372427172,1.0,2714.921729995176,2.6457513110645907,1.7320508075688772,2.081665999466133,0.0,0.0,1.5275252316519465,255.01633934580218,125.83057392117915,0.0,0.0,335.60889936551644,306.10455730027934,76.37626158259734,28.867513459481287,0.0,0.0,26.457513110645905,252.89984842489196,0.5773502691896258,0.5773502691896258,3.0,6.0,5.0,-3.0,1.0,3.0,1
LRL_2025-12-21_4,19017987,LRL_2025-12-21_4_19017987,3.0,152.0,6.0,22660.0,3.0,3.0,3.0,0.0,0.0,3.0,160.0,250.0,0.0,0.0,260.0,600.0,550.0,450.0,0.0,0.0,50.0,125.0,1.0,0.0,4.333333333333333,102.0,9.333333333333334,20693.333333333332,3.6666666666666665,2.3333333333333335,1.3333333333333333,0.3333333333333333,0.0,2.0,103.33333333333333,83.33333333333333,0.0,0.0,120.0,496.6666666666667,253.33333333333334,200.0,50.0,0.0,86.66666666666667,408.3333333333333,0.6666666666666666,0.0,4.163331998932265,68.43975452907469,3.055050463303893,7505.793318053285,3.055050463303893,1.1547005383792515,1.5275252316519468,0.5773502691896258,0.0,1.0,89.62886439832502,144.33756729740642,0.0,0.0,131.14877048604,453.90894828515263,273.92213005402346,229.128784747792,86.60254037844386,0.0,100.16652800877812,301.3856886670854,0.5773502691896258,0.0,3.0,1.0,9.0,2.0,-8.0,3.0,1
LRL_2025-12-21_4,21019874,LRL_2025-12-21_4_21019874,7.0,312.0,7.0,25200.0,5.0,6.0,5.0,7.0,0.0,7.0,670.0,810.0,1270.0,0.0,1570.0,2125.0,150.0,100.0,0.0,0.0,0.0,0.0,1.0,0.0,8.666666666666666,836.3333333333334,8.666666666666666,36540.0,7.666666666666667,8.333333333333334,8.0,2.3333333333333335,0.0,8.666666666666666,1403.3333333333333,1580.0,423.3333333333333,0.0,1900.0,2181.6666666666665,50.0,33.333333333333336,0.0,0.0,0.0,0.0,0.6666666666666666,0.3333333333333333,2.886751345948129,652.4464218105065,2.886751345948129,14941.02740777889,3.785938897200183,3.214550253664318,3.605551275463989,4.041451884327381,0.0,2.886751345948129,908.7537253477058,867.5828490697588,733.2348418708248,0.0,287.92360097775935,323.74115174523814,86.60254037844386,57.735026918962575,0.0,0.0,0.0,0.0,0.5773502691896258,0.5773502691896258,7.0,7.0,12.0,0.0,-5.0,3.0,1
LRL_2025-12-21_4,21006102,LRL_2025-12-21_4_21006102,2.0,145.0,6.0,11000.0,6.0,5.0,3.0,0.0,0.0,2.0,170.0,310.0,0.0,0.0,400.0,575.0,400.0,400.0,0.0,0.0,150.0,250.0,1.0,0.0,2.3333333333333335,143.33333333333334,8.0,11933.333333333334,7.0,5.0,4.666666666666667,0.0,0.0,3.0,250.0,443.3333333333333,0.0,0.0,570.0,591.6666666666666,170.0,283.3333333333333,0.0,0.0,100.0,133.33333333333334,1.0,0.0,1.5275252316519468,85.51218236797219,2.0,808.290376865476,2.6457513110645907,2.0,2.886751345948129,0.0,0.0,1.7320508075688772,278.74719729532706,378.0652501002087,0.0,0.0,574.1950887982237,600.1735860010281,204.20577856662138,104.08329997330664,0.0,0.0,50.0,101.03629710818451,0.0,0.0,2.0,4.0,1.0,-2.0,3.0,3.0,1
LRL_2025-12-21_5,21009929,LRL_2025-12-21_5_21009929,9.0,68.0,9.0,60000.0,5.0,7.0,5.0,0.0,0.0,8.0,760.0,800.0,0.0,0.0,720.0,1335.0,400.0,50.0,0.0,0.0,50.0,0.0,1.0,0.0,9.0,68.0,9.0,60000.0,5.0,7.0,5.0,0.0,0.0,8.0,760.0,800.0,0.0,0.0,720.0,1335.0,400.0,50.0,0.0,0.0,50.0,0.0,1.0,0.0,,,,,,,,,,,,,,,,,,,,,,,,,9.0,,,,,1.0,1
LRL_2025-12-21_5,22007300,LRL_2025-12-21_5_22007300,3.0,31.0,6.0,46535.0,4.0,5.0,4.0,0.0,0.0,4.0,660.0,460.0,0.0,0.0,310.0,500.0,250.0,50.0,0.0,0.0,200.0,5.0,1.0,1.0,4.666666666666667,120.33333333333333,8.0,40833.333333333336,2.0,5.333333333333333,4.666666666666667,0.0,0.0,4.666666666666667,553.3333333333334,493.3333333333333,0.0,0.0,506.6666666666667,545.0,266.6666666666667,266.6666666666667,0.0,0.0,170.0,193.33333333333334,0.6666666666666666,0.6666666666666666,3.7859388972001824,142.77721573603168,2.0,7490.447805928117,1.7320508075688772,0.5773502691896258,1.1547005383792515,0.0,0.0,1.1547005383792517,220.30282189144407,162.58331197676264,0.0,0.0,178.97858344878398,220.96379793984352,125.83057392117915,375.27767497325675,0.0,0.0,147.30919862656236,185.0900681650243,0.5773502691896258,0.5773502691896258,3.0,9.0,2.0,-6.0,7.0,3.0,1
LRL_2025-12-21_5,22009594,LRL_2025-12-21_5_22009594,6.0,209.0,8.0,54345.0,7.0,3.0,4.0,0.0,0.0,5.0,160.0,170.0,0.0,0.0,560.0,1275.0,100.0,150.0,0.0,0.0,150.0,200.0,1.0,1.0,5.666666666666667,262.3333333333333,8.0,51648.333333333336,6.0,4.0,4.333333333333333,0.0,0.0,5.333333333333333,243.33333333333334,226.66666666666666,0.0,0.0,443.3333333333333,868.3333333333334,53.333333333333336,150.0,0.0,0.0,116.66666666666667,100.0,0.6666666666666666,0.3333333333333333,2.516611478423583,209.16341298930206,0.0,19837.943651833808,1.7320508075688772,1.7320508075688772,2.5166114784235836,0.0,0.0,2.5166114784235836,153.0795000427338,210.79215671683167,0.0,0.0,292.97326385411577,378.9898855290644,45.09249752822894,50.0,0.0,0.0,104.08329997330664,100.0,0.5773502691896258,0.5773502691896258,6.0,3.0,8.0,3.0,-5.0,3.0,1
LRL_2025-12-21_5,22019251,LRL_2025-12-21_5_22019251,10.0,145.0,11.0,48035.0,4.0,5.0,5.0,0.0,0.0,8.0,370.0,750.0,0.0,0.0,1010.0,1125.0,50.0,10.0,0.0,0.0,150.0,575.0,1.0,1.0,5.0,83.66666666666667,8.333333333333334,57198.333333333336,4.0,2.3333333333333335,2.3333333333333335,0.0,0.0,4.0,123.33333333333333,250.0,0.0,0.0,386.6666666666667,536.6666666666666,83.33333333333333,10.0,0.0,0.0,300.0,316.6666666666667,1.0,1.0,4.358898943540674,59.138256089720244,2.3094010767585034,32940.18682905933,3.0,2.3094010767585034,2.3094010767585034,0.0,0.0,3.605551275463989,213.61959960016154,433.0127018922193,0.0,0.0,545.0076452063157,560.0520809115286,57.735026918962575,0.0,0.0,0.0,180.27756377319946,226.84429314693665,0.0,0.0,10.0,3.0,2.0,7.0,1.0,3.0,1
LRL_2025-12-21_5,22008736,LRL_2025-12-21_5_22008736,,,,,,,,,,,,,,,,,,,,,,,,,,,,,,,,,,,,,,,,,,,,,,,,,,,,,,,,,,,,,,,,,,,,,,,,,,,,,,0.0,0
LRL_2025-12-21_5,21016168,LRL_2025-12-21_5_21016168,3.0,8.0,9.0,25870.0,1.0,8.0,6.0,5.0,0.0,4.0,900.0,750.0,400.0,0.0,410.0,350.0,10.0,10.0,250.0,0.0,100.0,25.0,1.0,0.0,4.666666666666667,103.0,9.0,30823.333333333332,4.0,8.666666666666666,7.333333333333333,6.0,0.0,5.666666666666667,866.6666666666666,613.3333333333334,696.6666666666666,0.0,1046.6666666666667,1026.6666666666667,3.3333333333333335,36.666666666666664,100.0,0.0,50.0,33.333333333333336,0.6666666666666666,0.0,3.7859388972001824,145.08273501695507,0.0,4383.1077254994925,2.6457513110645907,0.5773502691896258,1.5275252316519465,2.6457513110645907,0.0,2.886751345948129,35.11884584284247,123.42339054382413,316.59648345067467,0.0,635.0065616458883,677.5015375136305,5.773502691896258,55.07570547286102,132.28756555322954,0.0,50.0,38.18813079129867,0.5773502691896258,0.0,3.0,9.0,2.0,-6.0,7.0,3.0,1
LRL_2025-12-21_5,22009401,LRL_2025-12-21_5_22009401,,,,,,,,,,,,,,,,,,,,,,,,,,,,,,,,,,,,,,,,,,,,,,,,,,,,,,,,,,,,,,,,,,,,,,,,,,,,,,0.0,0
LRL_2025-12-21_6,19010669,LRL_2025-12-21_6_19010669,6.0,51.0,9.0,31370.0,8.0,4.0,4.0,4.0,0.0,5.0,400.0,460.0,210.0,0.0,410.0,550.0,10.0,10.0,350.0,0.0,10.0,5.0,1.0,0.0,5.0,59.333333333333336,7.333333333333333,46751.666666666664,6.666666666666667,5.666666666666667,5.666666666666667,5.333333333333333,0.0,5.0,570.0,556.6666666666666,490.0,0.0,510.0,716.6666666666666,3.3333333333333335,3.3333333333333335,183.33333333333334,0.0,136.66666666666666,226.66666666666666,1.0,0.0,1.0,12.741009902410928,1.5275252316519465,13321.730680858751,1.5275252316519468,1.5275252316519465,1.5275252316519465,1.5275252316519465,0.0,0.0,252.38858928247924,268.3902631120088,252.38858928247924,0.0,100.0,146.48663192705789,5.773502691896258,5.773502691896258,175.5942292142123,0.0,109.6965511460289,345.6997734065404,0.0,0.0,6.0,5.0,4.0,1.0,1.0,3.0,1
LRL_2025-12-21_6,18010641,LRL_2025-12-21_6_18010641,6.0,95.0,9.0,21260.0,5.0,4.0,5.0,6.0,0.0,6.0,170.0,360.0,570.0,0.0,860.0,1200.0,100.0,10.0,300.0,0.0,250.0,450.0,1.0,1.0,2.6666666666666665,64.66666666666667,6.0,16420.0,3.0,3.3333333333333335,3.3333333333333335,3.3333333333333335,0.0,3.0,190.0,190.0,243.33333333333334,0.0,303.3333333333333,400.0,166.66666666666666,170.0,300.0,0.0,170.0,325.0,1.0,0.6666666666666666,2.886751345948129,26.6520793435209,2.6457513110645907,4309.199461616972,2.0,1.1547005383792517,1.5275252316519468,2.3094010767585034,0.0,2.6457513110645907,150.99668870541498,175.2141546793523,291.4332399252586,0.0,482.7352621606726,692.8203230275509,57.735026918962575,147.30919862656236,50.0,0.0,138.5640646055102,114.564392373896,0.0,0.5773502691896258,6.0,1.0,1.0,5.0,0.0,3.0,1
LRL_2025-12-21_6,20002421,LRL_2025-12-21_6_20002421,4.0,39.0,8.0,14000.0,7.0,3.0,3.0,3.0,0.0,3.0,250.0,250.0,110.0,0.0,200.0,555.0,200.0,300.0,200.0,0.0,10.0,550.0,1.0,1.0,4.666666666666667,44.666666666666664,7.333333333333333,19333.333333333332,5.0,3.6666666666666665,3.6666666666666665,1.0,0.0,4.0,216.66666666666666,350.0,36.666666666666664,0.0,503.3333333333333,510.0,266.6666666666667,183.33333333333334,66.66666666666667,0.0,53.333333333333336,275.0,1.0,0.3333333333333333,1.1547005383792517,12.50333288900737,1.1547005383792517,4618.802153517006,2.6457513110645907,1.1547005383792515,1.1547005383792515,1.7320508075688772,0.0,1.7320508075688772,104.08329997330664,264.5751311064591,63.50852961085884,0.0,482.7352621606726,240.6761309311748,115.47005383792515,104.08329997330664,115.47005383792515,0.0,83.86497083606082,275.0,0.0,0.5773502691896258,4.0,6.0,4.0,-2.0,2.0,3.0,1
LRL_2025-12-21_6,20011403,LRL_2025-12-21_6_20011403,5.0,186.0,8.0,19140.0,5.0,2.0,2.0,4.0,0.0,4.0,10.0,100.0,560.0,0.0,750.0,1380.0,100.0,50.0,150.0,0.0,150.0,1575.0,1.0,0.0,5.333333333333333,110.66666666666667,7.333333333333333,19616.666666666668,3.3333333333333335,3.3333333333333335,4.0,5.0,0.0,5.0,113.33333333333333,240.0,793.3333333333334,0.0,1153.3333333333333,1993.3333333333333,103.33333333333333,183.33333333333334,516.6666666666666,0.0,216.66666666666666,558.3333333333334,1.0,0.3333333333333333,3.511884584284246,77.59080701560806,2.0816659994661326,1464.3883819988926,1.5275252316519468,2.3094010767585034,3.4641016151377544,2.6457513110645907,0.0,2.6457513110645907,178.978583448784,286.87976575562107,457.0922591045853,0.0,432.47350593225167,764.6131919692031,95.04384952922167,125.83057392117917,592.3118547972286,0.0,76.37626158259734,881.8777315100622,0.0,0.5773502691896258,5.0,9.0,2.0,-4.0,7.0,3.0,1
LRL_2025-12-21_6,19004530,LRL_2025-12-21_6_19004530,4.0,184.0,7.0,18910.0,2.0,3.0,3.0,0.0,0.0,4.0,110.0,210.0,0.0,0.0,320.0,330.0,100.0,100.0,0.0,0.0,500.0,725.0,1.0,0.0,4.666666666666667,167.33333333333334,8.0,20310.0,2.6666666666666665,3.6666666666666665,3.6666666666666665,0.3333333333333333,0.0,5.333333333333333,303.3333333333333,390.0,0.0,0.0,710.0,968.3333333333334,166.66666666666666,250.0,33.333333333333336,0.0,533.3333333333334,303.3333333333333,1.0,0.3333333333333333,0.5773502691896257,32.39341496868358,1.0,1237.9418403139948,1.1547005383792517,3.0550504633038935,3.0550504633038935,0.5773502691896258,0.0,1.5275252316519465,433.62810487021403,504.67811523782166,0.0,0.0,641.1708040764177,611.9708598727012,76.37626158259734,217.94494717703367,57.735026918962575,0.0,57.73502691896259,374.3772607054725,0.0,0.5773502691896258,4.0,5.0,5.0,-1.0,0.0,3.0,1
LRL_2025-12-21_6,18003479,LRL_2025-12-21_6_18003479,2.0,15.0,7.0,18000.0,4.0,2.0,2.0,1.0,0.0,2.0,50.0,50.0,0.0,0.0,300.0,900.0,150.0,100.0,50.0,0.0,500.0,375.0,1.0,0.0,2.6666666666666665,29.0,7.333333333333333,19000.0,4.333333333333333,1.6666666666666667,2.0,2.0,0.0,2.3333333333333335,50.0,120.0,120.0,0.0,400.0,650.0,70.0,150.0,166.66666666666666,0.0,350.0,383.3333333333333,1.0,0.3333333333333333,2.0816659994661326,13.114877048604,1.5275252316519465,6557.438524302001,1.5275252316519465,0.5773502691896257,1.0,1.7320508075688772,0.0,1.5275252316519465,50.0,166.43316977093238,207.84609690826528,0.0,458.257569495584,567.8908345800273,72.11102550927978,50.0,125.83057392117915,0.0,132.28756555322954,38.18813079129866,0.0,0.5773502691896258,2.0,1.0,5.0,1.0,-4.0,3.0,1
LRL_2025-12-21_6,21008895,LRL_2025-12-21_6_21008895,4.0,27.0,9.0,19640.0,1.0,4.0,3.0,3.0,0.0,2.0,310.0,250.0,400.0,0.0,400.0,420.0,300.0,150.0,100.0,0.0,50.0,200.0,1.0,0.0,4.333333333333333,93.66666666666667,8.666666666666666,25053.333333333332,5.0,5.0,3.3333333333333335,2.6666666666666665,0.0,3.6666666666666665,510.0,370.0,290.0,0.0,586.6666666666666,573.3333333333334,133.33333333333334,116.66666666666667,200.0,0.0,186.66666666666666,300.0,1.0,0.3333333333333333,0.5773502691896258,58.045958802773974,1.5275252316519465,5000.573300465991,3.605551275463989,1.7320508075688772,1.5275252316519465,2.5166114784235836,0.0,1.5275252316519468,445.0842616853577,166.43316977093238,253.57444666211933,0.0,234.59184413217213,469.18368826434426,152.75252316519467,28.867513459481287,264.5751311064591,0.0,272.0906711619003,90.13878188659973,0.0,0.5773502691896258,4.0,4.0,5.0,0.0,-1.0,3.0,1
LRL_2025-12-21_6,20018850,LRL_2025-12-21_6_20018850,2.0,25.0,8.0,19140.0,7.0,7.0,7.0,5.0,0.0,3.0,770.0,760.0,710.0,0.0,550.0,825.0,0.0,0.0,500.0,0.0,200.0,5.0,1.0,0.0,3.3333333333333335,40.666666666666664,8.0,23050.0,5.666666666666667,6.333333333333333,6.666666666666667,6.0,0.0,5.0,930.0,793.3333333333334,726.6666666666666,0.0,623.3333333333334,746.6666666666666,70.0,233.33333333333334,336.6666666666667,0.0,166.66666666666666,46.666666666666664,1.0,0.0,1.5275252316519465,15.502687938977981,1.0,6344.233602256461,2.309401076758503,2.0816659994661326,1.5275252316519468,1.7320508075688772,0.0,1.7320508075688772,576.8882040742383,401.0403138505322,225.4624876411447,0.0,80.82903768654761,305.1365814407269,112.69427669584645,251.6611478423583,282.9016319029166,0.0,104.08329997330664,67.88470618138767,0.0,0.0,2.0,3.0,5.0,-1.0,-2.0,3.0,1
LRL_2025-12-21_6,17004170,LRL_2025-12-21_6_17004170,3.0,34.0,8.0,19140.0,6.0,5.0,4.0,2.0,0.0,2.0,270.0,160.0,450.0,0.0,450.0,830.0,200.0,100.0,100.0,0.0,100.0,500.0,1.0,0.0,3.6666666666666665,41.666666666666664,7.666666666666667,19593.333333333332,6.333333333333333,4.666666666666667,4.0,3.3333333333333335,0.0,3.0,346.6666666666667,386.6666666666667,503.3333333333333,0.0,520.0,708.3333333333334,103.33333333333333,40.0,103.33333333333333,0.0,70.0,295.0,1.0,0.0,2.0816659994661326,8.020806277010642,1.5275252316519468,431.89504897988087,0.5773502691896257,0.5773502691896258,0.0,1.1547005383792515,0.0,1.7320508075688772,234.59184413217213,220.30282189144407,55.075705472861024,0.0,81.8535277187245,105.39607835841586,95.04384952922169,51.96152422706632,95.04384952922169,0.0,51.96152422706632,254.6075411294803,0.0,0.0,3.0,6.0,2.0,-3.0,4.0,3.0,1
LRL_2025-12-21_6,21004662,LRL_2025-12-21_6_21004662,5.0,281.0,7.0,19450.0,6.0,7.0,7.0,0.0,0.0,7.0,1350.0,1510.0,0.0,0.0,910.0,635.0,0.0,0.0,0.0,0.0,0.0,225.0,1.0,0.0,6.333333333333333,379.0,8.333333333333334,21536.666666666668,6.333333333333333,4.333333333333333,5.333333333333333,1.0,0.0,7.0,620.0,773.3333333333334,183.33333333333334,0.0,1010.0,1298.3333333333333,116.66666666666667,53.333333333333336,3.3333333333333335,0.0,266.6666666666667,91.66666666666667,0.6666666666666666,0.0,3.2145502536643185,250.7967304412081,1.5275252316519465,3885.7731963321444,3.5118845842842465,2.309401076758503,2.081665999466133,1.7320508075688772,0.0,2.0,648.613906727261,687.0468203356546,317.54264805429415,0.0,181.93405398660252,648.0804991151434,104.08329997330664,83.86497083606082,5.773502691896258,0.0,305.50504633038935,118.1453906563152,0.5773502691896258,0.0,5.0,4.0,10.0,1.0,-6.0,3.0,1
LRL_2025-12-21_6,21011287,LRL_2025-12-21_6_21011287,2.0,20.0,7.0,18910.0,3.0,4.0,4.0,0.0,0.0,3.0,210.0,310.0,0.0,0.0,310.0,75.0,50.0,150.0,0.0,0.0,10.0,5.0,1.0,0.0,3.6666666666666665,29.333333333333332,8.0,21223.333333333332,3.0,4.333333333333333,3.6666666666666665,0.0,0.0,3.3333333333333335,376.6666666666667,406.6666666666667,0.0,0.0,486.6666666666667,258.3333333333333,133.33333333333334,133.33333333333334,0.0,0.0,186.66666666666666,85.0,1.0,0.0,3.7859388972001824,10.692676621563628,1.0,2576.438109742467,2.0,0.5773502691896257,1.5275252316519465,0.0,0.0,1.5275252316519468,201.08041509140898,364.7373484212075,0.0,0.0,451.70049073842426,384.32841858667354,76.37626158259734,28.867513459481287,0.0,0.0,155.02687938977982,121.6552506059644,0.0,0.0,2.0,8.0,1.0,-6.0,7.0,3.0,1
LRL_2025-12-21_7,19006044,LRL_2025-12-21_7_19006044,4.0,40.0,8.0,52000.0,2.0,3.0,2.0,2.0,0.0,2.0,160.0,100.0,150.0,0.0,500.0,875.0,10.0,150.0,400.0,0.0,100.0,75.0,1.0,0.0,2.3333333333333335,37.333333333333336,6.666666666666667,48333.333333333336,2.0,2.3333333333333335,2.0,2.0,0.0,1.3333333333333333,136.66666666666666,100.0,83.33333333333333,0.0,166.66666666666666,425.0,186.66666666666666,183.33333333333334,250.0,0.0,170.0,266.6666666666667,1.0,0.3333333333333333,1.5275252316519468,14.189197769195177,1.5275252316519465,11930.353445448853,1.0,0.5773502691896258,0.0,0.0,0.0,0.5773502691896257,32.145502536643185,50.0,57.735026918962575,0.0,288.67513459481285,438.0353866983808,170.39170558842744,28.867513459481287,132.28756555322954,0.0,204.20577856662138,200.5201569252661,0.0,0.5773502691896258,4.0,1.0,2.0,3.0,-1.0,3.0,1
LRL_2025-12-21_7,17007087,LRL_2025-12-21_7_17007087,5.0,282.0,6.0,53795.0,6.0,6.0,5.0,0.0,0.0,5.0,650.0,700.0,0.0,0.0,800.0,850.0,0.0,100.0,0.0,0.0,250.0,750.0,1.0,0.0,4.333333333333333,397.6666666666667,6.333333333333333,51598.333333333336,3.3333333333333335,6.333333333333333,5.666666666666667,0.0,0.0,4.666666666666667,610.0,460.0,0.0,0.0,620.0,588.3333333333334,0.0,36.666666666666664,0.0,0.0,90.0,308.3333333333333,1.0,0.0,0.5773502691896257,175.82472332790215,1.5275252316519465,3983.592390460317,2.516611478423583,1.5275252316519465,2.081665999466133,0.0,0.0,0.5773502691896258,292.0616373302047,211.66010488516724,0.0,0.0,175.2141546793523,226.62377045079216,0.0,55.075705472861024,0.0,0.0,138.5640646055102,384.32841858667354,0.0,0.0,5.0,4.0,4.0,1.0,0.0,3.0,1
LRL_2025-12-21_7,21007943,LRL_2025-12-21_7_21007943,6.0,56.0,10.0,39055.0,9.0,8.0,8.0,7.0,0.0,6.0,810.0,860.0,810.0,0.0,860.0,725.0,600.0,100.0,500.0,0.0,350.0,1175.0,1.0,1.0,3.6666666666666665,38.0,7.333333333333333,33685.0,5.0,5.333333333333333,4.666666666666667,4.333333333333333,0.0,3.6666666666666665,453.3333333333333,390.0,340.0,0.0,370.0,375.0,233.33333333333334,66.66666666666667,266.6666666666667,0.0,286.6666666666667,566.6666666666666,1.0,0.3333333333333333,2.0816659994661326,27.784887978899608,2.516611478423583,4756.8555790564005,3.605551275463989,3.785938897200183,3.5118845842842465,2.516611478423583,0.0,2.0816659994661326,413.56176483487127,435.54563480765137,410.731055558257,0.0,425.0882261366457,338.19373146171705,321.4550253664318,28.867513459481287,225.46248764114472,0.0,251.06440076867395,530.5264680799002,0.0,0.5773502691896258,6.0,3.0,2.0,3.0,1.0,3.0,1
LRL_2025-12-21_7,22009085,LRL_2025-12-21_7_22009085,2.0,84.0,6.0,53000.0,2.0,5.0,5.0,5.0,0.0,3.0,460.0,660.0,650.0,0.0,700.0,900.0,600.0,800.0,1200.0,0.0,200.0,50.0,1.0,0.0,6.0,200.0,8.0,334333.3333333333,6.666666666666667,7.666666666666667,7.333333333333333,7.333333333333333,0.0,6.333333333333333,686.6666666666666,560.0,613.3333333333334,0.0,1190.0,1708.3333333333333,200.0,270.0,466.6666666666667,0.0,186.66666666666666,533.3333333333334,1.0,0.0,3.605551275463989,100.70253224224304,2.0,367404.8629690866,4.163331998932265,2.516611478423583,2.081665999466133,2.5166114784235836,0.0,3.0550504633038935,294.84459183327976,190.78784028338913,227.22969289539017,0.0,797.3079706111058,731.5793417896198,346.41016151377545,459.02069670114,642.9100507328636,0.0,170.39170558842744,436.8447474027052,0.0,0.0,2.0,7.0,9.0,-5.0,-2.0,3.0,1
LRL_2025-12-21_7,20002596,LRL_2025-12-21_7_20002596,2.0,106.0,10.0,75000.0,2.0,8.0,8.0,7.0,0.0,4.0,1210.0,1310.0,760.0,0.0,900.0,550.0,200.0,100.0,10.0,0.0,10.0,450.0,1.0,0.0,3.6666666666666665,132.0,10.0,150000.0,3.6666666666666665,8.666666666666666,9.0,5.0,0.0,5.666666666666667,963.3333333333334,1260.0,430.0,0.0,1173.3333333333333,1041.6666666666667,266.6666666666667,300.0,20.0,0.0,36.666666666666664,483.3333333333333,1.0,0.0,2.0816659994661326,23.895606290697042,0.0,129903.8105676658,1.5275252316519468,0.5773502691896258,1.0,4.358898943540674,0.0,1.5275252316519465,266.8957349478132,86.60254037844386,389.74350539810155,0.0,280.2379940931161,487.55341587700246,115.47005383792515,435.88989435406734,26.457513110645905,0.0,23.094010767585033,251.6611478423583,0.0,0.0,2.0,3.0,6.0,-1.0,-3.0,3.0,1
LRL_2025-12-21_7,21000568,LRL_2025-12-21_7_21000568,3.0,28.0,6.0,53000.0,3.0,2.0,2.0,2.0,0.0,2.0,100.0,250.0,200.0,0.0,550.0,950.0,100.0,50.0,150.0,0.0,150.0,775.0,1.0,0.0,2.0,21.666666666666668,6.666666666666667,52431.666666666664,2.3333333333333335,3.0,3.0,3.3333333333333335,0.0,2.0,220.0,270.0,256.6666666666667,0.0,250.0,316.6666666666667,100.0,83.33333333333333,116.66666666666667,0.0,70.0,391.6666666666667,1.0,0.0,1.0,5.507570547286102,0.5773502691896257,2203.1814118073275,0.5773502691896258,1.0,1.0,1.5275252316519468,0.0,1.0,125.29964086141668,72.11102550927978,269.50572040929546,0.0,278.3882181415011,548.4827557301445,50.0,57.735026918962575,28.867513459481287,0.0,72.11102550927978,332.91640592396965,0.0,0.0,3.0,1.0,2.0,2.0,-1.0,3.0,1
LRL_2025-12-21_7,21004898,LRL_2025-12-21_7_21004898,5.0,27.0,8.0,55590.0,1.0,5.0,5.0,0.0,0.0,6.0,510.0,750.0,0.0,0.0,960.0,1725.0,10.0,10.0,0.0,0.0,100.0,175.0,1.0,0.0,2.6666666666666665,64.66666666666667,6.666666666666667,54530.0,2.6666666666666665,5.666666666666667,5.666666666666667,0.0,0.0,4.333333333333333,636.6666666666666,786.6666666666666,0.0,0.0,660.0,775.0,3.3333333333333335,3.3333333333333335,0.0,0.0,83.33333333333333,133.33333333333334,1.0,0.0,2.0816659994661326,32.80751946327752,1.1547005383792517,6069.8187781844035,2.0816659994661326,0.5773502691896257,0.5773502691896257,0.0,0.0,2.0816659994661326,185.83146486355136,109.69655114602888,0.0,0.0,404.4749683231337,875.7139944068497,5.773502691896258,5.773502691896258,0.0,0.0,28.867513459481287,38.18813079129867,0.0,0.0,5.0,2.0,1.0,3.0,1.0,3.0,1
LRL_2025-12-21_7,20008862,LRL_2025-12-21_7_20008862,3.0,26.0,8.0,57000.0,4.0,7.0,6.0,4.0,0.0,3.0,560.0,370.0,470.0,0.0,750.0,425.0,400.0,300.0,10.0,0.0,100.0,150.0,1.0,1.0,4.333333333333333,57.333333333333336,7.666666666666667,110666.66666666667,5.666666666666667,6.333333333333333,5.666666666666667,3.3333333333333335,0.0,4.333333333333333,383.3333333333333,333.3333333333333,263.3333333333333,0.0,673.3333333333334,703.3333333333334,153.33333333333334,183.33333333333334,53.333333333333336,0.0,103.33333333333333,366.6666666666667,1.0,0.6666666666666666,1.1547005383792517,45.8839114868527,0.5773502691896258,59718.78543082849,2.081665999466133,1.1547005383792515,0.5773502691896258,3.0550504633038935,0.0,1.1547005383792517,175.02380790433435,55.07570547286101,240.0694344004112,0.0,70.94598884597589,244.76178895680047,214.55380055672126,104.08329997330664,83.86497083606082,0.0,95.04384952922169,189.29694486000912,0.0,0.5773502691896258,3.0,5.0,5.0,-2.0,0.0,3.0,1
LRL_2025-12-21_8,21012546,LRL_2025-12-21_8_21012546,6.0,44.0,6.0,100000.0,4.0,2.0,1.0,0.0,0.0,4.0,10.0,0.0,0.0,0.0,350.0,905.0,50.0,10.0,0.0,0.0,10.0,0.0,1.0,0.0,4.0,37.333333333333336,6.0,82666.66666666667,3.3333333333333335,2.3333333333333335,1.6666666666666667,0.0,0.0,2.6666666666666665,86.66666666666667,20.0,0.0,0.0,153.33333333333334,385.0,53.333333333333336,23.333333333333332,0.0,0.0,103.33333333333333,141.66666666666666,1.0,0.0,1.7320508075688772,6.506407098647712,0.0,30022.213997860537,1.1547005383792515,0.5773502691896258,0.5773502691896257,0.0,0.0,1.5275252316519468,70.94598884597588,26.457513110645905,0.0,0.0,178.97858344878398,456.53586934653885,45.09249752822894,23.09401076758503,0.0,0.0,95.04384952922169,203.61319538117695,0.0,0.0,6.0,3.0,3.0,3.0,0.0,3.0,1
LRL_2025-12-21_8,22009165,LRL_2025-12-21_8_22009165,5.0,56.0,9.0,100000.0,8.0,2.0,1.0,0.0,0.0,1.0,100.0,0.0,0.0,0.0,0.0,325.0,250.0,10.0,0.0,0.0,10.0,75.0,1.0,0.0,4.666666666666667,45.666666666666664,6.666666666666667,82666.66666666667,4.666666666666667,2.3333333333333335,2.3333333333333335,0.0,0.0,3.3333333333333335,116.66666666666667,76.66666666666667,0.0,0.0,183.33333333333334,310.0,116.66666666666667,53.333333333333336,0.0,0.0,153.33333333333334,391.6666666666667,1.0,0.0,0.5773502691896258,23.288051299611425,2.081665999466133,30022.213997860537,3.5118845842842465,0.5773502691896257,1.1547005383792515,0.0,0.0,2.0816659994661326,28.867513459481287,115.90225767142472,0.0,0.0,165.0252505931542,197.92675412889486,115.47005383792515,45.09249752822895,0.0,0.0,214.55380055672128,354.7299442298794,0.0,0.0,5.0,5.0,4.0,0.0,1.0,3.0,1
LRL_2025-12-21_8,20009045,LRL_2025-12-21_8_20009045,5.0,471.0,7.0,75000.0,3.0,4.0,5.0,0.0,0.0,6.0,210.0,260.0,0.0,0.0,630.0,1060.0,100.0,150.0,0.0,0.0,200.0,75.0,1.0,0.0,5.333333333333333,562.0,7.333333333333333,93333.33333333333,4.333333333333333,6.0,6.333333333333333,0.0,0.0,6.0,486.6666666666667,546.6666666666666,0.0,0.0,696.6666666666666,796.6666666666666,36.666666666666664,66.66666666666667,0.0,0.0,350.0,566.6666666666666,1.0,0.0,2.5166114784235836,352.42445999107383,1.5275252316519468,50083.264004389064,1.1547005383792517,2.6457513110645907,2.3094010767585034,0.0,0.0,2.0,387.85736209763166,412.9568177586288,0.0,0.0,189.03262505010437,228.54612955229263,55.075705472861024,76.37626158259734,0.0,0.0,396.8626966596886,745.9613484178207,0.0,0.0,5.0,3.0,8.0,2.0,-5.0,3.0,1
LRL_2025-12-21_8,21004487,LRL_2025-12-21_8_21004487,2.0,47.0,6.0,61040.0,5.0,1.0,2.0,0.0,0.0,2.0,0.0,10.0,0.0,0.0,100.0,5.0,200.0,150.0,0.0,0.0,150.0,25.0,1.0,0.0,2.3333333333333335,82.33333333333333,4.666666666666667,87013.33333333333,3.3333333333333335,1.3333333333333333,1.6666666666666667,0.6666666666666666,0.0,2.0,33.333333333333336,36.666666666666664,83.33333333333333,0.0,466.6666666666667,726.6666666666666,183.33333333333334,100.0,116.66666666666667,0.0,286.6666666666667,508.3333333333333,1.0,0.0,0.5773502691896257,46.49014232429638,1.5275252316519465,22493.56648762782,1.5275252316519468,0.5773502691896258,0.5773502691896257,1.1547005383792517,0.0,0.0,57.735026918962575,55.07570547286102,144.33756729740642,0.0,472.58156262526086,875.0761871593429,76.37626158259734,50.0,202.07259421636903,0.0,364.7373484212075,773.1159895729317,0.0,0.0,2.0,2.0,3.0,0.0,-1.0,3.0,1
LRL_2025-12-21_8,17017015,LRL_2025-12-21_8_17017015,4.0,97.0,6.0,61040.0,2.0,3.0,3.0,0.0,0.0,4.0,300.0,160.0,0.0,0.0,260.0,40.0,10.0,10.0,0.0,0.0,10.0,125.0,1.0,0.0,4.0,177.33333333333334,6.666666666666667,49846.666666666664,2.3333333333333335,5.333333333333333,4.666666666666667,0.0,0.0,5.0,656.6666666666666,476.6666666666667,0.0,0.0,426.6666666666667,321.6666666666667,170.0,6.666666666666667,0.0,0.0,20.0,83.33333333333333,1.0,0.0,0.0,111.00600584352783,0.5773502691896257,15621.476669423198,0.5773502691896257,2.081665999466133,2.081665999466133,0.0,0.0,1.7320508075688772,525.3887449625594,425.2450274057691,0.0,0.0,378.59388972001824,323.5094022332787,285.832118559129,5.773502691896258,0.0,0.0,26.457513110645905,38.18813079129867,0.0,0.0,4.0,4.0,4.0,0.0,0.0,3.0,1
LRL_2025-12-21_8,20003972,LRL_2025-12-21_8_20003972,2.0,27.0,6.0,100000.0,5.0,3.0,2.0,0.0,0.0,1.0,60.0,10.0,0.0,0.0,0.0,5.0,150.0,150.0,0.0,0.0,150.0,175.0,1.0,0.0,2.0,20.333333333333332,6.0,133333.33333333334,3.6666666666666665,1.6666666666666667,1.6666666666666667,0.0,0.0,1.3333333333333333,20.0,6.666666666666667,0.0,0.0,83.33333333333333,276.6666666666667,56.666666666666664,120.0,0.0,0.0,166.66666666666666,258.3333333333333,1.0,0.0,1.0,7.637626158259733,0.0,57735.026918962576,2.3094010767585034,1.1547005383792517,0.5773502691896257,0.0,0.0,0.5773502691896257,34.64101615137755,5.773502691896258,0.0,0.0,144.33756729740642,474.8771771030203,80.82903768654761,98.48857801796105,0.0,0.0,28.867513459481287,76.37626158259734,0.0,0.0,2.0,3.0,1.0,-1.0,2.0,3.0,1
LRL_2025-12-21_8,19002312,LRL_2025-12-21_8_19002312,5.0,49.0,6.0,61040.0,1.0,4.0,5.0,0.0,0.0,5.0,310.0,180.0,0.0,0.0,270.0,165.0,100.0,200.0,0.0,0.0,500.0,1275.0,1.0,0.0,4.0,65.33333333333333,7.666666666666667,68306.66666666667,2.0,4.333333333333333,4.0,0.0,0.0,3.3333333333333335,200.0,213.33333333333334,0.0,0.0,306.6666666666667,283.3333333333333,150.0,116.66666666666667,0.0,0.0,266.6666666666667,491.6666666666667,1.0,0.0,1.7320508075688772,30.924639582917266,2.081665999466133,10225.797442416571,1.7320508075688772,0.5773502691896258,1.0,0.0,0.0,1.5275252316519468,98.48857801796105,123.42339054382413,0.0,0.0,276.8272626265941,240.43363602735232,86.60254037844386,76.37626158259734,0.0,0.0,208.16659994661327,680.2266779047505,0.0,0.0,5.0,5.0,2.0,0.0,3.0,3.0,1
LRL_2025-12-21_8,21018895,LRL_2025-12-21_8_21018895,2.0,41.0,8.0,55590.0,5.0,4.0,4.0,0.0,0.0,2.0,460.0,550.0,0.0,0.0,350.0,800.0,50.0,200.0,0.0,0.0,10.0,175.0,1.0,0.0,3.6666666666666665,74.0,8.666666666666666,73156.66666666667,4.666666666666667,5.0,4.666666666666667,0.0,0.0,3.3333333333333335,383.3333333333333,490.0,0.0,0.0,550.0,741.6666666666666,70.0,153.33333333333334,0.0,0.0,86.66666666666667,195.0,1.0,0.0,2.0816659994661326,36.373066958946424,1.1547005383792517,23613.649301480986,1.5275252316519465,2.6457513110645907,1.1547005383792515,0.0,0.0,1.1547005383792515,115.90225767142474,112.69427669584645,0.0,0.0,229.128784747792,218.4223737013526,72.11102550927978,126.62279942148386,0.0,0.0,100.16652800877813,195.76771950451894,0.0,0.0,2.0,6.0,3.0,-4.0,3.0,3.0,1
LRL_2025-12-21_9,19008389,LRL_2025-12-21_9_19008389,4.0,87.0,6.0,25100.0,3.0,3.0,4.0,4.0,0.0,5.0,200.0,260.0,450.0,0.0,610.0,400.0,50.0,10.0,150.0,0.0,500.0,75.0,1.0,0.0,3.6666666666666665,91.33333333333333,7.666666666666667,23110.0,3.3333333333333335,6.666666666666667,6.666666666666667,4.0,0.0,5.666666666666667,830.0,930.0,440.0,0.0,870.0,875.0,16.666666666666668,53.333333333333336,216.66666666666666,0.0,303.3333333333333,110.0,1.0,0.3333333333333333,0.5773502691896258,40.67349669420289,1.5275252316519465,1819.9725272651783,2.5166114784235836,3.214550253664318,2.516611478423583,4.0,0.0,1.1547005383792515,635.0590523722971,580.2585630561604,435.08619835614184,0.0,230.65125189341592,411.5519408288582,28.867513459481287,83.86497083606082,256.58007197234423,0.0,258.90796305508513,126.19429464123962,0.0,0.5773502691896258,4.0,3.0,4.0,1.0,-1.0,3.0,1
LRL_2025-12-21_9,21009283,LRL_2025-12-21_9_21009283,4.0,37.0,8.0,21300.0,3.0,4.0,5.0,4.0,0.0,3.0,750.0,600.0,410.0,0.0,700.0,1050.0,200.0,250.0,50.0,0.0,100.0,375.0,1.0,0.0,4.0,153.33333333333334,9.666666666666666,24106.666666666668,5.666666666666667,3.6666666666666665,4.0,3.3333333333333335,0.0,3.0,483.3333333333333,403.3333333333333,336.6666666666667,0.0,433.3333333333333,495.0,133.33333333333334,186.66666666666666,150.0,0.0,100.0,193.33333333333334,0.3333333333333333,0.3333333333333333,0.0,152.5133873905282,1.5275252316519468,2483.572695399378,3.0550504633038935,1.5275252316519468,1.7320508075688772,1.1547005383792515,0.0,1.0,275.3785273643051,230.28967265887835,257.94056162870805,0.0,340.34296427770227,492.5190351651396,57.735026918962575,155.02687938977982,100.0,0.0,50.0,185.0900681650243,0.5773502691896258,0.5773502691896258,4.0,4.0,4.0,0.0,0.0,3.0,1
LRL_2025-12-21_9,22015599,LRL_2025-12-21_9_22015599,9.0,402.0,9.0,21530.0,4.0,5.0,7.0,9.0,0.0,9.0,410.0,660.0,1370.0,0.0,2210.0,3455.0,100.0,10.0,0.0,0.0,0.0,0.0,1.0,1.0,6.333333333333333,274.0,8.333333333333334,17310.0,4.333333333333333,2.3333333333333335,3.3333333333333335,3.0,0.0,4.666666666666667,136.66666666666666,223.33333333333334,456.6666666666667,0.0,920.0,1738.3333333333333,70.0,170.0,0.0,0.0,20.0,1150.0,1.0,0.3333333333333333,3.7859388972001824,115.65898149300814,1.1547005383792515,3703.5523487592286,0.5773502691896257,2.3094010767585034,3.2145502536643185,5.196152422706632,0.0,4.041451884327381,236.71361036774658,378.1974792794544,790.9698687897874,0.0,1150.5216208311776,1727.6019024455065,51.96152422706632,138.5640646055102,0.0,0.0,26.457513110645905,1970.247446388397,0.0,0.5773502691896258,9.0,2.0,8.0,7.0,-6.0,3.0,1
LRL_2025-12-21_9,20017096,LRL_2025-12-21_9_20017096,3.0,78.0,8.0,21300.0,7.0,2.0,2.0,2.0,0.0,2.0,200.0,250.0,100.0,0.0,350.0,725.0,500.0,200.0,300.0,0.0,350.0,325.0,1.0,0.0,2.0,37.0,6.666666666666667,17985.0,4.0,1.6666666666666667,1.6666666666666667,1.3333333333333333,0.0,2.0,100.0,100.0,33.333333333333336,0.0,183.33333333333334,266.6666666666667,216.66666666666666,183.33333333333334,120.0,0.0,316.6666666666667,191.66666666666666,1.0,0.6666666666666666,1.0,35.59494346111537,1.5275252316519468,2948.5886454369997,2.6457513110645907,0.5773502691896257,0.5773502691896257,0.5773502691896257,0.0,0.0,100.0,132.28756555322954,57.735026918962575,0.0,144.33756729740642,398.6957904635228,246.64414311581237,125.83057392117915,157.1623364550171,0.0,104.08329997330664,118.1453906563152,0.0,0.5773502691896258,3.0,2.0,1.0,1.0,1.0,3.0,1
LRL_2025-12-21_9,21010309,LRL_2025-12-21_9_21010309,5.0,264.0,8.0,21300.0,2.0,5.0,6.0,6.0,0.0,7.0,950.0,850.0,1010.0,0.0,1200.0,1425.0,50.0,200.0,200.0,0.0,200.0,75.0,1.0,0.0,5.333333333333333,365.6666666666667,8.333333333333334,19766.666666666668,3.6666666666666665,5.333333333333333,6.666666666666667,6.333333333333333,0.0,7.333333333333333,590.0,686.6666666666666,786.6666666666666,0.0,910.0,1355.0,23.333333333333332,83.33333333333333,70.0,0.0,133.33333333333334,133.33333333333334,0.6666666666666666,0.3333333333333333,1.5275252316519468,385.68424045238527,1.5275252316519468,3280.7519463277517,2.0816659994661326,0.5773502691896257,0.5773502691896257,0.5773502691896258,0.0,0.5773502691896257,341.76014981270123,202.56686138984662,207.44477176668815,0.0,290.0,588.1326381013045,23.094010767585033,104.08329997330664,112.69427669584645,0.0,115.47005383792515,170.17148213885113,0.5773502691896258,0.5773502691896258,5.0,4.0,7.0,1.0,-3.0,3.0,1
LRL_2025-12-21_9,21010285,LRL_2025-12-21_9_21010285,6.0,12.0,8.0,21300.0,1.0,3.0,3.0,3.0,0.0,4.0,700.0,450.0,400.0,0.0,800.0,1500.0,50.0,100.0,10.0,0.0,150.0,600.0,1.0,0.0,5.666666666666667,48.0,9.333333333333334,26106.666666666668,5.0,5.666666666666667,5.333333333333333,4.0,0.0,5.0,940.0,870.0,553.3333333333334,0.0,533.3333333333334,696.6666666666666,50.0,86.66666666666667,103.33333333333333,0.0,56.666666666666664,205.0,0.3333333333333333,0.3333333333333333,1.5275252316519468,33.06055050963308,1.1547005383792515,4850.580721247027,3.605551275463989,3.055050463303893,3.2145502536643185,1.7320508075688772,0.0,1.0,597.3273809227231,684.6166810705097,355.715241918776,0.0,251.66114784235833,696.3535979179926,0.0,70.94598884597588,95.04384952922169,0.0,80.82903768654761,342.08916966194647,0.5773502691896258,0.5773502691896258,6.0,7.0,4.0,-1.0,3.0,3.0,1
LRL_2025-12-21_9,20004641,LRL_2025-12-21_9_20004641,7.0,89.0,7.0,19450.0,7.0,5.0,5.0,0.0,0.0,7.0,950.0,1250.0,0.0,0.0,1400.0,1350.0,300.0,150.0,0.0,0.0,0.0,0.0,1.0,0.0,5.333333333333333,45.333333333333336,7.0,19660.0,4.666666666666667,5.666666666666667,5.666666666666667,2.6666666666666665,0.0,5.333333333333333,640.0,726.6666666666666,253.33333333333334,0.0,953.3333333333334,1226.6666666666667,336.6666666666667,253.33333333333334,20.0,0.0,350.0,200.0,1.0,0.6666666666666666,2.8867513459481287,41.25934237640408,2.0,1774.3449495518057,2.081665999466133,2.081665999466133,2.081665999466133,3.0550504633038935,0.0,2.8867513459481287,391.5354390090379,497.42671151973065,317.8574103797697,0.0,578.3885660465058,970.8930596792487,346.4582706955245,308.27476921300797,26.457513110645905,0.0,409.2676385936225,213.60009363293827,0.0,0.5773502691896258,7.0,7.0,2.0,0.0,5.0,3.0,1
LRL_2025-12-21_9,20016074,LRL_2025-12-21_9_20016074,2.0,171.0,8.0,21300.0,4.0,8.0,8.0,8.0,0.0,5.0,1500.0,1550.0,1460.0,0.0,950.0,625.0,0.0,0.0,0.0,0.0,150.0,100.0,1.0,0.0,3.0,83.66666666666667,6.666666666666667,18433.333333333332,4.0,6.333333333333333,6.333333333333333,6.333333333333333,0.0,5.0,870.0,1153.3333333333333,1220.0,0.0,933.3333333333334,750.0,83.33333333333333,16.666666666666668,100.0,0.0,300.0,175.0,1.0,0.6666666666666666,1.0,76.57893531078462,1.1547005383792517,3187.998327059368,1.0,1.5275252316519465,1.5275252316519465,1.5275252316519465,0.0,0.0,553.8050198400156,346.4582706955245,450.7771067833858,0.0,28.86751345948128,139.19410907075056,144.33756729740642,28.867513459481287,173.20508075688772,0.0,180.27756377319946,198.4313483298443,0.0,0.5773502691896258,2.0,3.0,4.0,-1.0,-1.0,3.0,1
LRL_2025-12-26_1,21006938,LRL_2025-12-26_1_21006938,1.0,29.0,9.0,23890.0,7.0,3.0,1.0,0.0,0.0,1.0,60.0,0.0,0.0,0.0,0.0,0.0,50.0,50.0,0.0,0.0,150.0,300.0,1.0,1.0,1.6666666666666667,32.666666666666664,7.666666666666667,24433.333333333332,3.3333333333333335,3.3333333333333335,2.3333333333333335,0.0,0.0,2.3333333333333335,293.3333333333333,270.0,0.0,0.0,153.33333333333334,41.666666666666664,166.66666666666666,50.0,0.0,0.0,216.66666666666666,258.3333333333333,1.0,0.6666666666666666,0.5773502691896257,3.214550253664319,1.1547005383792517,498.6314604327864,3.2145502536643185,0.5773502691896257,1.1547005383792515,0.0,0.0,1.1547005383792515,257.7466456296441,338.67388443752196,0.0,0.0,150.1110699893027,38.18813079129867,202.072594216369,0.0,0.0,0.0,76.37626158259734,72.16878364870321,0.0,0.5773502691896258,1.0,2.0,2.0,-1.0,0.0,3.0,1
LRL_2025-12-26_1,21012519,LRL_2025-12-26_1_21012519,5.0,52.0,8.0,21030.0,7.0,4.0,2.0,3.0,0.0,3.0,400.0,50.0,160.0,0.0,850.0,1300.0,200.0,50.0,350.0,0.0,150.0,350.0,1.0,0.0,3.6666666666666665,33.0,7.666666666666667,20143.333333333332,5.333333333333333,3.6666666666666665,2.6666666666666665,1.0,0.0,3.0,383.3333333333333,270.0,53.333333333333336,0.0,583.3333333333334,850.0,250.0,133.33333333333334,116.66666666666667,0.0,233.33333333333334,383.3333333333333,1.0,0.3333333333333333,1.5275252316519465,16.46207763315433,0.5773502691896258,1308.9053951043718,1.5275252316519465,0.5773502691896257,1.1547005383792515,1.7320508075688772,0.0,1.0,175.5942292142123,262.10684844162313,92.37604307034013,0.0,419.32485418030416,715.4544010627093,229.128784747792,104.08329997330664,202.07259421636903,0.0,104.08329997330664,80.36375634160797,0.0,0.5773502691896258,5.0,4.0,2.0,1.0,2.0,3.0,1
LRL_2025-12-26_1,21013577,LRL_2025-12-26_1_21013577,2.0,18.0,7.0,19450.0,3.0,3.0,3.0,0.0,0.0,3.0,300.0,650.0,0.0,0.0,250.0,175.0,250.0,150.0,0.0,0.0,350.0,275.0,1.0,0.0,6.333333333333333,74.66666666666667,8.666666666666666,27003.333333333332,3.6666666666666665,4.666666666666667,5.0,0.0,0.0,6.666666666666667,583.3333333333334,786.6666666666666,0.0,0.0,990.0,1170.0,133.33333333333334,133.33333333333334,0.0,0.0,183.33333333333334,358.3333333333333,1.0,0.3333333333333333,4.509249752822894,67.26316475853135,2.081665999466133,11966.203797919094,1.1547005383792517,1.5275252316519465,1.7320508075688772,0.0,0.0,4.041451884327381,246.64414311581237,130.5118130030126,0.0,0.0,650.2307282803544,868.3749190297932,104.08329997330664,76.37626158259734,0.0,0.0,175.5942292142123,406.45827994190665,0.0,0.5773502691896258,2.0,6.0,11.0,-4.0,-5.0,3.0,1
LRL_2025-12-26_1,21016215,LRL_2025-12-26_1_21016215,3.0,38.0,5.0,18180.0,2.0,1.0,1.0,0.0,0.0,2.0,0.0,0.0,0.0,0.0,200.0,255.0,100.0,10.0,0.0,0.0,10.0,175.0,1.0,1.0,2.0,28.666666666666668,5.0,17743.333333333332,2.0,2.0,2.0,0.0,0.0,2.3333333333333335,150.0,73.33333333333333,0.0,0.0,76.66666666666667,86.66666666666667,136.66666666666666,240.0,0.0,0.0,270.0,110.0,1.0,0.6666666666666666,1.0,16.165807537309522,0.0,1522.7059247712064,0.0,1.7320508075688772,1.7320508075688772,0.0,0.0,0.5773502691896258,259.8076211353316,127.01705922171767,0.0,0.0,106.92676621563626,145.8023776669411,148.43629385474878,398.37168574084177,0.0,0.0,301.16440692751195,91.7877987534291,0.0,0.5773502691896258,3.0,2.0,1.0,1.0,1.0,3.0,1
LRL_2025-12-26_1,21003545,LRL_2025-12-26_1_21003545,9.0,154.0,10.0,26740.0,4.0,10.0,10.0,0.0,0.0,9.0,1430.0,1360.0,0.0,0.0,1260.0,890.0,0.0,0.0,0.0,0.0,150.0,875.0,0.0,0.0,7.333333333333333,266.3333333333333,9.333333333333334,41913.333333333336,3.0,6.333333333333333,6.666666666666667,0.0,0.0,6.666666666666667,663.3333333333334,773.3333333333334,0.0,0.0,810.0,676.6666666666666,50.0,3.3333333333333335,0.0,0.0,53.333333333333336,325.0,0.0,0.0,1.5275252316519465,113.00589955101165,1.1547005383792515,13150.001267427062,1.7320508075688772,4.041451884327381,4.163331998932265,0.0,0.0,3.2145502536643185,687.91956894199,514.328040586291,0.0,0.0,398.87341350358264,188.03811670332516,50.0,5.773502691896257,0.0,0.0,83.86497083606082,476.9696007084728,0.0,0.0,9.0,6.0,7.0,3.0,-1.0,3.0,1
LRL_2025-12-26_1,21006724,LRL_2025-12-26_1_21006724,2.0,13.0,6.0,18680.0,1.0,2.0,3.0,0.0,0.0,2.0,150.0,260.0,0.0,0.0,300.0,25.0,100.0,250.0,0.0,0.0,100.0,100.0,1.0,1.0,3.3333333333333335,46.0,7.666666666666667,21653.333333333332,3.3333333333333335,3.0,3.3333333333333335,0.0,0.0,3.3333333333333335,370.0,336.6666666666667,0.0,0.0,386.6666666666667,126.66666666666667,136.66666666666666,300.0,0.0,0.0,133.33333333333334,291.6666666666667,1.0,1.0,3.214550253664318,44.034077712607996,1.5275252316519465,3506.4131720796013,2.5166114784235836,1.7320508075688772,1.5275252316519468,0.0,0.0,3.214550253664318,381.051177665153,331.7127271199182,0.0,0.0,436.5012409298894,198.1371578814366,148.43629385474878,180.27756377319946,0.0,0.0,57.735026918962575,353.8478957593691,0.0,0.0,2.0,7.0,1.0,-5.0,6.0,3.0,1
LRL_2025-12-26_1,18001931,LRL_2025-12-26_1_18001931,2.0,29.0,6.0,20700.0,5.0,4.0,3.0,0.0,0.0,1.0,350.0,110.0,0.0,0.0,0.0,100.0,200.0,250.0,0.0,0.0,150.0,125.0,1.0,1.0,4.333333333333333,125.0,7.0,22173.333333333332,4.333333333333333,3.3333333333333335,3.0,0.0,0.0,3.3333333333333335,336.6666666666667,320.0,0.0,0.0,440.0,410.0,216.66666666666666,133.33333333333334,0.0,0.0,150.0,366.6666666666667,1.0,1.0,2.081665999466133,160.25292509030842,1.7320508075688772,2905.1907567891876,1.1547005383792515,1.1547005383792517,1.0,0.0,0.0,2.516611478423583,180.3699901129158,289.30952282978865,0.0,0.0,409.5119045888654,373.7311868174771,76.37626158259734,104.08329997330664,0.0,0.0,100.0,484.9828175650487,0.0,0.0,2.0,6.0,5.0,-4.0,1.0,3.0,1
LRL_2025-12-26_1,16022898,LRL_2025-12-26_1_16022898,5.0,64.0,7.0,20000.0,1.0,6.0,5.0,0.0,0.0,6.0,560.0,260.0,0.0,0.0,410.0,580.0,500.0,10.0,0.0,0.0,200.0,350.0,1.0,1.0,3.0,55.333333333333336,6.0,20000.0,4.0,4.666666666666667,3.3333333333333335,0.0,0.0,3.3333333333333335,556.6666666666666,320.0,0.0,0.0,303.3333333333333,243.33333333333334,203.33333333333334,10.0,0.0,0.0,86.66666666666667,183.33333333333334,1.0,0.6666666666666666,2.0,21.361959960016154,1.0,0.0,2.6457513110645907,1.1547005383792517,1.5275252316519468,0.0,0.0,2.3094010767585034,55.075705472861,112.69427669584645,0.0,0.0,176.16280348965083,301.05370506494904,260.83200212652844,0.0,0.0,0.0,100.16652800877812,152.75252316519467,0.0,0.5773502691896258,5.0,1.0,3.0,4.0,-2.0,3.0,1
LRL_2025-12-26_1,21012195,LRL_2025-12-26_1_21012195,3.0,130.0,7.0,19450.0,2.0,5.0,5.0,0.0,0.0,5.0,900.0,1250.0,0.0,0.0,700.0,450.0,150.0,10.0,0.0,0.0,10.0,10.0,1.0,0.0,4.333333333333333,244.33333333333334,7.333333333333333,19706.666666666668,4.666666666666667,4.666666666666667,4.666666666666667,0.0,0.0,5.0,650.0,903.3333333333334,0.0,0.0,920.0,963.3333333333334,83.33333333333333,6.666666666666667,0.0,0.0,103.33333333333333,86.66666666666667,1.0,0.6666666666666666,2.3094010767585034,104.52910280555045,0.5773502691896258,951.3323989717434,3.055050463303893,3.511884584284246,3.511884584284246,0.0,0.0,3.0,567.8908345800273,789.3246058076065,0.0,0.0,1037.6415566080611,1223.6148631547974,76.37626158259734,5.773502691896257,0.0,0.0,170.39170558842744,141.53915830374763,0.0,0.5773502691896258,3.0,3.0,7.0,0.0,-4.0,3.0,1
LRL_2025-12-26_1,21008594,LRL_2025-12-26_1_21008594,3.0,27.0,10.0,21000.0,6.0,3.0,3.0,2.0,0.0,2.0,250.0,110.0,10.0,0.0,100.0,225.0,50.0,100.0,100.0,0.0,150.0,200.0,1.0,0.0,4.0,29.333333333333332,8.666666666666666,24666.666666666668,4.0,2.3333333333333335,2.0,2.3333333333333335,0.0,2.3333333333333335,90.0,53.333333333333336,26.666666666666668,0.0,140.0,368.3333333333333,86.66666666666667,53.333333333333336,133.33333333333334,0.0,183.33333333333334,158.33333333333334,1.0,0.0,1.0,16.623276853055575,1.5275252316519465,6350.852961085883,2.6457513110645907,0.5773502691896258,1.0,0.5773502691896257,0.0,1.5275252316519465,138.5640646055102,55.075705472861024,28.867513459481287,0.0,163.707055437449,169.21386861996075,100.16652800877812,45.09249752822894,57.735026918962575,0.0,104.08329997330664,38.18813079129867,0.0,0.0,3.0,4.0,5.0,-1.0,-1.0,3.0,1
LRL_2025-12-26_1,19002713,LRL_2025-12-26_1_19002713,4.0,48.0,7.0,22400.0,3.0,1.0,1.0,1.0,0.0,3.0,0.0,0.0,0.0,0.0,600.0,1375.0,800.0,1000.0,300.0,0.0,150.0,250.0,1.0,0.0,4.0,95.0,7.0,22873.333333333332,3.6666666666666665,2.6666666666666665,1.3333333333333333,0.3333333333333333,0.0,2.6666666666666665,106.66666666666667,83.33333333333333,0.0,0.0,336.6666666666667,726.6666666666666,433.3333333333333,353.3333333333333,100.0,0.0,233.33333333333334,375.0,1.0,0.6666666666666666,0.0,97.41149829460586,1.0,4448.924963778703,2.0816659994661326,2.0816659994661326,0.5773502691896257,0.5773502691896258,0.0,1.5275252316519465,176.16280348965083,144.33756729740642,0.0,0.0,306.648550189518,566.1345540888078,321.4550253664318,560.3867711976553,173.20508075688772,0.0,236.2907813126304,283.94541729001367,0.0,0.5773502691896258,4.0,4.0,4.0,0.0,0.0,3.0,1
LRL_2025-12-26_2,22002905,LRL_2025-12-26_2_22002905,2.0,23.0,7.0,31850.0,4.0,2.0,1.0,0.0,0.0,2.0,50.0,0.0,0.0,0.0,10.0,125.0,200.0,10.0,0.0,0.0,300.0,25.0,1.0,0.0,2.0,21.666666666666668,6.666666666666667,32583.333333333332,3.6666666666666665,1.6666666666666667,1.6666666666666667,0.0,0.0,1.6666666666666667,50.0,53.333333333333336,0.0,0.0,86.66666666666667,133.33333333333334,73.33333333333333,86.66666666666667,0.0,0.0,216.66666666666666,83.33333333333333,1.0,0.3333333333333333,0.0,10.066445913694333,0.5773502691896257,1270.1705922171764,1.5275252316519465,0.5773502691896257,1.1547005383792517,0.0,0.0,0.5773502691896257,50.0,92.37604307034012,0.0,0.0,141.53915830374763,38.18813079129867,109.6965511460289,100.16652800877813,0.0,0.0,76.37626158259734,62.91528696058958,0.0,0.5773502691896258,2.0,2.0,2.0,0.0,0.0,3.0,1
LRL_2025-12-26_2,22017709,LRL_2025-12-26_2_22017709,6.0,374.0,7.0,27180.0,1.0,5.0,4.0,0.0,0.0,5.0,260.0,260.0,0.0,0.0,360.0,760.0,10.0,100.0,0.0,0.0,100.0,525.0,0.0,0.0,8.333333333333334,706.6666666666666,8.666666666666666,29910.0,3.3333333333333335,5.666666666666667,6.666666666666667,0.0,0.0,8.0,706.6666666666666,1013.3333333333334,0.0,0.0,1316.6666666666667,1973.3333333333333,6.666666666666667,36.666666666666664,0.0,0.0,33.333333333333336,175.0,0.3333333333333333,0.0,2.5166114784235836,443.36140262017994,2.0816659994661326,2374.9315779617737,2.516611478423583,2.0816659994661326,2.309401076758503,0.0,0.0,3.0,697.1609092120221,900.0185183280028,0.0,0.0,844.768212785811,1084.9116707517408,5.773502691896257,55.075705472861024,0.0,0.0,57.735026918962575,303.10889132455355,0.5773502691896258,0.0,6.0,11.0,8.0,-5.0,3.0,3.0,1
LRL_2025-12-26_2,22002945,LRL_2025-12-26_2_22002945,3.0,59.0,7.0,31850.0,5.0,1.0,2.0,0.0,0.0,1.0,0.0,10.0,0.0,0.0,0.0,150.0,50.0,400.0,0.0,0.0,10.0,25.0,1.0,0.0,3.5,79.0,6.5,32950.0,3.5,3.0,3.5,0.0,0.0,2.5,205.0,165.0,0.0,0.0,175.0,300.0,150.0,350.0,0.0,0.0,155.0,125.0,1.0,0.5,0.7071067811865476,28.284271247461902,0.7071067811865476,1555.6349186104046,2.1213203435596424,2.8284271247461903,2.1213203435596424,0.0,0.0,2.1213203435596424,289.9137802864845,219.20310216782974,0.0,0.0,247.48737341529164,212.13203435596427,141.4213562373095,70.71067811865476,0.0,0.0,205.0609665440988,141.4213562373095,0.0,0.7071067811865476,3.0,4.0,,-1.0,,2.0,1
LRL_2025-12-26_2,22009792,LRL_2025-12-26_2_22009792,3.0,72.0,6.0,15000.0,4.0,2.0,2.0,0.0,0.0,2.0,500.0,700.0,0.0,0.0,600.0,575.0,50.0,400.0,0.0,0.0,250.0,900.0,1.0,1.0,2.3333333333333335,33.0,6.0,14000.0,2.3333333333333335,2.0,2.0,0.0,0.0,1.6666666666666667,233.33333333333334,316.6666666666667,0.0,0.0,400.0,666.6666666666666,36.666666666666664,183.33333333333334,0.0,0.0,150.0,418.3333333333333,1.0,0.6666666666666666,0.5773502691896258,33.77869150810907,1.0,1732.0508075688772,1.5275252316519468,0.0,1.0,0.0,0.0,0.5773502691896258,236.29078131263043,354.7299442298794,0.0,0.0,346.41016151377545,642.4237957402678,23.094010767585033,189.29694486000912,0.0,0.0,100.0,451.3959828502391,0.0,0.5773502691896258,3.0,2.0,2.0,1.0,0.0,3.0,1
LRL_2025-12-26_2,22010780,LRL_2025-12-26_2_22010780,,,,,,,,,,,,,,,,,,,,,,,,,,,,,,,,,,,,,,,,,,,,,,,,,,,,,,,,,,,,,,,,,,,,,,,,,,,,,,0.0,0
LRL_2025-12-26_3,22010488,LRL_2025-12-26_3_22010488,5.0,174.0,8.0,26030.0,5.0,4.0,2.0,3.0,0.0,4.0,350.0,100.0,60.0,0.0,410.0,1055.0,50.0,100.0,50.0,0.0,100.0,625.0,1.0,0.0,4.666666666666667,171.66666666666666,7.666666666666667,23416.666666666668,3.6666666666666665,2.6666666666666665,3.0,1.3333333333333333,0.0,3.6666666666666665,170.0,160.0,20.0,0.0,293.3333333333333,613.3333333333334,50.0,70.0,83.33333333333333,0.0,150.0,408.3333333333333,0.6666666666666666,0.3333333333333333,3.511884584284246,105.51935051607043,0.5773502691896257,2520.760467266443,2.3094010767585034,1.5275252316519468,2.6457513110645907,1.5275252316519468,0.0,2.516611478423583,175.2141546793523,196.9771560359221,34.64101615137755,0.0,255.79940057266228,548.0495719671108,0.0,51.96152422706632,104.08329997330664,0.0,132.28756555322954,353.8478957593691,0.5773502691896258,0.5773502691896258,5.0,1.0,8.0,4.0,-7.0,3.0,1
LRL_2025-12-26_3,22012128,LRL_2025-12-26_3_22012128,2.0,292.0,8.0,26030.0,2.0,1.0,1.0,1.0,0.0,1.0,0.0,0.0,0.0,0.0,0.0,5.0,50.0,100.0,10.0,0.0,10.0,275.0,1.0,0.0,4.0,238.0,7.333333333333333,25520.0,4.0,2.6666666666666665,2.6666666666666665,2.0,0.0,3.3333333333333335,220.0,270.0,333.3333333333333,0.0,573.3333333333334,970.0,100.0,100.0,3.3333333333333335,0.0,70.0,150.0,1.0,0.3333333333333333,1.7320508075688772,104.09610943738484,2.0816659994661326,1339.8880550254935,2.6457513110645907,1.5275252316519468,1.5275252316519468,2.6457513110645907,0.0,2.0816659994661326,291.032644217105,280.53520278211073,577.3502691896258,0.0,850.0784277543652,1439.8524229934121,86.60254037844386,0.0,5.773502691896258,0.0,112.69427669584645,139.19410907075056,0.0,0.5773502691896258,2.0,5.0,5.0,-3.0,0.0,3.0,1
LRL_2025-12-26_3,22018737,LRL_2025-12-26_3_22018737,1.0,17.0,8.0,26030.0,1.0,3.0,4.0,2.0,0.0,2.0,200.0,210.0,10.0,0.0,10.0,0.0,150.0,50.0,50.0,0.0,300.0,5.0,1.0,0.0,2.0,69.0,8.333333333333334,25440.0,3.6666666666666665,2.6666666666666665,4.0,2.0,0.0,2.6666666666666665,133.33333333333334,323.3333333333333,93.33333333333333,0.0,340.0,266.6666666666667,56.666666666666664,86.66666666666667,50.0,0.0,233.33333333333334,11.666666666666666,1.0,0.0,1.0,50.566787519082126,0.5773502691896255,784.2831121476479,2.3094010767585034,0.5773502691896258,0.0,2.0,0.0,0.5773502691896258,76.37626158259734,240.90108620206203,153.0795000427338,0.0,301.16440692751195,232.28933107943922,80.82903768654761,100.16652800877812,50.0,0.0,115.47005383792515,11.547005383792516,0.0,0.0,1.0,2.0,3.0,-1.0,-1.0,3.0,1
LRL_2025-12-26_3,22016324,LRL_2025-12-26_3_22016324,4.0,121.0,6.0,24700.0,4.0,4.0,5.0,0.0,0.0,5.0,510.0,660.0,0.0,0.0,710.0,775.0,10.0,250.0,0.0,0.0,250.0,100.0,1.0,0.0,4.333333333333333,81.33333333333333,6.333333333333333,19566.666666666668,3.3333333333333335,4.0,5.0,0.0,0.0,5.0,310.0,480.0,0.0,0.0,510.0,591.6666666666666,86.66666666666667,186.66666666666666,0.0,0.0,120.0,283.3333333333333,1.0,0.0,1.5275252316519468,40.525712002793156,0.5773502691896258,4445.597072760119,0.5773502691896258,1.0,1.0,0.0,0.0,1.0,200.0,277.8488797889961,0.0,0.0,304.138126514911,384.32841858667354,70.94598884597588,155.02687938977982,0.0,0.0,121.2435565298214,275.3785273643051,0.0,0.0,4.0,3.0,6.0,1.0,-3.0,3.0,1
LRL_2025-12-26_3,22014344,LRL_2025-12-26_3_22014344,5.0,77.0,6.0,21000.0,5.0,5.0,6.0,6.0,0.0,6.0,450.0,510.0,560.0,0.0,810.0,1250.0,50.0,0.0,0.0,0.0,0.0,425.0,1.0,0.0,3.0,40.0,5.333333333333333,22733.333333333332,3.0,3.3333333333333335,3.3333333333333335,2.3333333333333335,0.0,3.3333333333333335,286.6666666666667,290.0,186.66666666666666,0.0,486.6666666666667,618.3333333333334,83.33333333333333,20.0,133.33333333333334,0.0,200.0,375.0,1.0,0.0,2.0,32.14031735997639,2.0816659994661326,2193.931022920578,2.0,1.5275252316519468,2.3094010767585034,3.214550253664318,0.0,2.516611478423583,202.56686138984662,255.3429066960741,323.31615074619043,0.0,428.9910643980051,625.1066575659976,57.735026918962575,26.457513110645905,230.9401076758503,0.0,346.41016151377545,352.6683994916471,0.0,0.0,5.0,1.0,3.0,4.0,-2.0,3.0,1
LRL_2025-12-26_3,22013759,LRL_2025-12-26_3_22013759,4.0,33.0,6.0,35000.0,1.0,4.0,6.0,4.0,0.0,4.0,250.0,430.0,250.0,0.0,450.0,1000.0,50.0,0.0,50.0,0.0,250.0,800.0,1.0,1.0,2.6666666666666665,41.666666666666664,7.0,30000.0,5.0,4.666666666666667,4.0,3.0,0.0,2.6666666666666665,356.6666666666667,360.0,120.0,0.0,416.6666666666667,733.3333333333334,36.666666666666664,20.0,83.33333333333333,0.0,200.0,475.0,1.0,0.3333333333333333,1.5275252316519465,15.88500340992514,1.7320508075688772,8660.254037844386,3.605551275463989,2.0816659994661326,1.7320508075688772,1.7320508075688772,0.0,1.5275252316519465,275.92269448766507,96.43650760992955,125.29964086141668,0.0,401.04031385053213,642.9100507328636,23.09401076758503,26.457513110645905,57.735026918962575,0.0,132.28756555322954,303.10889132455355,0.0,0.5773502691896258,4.0,3.0,1.0,1.0,2.0,3.0,1
LRL_2025-12-26_4,23005659,LRL_2025-12-26_4_23005659,5.0,294.0,7.0,34550.0,5.0,7.0,7.0,0.0,0.0,7.0,950.0,960.0,0.0,0.0,1100.0,1160.0,0.0,0.0,0.0,0.0,0.0,250.0,1.0,0.0,6.0,486.3333333333333,8.333333333333334,42183.333333333336,6.0,7.333333333333333,7.666666666666667,0.0,0.0,7.0,740.0,940.0,0.0,0.0,1073.3333333333333,1445.0,300.0,483.3333333333333,0.0,0.0,250.0,383.3333333333333,0.6666666666666666,0.0,1.0,297.50014005598945,1.5275252316519468,13700.395371423896,1.0,1.5275252316519465,1.1547005383792517,0.0,0.0,0.0,226.4950330581225,26.457513110645905,0.0,0.0,350.7610772781572,849.1613509810724,435.88989435406734,500.83264004389065,0.0,0.0,312.2498999199199,275.3785273643051,0.5773502691896258,0.0,5.0,6.0,7.0,-1.0,-1.0,3.0,1
LRL_2025-12-26_4,23002365,LRL_2025-12-26_4_23002365,6.0,15.0,6.0,34050.0,6.0,3.0,6.0,0.0,0.0,6.0,100.0,270.0,0.0,0.0,810.0,1385.0,150.0,0.0,0.0,0.0,0.0,0.0,1.0,0.0,3.3333333333333335,40.333333333333336,6.333333333333333,35883.333333333336,2.6666666666666665,4.0,4.666666666666667,0.0,0.0,3.6666666666666665,383.3333333333333,393.3333333333333,0.0,0.0,486.6666666666667,595.0,83.33333333333333,50.0,0.0,0.0,150.0,25.0,1.0,0.0,2.516611478423583,32.51666239535253,0.5773502691896258,3572.230862267069,2.886751345948129,1.7320508075688772,2.3094010767585034,0.0,0.0,2.5166114784235836,407.2263907623539,276.4657905299195,0.0,0.0,428.99106439800505,712.7937990751603,76.37626158259734,86.60254037844386,0.0,0.0,132.28756555322954,25.0,0.0,0.0,6.0,3.0,1.0,3.0,2.0,3.0,1
LRL_2025-12-26_4,23014518,LRL_2025-12-26_4_23014518,1.0,83.0,8.0,25700.0,6.0,4.0,1.0,0.0,0.0,1.0,260.0,0.0,0.0,0.0,0.0,0.0,50.0,150.0,0.0,0.0,250.0,225.0,1.0,0.0,6.0,199.33333333333334,9.666666666666666,29303.333333333332,6.333333333333333,7.666666666666667,5.666666666666667,0.0,0.0,6.666666666666667,930.0,650.0,0.0,0.0,860.0,951.6666666666666,50.0,66.66666666666667,0.0,0.0,86.66666666666667,741.6666666666666,0.6666666666666666,0.6666666666666666,4.358898943540674,211.0931863735382,2.0816659994661326,3232.9604595994265,0.5773502691896258,3.214550253664318,4.163331998932265,0.0,0.0,4.932882862316247,598.0802621722272,599.0826320300064,0.0,0.0,756.0423268574319,846.3500064000315,50.0,76.37626158259734,0.0,0.0,141.53915830374763,1050.0992016630303,0.5773502691896258,0.5773502691896258,1.0,9.0,8.0,-8.0,1.0,3.0,1
LRL_2025-12-26_4,23010163,LRL_2025-12-26_4_23010163,1.0,8.0,4.0,17000.0,3.0,2.0,2.0,0.0,0.0,2.0,100.0,100.0,0.0,0.0,50.0,0.0,10.0,50.0,0.0,0.0,300.0,50.0,1.0,0.0,3.3333333333333335,68.66666666666667,7.666666666666667,24626.666666666668,6.0,4.0,4.0,0.0,0.0,4.0,453.3333333333333,376.6666666666667,0.0,0.0,420.0,420.0,23.333333333333332,116.66666666666667,0.0,0.0,216.66666666666666,95.0,1.0,0.3333333333333333,2.516611478423583,62.58061467685767,3.5118845842842465,6674.288975863521,3.0,2.0,2.0,0.0,0.0,2.0,307.4627348693388,349.9047489436709,0.0,0.0,355.9494346111537,391.56736329781114,23.094010767585033,57.735026918962575,0.0,0.0,104.08329997330664,114.34596626029271,0.0,0.5773502691896258,1.0,6.0,3.0,-5.0,3.0,3.0,1
LRL_2025-12-26_4,23014256,LRL_2025-12-26_4_23014256,4.0,102.0,6.0,34050.0,3.0,4.0,4.0,0.0,0.0,5.0,250.0,160.0,0.0,0.0,360.0,535.0,10.0,10.0,0.0,0.0,450.0,300.0,1.0,0.0,3.3333333333333335,53.333333333333336,6.333333333333333,29216.666666666668,3.6666666666666665,3.6666666666666665,4.0,0.0,0.0,4.333333333333333,220.0,323.3333333333333,0.0,0.0,423.3333333333333,345.0,56.666666666666664,40.0,0.0,0.0,186.66666666666666,225.0,1.0,0.0,2.0816659994661326,42.44211744639201,0.5773502691896258,7985.038092165456,1.1547005383792517,0.5773502691896257,0.0,0.0,0.0,1.1547005383792515,98.48857801796105,240.90108620206203,0.0,0.0,398.7898360456712,299.29082845954366,80.82903768654761,51.96152422706632,0.0,0.0,232.4507116214819,75.0,0.0,0.0,4.0,5.0,1.0,-1.0,4.0,3.0,1
LRL_2025-12-26_4,23008752,LRL_2025-12-26_4_23008752,6.0,128.0,8.0,28260.0,3.0,7.0,6.0,0.0,0.0,7.0,1210.0,1010.0,0.0,0.0,1000.0,1335.0,300.0,50.0,0.0,0.0,600.0,250.0,1.0,0.0,6.333333333333333,238.66666666666666,7.666666666666667,54286.666666666664,4.666666666666667,5.333333333333333,6.0,0.0,0.0,6.666666666666667,623.3333333333334,760.0,0.0,0.0,840.0,975.0,236.66666666666666,103.33333333333333,0.0,0.0,266.6666666666667,200.0,1.0,0.0,0.5773502691896258,273.35203188074775,1.5275252316519465,40542.94677663839,3.785938897200183,1.5275252316519465,1.0,0.0,0.0,0.5773502691896257,522.0472520120505,226.0530911091463,0.0,0.0,170.88007490635061,343.8386249390839,202.56686138984662,128.58201014657274,0.0,0.0,305.50504633038935,180.27756377319946,0.0,0.0,6.0,6.0,7.0,0.0,-1.0,3.0,1
LRL_2025-12-26_4,23000766,LRL_2025-12-26_4_23000766,3.0,234.0,6.0,34050.0,5.0,2.0,2.0,0.0,0.0,1.0,50.0,10.0,0.0,0.0,0.0,335.0,50.0,100.0,0.0,0.0,10.0,200.0,1.0,0.0,2.6666666666666665,110.0,5.333333333333333,28016.666666666668,2.6666666666666665,1.6666666666666667,1.6666666666666667,0.0,0.0,1.6666666666666667,20.0,70.0,0.0,0.0,133.33333333333334,453.3333333333333,36.666666666666664,66.66666666666667,0.0,0.0,153.33333333333334,291.6666666666667,1.0,0.0,1.5275252316519465,107.85175010170211,1.1547005383792517,7231.93150778776,2.0816659994661326,0.5773502691896258,0.5773502691896258,0.0,0.0,1.1547005383792517,26.457513110645905,112.69427669584645,0.0,0.0,230.9401076758503,522.6455140277523,23.09401076758503,28.867513459481287,0.0,0.0,176.16280348965083,346.7107343785787,0.0,0.0,3.0,4.0,1.0,-1.0,3.0,3.0,1
LRL_2025-12-26_5,19016807,LRL_2025-12-26_5_19016807,2.0,32.0,9.0,31370.0,4.0,3.0,2.0,1.0,0.0,1.0,200.0,10.0,0.0,0.0,0.0,50.0,200.0,250.0,150.0,0.0,250.0,150.0,1.0,0.0,1.6666666666666667,50.0,8.333333333333334,32013.333333333332,5.666666666666667,4.0,3.0,1.0,0.0,1.6666666666666667,400.0,286.6666666666667,3.3333333333333335,0.0,70.0,83.33333333333333,166.66666666666666,183.33333333333334,233.33333333333334,0.0,150.0,258.3333333333333,1.0,0.3333333333333333,0.5773502691896258,17.52141546793523,3.0550504633038935,8483.314996705789,2.886751345948129,2.6457513110645907,1.7320508075688772,1.0,0.0,1.1547005383792517,390.51248379533274,403.773864103824,5.773502691896257,0.0,121.2435565298214,104.08329997330664,28.867513459481287,115.47005383792515,284.31203515386636,0.0,100.0,255.3592241007427,0.0,0.5773502691896258,2.0,2.0,1.0,0.0,1.0,3.0,1
LRL_2025-12-26_5,19016165,LRL_2025-12-26_5_19016165,5.0,51.0,8.0,30000.0,1.0,2.0,2.0,3.0,0.0,4.0,200.0,200.0,250.0,0.0,120.0,375.0,10.0,10.0,50.0,0.0,50.0,50.0,1.0,0.0,4.0,51.333333333333336,7.0,31666.666666666668,4.0,2.3333333333333335,2.3333333333333335,3.6666666666666665,0.0,4.333333333333333,103.33333333333333,116.66666666666667,253.33333333333334,0.0,180.0,426.6666666666667,53.333333333333336,56.666666666666664,133.33333333333334,0.0,233.33333333333334,116.66666666666667,1.0,0.3333333333333333,1.7320508075688772,22.50185177565023,1.0,2886.7513459481293,3.0,0.5773502691896258,0.5773502691896258,1.1547005383792515,0.0,0.5773502691896257,83.86497083606082,76.37626158259734,145.0287327853806,0.0,112.69427669584645,429.835239752784,45.09249752822895,80.82903768654761,144.33756729740642,0.0,175.59422921421233,137.68926368215256,0.0,0.5773502691896258,5.0,5.0,2.0,0.0,3.0,3.0,1
LRL_2025-12-26_5,21009051,LRL_2025-12-26_5_21009051,2.0,33.0,9.0,22000.0,4.0,5.0,5.0,5.0,0.0,3.0,220.0,310.0,400.0,0.0,200.0,200.0,10.0,150.0,100.0,0.0,150.0,10.0,1.0,1.0,2.3333333333333335,23.666666666666668,8.666666666666666,22000.0,3.0,4.0,4.0,3.0,0.0,1.6666666666666667,260.0,253.33333333333334,153.33333333333334,0.0,66.66666666666667,245.0,153.33333333333334,200.0,166.66666666666666,0.0,216.66666666666666,353.3333333333333,1.0,0.3333333333333333,1.5275252316519465,10.692676621563626,1.5275252316519468,4000.0,1.7320508075688772,1.0,1.0,1.7320508075688772,0.0,1.1547005383792517,45.8257569495584,55.075705472861024,214.55380055672126,0.0,115.47005383792515,270.3238798182654,214.55380055672128,50.0,115.47005383792515,0.0,76.37626158259734,478.57427149120053,0.0,0.5773502691896258,2.0,1.0,4.0,1.0,-3.0,3.0,1
LRL_2025-12-26_5,21004286,LRL_2025-12-26_5_21004286,3.0,242.0,9.0,22000.0,6.0,2.0,2.0,2.0,0.0,2.0,10.0,50.0,50.0,0.0,100.0,210.0,100.0,100.0,150.0,0.0,100.0,150.0,1.0,1.0,2.6666666666666665,104.0,7.333333333333333,26000.0,4.333333333333333,2.6666666666666665,2.6666666666666665,3.0,0.0,2.3333333333333335,253.33333333333334,250.0,186.66666666666666,0.0,266.6666666666667,370.0,183.33333333333334,120.0,416.6666666666667,0.0,183.33333333333334,175.0,1.0,1.0,1.5275252316519465,120.11244731500561,2.0816659994661326,7810.249675906654,1.5275252316519465,1.1547005383792515,1.1547005383792515,1.7320508075688772,0.0,1.5275252316519468,212.21058723196006,180.27756377319946,236.71361036774658,0.0,378.59388972001824,470.85029467974215,76.37626158259734,121.2435565298214,236.2907813126304,0.0,104.08329997330664,114.564392373896,0.0,0.0,3.0,4.0,1.0,-1.0,3.0,3.0,1
LRL_2025-12-26_5,18006720,LRL_2025-12-26_5_18006720,4.0,81.0,7.0,40830.0,2.0,7.0,4.0,0.0,0.0,4.0,560.0,550.0,0.0,0.0,650.0,925.0,0.0,200.0,0.0,0.0,300.0,550.0,1.0,0.0,3.3333333333333335,47.333333333333336,7.333333333333333,31276.666666666668,3.3333333333333335,3.0,2.0,0.6666666666666666,0.0,2.6666666666666665,186.66666666666666,183.33333333333334,0.0,0.0,223.33333333333334,400.0,83.33333333333333,166.66666666666666,33.333333333333336,0.0,150.0,225.0,0.6666666666666666,0.0,0.5773502691896258,29.194748386196675,0.5773502691896257,8983.297464368712,2.3094010767585034,3.4641016151377544,1.7320508075688772,0.5773502691896258,0.0,1.5275252316519465,323.31615074619043,317.54264805429415,0.0,0.0,369.6394639825858,454.8351349665063,104.08329997330664,57.735026918962575,28.867513459481287,0.0,132.28756555322954,281.73569173961613,0.5773502691896258,0.0,4.0,3.0,3.0,1.0,0.0,3.0,1
LRL_2025-12-26_5,20016120,LRL_2025-12-26_5_20016120,8.0,455.0,8.0,50000.0,4.0,7.0,8.0,8.0,0.0,8.0,400.0,1260.0,2060.0,0.0,2160.0,3480.0,200.0,0.0,0.0,0.0,0.0,0.0,1.0,0.0,5.666666666666667,187.33333333333334,6.666666666666667,37333.333333333336,3.6666666666666665,5.666666666666667,5.666666666666667,6.333333333333333,0.0,6.0,386.6666666666667,610.0,996.6666666666666,0.0,1243.3333333333333,1921.6666666666667,133.33333333333334,36.666666666666664,66.66666666666667,0.0,33.333333333333336,191.66666666666666,1.0,0.6666666666666666,2.081665999466133,235.31751599346217,1.5275252316519468,11676.18659209133,2.5166114784235836,1.5275252316519468,2.5166114784235836,1.5275252316519465,0.0,1.7320508075688772,70.94598884597586,563.1163290120435,921.972523090213,0.0,797.3915809270457,1350.225289843637,76.37626158259734,55.075705472861024,115.47005383792515,0.0,57.735026918962575,232.28933107943925,0.0,0.5773502691896258,8.0,5.0,4.0,3.0,1.0,3.0,1
LRL_2025-12-26_5,19010909,LRL_2025-12-26_5_19010909,2.0,79.0,6.0,40885.0,4.0,4.0,4.0,4.0,0.0,2.0,410.0,450.0,560.0,0.0,550.0,1100.0,50.0,50.0,100.0,0.0,250.0,675.0,1.0,0.0,2.3333333333333335,113.0,8.0,36646.666666666664,4.666666666666667,4.0,3.6666666666666665,3.0,0.0,2.0,323.3333333333333,303.3333333333333,286.6666666666667,0.0,220.0,441.6666666666667,150.0,83.33333333333333,153.33333333333334,0.0,220.0,341.6666666666667,1.0,0.3333333333333333,0.5773502691896258,52.94336596779619,2.0,5828.452481862859,2.0816659994661326,2.0,1.5275252316519468,1.7320508075688772,0.0,1.0,195.021366350801,220.3028218914441,280.237994093116,0.0,291.032644217105,573.5488935856588,86.60254037844386,57.735026918962575,176.16280348965083,0.0,196.72315572906,298.25883613622136,0.0,0.5773502691896258,2.0,3.0,2.0,-1.0,1.0,3.0,1
LRL_2025-12-26_5,17020018,LRL_2025-12-26_5_17020018,3.0,70.0,8.0,25020.0,4.0,8.0,7.0,0.0,0.0,4.0,920.0,910.0,0.0,0.0,650.0,300.0,0.0,50.0,0.0,0.0,150.0,50.0,1.0,0.0,4.666666666666667,185.66666666666666,9.0,27470.0,7.666666666666667,7.0,6.0,1.6666666666666667,0.0,3.3333333333333335,613.3333333333334,730.0,200.0,0.0,466.6666666666667,458.3333333333333,66.66666666666667,166.66666666666666,6.666666666666667,0.0,86.66666666666667,91.66666666666667,1.0,0.3333333333333333,1.5275252316519465,179.95647621948294,1.0,3414.308129035808,3.214550253664318,1.7320508075688772,1.0,1.5275252316519468,0.0,1.1547005383792515,270.2468007827907,230.65125189341592,229.128784747792,0.0,202.07259421636903,137.68926368215256,76.37626158259734,160.7275126832159,5.773502691896258,0.0,70.94598884597588,94.64847243000456,0.0,0.5773502691896258,3.0,5.0,6.0,-2.0,-1.0,3.0,1
LRL_2025-12-26_5,20001085,LRL_2025-12-26_5_20001085,2.0,74.0,8.0,25020.0,1.0,5.0,5.0,0.0,0.0,3.0,210.0,410.0,0.0,0.0,350.0,100.0,300.0,100.0,0.0,0.0,300.0,200.0,1.0,0.0,6.0,245.0,8.666666666666666,40586.666666666664,2.6666666666666665,6.0,6.333333333333333,0.0,0.0,6.666666666666667,253.33333333333334,693.3333333333334,0.0,0.0,893.3333333333334,1003.3333333333334,183.33333333333334,40.0,0.0,0.0,233.33333333333334,83.33333333333333,1.0,0.0,3.605551275463989,202.08166665979377,0.5773502691896258,14983.738963734431,2.8867513459481287,1.7320508075688772,1.5275252316519465,0.0,0.0,3.214550253664318,37.85938897200182,246.64414311581237,0.0,0.0,509.34598588124095,865.3949002237841,125.83057392117917,51.96152422706632,0.0,0.0,208.16659994661327,104.08329997330664,0.0,0.0,2.0,9.0,7.0,-7.0,2.0,3.0,1
LRL_2025-12-26_6,20004494,LRL_2025-12-26_6_20004494,8.0,467.0,10.0,25050.0,3.0,9.0,10.0,0.0,0.0,9.0,1700.0,1670.0,0.0,0.0,1250.0,1430.0,50.0,0.0,0.0,0.0,600.0,350.0,1.0,0.0,8.0,479.3333333333333,10.666666666666666,26870.0,6.0,4.666666666666667,6.0,0.6666666666666666,0.0,8.0,650.0,756.6666666666666,50.0,0.0,733.3333333333334,743.3333333333334,50.0,83.33333333333333,3.3333333333333335,0.0,253.33333333333334,241.66666666666666,0.3333333333333333,0.3333333333333333,2.0,264.715570628804,1.1547005383792517,1749.8285630312473,3.605551275463989,3.7859388972001824,3.605551275463989,1.1547005383792517,0.0,1.7320508075688772,909.6702699330126,797.2661621650159,86.60254037844386,0.0,492.17205663602374,595.6998685020279,0.0,76.37626158259734,5.773502691896257,0.0,308.27476921300797,209.66242709015205,0.5773502691896258,0.5773502691896258,8.0,10.0,6.0,-2.0,4.0,3.0,1
LRL_2025-12-26_6,21007150,LRL_2025-12-26_6_21007150,8.0,62.0,8.0,25370.0,3.0,1.0,1.0,0.0,0.0,8.0,0.0,0.0,0.0,0.0,1270.0,3930.0,350.0,200.0,0.0,0.0,0.0,0.0,1.0,0.0,4.666666666666667,58.0,7.666666666666667,23306.666666666668,4.333333333333333,2.6666666666666665,1.6666666666666667,0.0,0.0,4.666666666666667,73.33333333333333,10.0,0.0,0.0,513.3333333333334,1635.0,350.0,133.33333333333334,0.0,0.0,66.66666666666667,66.66666666666667,1.0,0.0,3.0550504633038935,18.33030277982336,1.5275252316519468,2892.8590241028573,4.163331998932265,1.5275252316519468,2.0816659994661326,0.0,0.0,3.0550504633038935,110.15141094572205,17.320508075688775,0.0,0.0,660.782364575004,1987.5676089129647,150.0,115.47005383792515,0.0,0.0,57.735026918962575,76.37626158259734,0.0,0.0,8.0,4.0,2.0,4.0,2.0,3.0,1
LRL_2025-12-26_6,22003918,LRL_2025-12-26_6_22003918,11.0,151.0,11.0,26520.0,10.0,3.0,3.0,4.0,0.0,11.0,200.0,160.0,360.0,0.0,1470.0,2860.0,250.0,300.0,50.0,0.0,0.0,0.0,0.0,0.0,6.666666666666667,114.0,8.0,30323.333333333332,5.666666666666667,4.666666666666667,4.666666666666667,1.3333333333333333,0.0,7.333333333333333,550.0,676.6666666666666,120.0,0.0,960.0,1386.6666666666667,133.33333333333334,166.66666666666666,16.666666666666668,0.0,66.66666666666667,45.0,0.6666666666666666,0.3333333333333333,3.7859388972001824,79.26537705707328,3.0,3296.154324866076,3.7859388972001824,2.0816659994661326,2.0816659994661326,2.3094010767585034,0.0,3.5118845842842465,482.18253804964775,624.0459384799594,207.84609690826528,0.0,510.0,1284.7308408119318,104.08329997330664,115.47005383792515,28.867513459481287,0.0,76.37626158259734,69.46221994724903,0.5773502691896258,0.5773502691896258,11.0,4.0,5.0,7.0,-1.0,3.0,1
LRL_2025-12-26_6,22004908,LRL_2025-12-26_6_22004908,9.0,125.0,10.0,28540.0,5.0,8.0,7.0,0.0,0.0,7.0,470.0,510.0,0.0,0.0,520.0,355.0,200.0,50.0,0.0,0.0,10.0,10.0,0.0,1.0,6.666666666666667,568.0,10.333333333333334,21513.333333333332,5.666666666666667,8.0,6.666666666666667,2.6666666666666665,0.0,6.666666666666667,566.6666666666666,583.3333333333334,270.0,0.0,566.6666666666666,471.6666666666667,86.66666666666667,53.333333333333336,200.0,0.0,40.0,136.66666666666666,0.3333333333333333,0.3333333333333333,3.214550253664318,552.4427572156231,0.5773502691896258,7282.206625284216,4.041451884327381,1.0,0.5773502691896257,4.618802153517007,0.0,0.5773502691896257,90.73771725877468,306.648550189518,467.6537180435969,0.0,223.68132093076827,369.0979996333404,100.16652800877813,45.09249752822894,346.41016151377545,0.0,51.96152422706632,148.43629385474878,0.5773502691896258,0.5773502691896258,9.0,3.0,8.0,6.0,-5.0,3.0,1
LRL_2025-12-26_6,22018734,LRL_2025-12-26_6_22018734,9.0,52.0,10.0,25050.0,6.0,3.0,3.0,0.0,0.0,5.0,350.0,350.0,0.0,0.0,500.0,1780.0,300.0,50.0,0.0,0.0,100.0,1875.0,1.0,0.0,4.666666666666667,43.333333333333336,9.0,26016.666666666668,6.0,2.3333333333333335,1.3333333333333333,0.0,0.0,2.6666666666666665,153.33333333333334,116.66666666666667,0.0,0.0,200.0,818.3333333333334,200.0,20.0,0.0,0.0,103.33333333333333,800.0,1.0,0.0,3.7859388972001824,27.061657993059725,1.0,837.1578903249571,2.0,0.5773502691896258,1.5275252316519468,0.0,0.0,2.0816659994661326,176.16280348965083,202.07259421636903,0.0,0.0,264.5751311064591,866.0302150233173,86.60254037844386,26.457513110645905,0.0,0.0,95.04384952922169,935.0802104632522,0.0,0.0,9.0,3.0,2.0,6.0,1.0,3.0,1
LRL_2025-12-26_6,21005601,LRL_2025-12-26_6_21005601,2.0,26.0,10.0,25050.0,7.0,2.0,2.0,0.0,0.0,1.0,250.0,100.0,0.0,0.0,0.0,225.0,100.0,250.0,0.0,0.0,200.0,75.0,1.0,0.0,2.6666666666666665,32.666666666666664,9.0,25863.333333333332,6.0,1.6666666666666667,1.3333333333333333,0.0,0.0,1.3333333333333333,86.66666666666667,33.333333333333336,0.0,0.0,66.66666666666667,145.0,53.333333333333336,136.66666666666666,0.0,0.0,153.33333333333334,100.0,0.6666666666666666,0.6666666666666666,0.5773502691896258,20.816659994661325,1.7320508075688772,2376.7695162411796,1.7320508075688772,0.5773502691896257,0.5773502691896257,0.0,0.0,0.5773502691896258,141.53915830374763,57.735026918962575,0.0,0.0,115.47005383792515,72.11102550927978,45.09249752822894,120.55427546683416,0.0,0.0,126.62279942148386,25.0,0.5773502691896258,0.5773502691896258,2.0,3.0,3.0,-1.0,0.0,3.0,1
LRL_2025-12-26_6,22006112,LRL_2025-12-26_6_22006112,4.0,40.0,10.0,25050.0,10.0,7.0,5.0,0.0,0.0,4.0,1100.0,750.0,0.0,0.0,450.0,750.0,500.0,50.0,0.0,0.0,50.0,125.0,1.0,0.0,5.0,46.666666666666664,8.666666666666666,25263.333333333332,7.666666666666667,6.333333333333333,5.666666666666667,0.0,0.0,5.0,973.3333333333334,1020.0,0.0,0.0,806.6666666666666,1118.3333333333333,216.66666666666666,150.0,0.0,0.0,333.3333333333333,983.3333333333334,1.0,0.0,1.7320508075688772,25.65800719723442,1.1547005383792515,184.75208614068052,2.081665999466133,2.081665999466133,2.0816659994661326,0.0,0.0,1.7320508075688772,414.76901202155074,280.53520278211073,0.0,0.0,441.17267972227535,351.43752408263595,256.58007197234423,217.94494717703367,0.0,0.0,275.3785273643051,1552.0819351224127,0.0,0.0,4.0,4.0,7.0,0.0,-3.0,3.0,1
LRL_2025-12-26_6,22006600,LRL_2025-12-26_6_22006600,9.0,82.0,9.0,25870.0,5.0,7.0,8.0,8.0,0.0,9.0,700.0,860.0,670.0,0.0,730.0,950.0,200.0,10.0,50.0,0.0,0.0,0.0,1.0,0.0,5.666666666666667,55.666666666666664,8.333333333333334,25536.666666666668,4.333333333333333,7.0,6.333333333333333,2.6666666666666665,0.0,6.333333333333333,990.0,1073.3333333333333,223.33333333333334,0.0,963.3333333333334,1018.3333333333334,200.0,136.66666666666666,16.666666666666668,0.0,136.66666666666666,83.33333333333333,1.0,0.0,3.0550504633038935,25.540817005987364,0.5773502691896258,288.67513459481313,1.1547005383792517,0.0,1.5275252316519465,4.618802153517007,0.0,2.309401076758503,280.53520278211073,287.28615235220326,386.82468035704926,0.0,604.7589051294188,206.1754915923164,150.0,109.6965511460289,28.867513459481287,0.0,228.10816147900832,104.08329997330664,0.0,0.0,9.0,3.0,5.0,6.0,-2.0,3.0,1
LRL_2025-12-26_6,22006107,LRL_2025-12-26_6_22006107,7.0,308.0,10.0,25050.0,8.0,8.0,8.0,0.0,0.0,8.0,1600.0,1650.0,0.0,0.0,1200.0,1230.0,100.0,10.0,0.0,0.0,50.0,200.0,1.0,0.0,9.0,373.0,10.666666666666666,27590.0,5.666666666666667,10.0,10.0,4.0,0.0,10.0,1426.6666666666667,1230.0,413.3333333333333,0.0,1153.3333333333333,1015.0,33.333333333333336,3.3333333333333335,0.0,0.0,16.666666666666668,100.0,0.3333333333333333,0.3333333333333333,2.6457513110645907,145.8046638485889,1.1547005383792517,2222.858520014263,4.041451884327381,2.0,2.0,6.928203230275509,0.0,2.0,446.0194315647395,397.36632972611056,715.914333795136,0.0,441.85216230469365,678.5462401340088,57.735026918962575,5.773502691896258,0.0,0.0,28.867513459481287,100.0,0.5773502691896258,0.5773502691896258,7.0,8.0,12.0,-1.0,-4.0,3.0,1
LRL_2025-12-26_6,20003183,LRL_2025-12-26_6_20003183,7.0,663.0,8.0,49650.0,6.0,2.0,2.0,3.0,0.0,7.0,10.0,50.0,110.0,0.0,570.0,950.0,250.0,150.0,100.0,0.0,300.0,650.0,0.0,0.0,7.0,448.0,7.333333333333333,47903.333333333336,4.333333333333333,5.0,5.333333333333333,1.0,0.0,7.0,556.6666666666666,723.3333333333334,36.666666666666664,0.0,913.3333333333334,1151.6666666666667,133.33333333333334,50.0,33.333333333333336,0.0,100.0,216.66666666666666,0.3333333333333333,0.3333333333333333,1.0,290.1292815280802,1.1547005383792515,5032.706362717116,2.8867513459481287,3.0,3.0550504633038935,1.7320508075688772,0.0,1.0,571.4309523759921,616.4684366075309,63.50852961085884,0.0,372.8717384481336,191.0715398308532,125.83057392117917,86.60254037844386,57.735026918962575,0.0,173.20508075688772,375.27767497325675,0.5773502691896258,0.5773502691896258,7.0,8.0,6.0,-1.0,2.0,3.0,1
LRL_2025-12-26_6,22001570,LRL_2025-12-26_6_22001570,4.0,47.0,9.0,34200.0,6.0,3.0,3.0,4.0,0.0,7.0,160.0,200.0,120.0,0.0,380.0,300.0,10.0,50.0,100.0,0.0,500.0,25.0,0.0,0.0,4.333333333333333,25.0,9.333333333333334,27440.0,6.0,3.0,3.6666666666666665,3.3333333333333335,0.0,4.666666666666667,186.66666666666666,206.66666666666666,146.66666666666666,0.0,230.0,271.6666666666667,40.0,116.66666666666667,70.0,0.0,220.0,316.6666666666667,0.0,0.0,0.5773502691896258,19.157244060668017,2.5166114784235836,6560.091462777024,4.0,2.0,3.0550504633038935,1.1547005383792517,0.0,2.5166114784235836,201.32891827388667,210.07935008784975,151.7673658377628,0.0,167.03293088490065,149.52703211571256,51.96152422706632,76.37626158259734,51.96152422706632,0.0,252.38858928247924,330.0883720056393,0.0,0.0,4.0,4.0,5.0,0.0,-1.0,3.0,1
LRL_2025-12-26_7,22003162,LRL_2025-12-26_7_22003162,,,,,,,,,,,,,,,,,,,,,,,,,,,,,,,,,,,,,,,,,,,,,,,,,,,,,,,,,,,,,,,,,,,,,,,,,,,,,,0.0,0
LRL_2025-12-26_7,21010871,LRL_2025-12-26_7_21010871,,,,,,,,,,,,,,,,,,,,,,,,,,,,,,,,,,,,,,,,,,,,,,,,,,,,,,,,,,,,,,,,,,,,,,,,,,,,,,0.0,0
LRL_2025-12-26_7,22013799,LRL_2025-12-26_7_22013799,2.0,61.0,6.0,46535.0,6.0,2.0,1.0,0.0,0.0,1.0,10.0,0.0,0.0,0.0,0.0,100.0,350.0,200.0,0.0,0.0,10.0,400.0,1.0,1.0,4.666666666666667,60.333333333333336,7.333333333333333,47048.333333333336,6.0,3.3333333333333335,4.0,0.0,0.0,4.333333333333333,206.66666666666666,456.6666666666667,0.0,0.0,790.0,1066.6666666666667,283.3333333333333,366.6666666666667,0.0,0.0,20.0,433.3333333333333,0.6666666666666666,0.6666666666666666,4.618802153517007,25.006665778014735,2.3094010767585034,2347.4791443872996,2.0,2.3094010767585034,3.605551275463989,0.0,0.0,4.932882862316247,306.648550189518,657.2924260428788,0.0,0.0,1041.2972678346948,938.8601244771945,115.47005383792515,208.16659994661327,0.0,0.0,26.457513110645905,450.92497528228944,0.5773502691896258,0.5773502691896258,2.0,2.0,10.0,0.0,-8.0,3.0,1
LRL_2025-12-26_7,22004294,LRL_2025-12-26_7_22004294,5.0,26.0,7.0,30600.0,2.0,4.0,0.0,0.0,0.0,5.0,350.0,0.0,0.0,0.0,550.0,725.0,10.0,0.0,0.0,0.0,100.0,175.0,1.0,0.0,3.3333333333333335,102.0,6.333333333333333,43648.333333333336,2.3333333333333335,4.333333333333333,2.3333333333333335,0.0,0.0,3.3333333333333335,440.0,286.6666666666667,0.0,0.0,450.0,625.0,6.666666666666667,133.33333333333334,0.0,0.0,86.66666666666667,141.66666666666666,1.0,0.6666666666666666,1.5275252316519468,66.007575322837,0.5773502691896257,11566.451847188633,1.5275252316519465,1.5275252316519468,2.0816659994661326,0.0,0.0,1.5275252316519468,108.16653826391968,331.7127271199182,0.0,0.0,173.20508075688772,173.20508075688772,5.773502691896257,152.75252316519467,0.0,0.0,70.94598884597588,57.735026918962575,0.0,0.5773502691896258,5.0,2.0,3.0,3.0,-1.0,3.0,1
LRL_2025-12-26_7,22018268,LRL_2025-12-26_7_22018268,2.0,40.0,6.0,87500.0,2.0,3.0,3.0,0.0,0.0,2.0,200.0,60.0,0.0,0.0,250.0,375.0,200.0,150.0,0.0,0.0,10.0,10.0,0.0,0.0,4.5,50.5,7.0,87500.0,1.5,5.5,5.5,3.5,0.0,4.5,335.0,320.0,230.0,0.0,530.0,487.5,100.0,75.0,5.0,0.0,80.0,167.5,0.0,0.0,3.5355339059327378,14.849242404917497,1.4142135623730951,0.0,0.7071067811865476,3.5355339059327378,3.5355339059327378,4.949747468305833,0.0,3.5355339059327378,190.91883092036784,367.6955262170047,325.2691193458119,0.0,395.9797974644666,159.0990257669732,141.4213562373095,106.06601717798213,7.0710678118654755,0.0,98.99494936611666,222.73863607376248,0.0,0.0,2.0,7.0,,-5.0,,2.0,1
LRL_2025-12-26_7,22019572,LRL_2025-12-26_7_22019572,3.0,52.0,8.0,54345.0,2.0,8.0,5.0,0.0,0.0,4.0,820.0,320.0,0.0,0.0,550.0,700.0,0.0,150.0,0.0,0.0,10.0,425.0,1.0,1.0,3.0,48.0,9.333333333333334,47396.666666666664,3.3333333333333335,8.666666666666666,8.0,0.0,0.0,5.666666666666667,866.6666666666666,766.6666666666666,0.0,0.0,560.0,433.3333333333333,83.33333333333333,183.33333333333334,0.0,0.0,120.0,191.66666666666666,0.3333333333333333,0.6666666666666666,1.0,4.58257569495584,1.1547005383792515,6025.284917191329,2.3094010767585034,0.5773502691896258,2.6457513110645907,0.0,0.0,1.5275252316519465,145.71661996262932,391.4502948438452,0.0,0.0,105.35653752852738,322.4257020358851,104.08329997330664,202.07259421636903,0.0,0.0,121.2435565298214,203.61319538117695,0.5773502691896258,0.5773502691896258,3.0,4.0,2.0,-1.0,2.0,3.0,1
LRL_2025-12-26_7,22000676,LRL_2025-12-26_7_22000676,6.0,8.0,9.0,100000.0,2.0,5.0,4.0,0.0,0.0,6.0,220.0,500.0,0.0,0.0,750.0,1285.0,10.0,10.0,0.0,0.0,350.0,225.0,1.0,0.0,6.0,8.0,9.0,100000.0,2.0,5.0,4.0,0.0,0.0,6.0,220.0,500.0,0.0,0.0,750.0,1285.0,10.0,10.0,0.0,0.0,350.0,225.0,1.0,0.0,,,,,,,,,,,,,,,,,,,,,,,,,6.0,,,,,1.0,1
LRL_2025-12-26_7,21009540,LRL_2025-12-26_7_21009540,6.0,714.0,6.0,46535.0,2.0,6.0,6.0,0.0,0.0,6.0,910.0,1310.0,0.0,0.0,1310.0,1805.0,0.0,0.0,0.0,0.0,0.0,0.0,1.0,1.0,6.0,714.0,6.0,46535.0,2.0,6.0,6.0,0.0,0.0,6.0,910.0,1310.0,0.0,0.0,1310.0,1805.0,0.0,0.0,0.0,0.0,0.0,0.0,1.0,1.0,,,,,,,,,,,,,,,,,,,,,,,,,6.0,,,,,1.0,1
LRL_2025-12-26_8,22006485,LRL_2025-12-26_8_22006485,1.0,46.0,7.0,27760.0,7.0,3.0,2.0,0.0,0.0,1.0,110.0,50.0,0.0,0.0,0.0,0.0,100.0,150.0,0.0,0.0,10.0,100.0,1.0,0.0,4.0,210.0,8.333333333333334,26503.333333333332,4.333333333333333,5.666666666666667,5.333333333333333,0.0,0.0,4.333333333333333,393.3333333333333,300.0,0.0,0.0,276.6666666666667,210.0,116.66666666666667,166.66666666666666,0.0,0.0,103.33333333333333,241.66666666666666,0.6666666666666666,0.3333333333333333,5.196152422706632,314.8539343886304,2.309401076758503,1481.3619859215146,2.309401076758503,3.785938897200183,4.163331998932265,0.0,0.0,4.932882862316247,339.7548135543238,305.12292604784716,0.0,0.0,470.5670338361298,363.73066958946424,28.867513459481287,28.867513459481287,0.0,0.0,80.82903768654761,267.3169155390907,0.5773502691896258,0.5773502691896258,1.0,1.0,10.0,0.0,-9.0,3.0,1
LRL_2025-12-26_8,22002682,LRL_2025-12-26_8_22002682,2.0,150.0,6.0,48000.0,1.0,1.0,4.0,0.0,0.0,4.0,0.0,500.0,0.0,0.0,360.0,125.0,10.0,10.0,0.0,0.0,350.0,25.0,1.0,0.0,4.333333333333333,180.0,7.666666666666667,65833.33333333333,4.666666666666667,3.3333333333333335,4.0,0.0,0.0,4.666666666666667,223.33333333333334,420.0,0.0,0.0,606.6666666666666,666.6666666666666,23.333333333333332,56.666666666666664,0.0,0.0,123.33333333333333,35.0,1.0,0.0,2.5166114784235836,86.01744009211156,1.5275252316519465,29598.70492662362,4.041451884327381,2.0816659994661326,1.0,0.0,0.0,2.0816659994661326,207.44477176668815,240.20824298928628,0.0,0.0,352.18366420567173,608.447477875727,23.094010767585033,80.82903768654761,0.0,0.0,196.29909152447277,36.05551275463989,0.0,0.0,2.0,4.0,7.0,-2.0,-3.0,3.0,1
LRL_2025-12-26_8,22018894,LRL_2025-12-26_8_22018894,1.0,8.0,6.0,46535.0,3.0,4.0,3.0,0.0,0.0,2.0,460.0,210.0,0.0,0.0,10.0,0.0,200.0,250.0,0.0,0.0,200.0,100.0,1.0,0.0,1.6666666666666667,28.0,6.666666666666667,49763.333333333336,4.333333333333333,3.3333333333333335,2.3333333333333335,0.0,0.0,2.0,290.0,123.33333333333333,0.0,0.0,170.0,341.6666666666667,73.33333333333333,120.0,0.0,0.0,216.66666666666666,258.3333333333333,1.0,0.0,0.5773502691896257,29.597297173897484,1.1547005383792517,4077.0894438721034,1.5275252316519468,2.0816659994661326,1.1547005383792517,0.0,0.0,0.0,252.38858928247924,109.6965511460289,0.0,0.0,204.20577856662138,337.5771516754849,109.6965511460289,121.2435565298214,0.0,0.0,125.83057392117915,341.2599204907212,0.0,0.0,1.0,2.0,2.0,-1.0,0.0,3.0,1
LRL_2025-12-26_8,22019160,LRL_2025-12-26_8_22019160,5.0,23.0,6.0,48000.0,3.0,2.0,3.0,4.0,0.0,3.0,100.0,200.0,160.0,0.0,200.0,975.0,50.0,50.0,150.0,0.0,10.0,575.0,1.0,0.0,3.6666666666666665,21.0,5.666666666666667,48000.0,3.3333333333333335,2.3333333333333335,2.6666666666666665,2.6666666666666665,0.0,2.6666666666666665,120.0,300.0,220.0,0.0,383.3333333333333,775.0,53.333333333333336,50.0,166.66666666666666,0.0,10.0,233.33333333333334,1.0,0.0,1.1547005383792515,14.106735979665885,0.5773502691896258,0.0,2.516611478423583,0.5773502691896257,0.5773502691896258,2.3094010767585034,0.0,0.5773502691896258,121.2435565298214,100.0,255.3429066960741,0.0,361.7089069035118,552.8336096873995,45.09249752822894,0.0,175.5942292142123,0.0,0.0,296.1559273986143,0.0,0.0,5.0,3.0,3.0,2.0,0.0,3.0,1
LRL_2025-12-26_8,22007910,LRL_2025-12-26_8_22007910,1.0,53.0,8.0,54345.0,6.0,1.0,1.0,0.0,0.0,1.0,0.0,0.0,0.0,0.0,0.0,0.0,10.0,10.0,0.0,0.0,400.0,675.0,1.0,0.0,1.0,53.0,8.0,54345.0,6.0,1.0,1.0,0.0,0.0,1.0,0.0,0.0,0.0,0.0,0.0,0.0,10.0,10.0,0.0,0.0,400.0,675.0,1.0,0.0,,,,,,,,,,,,,,,,,,,,,,,,,1.0,,,,,1.0,1
LRL_2025-12-26_8,21018352,LRL_2025-12-26_8_21018352,7.0,65.0,9.0,31500.0,3.0,1.0,1.0,0.0,0.0,3.0,0.0,0.0,0.0,0.0,60.0,395.0,10.0,10.0,0.0,0.0,10.0,525.0,0.0,1.0,7.333333333333333,514.3333333333334,9.666666666666666,44656.666666666664,5.0,1.3333333333333333,1.6666666666666667,0.0,0.0,4.0,16.666666666666668,50.0,0.0,0.0,240.0,481.6666666666667,36.666666666666664,10.0,0.0,0.0,73.33333333333333,541.6666666666666,0.0,1.0,3.5118845842842465,499.3939660561923,2.081665999466133,11611.14263685247,3.4641016151377544,0.5773502691896257,1.1547005383792517,0.0,0.0,1.0,28.867513459481287,86.60254037844386,0.0,0.0,158.74507866387543,299.55522584881294,23.094010767585033,0.0,0.0,0.0,109.6965511460289,525.1983752196244,0.0,0.0,7.0,4.0,11.0,3.0,-7.0,3.0,1
LRL_2025-12-26_8,21009515,LRL_2025-12-26_8_21009515,5.0,56.0,9.0,49500.0,2.0,4.0,5.0,0.0,0.0,4.0,160.0,260.0,0.0,0.0,460.0,625.0,250.0,50.0,0.0,0.0,10.0,525.0,1.0,0.0,4.333333333333333,72.0,8.333333333333334,51460.0,5.666666666666667,4.666666666666667,4.333333333333333,0.0,0.0,4.0,376.6666666666667,360.0,0.0,0.0,406.6666666666667,453.3333333333333,166.66666666666666,136.66666666666666,0.0,0.0,353.3333333333333,766.6666666666666,1.0,0.0,2.081665999466133,34.87119154832539,0.5773502691896258,3835.9874869451805,3.214550253664318,3.055050463303893,2.081665999466133,0.0,0.0,2.0,510.7184482014854,370.27017163147235,0.0,0.0,333.216646242851,306.0364901990175,144.33756729740645,185.8314648635514,0.0,0.0,405.0102879351749,530.5264680799002,0.0,0.0,5.0,2.0,6.0,3.0,-4.0,3.0,1
LRL_2025-12-26_8,20019378,LRL_2025-12-26_8_20019378,4.0,24.0,6.0,48000.0,3.0,5.0,3.0,0.0,0.0,3.0,310.0,350.0,0.0,0.0,160.0,200.0,100.0,150.0,0.0,0.0,200.0,725.0,1.0,0.0,2.6666666666666665,29.333333333333332,8.333333333333334,49166.666666666664,6.333333333333333,7.333333333333333,5.666666666666667,0.0,0.0,3.0,590.0,506.6666666666667,0.0,0.0,306.6666666666667,258.3333333333333,133.33333333333334,70.0,0.0,0.0,183.33333333333334,350.0,0.6666666666666666,0.3333333333333333,1.1547005383792515,9.237604307034013,2.0816659994661326,1040.832999733067,3.0550504633038935,2.081665999466133,2.516611478423583,0.0,0.0,1.0,270.55498516937365,306.648550189518,0.0,0.0,181.75074506954113,52.041649986653326,57.735026918962575,72.11102550927978,0.0,0.0,28.867513459481295,336.34060117684277,0.5773502691896258,0.5773502691896258,4.0,2.0,2.0,2.0,0.0,3.0,1
LRL_2025-12-26_9,22010453,LRL_2025-12-26_9_22010453,3.0,21.0,6.0,24700.0,1.0,1.0,1.0,0.0,0.0,2.0,0.0,0.0,0.0,0.0,150.0,725.0,10.0,10.0,0.0,0.0,300.0,50.0,1.0,0.0,2.6666666666666665,30.666666666666668,6.666666666666667,26983.333333333332,2.3333333333333335,2.0,0.6666666666666666,0.0,0.0,2.3333333333333335,50.0,0.0,0.0,0.0,166.66666666666666,466.6666666666667,53.333333333333336,86.66666666666667,0.0,0.0,266.6666666666667,158.33333333333334,1.0,0.3333333333333333,1.5275252316519468,13.428824718989123,2.081665999466133,4085.4416325941233,1.5275252316519465,1.7320508075688772,0.5773502691896258,0.0,0.0,1.5275252316519465,86.60254037844386,0.0,0.0,0.0,175.5942292142123,404.9176871085447,45.09249752822895,141.53915830374763,0.0,0.0,104.08329997330665,128.2900359861721,0.0,0.5773502691896258,3.0,1.0,4.0,2.0,-3.0,3.0,1
LRL_2025-12-26_9,20001748,LRL_2025-12-26_9_20001748,1.0,12.0,8.0,24500.0,4.0,1.0,1.0,0.0,0.0,1.0,0.0,0.0,0.0,0.0,0.0,0.0,150.0,100.0,0.0,0.0,200.0,250.0,1.0,0.0,3.3333333333333335,89.66666666666667,8.0,24666.666666666668,4.666666666666667,1.6666666666666667,1.6666666666666667,0.0,0.0,1.6666666666666667,86.66666666666667,100.0,0.0,0.0,50.0,135.0,150.0,116.66666666666667,0.0,0.0,186.66666666666666,166.66666666666666,0.6666666666666666,0.0,3.2145502536643185,87.8426623761674,0.0,288.67513459481233,1.1547005383792517,1.1547005383792517,1.1547005383792517,0.0,0.0,1.1547005383792517,150.1110699893027,173.20508075688772,0.0,0.0,86.60254037844386,229.51034835057,100.0,28.867513459481287,0.0,0.0,170.39170558842744,104.08329997330664,0.5773502691896258,0.0,1.0,2.0,7.0,-1.0,-5.0,3.0,1
LRL_2025-12-26_9,21007744,LRL_2025-12-26_9_21007744,3.0,203.0,7.0,19450.0,4.0,6.0,7.0,0.0,0.0,5.0,1250.0,1550.0,0.0,0.0,1200.0,800.0,150.0,0.0,0.0,0.0,100.0,25.0,1.0,1.0,3.6666666666666665,99.33333333333333,7.666666666666667,20143.333333333332,4.666666666666667,4.666666666666667,5.666666666666667,3.6666666666666665,0.0,4.666666666666667,523.3333333333334,836.6666666666666,460.0,0.0,1020.0,1185.0,216.66666666666666,150.0,133.33333333333334,0.0,83.33333333333333,25.0,1.0,0.3333333333333333,1.1547005383792515,90.51150939705587,1.1547005383792517,1200.8885599144214,0.5773502691896257,1.1547005383792517,1.5275252316519468,3.5118845842842465,0.0,1.5275252316519468,629.3117934166921,629.311793416692,404.4749683231337,0.0,202.9778313018444,403.63969081347784,57.735026918962575,150.0,125.83057392117917,0.0,28.867513459481287,0.0,0.0,0.5773502691896258,3.0,5.0,3.0,-2.0,2.0,3.0,1
LRL_2025-12-26_9,19017925,LRL_2025-12-26_9_19017925,2.0,85.0,9.0,21530.0,9.0,3.0,3.0,3.0,0.0,2.0,60.0,60.0,160.0,0.0,450.0,775.0,100.0,50.0,150.0,0.0,100.0,350.0,1.0,0.0,3.3333333333333335,53.0,8.0,20040.0,6.333333333333333,3.0,3.0,3.6666666666666665,0.0,2.6666666666666665,140.0,203.33333333333334,390.0,0.0,833.3333333333334,1383.3333333333333,40.0,150.0,300.0,0.0,116.66666666666667,216.66666666666666,1.0,0.0,3.214550253664318,31.51190251317746,1.0,1299.6538000559995,3.055050463303893,0.0,0.0,1.1547005383792515,0.0,2.0816659994661326,75.49834435270749,126.62279942148386,451.33136385587034,0.0,1077.419757259599,1767.8258775494078,51.96152422706632,173.20508075688772,259.8076211353316,0.0,76.37626158259734,189.29694486000912,0.0,0.0,2.0,7.0,1.0,-5.0,6.0,3.0,1
LRL_2025-12-26_9,21005169,LRL_2025-12-26_9_21005169,5.0,245.0,7.0,19450.0,2.0,4.0,4.0,0.0,0.0,4.0,800.0,1100.0,0.0,0.0,1050.0,850.0,150.0,150.0,0.0,0.0,150.0,475.0,1.0,1.0,4.333333333333333,109.33333333333333,8.0,17083.333333333332,4.0,6.333333333333333,4.666666666666667,0.0,0.0,4.333333333333333,580.0,650.0,0.0,0.0,720.0,933.3333333333334,416.6666666666667,103.33333333333333,0.0,0.0,153.33333333333334,525.0,1.0,0.3333333333333333,3.055050463303893,119.26580957396521,1.0,2052.031513728123,2.0,2.081665999466133,0.5773502691896257,0.0,0.0,2.516611478423583,194.67922333931784,390.51248379533274,0.0,0.0,537.3081052803875,977.6672917374976,236.2907813126304,80.82903768654761,0.0,0.0,145.0287327853806,180.27756377319946,0.0,0.5773502691896258,5.0,7.0,1.0,-2.0,6.0,3.0,1
LRL_2025-12-26_9,21000328,LRL_2025-12-26_9_21000328,8.0,61.0,9.0,21530.0,7.0,1.0,2.0,5.0,0.0,8.0,0.0,10.0,460.0,0.0,1410.0,2305.0,10.0,50.0,150.0,0.0,800.0,1150.0,1.0,0.0,5.333333333333333,101.66666666666667,9.333333333333334,24300.0,5.0,1.0,1.3333333333333333,2.3333333333333335,0.0,3.6666666666666665,0.0,3.3333333333333335,153.33333333333334,0.0,473.3333333333333,943.3333333333334,70.0,83.33333333333333,100.0,0.0,400.0,458.3333333333333,0.3333333333333333,0.0,2.516611478423583,40.5010287935175,0.5773502691896258,2422.168449963792,3.4641016151377544,0.0,0.5773502691896257,2.3094010767585034,0.0,3.7859388972001824,0.0,5.773502691896258,265.5811238272278,0.0,811.1925377697537,1194.0512272651174,72.11102550927978,57.735026918962575,50.0,0.0,350.0,599.131315600623,0.5773502691896258,0.0,8.0,5.0,3.0,3.0,2.0,3.0,1
LRL_2025-12-26_9,20003013,LRL_2025-12-26_9_20003013,2.0,51.0,7.0,21070.0,4.0,6.0,3.0,0.0,0.0,2.0,610.0,600.0,0.0,0.0,400.0,350.0,300.0,50.0,0.0,0.0,450.0,650.0,1.0,1.0,3.6666666666666665,66.0,6.666666666666667,20530.0,2.0,6.0,4.333333333333333,0.0,0.0,3.6666666666666665,536.6666666666666,540.0,0.0,0.0,670.0,700.0,116.66666666666667,23.333333333333332,0.0,0.0,283.3333333333333,416.6666666666667,1.0,0.3333333333333333,2.0816659994661326,35.0,0.5773502691896258,935.3074360871938,1.7320508075688772,0.0,1.1547005383792517,0.0,0.0,2.0816659994661326,70.23769168568491,112.69427669584645,0.0,0.0,310.96623610932426,377.4917217635375,160.7275126832159,23.094010767585033,0.0,0.0,246.6441431158124,361.7089069035118,0.0,0.5773502691896258,2.0,3.0,6.0,-1.0,-3.0,3.0,1
LRL_2025-12-27_1,23006388,LRL_2025-12-27_1_23006388,2.0,67.0,5.0,49000.0,4.0,2.0,1.0,0.0,0.0,2.0,200.0,0.0,0.0,0.0,10.0,250.0,200.0,10.0,0.0,0.0,1000.0,450.0,1.0,0.0,3.0,52.666666666666664,5.0,66000.0,4.0,1.3333333333333333,1.3333333333333333,0.0,0.0,2.6666666666666665,66.66666666666667,33.333333333333336,0.0,0.0,286.6666666666667,716.6666666666666,116.66666666666667,23.333333333333332,0.0,0.0,436.6666666666667,283.3333333333333,1.0,0.0,1.7320508075688772,12.503332889007368,1.0,29444.863728670913,2.0,0.5773502691896257,0.5773502691896258,0.0,0.0,1.1547005383792517,115.47005383792515,57.735026918962575,0.0,0.0,364.7373484212075,662.539307010032,76.37626158259734,23.09401076758503,0.0,0.0,508.9531740085067,208.16659994661327,0.0,0.0,2.0,2.0,5.0,0.0,-3.0,3.0,1
LRL_2025-12-27_1,23012845,LRL_2025-12-27_1_23012845,1.0,15.0,8.0,30600.0,6.0,4.0,0.0,0.0,0.0,2.0,260.0,0.0,0.0,0.0,10.0,0.0,200.0,0.0,0.0,0.0,10.0,400.0,1.0,0.0,1.0,15.0,8.0,30600.0,6.0,4.0,0.0,0.0,0.0,2.0,260.0,0.0,0.0,0.0,10.0,0.0,200.0,0.0,0.0,0.0,10.0,400.0,1.0,0.0,,,,,,,,,,,,,,,,,,,,,,,,,1.0,,,,,1.0,1
LRL_2025-12-27_1,23009437,LRL_2025-12-27_1_23009437,1.0,12.0,4.0,41600.0,3.0,2.0,1.0,0.0,0.0,1.0,50.0,0.0,0.0,0.0,0.0,0.0,10.0,10.0,0.0,0.0,200.0,300.0,1.0,1.0,3.0,50.666666666666664,5.666666666666667,63866.666666666664,3.0,2.0,2.0,0.0,0.0,2.3333333333333335,36.666666666666664,90.0,0.0,0.0,216.66666666666666,505.0,70.0,253.33333333333334,0.0,0.0,336.6666666666667,566.6666666666666,1.0,0.3333333333333333,2.0,37.112441759244746,2.8867513459481287,32370.562758984175,2.0,0.0,1.0,0.0,0.0,1.1547005383792515,23.09401076758503,147.30919862656236,0.0,0.0,225.46248764114472,437.6928146542961,72.11102550927978,308.27476921300797,0.0,0.0,412.3509831846328,596.5176722724426,0.0,0.5773502691896258,1.0,3.0,5.0,-2.0,-2.0,3.0,1
LRL_2025-12-27_1,23012012,LRL_2025-12-27_1_23012012,3.0,24.0,4.0,41600.0,2.0,3.0,2.0,0.0,0.0,2.0,60.0,10.0,0.0,0.0,200.0,375.0,200.0,50.0,0.0,0.0,10.0,1000.0,1.0,1.0,2.3333333333333335,32.333333333333336,7.0,33246.666666666664,3.3333333333333335,2.6666666666666665,1.3333333333333333,0.0,0.0,1.3333333333333333,43.333333333333336,3.3333333333333335,0.0,0.0,66.66666666666667,191.66666666666666,216.66666666666666,153.33333333333334,0.0,0.0,153.33333333333334,625.0,1.0,0.6666666666666666,1.1547005383792515,24.583192089989726,2.6457513110645907,7963.826550932242,3.2145502536643185,1.5275252316519468,0.5773502691896257,0.0,0.0,0.5773502691896257,37.859388972001824,5.773502691896258,0.0,0.0,115.47005383792515,187.63883748662838,28.867513459481295,214.55380055672126,0.0,0.0,214.55380055672128,326.9174207655505,0.0,0.5773502691896258,3.0,1.0,3.0,2.0,-2.0,3.0,1
LRL_2025-12-27_1,23011876,LRL_2025-12-27_1_23011876,2.0,10.0,4.0,42000.0,4.0,1.0,1.0,0.0,0.0,1.0,0.0,0.0,0.0,0.0,0.0,25.0,10.0,300.0,0.0,0.0,150.0,75.0,1.0,0.0,2.3333333333333335,76.33333333333333,6.0,64000.0,4.0,1.0,1.0,0.0,0.0,1.6666666666666667,0.0,0.0,0.0,0.0,66.66666666666667,275.0,70.0,233.33333333333334,0.0,0.0,416.6666666666667,275.0,1.0,0.3333333333333333,1.5275252316519465,105.50987315570677,2.0,31432.46729100342,1.0,0.0,0.0,0.0,0.0,1.1547005383792517,0.0,0.0,0.0,0.0,115.47005383792515,454.8351349665063,72.11102550927978,115.47005383792515,0.0,0.0,236.2907813126304,200.0,0.0,0.5773502691896258,2.0,1.0,4.0,1.0,-3.0,3.0,1
LRL_2025-12-27_1,23013873,LRL_2025-12-27_1_23013873,4.0,208.0,5.0,100000.0,5.0,5.0,5.0,0.0,0.0,5.0,710.0,800.0,0.0,0.0,860.0,1000.0,0.0,0.0,0.0,0.0,0.0,25.0,1.0,0.0,2.3333333333333335,81.0,6.333333333333333,61003.333333333336,3.3333333333333335,2.3333333333333335,2.6666666666666665,0.0,0.0,2.6666666666666665,236.66666666666666,283.3333333333333,0.0,0.0,436.6666666666667,541.6666666666666,36.666666666666664,203.33333333333334,0.0,0.0,86.66666666666667,91.66666666666667,1.0,0.3333333333333333,1.5275252316519468,110.17713011328621,1.5275252316519465,33816.12978052535,2.0816659994661326,2.3094010767585034,2.0816659994661326,0.0,0.0,2.0816659994661326,409.9186911246343,448.1443219916251,0.0,0.0,430.15501081974315,505.18148554092255,55.075705472861024,343.5597958628648,0.0,0.0,141.53915830374763,57.735026918962575,0.0,0.5773502691896258,4.0,1.0,2.0,3.0,-1.0,3.0,1
LRL_2025-12-27_1,23005541,LRL_2025-12-27_1_23005541,1.0,31.0,6.0,34050.0,4.0,6.0,3.0,0.0,0.0,2.0,410.0,110.0,0.0,0.0,10.0,0.0,0.0,50.0,0.0,0.0,100.0,10.0,1.0,0.0,1.3333333333333333,17.333333333333332,7.333333333333333,31163.333333333332,4.0,4.0,2.3333333333333335,0.0,0.0,1.6666666666666667,176.66666666666666,43.333333333333336,0.0,0.0,20.0,8.333333333333334,53.333333333333336,133.33333333333334,0.0,0.0,136.66666666666666,303.3333333333333,1.0,0.3333333333333333,0.5773502691896258,11.846237095944574,1.1547005383792517,4700.0035460979525,0.0,1.7320508075688772,1.1547005383792515,0.0,0.0,0.5773502691896257,202.07259421636903,58.59465277082315,0.0,0.0,26.457513110645905,14.433756729740644,83.86497083606082,144.33756729740645,0.0,0.0,148.43629385474878,374.3772607054725,0.0,0.5773502691896258,1.0,1.0,2.0,0.0,-1.0,3.0,1
LRL_2025-12-27_2,21014741,LRL_2025-12-27_2_21014741,5.0,14.0,9.0,35000.0,3.0,9.0,9.0,8.0,0.0,6.0,1260.0,1010.0,860.0,0.0,460.0,400.0,0.0,0.0,10.0,0.0,200.0,75.0,1.0,0.0,2.6666666666666665,24.333333333333332,8.0,50000.0,4.0,7.666666666666667,8.0,5.666666666666667,0.0,3.6666666666666665,876.6666666666666,806.6666666666666,526.6666666666666,0.0,303.3333333333333,216.66666666666666,33.333333333333336,0.0,40.0,0.0,116.66666666666667,225.0,1.0,0.3333333333333333,2.0816659994661326,11.67618659209133,1.0,18027.756377319947,2.6457513110645907,1.5275252316519468,1.0,2.081665999466133,0.0,2.516611478423583,406.73496694202885,200.08331597945224,320.8322510804257,0.0,262.7419519858474,202.07259421636903,57.735026918962575,0.0,51.96152422706632,0.0,76.37626158259734,150.0,0.0,0.5773502691896258,5.0,1.0,2.0,4.0,-1.0,3.0,1
LRL_2025-12-27_2,21008653,LRL_2025-12-27_2_21008653,4.0,33.0,7.0,27040.0,7.0,3.0,2.0,0.0,0.0,4.0,750.0,500.0,0.0,0.0,260.0,1025.0,50.0,10.0,0.0,0.0,150.0,100.0,1.0,0.0,4.0,58.666666666666664,8.0,29996.666666666668,6.0,6.0,5.0,3.0,0.0,5.333333333333333,910.0,726.6666666666666,223.33333333333334,0.0,460.0,735.0,116.66666666666667,203.33333333333334,83.33333333333333,0.0,166.66666666666666,258.3333333333333,0.6666666666666666,0.3333333333333333,1.0,23.79775899813538,1.7320508075688772,2613.815856814196,4.58257569495584,3.0,2.6457513110645907,5.196152422706632,0.0,3.2145502536643185,141.77446878757826,197.3153144926499,386.82468035704926,0.0,173.49351572897473,287.5326068465975,76.37626158259734,300.88757590391356,144.33756729740645,0.0,76.37626158259734,296.1559273986143,0.5773502691896258,0.5773502691896258,4.0,3.0,5.0,1.0,-2.0,3.0,1
LRL_2025-12-27_2,22004324,LRL_2025-12-27_2_22004324,5.0,22.0,7.0,27040.0,6.0,2.0,4.0,0.0,0.0,6.0,700.0,560.0,0.0,0.0,460.0,1125.0,50.0,100.0,0.0,0.0,1500.0,700.0,1.0,0.0,4.0,165.0,9.0,28593.333333333332,5.333333333333333,2.3333333333333335,2.6666666666666665,1.3333333333333333,0.0,4.333333333333333,333.3333333333333,240.0,36.666666666666664,0.0,260.0,583.3333333333334,150.0,183.33333333333334,116.66666666666667,0.0,583.3333333333334,266.6666666666667,0.3333333333333333,0.3333333333333333,1.0,240.78828875175802,1.7320508075688772,2954.070637837446,4.041451884327381,1.5275252316519465,1.5275252316519468,1.5275252316519465,0.0,2.081665999466133,351.1884584284246,288.44410203711914,63.50852961085884,0.0,229.128784747792,482.3985212802101,86.60254037844386,76.37626158259734,104.08329997330664,0.0,797.3915809270457,376.10946987989195,0.5773502691896258,0.5773502691896258,5.0,3.0,4.0,2.0,-1.0,3.0,1
LRL_2025-12-27_3,21014434,LRL_2025-12-27_3_21014434,4.0,21.0,7.0,30000.0,6.0,4.0,2.0,4.0,0.0,3.0,360.0,150.0,160.0,0.0,200.0,375.0,150.0,10.0,100.0,0.0,100.0,275.0,1.0,0.0,2.6666666666666665,22.666666666666668,7.333333333333333,36666.666666666664,5.0,4.0,4.0,3.6666666666666665,0.0,2.6666666666666665,273.3333333333333,243.33333333333334,273.3333333333333,0.0,270.0,291.6666666666667,116.66666666666667,236.66666666666666,200.0,0.0,166.66666666666666,233.33333333333334,1.0,0.0,1.5275252316519465,7.637626158259733,1.5275252316519468,11547.005383792517,3.605551275463989,0.0,1.7320508075688772,1.5275252316519465,0.0,1.5275252316519465,102.63202878893769,86.21678104251708,250.06665778014735,0.0,310.96623610932426,260.2082499332666,28.867513459481287,247.04925284917041,100.0,0.0,115.47005383792515,38.18813079129867,0.0,0.0,4.0,3.0,1.0,1.0,2.0,3.0,1
LRL_2025-12-27_3,19013832,LRL_2025-12-27_3_19013832,7.0,51.0,9.0,54910.0,6.0,6.0,7.0,0.0,0.0,7.0,320.0,760.0,0.0,0.0,570.0,635.0,50.0,100.0,0.0,0.0,100.0,75.0,1.0,0.0,4.0,243.66666666666666,7.0,66636.66666666667,4.666666666666667,4.0,4.0,0.0,0.0,4.0,176.66666666666666,340.0,0.0,0.0,276.6666666666667,330.0,166.66666666666666,100.0,0.0,0.0,183.33333333333334,150.0,1.0,0.0,3.0,341.53233131481613,2.0,20233.290225105095,3.2145502536643185,1.7320508075688772,2.6457513110645907,0.0,0.0,3.0,132.03534880225573,383.01436004411113,0.0,0.0,285.3652630109932,318.23733281939127,202.072594216369,50.0,0.0,0.0,144.33756729740642,66.14378277661477,0.0,0.0,7.0,4.0,1.0,3.0,3.0,3.0,1
LRL_2025-12-27_3,22014238,LRL_2025-12-27_3_22014238,2.0,18.0,8.0,54410.0,4.0,1.0,1.0,1.0,0.0,2.0,0.0,0.0,0.0,0.0,150.0,725.0,100.0,300.0,100.0,0.0,250.0,625.0,1.0,0.0,1.6666666666666667,25.666666666666668,7.666666666666667,47883.333333333336,5.0,1.0,1.0,1.0,0.0,2.0,0.0,0.0,0.0,0.0,70.0,275.0,66.66666666666667,150.0,153.33333333333334,0.0,266.6666666666667,450.0,1.0,0.0,0.5773502691896257,13.279056191361391,1.5275252316519468,19229.46783801708,3.605551275463989,0.0,0.0,0.0,0.0,1.0,0.0,0.0,0.0,0.0,75.49834435270749,392.9058411375428,28.867513459481287,132.28756555322954,176.16280348965083,0.0,28.867513459481295,281.73569173961613,0.0,0.0,2.0,1.0,2.0,1.0,-1.0,3.0,1
LRL_2025-12-27_3,21008863,LRL_2025-12-27_3_21008863,4.0,16.0,8.0,30000.0,4.0,3.0,3.0,2.0,0.0,2.0,210.0,210.0,50.0,0.0,10.0,200.0,50.0,50.0,200.0,0.0,10.0,175.0,1.0,0.0,2.3333333333333335,23.333333333333332,7.0,28345.0,4.333333333333333,2.0,2.0,1.6666666666666667,0.0,1.3333333333333333,120.0,86.66666666666667,33.333333333333336,0.0,3.3333333333333335,108.33333333333333,100.0,83.33333333333333,200.0,0.0,136.66666666666666,283.3333333333333,1.0,0.3333333333333333,1.5275252316519468,18.14754345175493,1.0,2393.966374032852,0.5773502691896257,1.0,1.0,0.5773502691896258,0.0,0.5773502691896257,108.16653826391968,109.6965511460289,28.867513459481287,0.0,5.773502691896258,101.03629710818451,50.0,57.735026918962575,100.0,0.0,120.55427546683417,101.03629710818451,0.0,0.5773502691896258,4.0,2.0,1.0,2.0,1.0,3.0,1
LRL_2025-12-27_3,20003831,LRL_2025-12-27_3_20003831,5.0,107.0,8.0,54410.0,2.0,7.0,6.0,5.0,0.0,4.0,1800.0,1700.0,1350.0,0.0,800.0,1650.0,400.0,50.0,400.0,0.0,50.0,1700.0,1.0,0.0,5.0,63.0,7.333333333333333,55301.666666666664,1.6666666666666667,5.0,5.333333333333333,1.6666666666666667,0.0,5.0,853.3333333333334,893.3333333333334,450.0,0.0,923.3333333333334,1636.6666666666667,153.33333333333334,133.33333333333334,133.33333333333334,0.0,83.33333333333333,608.3333333333334,1.0,0.0,3.0,39.66106403010388,1.1547005383792515,783.4911188605356,0.5773502691896257,2.0,2.0816659994661326,2.886751345948129,0.0,2.6457513110645907,830.0803173990655,756.3949585589087,779.4228634059948,0.0,732.8255817951044,1155.0577186155388,214.55380055672126,76.37626158259734,230.9401076758503,0.0,104.08329997330664,947.474713822661,0.0,0.0,5.0,8.0,2.0,-3.0,6.0,3.0,1
LRL_2025-12-27_3,21001500,LRL_2025-12-27_3_21001500,3.0,69.0,8.0,54410.0,5.0,2.0,2.0,2.0,0.0,3.0,100.0,300.0,100.0,0.0,400.0,1350.0,600.0,700.0,300.0,0.0,400.0,25.0,1.0,0.0,4.333333333333333,36.333333333333336,9.0,72136.66666666667,6.0,3.6666666666666665,3.6666666666666665,3.0,0.0,3.0,273.3333333333333,486.6666666666667,216.66666666666666,0.0,250.0,740.0,300.0,283.3333333333333,183.33333333333334,0.0,170.0,100.0,0.3333333333333333,0.0,3.214550253664318,28.919428302325297,1.0,15351.743657752148,1.7320508075688772,1.5275252316519468,1.5275252316519468,1.0,0.0,2.0,186.10033136277144,241.9366308216541,125.83057392117915,0.0,217.94494717703367,600.2499479383567,259.8076211353316,361.7089069035118,125.83057392117915,0.0,204.20577856662138,108.97247358851683,0.5773502691896258,0.0,3.0,8.0,2.0,-5.0,6.0,3.0,1
LRL_2025-12-27_4,22008352,LRL_2025-12-27_4_22008352,2.0,7.0,9.0,49500.0,9.0,4.0,3.0,0.0,0.0,2.0,120.0,310.0,0.0,0.0,350.0,325.0,350.0,100.0,0.0,0.0,600.0,375.0,1.0,0.0,1.6666666666666667,14.0,7.0,50418.333333333336,5.333333333333333,2.0,1.6666666666666667,0.0,0.0,1.3333333333333333,40.0,103.33333333333333,0.0,0.0,116.66666666666667,110.0,186.66666666666666,233.33333333333334,0.0,0.0,383.3333333333333,441.6666666666667,1.0,0.6666666666666666,0.5773502691896257,13.0,1.7320508075688772,1933.6256962849184,3.214550253664318,1.7320508075688772,1.1547005383792517,0.0,0.0,0.5773502691896257,69.2820323027551,178.978583448784,0.0,0.0,202.07259421636903,186.21224449536072,170.39170558842744,115.47005383792515,0.0,0.0,225.4624876411447,76.37626158259732,0.0,0.5773502691896258,2.0,1.0,2.0,1.0,-1.0,3.0,1
LRL_2025-12-27_4,22006627,LRL_2025-12-27_4_22006627,6.0,171.0,9.0,49500.0,6.0,8.0,7.0,0.0,0.0,6.0,1080.0,660.0,0.0,0.0,510.0,310.0,200.0,150.0,0.0,0.0,300.0,225.0,0.0,0.0,3.6666666666666665,75.66666666666667,7.333333333333333,45533.333333333336,3.3333333333333335,4.0,3.0,0.0,0.0,3.0,443.3333333333333,220.0,0.0,0.0,173.33333333333334,231.66666666666666,100.0,116.66666666666667,0.0,0.0,266.6666666666667,441.6666666666667,0.6666666666666666,0.3333333333333333,2.0816659994661326,82.77882176821154,1.5275252316519465,3855.2993831002723,2.516611478423583,3.605551275463989,3.4641016151377544,0.0,0.0,2.6457513110645907,565.361241449512,381.051177665153,0.0,0.0,291.6047553338822,194.70062489199498,86.60254037844386,28.867513459481287,0.0,0.0,57.735026918962575,292.97326385411577,0.5773502691896258,0.5773502691896258,6.0,2.0,3.0,4.0,-1.0,3.0,1
LRL_2025-12-27_4,21018066,LRL_2025-12-27_4_21018066,6.0,296.0,7.0,48500.0,1.0,7.0,7.0,0.0,0.0,7.0,1210.0,1210.0,0.0,0.0,1210.0,800.0,0.0,0.0,0.0,0.0,0.0,225.0,1.0,1.0,3.3333333333333335,124.33333333333333,5.666666666666667,34500.0,2.0,4.333333333333333,5.0,0.0,0.0,4.0,520.0,626.6666666666666,0.0,0.0,586.6666666666666,375.0,20.0,116.66666666666667,0.0,0.0,166.66666666666666,316.6666666666667,1.0,1.0,2.516611478423583,150.07442598035595,1.1547005383792517,14256.577429383253,1.7320508075688772,2.516611478423583,1.7320508075688772,0.0,0.0,2.6457513110645907,602.2457969965419,505.40412872604566,0.0,0.0,540.4010856145029,402.33692348577705,26.457513110645905,104.08329997330664,0.0,0.0,152.75252316519467,322.4257020358851,0.0,0.0,6.0,1.0,3.0,5.0,-2.0,3.0,1
LRL_2025-12-27_4,21012490,LRL_2025-12-27_4_21012490,7.0,868.0,12.0,102030.0,2.0,12.0,12.0,0.0,0.0,9.0,1470.0,1520.0,0.0,0.0,950.0,1000.0,0.0,0.0,0.0,0.0,150.0,175.0,1.0,0.0,4.666666666666667,317.3333333333333,7.666666666666667,65866.66666666667,2.6666666666666665,6.333333333333333,6.333333333333333,2.0,0.0,5.0,596.6666666666666,630.0,153.33333333333334,0.0,616.6666666666666,616.6666666666666,86.66666666666667,116.66666666666667,120.0,0.0,86.66666666666667,241.66666666666666,1.0,0.0,2.5166114784235836,477.26966521384253,3.7859388972001824,31433.25044174295,2.0816659994661326,4.932882862316247,4.932882862316247,2.0,0.0,3.605551275463989,756.3949585589088,771.167945391923,155.0268793897798,0.0,381.88130791298664,447.44645862195995,141.53915830374763,104.08329997330664,199.24858845171275,0.0,70.94598884597588,62.91528696058958,0.0,0.0,7.0,5.0,2.0,2.0,3.0,3.0,1
LRL_2025-12-27_4,21014690,LRL_2025-12-27_4_21014690,4.0,63.0,10.0,51000.0,8.0,5.0,5.0,0.0,0.0,4.0,360.0,270.0,0.0,0.0,350.0,175.0,50.0,10.0,0.0,0.0,10.0,25.0,0.0,0.0,3.0,34.0,9.333333333333334,43420.0,5.666666666666667,6.333333333333333,5.0,0.0,0.0,3.3333333333333335,450.0,396.6666666666667,0.0,0.0,290.0,243.33333333333334,36.666666666666664,23.333333333333332,0.0,0.0,23.333333333333332,58.333333333333336,0.0,0.0,1.7320508075688772,25.15949125081825,0.5773502691896258,12698.393599191986,2.081665999466133,1.5275252316519465,3.0,0.0,0.0,2.0816659994661326,85.44003745317531,328.83633213702734,0.0,0.0,265.141471671257,283.7399043725315,23.094010767585033,23.09401076758503,0.0,0.0,23.094010767585033,38.18813079129867,0.0,0.0,4.0,4.0,1.0,0.0,3.0,3.0,1
LRL_2025-12-27_5,21011854,LRL_2025-12-27_5_21011854,3.0,40.0,6.0,49735.0,6.0,5.0,5.0,0.0,0.0,2.0,410.0,710.0,0.0,0.0,250.0,425.0,10.0,50.0,0.0,0.0,10.0,875.0,1.0,0.0,3.6666666666666665,40.333333333333336,6.333333333333333,42478.333333333336,5.0,6.0,6.0,0.0,0.0,4.666666666666667,756.6666666666666,823.3333333333334,0.0,0.0,430.0,358.3333333333333,3.3333333333333335,16.666666666666668,0.0,0.0,36.666666666666664,341.6666666666667,1.0,0.0,1.1547005383792517,24.5017006212494,0.5773502691896258,9519.291377688432,1.7320508075688772,1.0,1.0,0.0,0.0,2.516611478423583,350.04761580866875,287.28615235220326,0.0,0.0,383.14488121336035,184.27786989579985,5.773502691896258,28.867513459481287,0.0,0.0,55.075705472861024,464.57866215887844,0.0,0.0,3.0,3.0,5.0,0.0,-2.0,3.0,1
LRL_2025-12-27_5,22007116,LRL_2025-12-27_5_22007116,3.0,406.0,8.0,50735.0,2.0,4.0,5.0,4.0,0.0,2.0,220.0,360.0,560.0,0.0,500.0,975.0,150.0,250.0,200.0,0.0,100.0,300.0,1.0,1.0,3.6666666666666665,215.0,7.666666666666667,41095.0,4.666666666666667,4.0,4.666666666666667,4.333333333333333,0.0,4.333333333333333,376.6666666666667,356.6666666666667,420.0,0.0,393.3333333333333,610.0,133.33333333333334,166.66666666666666,120.0,0.0,150.0,128.33333333333334,0.3333333333333333,0.3333333333333333,1.1547005383792517,175.78680269007683,1.5275252316519468,10179.775292215443,3.7859388972001824,3.0,3.5118845842842465,3.511884584284246,0.0,3.214550253664318,474.79820274863437,355.0117368951812,370.4051835490427,0.0,128.97028081435403,362.52586114648426,76.37626158259734,104.08329997330664,98.48857801796105,0.0,50.0,152.17862311551295,0.5773502691896258,0.5773502691896258,3.0,3.0,5.0,0.0,-2.0,3.0,1
LRL_2025-12-27_5,21003877,LRL_2025-12-27_5_21003877,4.0,371.0,10.0,53205.0,2.0,1.0,1.0,2.0,0.0,2.0,0.0,0.0,10.0,0.0,150.0,675.0,50.0,10.0,200.0,0.0,50.0,25.0,0.0,0.0,3.3333333333333335,177.0,8.333333333333334,51391.666666666664,2.6666666666666665,3.0,3.0,3.6666666666666665,0.0,3.0,156.66666666666666,223.33333333333334,360.0,0.0,320.0,433.3333333333333,86.66666666666667,56.666666666666664,153.33333333333334,0.0,66.66666666666667,33.333333333333336,0.0,0.6666666666666666,1.1547005383792517,168.08331267558955,1.5275252316519468,1643.580948214396,1.1547005383792517,2.0,1.7320508075688772,2.0816659994661326,0.0,1.7320508075688772,137.9613472438325,195.021366350801,409.2676385936225,0.0,421.54477816715985,355.60980488919785,100.16652800877812,80.82903768654761,126.62279942148386,0.0,28.867513459481287,14.433756729740644,0.0,0.5773502691896258,4.0,4.0,2.0,0.0,2.0,3.0,1
LRL_2025-12-27_5,21002161,LRL_2025-12-27_5_21002161,3.0,12.0,5.0,88000.0,1.0,3.0,3.0,3.0,0.0,3.0,150.0,250.0,250.0,0.0,400.0,475.0,50.0,50.0,650.0,0.0,1250.0,1525.0,1.0,0.0,2.3333333333333335,24.0,6.0,84000.0,2.6666666666666665,4.333333333333333,3.6666666666666665,2.6666666666666665,0.0,2.6666666666666665,176.66666666666666,203.33333333333334,203.33333333333334,0.0,250.0,233.33333333333334,50.0,83.33333333333333,283.3333333333333,0.0,483.3333333333333,608.3333333333334,1.0,0.0,0.5773502691896258,19.924858845171276,1.7320508075688772,3464.1016151377544,1.5275252316519468,3.2145502536643185,2.0816659994661326,0.5773502691896258,0.0,0.5773502691896258,92.9157324317757,89.628864398325,89.628864398325,0.0,150.0,218.42237370135263,50.0,28.867513459481287,321.4550253664318,0.0,663.9528095680697,794.250170496257,0.0,0.0,3.0,2.0,2.0,1.0,0.0,3.0,1
LRL_2025-12-27_5,21005927,LRL_2025-12-27_5_21005927,4.0,112.0,9.0,21530.0,8.0,2.0,1.0,2.0,0.0,3.0,10.0,0.0,150.0,0.0,550.0,1130.0,50.0,10.0,10.0,0.0,250.0,475.0,1.0,0.0,5.333333333333333,399.6666666666667,9.666666666666666,36260.0,7.666666666666667,3.6666666666666665,3.0,3.3333333333333335,0.0,6.333333333333333,290.0,220.0,243.33333333333334,0.0,660.0,836.6666666666666,100.0,53.333333333333336,56.666666666666664,0.0,116.66666666666667,160.0,0.3333333333333333,0.0,4.163331998932265,334.6884123081248,0.5773502691896258,15953.246534796608,2.5166114784235836,2.0816659994661326,2.0,1.5275252316519465,0.0,3.5118845842842465,334.21549934136806,291.032644217105,113.72481406154654,0.0,226.0530911091463,551.9359866264687,50.0,45.09249752822894,80.82903768654761,0.0,125.83057392117917,272.8094573140748,0.5773502691896258,0.0,4.0,10.0,2.0,-6.0,8.0,3.0,1
LRL_2025-12-27_5,19016317,LRL_2025-12-27_5_19016317,3.0,65.0,8.0,50000.0,7.0,4.0,4.0,4.0,0.0,4.0,160.0,110.0,310.0,0.0,750.0,975.0,300.0,100.0,100.0,0.0,400.0,25.0,1.0,0.0,3.3333333333333335,57.0,7.333333333333333,55700.0,3.6666666666666665,5.0,4.333333333333333,4.0,0.0,3.6666666666666665,323.3333333333333,246.66666666666666,273.3333333333333,0.0,486.6666666666667,583.3333333333334,136.66666666666666,40.0,153.33333333333334,0.0,300.0,391.6666666666667,1.0,0.3333333333333333,0.5773502691896257,37.64306044943742,2.081665999466133,14327.24676970422,2.886751345948129,1.7320508075688772,1.5275252316519468,1.0,0.0,0.5773502691896258,282.9016319029166,203.05992547357377,100.16652800877813,0.0,270.2468007827906,339.42353090693837,148.43629385474878,51.96152422706632,176.16280348965083,0.0,217.94494717703367,510.71844820148544,0.0,0.5773502691896258,3.0,3.0,4.0,0.0,-1.0,3.0,1
LRL_2025-12-27_6,22012730,LRL_2025-12-27_6_22012730,8.0,398.0,8.0,55590.0,1.0,1.0,2.0,5.0,0.0,8.0,0.0,10.0,320.0,0.0,1110.0,1335.0,50.0,100.0,150.0,0.0,0.0,0.0,1.0,0.0,6.666666666666667,217.33333333333334,7.666666666666667,55453.333333333336,2.6666666666666665,4.333333333333333,4.333333333333333,1.6666666666666667,0.0,7.333333333333333,276.6666666666667,293.3333333333333,106.66666666666667,0.0,856.6666666666666,993.3333333333334,150.0,100.0,50.0,0.0,200.0,200.0,1.0,0.3333333333333333,1.5275252316519468,157.00106156753634,0.5773502691896258,236.7136103677476,2.8867513459481287,2.886751345948129,2.081665999466133,2.886751345948129,0.0,1.1547005383792515,280.0595174839329,326.2412195497885,184.75208614068026,0.0,387.98625405203893,499.55813809138704,173.20508075688772,50.0,86.60254037844386,0.0,346.41016151377545,283.94541729001367,0.0,0.5773502691896258,8.0,7.0,5.0,1.0,2.0,3.0,1
LRL_2025-12-27_6,22002442,LRL_2025-12-27_6_22002442,1.0,26.0,8.0,24050.0,2.0,1.0,1.0,0.0,0.0,1.0,0.0,0.0,0.0,0.0,0.0,0.0,200.0,200.0,0.0,0.0,200.0,300.0,1.0,1.0,2.3333333333333335,18.333333333333332,6.666666666666667,21823.333333333332,4.0,2.3333333333333335,2.0,0.0,0.0,2.6666666666666665,136.66666666666666,103.33333333333333,0.0,0.0,173.33333333333334,358.3333333333333,250.0,200.0,0.0,0.0,133.33333333333334,400.0,1.0,0.3333333333333333,1.1547005383792515,6.8068592855540455,1.5275252316519468,3165.2224776993685,2.0,1.1547005383792515,1.0,0.0,0.0,2.0816659994661326,151.7673658377628,89.62886439832502,0.0,0.0,155.34906930308057,312.5833222251842,132.28756555322954,100.0,0.0,0.0,115.47005383792515,288.3140648667699,0.0,0.5773502691896258,1.0,3.0,3.0,-2.0,0.0,3.0,1
LRL_2025-12-27_6,21010411,LRL_2025-12-27_6_21010411,3.0,341.0,6.0,30450.0,6.0,2.0,2.0,0.0,0.0,2.0,10.0,10.0,0.0,0.0,250.0,925.0,50.0,100.0,0.0,0.0,50.0,200.0,1.0,1.0,3.3333333333333335,145.33333333333334,8.333333333333334,25716.666666666668,3.3333333333333335,3.0,2.3333333333333335,0.0,0.0,2.0,80.0,106.66666666666667,0.0,0.0,133.33333333333334,356.6666666666667,183.33333333333334,103.33333333333333,0.0,0.0,150.0,258.3333333333333,1.0,0.6666666666666666,2.5166114784235836,169.9892153441898,2.516611478423583,4725.022045803949,2.3094010767585034,2.6457513110645907,1.5275252316519465,0.0,0.0,1.0,130.0,176.16280348965083,0.0,0.0,125.83057392117917,497.50209379793904,125.83057392117917,95.04384952922169,0.0,0.0,132.28756555322954,267.31691553909064,0.0,0.5773502691896258,3.0,1.0,6.0,2.0,-5.0,3.0,1
LRL_2025-12-27_6,22000770,LRL_2025-12-27_6_22000770,1.0,15.0,11.0,21000.0,6.0,10.0,10.0,0.0,0.0,9.0,550.0,600.0,0.0,0.0,430.0,0.0,500.0,600.0,0.0,0.0,200.0,50.0,1.0,0.0,3.3333333333333335,50.666666666666664,7.666666666666667,30666.666666666668,5.0,7.0,6.666666666666667,1.3333333333333333,0.0,6.0,343.3333333333333,380.0,153.33333333333334,0.0,336.6666666666667,500.0,266.6666666666667,203.33333333333334,3.3333333333333335,0.0,103.33333333333333,75.0,1.0,0.3333333333333333,2.516611478423583,37.634204300520736,2.886751345948129,13428.824718989124,1.0,2.6457513110645907,3.0550504633038935,2.3094010767585034,0.0,2.6457513110645907,188.7679351302369,194.67922333931784,265.5811238272278,0.0,83.26663997864532,572.82196186948,251.6611478423583,343.5597958628648,5.773502691896258,0.0,95.04384952922169,90.13878188659973,0.0,0.5773502691896258,1.0,6.0,3.0,-5.0,3.0,3.0,1
LRL_2025-12-27_6,22015126,LRL_2025-12-27_6_22015126,6.0,75.0,8.0,25740.0,2.0,7.0,8.0,8.0,0.0,7.0,520.0,620.0,1020.0,0.0,1310.0,1275.0,10.0,0.0,0.0,0.0,250.0,1000.0,1.0,0.0,5.0,62.0,7.333333333333333,28240.0,1.6666666666666667,6.666666666666667,7.0,5.333333333333333,0.0,5.666666666666667,706.6666666666666,930.0,743.3333333333334,0.0,1210.0,1241.6666666666667,6.666666666666667,133.33333333333334,0.0,0.0,86.66666666666667,391.6666666666667,0.6666666666666666,0.3333333333333333,3.605551275463989,39.153543900903784,1.1547005383792517,5549.7387325891295,0.5773502691896258,1.5275252316519465,1.7320508075688772,4.618802153517007,0.0,3.214550253664318,340.7834111768549,905.7041459549581,650.7175526550159,0.0,1063.5318518972529,1225.3400888460858,5.773502691896257,230.9401076758503,0.0,0.0,141.53915830374763,534.0489990004038,0.5773502691896258,0.5773502691896258,6.0,1.0,8.0,5.0,-7.0,3.0,1
LRL_2025-12-27_6,22006185,LRL_2025-12-27_6_22006185,5.0,189.0,6.0,30450.0,3.0,4.0,5.0,0.0,0.0,5.0,110.0,360.0,0.0,0.0,850.0,1400.0,450.0,250.0,0.0,0.0,150.0,75.0,1.0,1.0,7.0,236.33333333333334,8.333333333333334,62983.333333333336,3.3333333333333335,4.0,4.666666666666667,0.0,0.0,5.666666666666667,206.66666666666666,376.6666666666667,0.0,0.0,870.0,1363.3333333333333,200.0,166.66666666666666,0.0,0.0,286.6666666666667,41.666666666666664,0.6666666666666666,0.6666666666666666,1.7320508075688772,66.21429855653032,2.516611478423583,31573.340547578002,2.516611478423583,0.0,0.5773502691896258,0.0,0.0,1.1547005383792517,95.04384952922169,175.59422921421233,0.0,0.0,380.39453203220467,411.227836282192,217.94494717703367,76.37626158259734,0.0,0.0,364.7373484212075,38.18813079129867,0.5773502691896258,0.5773502691896258,5.0,8.0,8.0,-3.0,0.0,3.0,1
LRL_2025-12-27_6,22004645,LRL_2025-12-27_6_22004645,1.0,62.0,8.0,27900.0,7.0,7.0,7.0,0.0,0.0,2.0,610.0,1010.0,0.0,0.0,200.0,0.0,150.0,600.0,0.0,0.0,150.0,575.0,1.0,0.0,3.0,67.33333333333333,8.666666666666666,26633.333333333332,5.0,7.333333333333333,7.333333333333333,2.0,0.0,4.0,460.0,640.0,220.0,0.0,383.3333333333333,236.66666666666666,150.0,236.66666666666666,133.33333333333334,0.0,386.6666666666667,203.33333333333334,1.0,0.0,2.0,34.31229128655406,2.081665999466133,5118.91915674914,2.0,1.5275252316519468,1.5275252316519468,3.4641016151377544,0.0,2.0,145.2583904633395,347.7067730142742,381.051177665153,0.0,275.3785273643051,327.1594921950658,50.0,317.8574103797697,230.9401076758503,0.0,535.7549190939205,321.9601424607296,0.0,0.0,1.0,5.0,3.0,-4.0,2.0,3.0,1
LRL_2025-12-27_6,22007066,LRL_2025-12-27_6_22007066,3.0,96.0,8.0,26030.0,7.0,7.0,6.0,4.0,0.0,3.0,550.0,410.0,110.0,0.0,310.0,280.0,100.0,200.0,200.0,0.0,100.0,450.0,1.0,0.0,2.6666666666666665,56.333333333333336,8.666666666666666,25703.333333333332,7.0,5.666666666666667,4.666666666666667,1.3333333333333333,0.0,3.3333333333333335,406.6666666666667,440.0,36.666666666666664,0.0,356.6666666666667,220.0,70.0,133.33333333333334,66.66666666666667,0.0,120.0,366.6666666666667,1.0,0.6666666666666666,1.5275252316519465,34.35597958628648,0.5773502691896258,1029.6277644534136,1.0,1.5275252316519468,2.3094010767585034,2.3094010767585034,0.0,1.5275252316519468,214.55380055672128,306.10455730027934,63.50852961085884,0.0,372.2006627255429,196.9771560359221,51.96152422706632,57.735026918962575,115.47005383792515,0.0,121.2435565298214,308.5584763595603,0.0,0.5773502691896258,3.0,4.0,1.0,-1.0,3.0,3.0,1
LRL_2025-12-27_6,21006298,LRL_2025-12-27_6_21006298,2.0,54.0,8.0,23000.0,7.0,6.0,5.0,0.0,0.0,4.0,270.0,360.0,0.0,0.0,400.0,150.0,10.0,10.0,0.0,0.0,100.0,50.0,1.0,1.0,4.0,45.333333333333336,7.333333333333333,25000.0,6.0,5.333333333333333,4.666666666666667,0.0,0.0,4.0,396.6666666666667,410.0,0.0,0.0,500.0,500.0,303.3333333333333,140.0,0.0,0.0,53.333333333333336,83.33333333333333,1.0,0.6666666666666666,2.6457513110645907,7.505553499465136,0.5773502691896257,1732.0508075688772,1.7320508075688772,1.1547005383792517,0.5773502691896257,0.0,0.0,1.0,185.83146486355136,78.10249675906654,0.0,0.0,173.20508075688772,327.8719262151,356.41735835019784,225.16660498395404,0.0,0.0,45.09249752822894,104.08329997330664,0.0,0.5773502691896258,2.0,7.0,3.0,-5.0,4.0,3.0,1
LRL_2025-12-27_7,23015742,LRL_2025-12-27_7_23015742,1.0,20.0,5.0,125000.0,5.0,2.0,2.0,0.0,0.0,1.0,100.0,50.0,0.0,0.0,0.0,0.0,150.0,100.0,0.0,0.0,150.0,175.0,1.0,1.0,3.0,32.0,6.0,133333.33333333334,2.6666666666666665,2.6666666666666665,2.6666666666666665,0.0,0.0,2.0,153.33333333333334,106.66666666666667,0.0,0.0,150.0,226.66666666666666,183.33333333333334,150.0,0.0,0.0,56.666666666666664,266.6666666666667,0.6666666666666666,0.3333333333333333,2.0,29.866369046136157,1.7320508075688772,38188.13079129866,2.0816659994661326,0.5773502691896258,1.1547005383792517,0.0,0.0,1.0,50.33222956847166,51.316014394468844,0.0,0.0,132.28756555322954,213.9119756660046,152.75252316519467,50.0,0.0,0.0,80.82903768654761,274.24137786507225,0.5773502691896258,0.5773502691896258,1.0,3.0,5.0,-2.0,-2.0,3.0,1
LRL_2025-12-27_7,23013445,LRL_2025-12-27_7_23013445,1.0,1.0,4.0,49000.0,4.0,3.0,2.0,0.0,0.0,1.0,200.0,10.0,0.0,0.0,0.0,0.0,150.0,250.0,0.0,0.0,150.0,425.0,1.0,0.0,1.6666666666666667,29.333333333333332,7.333333333333333,70833.33333333333,5.0,5.0,3.3333333333333335,0.0,0.0,1.6666666666666667,250.0,113.33333333333333,0.0,0.0,50.0,110.0,83.33333333333333,170.0,0.0,0.0,186.66666666666666,308.3333333333333,1.0,0.0,1.1547005383792517,29.56912804486012,3.0550504633038935,26628.618689923318,1.7320508075688772,2.0,1.1547005383792515,0.0,0.0,1.1547005383792517,62.44997998398398,89.62886439832502,0.0,0.0,86.60254037844386,190.5255888325765,57.735026918962575,138.5640646055102,0.0,0.0,197.56855350316593,101.0362971081845,0.0,0.0,1.0,1.0,3.0,0.0,-2.0,3.0,1
LRL_2025-12-27_7,23005638,LRL_2025-12-27_7_23005638,2.0,16.0,5.0,125000.0,4.0,3.0,3.0,0.0,0.0,2.0,250.0,150.0,0.0,0.0,150.0,175.0,50.0,400.0,0.0,0.0,250.0,600.0,1.0,1.0,1.6666666666666667,17.666666666666668,6.333333333333333,117000.0,4.666666666666667,4.666666666666667,4.0,0.0,0.0,2.6666666666666665,273.3333333333333,193.33333333333334,0.0,0.0,220.0,208.33333333333334,100.0,166.66666666666666,0.0,0.0,183.33333333333334,225.0,0.6666666666666666,0.3333333333333333,0.5773502691896257,10.598742063723098,2.309401076758503,13856.406460551018,2.081665999466133,2.081665999466133,1.0,0.0,0.0,1.1547005383792517,40.4145188432738,58.59465277082315,0.0,0.0,213.7755832643195,226.84429314693665,86.60254037844386,208.16659994661327,0.0,0.0,57.735026918962575,325.0,0.5773502691896258,0.5773502691896258,2.0,1.0,2.0,1.0,-1.0,3.0,1
LRL_2025-12-27_8,23014779,LRL_2025-12-27_8_23014779,3.0,60.0,10.0,100000.0,2.0,7.0,8.0,0.0,0.0,7.0,820.0,1150.0,0.0,0.0,720.0,750.0,50.0,10.0,0.0,0.0,10.0,10.0,1.0,0.0,2.0,27.666666666666668,7.666666666666667,83333.33333333333,2.3333333333333335,5.333333333333333,3.6666666666666665,0.0,0.0,4.666666666666667,543.3333333333334,436.6666666666667,0.0,0.0,390.0,350.0,116.66666666666667,403.3333333333333,0.0,0.0,153.33333333333334,445.0,1.0,0.0,1.0,29.26317367158479,2.081665999466133,14433.756729740644,0.5773502691896258,2.081665999466133,4.041451884327381,0.0,0.0,2.516611478423583,285.3652630109932,622.9232162420448,0.0,0.0,286.87976575562107,377.4917217635375,76.37626158259734,689.9516891299951,0.0,0.0,214.55380055672128,719.0792724032588,0.0,0.0,3.0,2.0,1.0,1.0,1.0,3.0,1
LRL_2025-12-27_8,23008098,LRL_2025-12-27_8_23008098,2.0,18.0,5.0,150000.0,2.0,4.0,4.0,3.0,0.0,2.0,160.0,160.0,160.0,0.0,50.0,350.0,1000.0,1000.0,10.0,0.0,250.0,725.0,1.0,0.0,1.3333333333333333,14.333333333333334,6.666666666666667,116666.66666666667,4.666666666666667,4.0,3.6666666666666665,2.0,0.0,1.3333333333333333,126.66666666666667,143.33333333333334,60.0,0.0,16.666666666666668,116.66666666666667,450.0,433.3333333333333,36.666666666666664,0.0,200.0,466.6666666666667,1.0,0.0,0.5773502691896257,11.930353445448855,1.5275252316519465,28867.513459481288,2.309401076758503,2.0,2.5166114784235836,1.7320508075688772,0.0,0.5773502691896257,66.58328118479393,135.76941236277534,87.17797887081348,0.0,28.867513459481287,202.07259421636903,482.18253804964775,493.28828623162474,55.075705472861024,0.0,132.28756555322954,250.41632002194532,0.0,0.0,2.0,1.0,1.0,1.0,0.0,3.0,1
LRL_2025-12-27_8,23010813,LRL_2025-12-27_8_23010813,3.0,51.0,7.0,100000.0,2.0,5.0,3.0,0.0,0.0,3.0,260.0,250.0,0.0,0.0,400.0,575.0,50.0,10.0,0.0,0.0,700.0,1250.0,1.0,1.0,2.0,22.333333333333332,8.0,66666.66666666667,2.6666666666666665,4.333333333333333,3.0,0.0,0.0,2.0,293.3333333333333,286.6666666666667,0.0,0.0,233.33333333333334,250.0,100.0,10.0,0.0,0.0,283.3333333333333,558.3333333333334,1.0,0.3333333333333333,1.0,25.146238950056397,2.6457513110645907,32532.03549323856,1.1547005383792515,0.5773502691896257,1.0,0.0,0.0,1.0,57.73502691896259,63.50852961085882,0.0,0.0,208.16659994661327,294.7456530637899,50.0,0.0,0.0,0.0,361.7089069035118,627.6610019216848,0.0,0.5773502691896258,3.0,2.0,1.0,1.0,1.0,3.0,1
LRL_2025-12-27_8,23011016,LRL_2025-12-27_8_23011016,1.0,24.0,9.0,48500.0,8.0,2.0,1.0,0.0,0.0,1.0,10.0,0.0,0.0,0.0,0.0,0.0,400.0,100.0,0.0,0.0,500.0,250.0,1.0,1.0,3.5,15.5,8.0,38250.0,7.0,1.5,1.5,0.0,0.0,1.5,5.0,5.0,0.0,0.0,50.0,282.5,205.0,150.0,0.0,0.0,300.0,1025.0,1.0,0.5,3.5355339059327378,12.020815280171307,1.4142135623730951,14495.689014324224,1.4142135623730951,0.7071067811865476,0.7071067811865476,0.0,0.0,0.7071067811865476,7.0710678118654755,7.0710678118654755,0.0,0.0,70.71067811865476,399.51533137039934,275.77164466275354,70.71067811865476,0.0,0.0,282.842712474619,1096.0155108391486,0.0,0.7071067811865476,1.0,6.0,,-5.0,,2.0,1
LRL_2025-12-27_8,23013872,LRL_2025-12-27_8_23013872,1.0,18.0,7.0,49500.0,7.0,4.0,3.0,3.0,0.0,2.0,400.0,300.0,350.0,0.0,250.0,0.0,150.0,100.0,550.0,0.0,200.0,5.0,1.0,0.0,1.3333333333333333,16.333333333333332,6.666666666666667,47333.333333333336,3.3333333333333335,3.3333333333333335,2.3333333333333335,1.0,0.0,1.6666666666666667,206.66666666666666,166.66666666666666,116.66666666666667,0.0,183.33333333333334,183.33333333333334,116.66666666666667,83.33333333333333,183.33333333333334,0.0,233.33333333333334,426.6666666666667,1.0,0.3333333333333333,0.5773502691896258,7.637626158259733,0.5773502691896258,2254.624876411448,3.2145502536643185,1.1547005383792515,1.1547005383792515,1.7320508075688772,0.0,0.5773502691896257,195.021366350801,152.75252316519467,202.07259421636903,0.0,160.7275126832159,317.54264805429415,28.867513459481287,28.867513459481287,317.54264805429415,0.0,57.735026918962575,382.1103680003113,0.0,0.5773502691896258,1.0,1.0,2.0,0.0,-1.0,3.0,1
LRL_2025-12-27_8,23013491,LRL_2025-12-27_8_23013491,4.0,10.0,7.0,49500.0,2.0,7.0,7.0,4.0,0.0,4.0,700.0,710.0,900.0,0.0,900.0,605.0,0.0,0.0,100.0,0.0,500.0,825.0,1.0,0.0,2.3333333333333335,43.0,8.0,64833.333333333336,4.0,8.0,6.666666666666667,1.3333333333333333,0.0,5.333333333333333,813.3333333333334,646.6666666666666,300.0,0.0,600.0,376.6666666666667,0.0,100.0,33.333333333333336,0.0,250.0,353.3333333333333,1.0,0.0,1.5275252316519468,28.792360097775937,1.7320508075688772,30538.227409811025,3.4641016151377544,1.7320508075688772,0.5773502691896258,2.3094010767585034,0.0,2.309401076758503,268.5764943797825,438.4442191811101,519.6152422706632,0.0,381.96858509568557,328.6462130214394,0.0,100.0,57.735026918962575,0.0,217.94494717703367,422.38410639290555,0.0,0.0,4.0,2.0,1.0,2.0,1.0,3.0,1
LRL_2025-12-27_9,22011224,LRL_2025-12-27_9_22011224,6.0,26.0,9.0,23890.0,4.0,1.0,1.0,2.0,0.0,4.0,0.0,0.0,10.0,0.0,610.0,1000.0,200.0,50.0,200.0,0.0,150.0,425.0,1.0,0.0,5.333333333333333,28.666666666666668,8.333333333333334,21130.0,6.0,3.6666666666666665,3.6666666666666665,3.3333333333333335,0.0,4.666666666666667,163.33333333333334,210.0,346.6666666666667,0.0,673.3333333333334,903.3333333333334,283.3333333333333,216.66666666666666,66.66666666666667,0.0,116.66666666666667,275.0,1.0,0.0,3.0550504633038935,11.239810200058244,0.5773502691896258,6598.1588340991,2.0,3.055050463303893,3.055050463303893,4.163331998932265,0.0,3.055050463303893,232.88051299611422,274.0437921208944,591.8051481132395,0.0,557.7036249956901,834.2112042722355,144.33756729740645,175.5942292142123,115.47005383792515,0.0,104.08329997330664,238.4848003542364,0.0,0.0,6.0,2.0,8.0,4.0,-6.0,3.0,1
LRL_2025-12-27_9,22004906,LRL_2025-12-27_9_22004906,6.0,58.0,9.0,25870.0,6.0,8.0,8.0,0.0,0.0,7.0,1360.0,1320.0,0.0,0.0,960.0,585.0,100.0,100.0,0.0,0.0,100.0,500.0,1.0,0.0,7.0,89.0,9.333333333333334,25380.0,5.666666666666667,8.666666666666666,7.333333333333333,0.0,0.0,7.333333333333333,813.3333333333334,880.0,0.0,0.0,800.0,668.3333333333334,83.33333333333333,66.66666666666667,0.0,0.0,50.0,216.66666666666666,0.6666666666666666,0.0,1.7320508075688772,72.64296249465602,0.5773502691896255,1315.3326575433305,1.5275252316519465,1.1547005383792517,3.0550504633038935,0.0,0.0,2.5166114784235836,517.9124765183142,552.4490926773253,0.0,0.0,155.24174696260025,180.09256878986798,76.37626158259734,57.735026918962575,0.0,0.0,50.0,256.58007197234423,0.5773502691896258,0.0,6.0,6.0,9.0,0.0,-3.0,3.0,1
LRL_2025-12-27_9,22003166,LRL_2025-12-27_9_22003166,5.0,487.0,6.0,33150.0,4.0,5.0,4.0,0.0,0.0,5.0,830.0,560.0,0.0,0.0,560.0,1275.0,250.0,50.0,0.0,0.0,400.0,675.0,1.0,0.0,6.0,244.33333333333334,8.0,26976.666666666668,6.0,6.666666666666667,6.666666666666667,2.0,0.0,6.666666666666667,606.6666666666666,706.6666666666666,170.0,0.0,773.3333333333334,998.3333333333334,300.0,150.0,133.33333333333334,0.0,266.6666666666667,341.6666666666667,1.0,0.0,1.7320508075688772,210.55719729644326,1.7320508075688772,5346.2634926959345,2.0,1.5275252316519465,2.516611478423583,3.4641016151377544,0.0,2.0816659994661326,369.63946398258577,181.75074506954115,294.44863728670913,0.0,197.5685535031659,265.7693235370353,180.27756377319946,217.94494717703367,230.9401076758503,0.0,230.9401076758503,325.32035493238556,0.0,0.0,5.0,5.0,8.0,0.0,-3.0,3.0,1
LRL_2025-12-27_9,22015089,LRL_2025-12-27_9_22015089,1.0,93.0,9.0,23890.0,5.0,2.0,2.0,1.0,0.0,1.0,200.0,50.0,0.0,0.0,0.0,0.0,100.0,100.0,10.0,0.0,400.0,275.0,1.0,0.0,4.0,171.0,9.0,24673.333333333332,3.6666666666666665,5.333333333333333,5.0,2.3333333333333335,0.0,3.6666666666666665,360.0,320.0,236.66666666666666,0.0,533.3333333333334,645.0,53.333333333333336,183.33333333333334,20.0,0.0,233.33333333333334,95.0,1.0,0.0,4.358898943540674,144.73078456223473,0.0,1356.7731325956202,1.1547005383792515,3.0550504633038935,2.6457513110645907,3.214550253664318,0.0,2.516611478423583,303.47981810987034,233.88031127053,409.9186911246343,0.0,579.5112883571237,870.3878445842405,45.09249752822894,189.29694486000912,26.457513110645905,0.0,152.75252316519467,155.96473960482223,0.0,0.0,1.0,9.0,2.0,-8.0,7.0,3.0,1
LRL_2025-12-27_9,22008443,LRL_2025-12-27_9_22008443,4.0,175.0,9.0,23890.0,2.0,4.0,4.0,5.0,0.0,5.0,400.0,400.0,360.0,0.0,760.0,925.0,50.0,100.0,150.0,0.0,50.0,50.0,1.0,0.0,4.333333333333333,127.66666666666667,9.0,25223.333333333332,5.666666666666667,5.666666666666667,5.333333333333333,5.333333333333333,0.0,4.333333333333333,523.3333333333334,490.0,526.6666666666666,0.0,670.0,851.6666666666666,200.0,300.0,183.33333333333334,0.0,53.333333333333336,135.0,1.0,0.3333333333333333,3.511884584284246,96.17345441094092,0.0,1206.5791865158847,3.214550253664318,2.0816659994661326,2.3094010767585034,1.5275252316519465,0.0,3.055050463303893,172.1433511156714,343.94767043839676,208.16659994661327,0.0,629.8412498399895,817.4706926449005,259.8076211353316,346.41016151377545,28.867513459481287,0.0,45.09249752822894,187.5499933351105,0.0,0.5773502691896258,4.0,8.0,1.0,-4.0,7.0,3.0,1
LRL_2025-12-27_9,21004771,LRL_2025-12-27_9_21004771,7.0,170.0,7.0,27760.0,2.0,2.0,5.0,0.0,0.0,7.0,100.0,500.0,0.0,0.0,1210.0,1675.0,10.0,10.0,0.0,0.0,0.0,0.0,1.0,0.0,4.666666666666667,252.33333333333334,9.333333333333334,27006.666666666668,5.333333333333333,3.6666666666666665,4.0,2.6666666666666665,0.0,5.666666666666667,240.0,336.6666666666667,226.66666666666666,0.0,643.3333333333334,850.0,40.0,23.333333333333332,70.0,0.0,120.0,178.33333333333334,0.6666666666666666,0.3333333333333333,2.081665999466133,91.59876272817954,2.516611478423583,760.0877142365434,3.0550504633038935,2.0816659994661326,1.7320508075688772,3.055050463303893,0.0,2.309401076758503,163.707055437449,209.8412098071619,196.5536398374076,0.0,490.8496035786658,761.1668673819164,51.96152422706632,23.094010767585033,112.69427669584645,0.0,199.24858845171275,300.26377292862577,0.5773502691896258,0.5773502691896258,7.0,3.0,4.0,4.0,-1.0,3.0,1
LRL_2025-12-27_9,21002490,LRL_2025-12-27_9_21002490,2.0,24.0,9.0,23890.0,7.0,7.0,5.0,3.0,0.0,2.0,800.0,500.0,210.0,0.0,400.0,275.0,10.0,100.0,50.0,0.0,10.0,225.0,1.0,0.0,1.6666666666666667,31.0,10.0,17963.333333333332,5.666666666666667,6.333333333333333,4.666666666666667,2.3333333333333335,0.0,1.6666666666666667,566.6666666666666,406.6666666666667,120.0,0.0,200.0,125.0,106.66666666666667,70.0,150.0,0.0,203.33333333333334,216.66666666666666,1.0,0.0,0.5773502691896257,6.244997998398398,1.0,5132.643893095773,4.163331998932265,2.081665999466133,1.5275252316519465,1.1547005383792515,0.0,0.5773502691896257,321.45502536643187,272.27437142216183,108.16653826391968,0.0,200.0,139.19410907075056,167.43157806499147,51.96152422706632,132.28756555322954,0.0,260.83200212652844,162.6601774661928,0.0,0.0,2.0,1.0,2.0,1.0,-1.0,3.0,1
LRL_2025-12-28_1,21019882,LRL_2025-12-28_1_21019882,3.0,153.0,8.0,21000.0,4.0,7.0,5.0,0.0,0.0,4.0,420.0,460.0,0.0,0.0,500.0,105.0,300.0,150.0,0.0,0.0,500.0,800.0,1.0,1.0,2.0,66.0,8.0,16000.0,4.0,6.333333333333333,5.333333333333333,2.0,0.0,3.3333333333333335,410.0,423.3333333333333,170.0,0.0,273.3333333333333,101.66666666666667,106.66666666666667,70.0,66.66666666666667,0.0,233.33333333333334,341.6666666666667,1.0,0.6666666666666666,1.0,75.54468876102409,1.0,4582.57569495584,1.0,0.5773502691896257,0.5773502691896258,3.4641016151377544,0.0,1.1547005383792517,55.67764362830022,55.075705472861024,294.44863728670913,0.0,196.55363983740756,100.04165798972612,167.43157806499147,72.11102550927978,115.47005383792515,0.0,230.9401076758503,406.4582799419066,0.0,0.5773502691896258,3.0,2.0,1.0,1.0,1.0,3.0,1
LRL_2025-12-28_1,22011518,LRL_2025-12-28_1_22011518,1.0,12.0,5.0,19000.0,4.0,1.0,1.0,0.0,0.0,2.0,0.0,0.0,0.0,0.0,10.0,0.0,10.0,10.0,0.0,0.0,400.0,50.0,1.0,1.0,1.3333333333333333,11.0,6.333333333333333,22300.0,4.0,1.3333333333333333,1.3333333333333333,0.0,0.0,1.6666666666666667,116.66666666666667,50.0,0.0,0.0,36.666666666666664,91.66666666666667,23.333333333333332,73.33333333333333,0.0,0.0,333.3333333333333,283.3333333333333,1.0,0.6666666666666666,0.5773502691896258,9.539392014169456,1.1547005383792517,2933.104157714144,1.0,0.5773502691896258,0.5773502691896258,0.0,0.0,0.5773502691896257,202.072594216369,86.60254037844386,0.0,0.0,55.07570547286102,158.77132402714707,23.09401076758503,109.6965511460289,0.0,0.0,115.47005383792515,321.4550253664318,0.0,0.5773502691896258,1.0,1.0,2.0,0.0,-1.0,3.0,1
LRL_2025-12-28_1,22006685,LRL_2025-12-28_1_22006685,4.0,80.0,9.0,25870.0,4.0,7.0,6.0,0.0,0.0,5.0,1060.0,1060.0,0.0,0.0,560.0,500.0,300.0,10.0,0.0,0.0,200.0,75.0,1.0,0.0,3.3333333333333335,46.0,8.333333333333334,24106.666666666668,6.333333333333333,4.333333333333333,3.6666666666666665,0.0,0.0,3.0,440.0,423.3333333333333,0.0,0.0,286.6666666666667,345.0,136.66666666666666,120.0,0.0,0.0,133.33333333333334,153.33333333333334,1.0,0.6666666666666666,2.0816659994661326,30.04995840263344,1.1547005383792517,1665.602993913416,2.516611478423583,2.516611478423583,2.0816659994661326,0.0,0.0,2.0,537.3081052803875,553.2027958473577,0.0,0.0,280.237994093116,299.29082845954366,148.43629385474878,98.48857801796105,0.0,0.0,76.37626158259734,194.70062489199498,0.0,0.5773502691896258,4.0,5.0,1.0,-1.0,4.0,3.0,1
LRL_2025-12-28_1,21012793,LRL_2025-12-28_1_21012793,7.0,68.0,8.0,32800.0,3.0,3.0,4.0,0.0,0.0,5.0,150.0,160.0,0.0,0.0,400.0,825.0,50.0,100.0,0.0,0.0,100.0,775.0,1.0,0.0,3.3333333333333335,62.333333333333336,6.666666666666667,33533.333333333336,3.6666666666666665,3.0,2.0,0.0,0.0,3.3333333333333335,170.0,56.666666666666664,0.0,0.0,186.66666666666666,308.3333333333333,133.33333333333334,100.0,0.0,0.0,40.0,270.0,1.0,0.3333333333333333,3.214550253664318,10.692676621563626,1.1547005383792517,1270.1705922171757,2.0816659994661326,1.0,2.0,0.0,0.0,2.0816659994661326,131.14877048604,89.62886439832502,0.0,0.0,201.32891827388667,450.23142197466996,76.37626158259734,100.0,0.0,0.0,51.96152422706632,437.40713300082336,0.0,0.5773502691896258,7.0,2.0,1.0,5.0,1.0,3.0,1
LRL_2025-12-28_1,22001189,LRL_2025-12-28_1_22001189,3.0,13.0,9.0,25870.0,1.0,2.0,1.0,0.0,0.0,2.0,10.0,0.0,0.0,0.0,50.0,325.0,450.0,10.0,0.0,0.0,350.0,175.0,1.0,0.0,4.333333333333333,20.333333333333332,8.666666666666666,25950.0,2.6666666666666665,3.0,3.0,0.0,0.0,3.6666666666666665,113.33333333333333,170.0,0.0,0.0,133.33333333333334,583.3333333333334,253.33333333333334,73.33333333333333,0.0,0.0,200.0,91.66666666666667,0.6666666666666666,0.3333333333333333,2.3094010767585034,6.3508529610858835,1.5275252316519468,396.1060464067672,2.0816659994661326,1.7320508075688772,3.4641016151377544,0.0,0.0,2.8867513459481287,145.7166199626293,294.44863728670913,0.0,0.0,180.09256878986798,250.41632002194532,223.6813209307682,109.6965511460289,0.0,0.0,132.28756555322954,72.16878364870321,0.5773502691896258,0.5773502691896258,3.0,3.0,7.0,0.0,-4.0,3.0,1
LRL_2025-12-28_1,21011564,LRL_2025-12-28_1_21011564,1.0,14.0,12.0,34500.0,11.0,6.0,5.0,5.0,0.0,1.0,750.0,500.0,170.0,0.0,0.0,0.0,150.0,10.0,50.0,0.0,100.0,350.0,0.0,0.0,4.0,44.0,9.666666666666666,45526.666666666664,8.666666666666666,5.0,3.6666666666666665,3.6666666666666665,0.0,3.3333333333333335,483.3333333333333,266.6666666666667,160.0,0.0,326.6666666666667,465.0,216.66666666666666,86.66666666666667,150.0,0.0,36.666666666666664,158.33333333333334,0.0,0.0,3.0,38.19685850956856,2.5166114784235836,10797.783723215305,2.5166114784235836,1.7320508075688772,1.5275252316519465,1.5275252316519465,0.0,3.2145502536643185,275.3785273643051,225.46248764114472,55.67764362830022,0.0,315.6474826976026,531.9069467491471,160.7275126832159,70.94598884597588,100.0,0.0,55.075705472861024,177.3649721149397,0.0,0.0,1.0,7.0,4.0,-6.0,3.0,3.0,1
LRL_2025-12-28_1,22000678,LRL_2025-12-28_1_22000678,1.0,15.0,6.0,22660.0,4.0,1.0,2.0,0.0,0.0,1.0,0.0,100.0,0.0,0.0,0.0,0.0,10.0,150.0,0.0,0.0,10.0,225.0,1.0,1.0,2.6666666666666665,28.333333333333332,8.333333333333334,24200.0,6.0,3.6666666666666665,4.0,0.0,0.0,3.6666666666666665,193.33333333333334,196.66666666666666,0.0,0.0,226.66666666666666,220.0,136.66666666666666,186.66666666666666,0.0,0.0,106.66666666666667,125.0,0.6666666666666666,0.3333333333333333,1.5275252316519468,21.385353243127252,2.0816659994661326,1940.824567033301,2.6457513110645907,3.055050463303893,2.6457513110645907,0.0,0.0,3.055050463303893,172.14335111567144,83.86497083606083,0.0,0.0,196.5536398374076,212.8966885604377,120.55427546683417,197.56855350316593,0.0,0.0,167.43157806499147,100.0,0.5773502691896258,0.5773502691896258,1.0,3.0,4.0,-2.0,-1.0,3.0,1
LRL_2025-12-28_1,F0047810,LRL_2025-12-28_1_F0047810,6.0,435.0,12.0,27380.0,8.0,9.0,9.0,0.0,0.0,7.0,1110.0,870.0,0.0,0.0,570.0,655.0,100.0,150.0,0.0,0.0,10.0,25.0,0.0,0.0,6.333333333333333,339.3333333333333,11.0,26760.0,6.0,8.0,7.333333333333333,0.0,0.0,7.0,706.6666666666666,693.3333333333334,0.0,0.0,560.0,488.3333333333333,83.33333333333333,70.0,0.0,0.0,10.0,75.0,0.0,0.0,1.5275252316519465,130.24720086563602,1.0,541.4794548272354,2.0,1.0,1.5275252316519465,0.0,0.0,1.0,353.60052790307503,210.79215671683173,0.0,0.0,225.16660498395404,170.09801096230765,28.867513459481287,72.11102550927978,0.0,0.0,0.0,66.14378277661477,0.0,0.0,6.0,8.0,5.0,-2.0,3.0,3.0,1
LRL_2025-12-28_2,22005320,LRL_2025-12-28_2_22005320,2.0,52.0,10.0,26020.0,8.0,6.0,5.0,6.0,0.0,4.0,710.0,500.0,650.0,0.0,410.0,5.0,100.0,10.0,200.0,0.0,50.0,10.0,0.0,0.0,4.666666666666667,108.0,9.333333333333334,32840.0,5.0,6.0,6.0,5.666666666666667,0.0,5.333333333333333,606.6666666666666,473.3333333333333,406.6666666666667,0.0,443.3333333333333,228.33333333333334,150.0,86.66666666666667,150.0,0.0,33.333333333333336,111.66666666666667,0.0,0.3333333333333333,2.309401076758503,109.34349546269316,2.081665999466133,6996.19896801113,3.0,1.0,1.0,0.5773502691896257,0.0,1.5275252316519468,223.6813209307682,151.7673658377628,212.21058723196006,0.0,104.08329997330665,197.50527419118038,132.28756555322954,70.94598884597588,50.0,0.0,28.867513459481287,88.928810479694,0.0,0.5773502691896258,2.0,6.0,6.0,-4.0,0.0,3.0,1
LRL_2025-12-28_2,22004613,LRL_2025-12-28_2_22004613,8.0,619.0,10.0,32900.0,10.0,8.0,7.0,7.0,0.0,8.0,760.0,580.0,510.0,0.0,610.0,525.0,10.0,50.0,150.0,0.0,150.0,325.0,0.0,0.0,8.0,619.0,10.0,32900.0,10.0,8.0,7.0,7.0,0.0,8.0,760.0,580.0,510.0,0.0,610.0,525.0,10.0,50.0,150.0,0.0,150.0,325.0,0.0,0.0,,,,,,,,,,,,,,,,,,,,,,,,,8.0,,,,,1.0,1
LRL_2025-12-28_2,22009565,LRL_2025-12-28_2_22009565,5.0,153.0,7.0,31850.0,2.0,6.0,5.0,0.0,0.0,4.0,560.0,860.0,0.0,0.0,560.0,525.0,400.0,100.0,0.0,0.0,200.0,875.0,1.0,0.0,6.666666666666667,144.0,9.0,37916.666666666664,3.3333333333333335,4.666666666666667,3.6666666666666665,1.6666666666666667,0.0,5.666666666666667,356.6666666666667,473.3333333333333,136.66666666666666,0.0,713.3333333333334,736.6666666666666,200.0,53.333333333333336,16.666666666666668,0.0,166.66666666666666,341.6666666666667,0.3333333333333333,0.0,2.8867513459481287,7.810249675906654,1.7320508075688772,9612.795292386776,1.1547005383792515,1.1547005383792517,1.1547005383792515,2.886751345948129,0.0,1.5275252316519465,184.48125469362284,342.1013495052794,236.71361036774658,0.0,450.0370355130045,644.1337852754917,180.27756377319946,45.09249752822894,28.867513459481287,0.0,57.735026918962575,467.9298380455486,0.5773502691896258,0.0,5.0,5.0,10.0,0.0,-5.0,3.0,1
LRL_2025-12-28_2,21010436,LRL_2025-12-28_2_21010436,2.0,5.0,6.0,25000.0,6.0,5.0,5.0,2.0,0.0,2.0,260.0,320.0,50.0,0.0,300.0,150.0,10.0,10.0,100.0,0.0,500.0,575.0,1.0,0.0,3.6666666666666665,23.0,7.0,54833.333333333336,3.6666666666666665,6.666666666666667,6.0,4.666666666666667,0.0,4.666666666666667,496.6666666666667,440.0,536.6666666666666,0.0,576.6666666666666,305.0,3.3333333333333335,20.0,566.6666666666666,0.0,1733.3333333333333,350.0,1.0,0.0,1.5275252316519468,23.811761799581316,1.0,34096.67627985657,2.516611478423583,1.5275252316519465,1.7320508075688772,2.516611478423583,0.0,2.516611478423583,205.02032419575707,125.29964086141668,500.53304919189236,0.0,380.0438571182717,150.2497920131672,5.773502691896258,26.457513110645905,404.14518843273805,0.0,1569.500982265807,253.7222891273055,0.0,0.0,2.0,4.0,5.0,-2.0,-1.0,3.0,1
LRL_2025-12-28_2,22018758,LRL_2025-12-28_2_22018758,8.0,680.0,9.0,46190.0,5.0,8.0,8.0,9.0,0.0,9.0,1110.0,960.0,970.0,0.0,1180.0,1695.0,150.0,150.0,0.0,0.0,0.0,525.0,0.0,1.0,7.5,630.0,8.0,45590.0,5.0,7.5,7.5,4.5,0.0,8.0,1135.0,1160.0,485.0,0.0,1280.0,1597.5,75.0,75.0,0.0,0.0,0.0,262.5,0.0,0.5,0.7071067811865476,70.71067811865476,1.4142135623730951,848.5281374238571,0.0,0.7071067811865476,0.7071067811865476,6.363961030678928,0.0,1.4142135623730951,35.35533905932738,282.842712474619,685.8935777509511,0.0,141.4213562373095,137.88582233137677,106.06601717798213,106.06601717798213,0.0,0.0,0.0,371.23106012293744,0.0,0.7071067811865476,8.0,7.0,,1.0,,2.0,1
LRL_2025-12-28_2,22003234,LRL_2025-12-28_2_22003234,4.0,6.0,7.0,31850.0,3.0,7.0,7.0,0.0,0.0,5.0,960.0,1510.0,0.0,0.0,760.0,175.0,0.0,0.0,0.0,0.0,150.0,350.0,1.0,0.0,3.3333333333333335,85.0,7.666666666666667,34283.333333333336,5.0,6.0,6.0,1.3333333333333333,0.0,3.6666666666666665,720.0,956.6666666666666,183.33333333333334,0.0,456.6666666666667,208.33333333333334,66.66666666666667,200.0,200.0,0.0,133.33333333333334,333.3333333333333,0.6666666666666666,0.0,1.1547005383792517,94.02659198333204,3.0550504633038935,12676.388812802064,4.358898943540674,1.7320508075688772,1.7320508075688772,2.3094010767585034,0.0,1.5275252316519465,213.7755832643195,479.617903474561,317.54264805429415,0.0,262.7419519858474,38.18813079129867,57.735026918962575,229.128784747792,346.41016151377545,0.0,76.37626158259734,175.59422921421233,0.5773502691896258,0.0,4.0,4.0,2.0,0.0,2.0,3.0,1
LRL_2025-12-28_3,22010973,LRL_2025-12-28_3_22010973,3.0,107.0,8.0,59565.0,2.0,7.0,7.0,0.0,0.0,5.0,670.0,620.0,0.0,0.0,560.0,450.0,600.0,500.0,0.0,0.0,300.0,50.0,1.0,0.0,5.666666666666667,361.6666666666667,9.333333333333334,72395.0,5.0,5.666666666666667,5.0,0.0,0.0,6.333333333333333,446.6666666666667,493.3333333333333,0.0,0.0,686.6666666666666,1041.6666666666667,316.6666666666667,283.3333333333333,0.0,0.0,333.3333333333333,266.6666666666667,1.0,0.6666666666666666,3.785938897200183,331.13491711586886,2.309401076758503,25741.5049093871,5.196152422706632,4.163331998932265,3.4641016151377544,0.0,0.0,4.163331998932265,386.82468035704926,443.77171308380315,0.0,0.0,560.8327142146162,1024.7967278115857,246.64414311581237,189.29694486000912,0.0,0.0,57.735026918962575,212.62251370288456,0.0,0.5773502691896258,3.0,4.0,10.0,-1.0,-6.0,3.0,1
LRL_2025-12-28_3,22004260,LRL_2025-12-28_3_22004260,9.0,281.0,12.0,102030.0,5.0,3.0,4.0,0.0,0.0,6.0,300.0,260.0,0.0,0.0,650.0,1325.0,10.0,150.0,0.0,0.0,100.0,900.0,1.0,1.0,5.666666666666667,156.0,7.333333333333333,95070.0,3.6666666666666665,3.3333333333333335,3.3333333333333335,0.0,0.0,4.0,243.33333333333334,240.0,0.0,0.0,450.0,1008.3333333333334,23.333333333333332,200.0,0.0,0.0,183.33333333333334,475.0,1.0,0.3333333333333333,3.0550504633038935,108.97247358851683,4.509249752822894,33949.36376428872,2.3094010767585034,1.5275252316519468,1.1547005383792517,0.0,0.0,2.0,210.79215671683167,131.14877048604,0.0,0.0,229.128784747792,274.24137786507225,23.09401076758503,132.28756555322954,0.0,0.0,104.08329997330664,452.0785330006281,0.0,0.5773502691896258,9.0,5.0,3.0,4.0,2.0,3.0,1
LRL_2025-12-28_3,21016221,LRL_2025-12-28_3_21016221,4.0,108.0,7.0,100000.0,7.0,6.0,6.0,7.0,0.0,5.0,450.0,660.0,530.0,0.0,600.0,700.0,50.0,10.0,0.0,0.0,200.0,100.0,0.0,0.0,4.666666666666667,155.33333333333334,6.333333333333333,132333.33333333334,5.0,5.0,5.0,3.6666666666666665,1.6666666666666667,5.666666666666667,306.6666666666667,380.0,243.33333333333334,133.33333333333334,396.6666666666667,500.0,83.33333333333333,53.333333333333336,16.666666666666668,0.0,66.66666666666667,100.0,0.3333333333333333,0.0,0.5773502691896257,129.6508130839654,1.1547005383792515,105291.65842237139,2.6457513110645907,1.7320508075688772,1.7320508075688772,3.5118845842842465,2.8867513459481287,1.1547005383792517,150.44378795195678,275.13632984395207,267.64404221527764,230.9401076758503,177.85762095938802,173.49351572897473,28.867513459481287,45.09249752822894,28.867513459481287,0.0,115.47005383792515,100.0,0.5773502691896258,0.0,4.0,5.0,5.0,-1.0,0.0,3.0,1
LRL_2025-12-28_3,22002084,LRL_2025-12-28_3_22002084,6.0,41.0,6.0,30450.0,5.0,5.0,6.0,0.0,0.0,6.0,560.0,610.0,0.0,0.0,1000.0,1475.0,50.0,0.0,0.0,0.0,0.0,0.0,1.0,0.0,3.3333333333333335,54.0,6.666666666666667,35566.666666666664,4.666666666666667,3.3333333333333335,4.0,0.0,0.0,4.333333333333333,270.0,403.3333333333333,0.0,0.0,536.6666666666666,603.3333333333334,100.0,66.66666666666667,0.0,0.0,70.0,103.33333333333333,1.0,0.3333333333333333,2.516611478423583,35.34119409414458,0.5773502691896257,8433.020415802,0.5773502691896257,1.5275252316519468,2.0,0.0,0.0,2.081665999466133,262.10684844162313,205.02032419575707,0.0,0.0,498.02945026708346,773.2453254519767,86.60254037844386,76.37626158259734,0.0,0.0,112.69427669584645,170.39170558842744,0.0,0.5773502691896258,6.0,1.0,3.0,5.0,-2.0,3.0,1
LRL_2025-12-28_3,22003414,LRL_2025-12-28_3_22003414,1.0,15.0,7.0,31850.0,6.0,4.0,4.0,0.0,0.0,3.0,410.0,160.0,0.0,0.0,200.0,0.0,10.0,150.0,0.0,0.0,150.0,100.0,1.0,0.0,1.6666666666666667,11.333333333333334,7.666666666666667,34966.666666666664,4.666666666666667,4.0,4.0,1.3333333333333333,0.0,2.6666666666666665,420.0,286.6666666666667,100.0,0.0,90.0,108.33333333333333,73.33333333333333,133.33333333333334,50.0,0.0,103.33333333333333,175.0,0.6666666666666666,0.3333333333333333,0.5773502691896257,3.5118845842842465,1.1547005383792515,6194.015929373555,3.2145502536643185,1.0,0.0,2.3094010767585034,0.0,1.5275252316519468,26.457513110645905,120.55427546683416,173.20508075688772,0.0,101.4889156509222,166.45820296198482,109.6965511460289,28.867513459481287,86.60254037844386,0.0,80.82903768654761,66.14378277661477,0.5773502691896258,0.5773502691896258,1.0,2.0,2.0,-1.0,0.0,3.0,1
LRL_2025-12-28_3,22007331,LRL_2025-12-28_3_22007331,1.0,15.0,8.0,25740.0,8.0,4.0,3.0,1.0,0.0,1.0,160.0,110.0,0.0,0.0,0.0,0.0,10.0,50.0,250.0,0.0,400.0,425.0,1.0,0.0,2.3333333333333335,20.666666666666668,6.666666666666667,33080.0,5.0,3.6666666666666665,3.0,2.0,0.0,2.3333333333333335,190.0,93.33333333333333,133.33333333333334,0.0,386.6666666666667,703.3333333333334,73.33333333333333,150.0,283.3333333333333,0.0,350.0,508.3333333333333,1.0,0.0,2.3094010767585034,5.507570547286102,1.5275252316519468,14246.725939667682,3.0,1.5275252316519465,1.0,1.7320508075688772,0.0,2.3094010767585034,157.1623364550171,76.37626158259734,230.9401076758503,0.0,669.7263122599659,1218.2090679901103,109.6965511460289,100.0,57.735026918962575,0.0,180.27756377319946,357.3630273731928,0.0,0.0,1.0,5.0,1.0,-4.0,4.0,3.0,1
LRL_2025-12-28_3,22006002,LRL_2025-12-28_3_22006002,5.0,27.0,7.0,48500.0,6.0,3.0,2.0,0.0,0.0,5.0,60.0,50.0,0.0,0.0,610.0,775.0,150.0,100.0,0.0,0.0,300.0,25.0,1.0,0.0,4.666666666666667,193.0,8.333333333333334,65310.0,7.0,2.0,1.6666666666666667,0.0,0.0,3.6666666666666665,53.333333333333336,50.0,0.0,0.0,353.3333333333333,650.0,166.66666666666666,100.0,0.0,0.0,250.0,225.0,1.0,0.3333333333333333,3.5118845842842465,278.0485569104792,3.2145502536643185,31838.205037344676,2.6457513110645907,1.0,0.5773502691896258,0.0,0.0,2.3094010767585034,50.33222956847166,50.0,0.0,0.0,316.28046625318694,597.390157267426,28.867513459481287,50.0,0.0,0.0,50.0,246.22144504490262,0.0,0.5773502691896258,5.0,8.0,1.0,-3.0,7.0,3.0,1
LRL_2025-12-28_4,19004932,LRL_2025-12-28_4_19004932,6.0,178.0,7.0,29935.0,7.0,7.0,7.0,7.0,0.0,6.0,800.0,850.0,1660.0,0.0,1510.0,2175.0,0.0,0.0,0.0,0.0,300.0,1200.0,1.0,1.0,6.666666666666667,305.0,8.666666666666666,25318.333333333332,6.333333333333333,6.0,5.666666666666667,6.0,0.0,7.333333333333333,606.6666666666666,573.3333333333334,856.6666666666666,0.0,1176.6666666666667,1375.0,36.666666666666664,116.66666666666667,20.0,0.0,133.33333333333334,450.0,0.6666666666666666,0.3333333333333333,3.0550504633038935,340.7389029741101,1.5275252316519468,5004.528782346379,2.0816659994661326,1.0,1.5275252316519465,1.0,0.0,2.309401076758503,177.857620959388,254.23086620891127,697.8777352325644,0.0,381.8813079129867,714.5802963978226,55.07570547286102,160.7275126832159,26.457513110645905,0.0,152.75252316519467,653.834841531101,0.5773502691896258,0.5773502691896258,6.0,10.0,4.0,-4.0,6.0,3.0,1
LRL_2025-12-28_4,21007664,LRL_2025-12-28_4_21007664,1.0,96.0,8.0,21300.0,6.0,1.0,1.0,1.0,0.0,1.0,0.0,0.0,0.0,0.0,0.0,0.0,200.0,250.0,100.0,0.0,350.0,625.0,1.0,1.0,2.3333333333333335,77.33333333333333,7.666666666666667,16433.333333333332,3.3333333333333335,1.0,1.0,1.6666666666666667,0.0,2.6666666666666665,0.0,0.0,66.66666666666667,0.0,76.66666666666667,420.0,133.33333333333334,136.66666666666666,103.33333333333333,0.0,383.3333333333333,666.6666666666666,1.0,0.6666666666666666,2.3094010767585034,16.289055630494154,1.5275252316519465,4665.118790913403,2.3094010767585034,0.0,0.0,1.1547005383792517,0.0,2.8867513459481287,0.0,0.0,115.47005383792515,0.0,132.7905619136139,727.4613391789285,76.37626158259734,120.55427546683416,95.04384952922169,0.0,104.08329997330664,190.94065395649332,0.0,0.5773502691896258,1.0,1.0,5.0,0.0,-4.0,3.0,1
LRL_2025-12-28_4,20013475,LRL_2025-12-28_4_20013475,2.0,111.0,6.0,25100.0,1.0,4.0,5.0,5.0,0.0,2.0,250.0,270.0,600.0,0.0,350.0,25.0,100.0,10.0,150.0,0.0,150.0,350.0,1.0,0.0,4.333333333333333,85.0,6.666666666666667,25513.333333333332,3.6666666666666665,4.666666666666667,5.0,1.6666666666666667,0.0,3.6666666666666665,450.0,493.3333333333333,200.0,0.0,620.0,766.6666666666666,53.333333333333336,203.33333333333334,50.0,0.0,70.0,216.66666666666666,1.0,0.0,2.081665999466133,56.66568626602876,0.5773502691896257,4663.7574265106605,3.0550504633038935,0.5773502691896257,0.0,2.886751345948129,0.0,1.5275252316519468,180.27756377319946,201.08041509140898,346.41016151377545,0.0,280.53520278211073,669.1101055381941,45.09249752822894,174.7378989610821,86.60254037844386,0.0,72.11102550927978,115.47005383792515,0.0,0.0,2.0,6.0,5.0,-4.0,1.0,3.0,1
LRL_2025-12-28_4,19013743,LRL_2025-12-28_4_19013743,1.0,76.0,8.0,22000.0,3.0,3.0,4.0,3.0,0.0,3.0,110.0,260.0,160.0,0.0,250.0,0.0,50.0,10.0,50.0,0.0,150.0,200.0,1.0,0.0,1.6666666666666667,48.666666666666664,7.0,21666.666666666668,3.6666666666666665,5.333333333333333,4.666666666666667,1.0,0.0,3.3333333333333335,313.3333333333333,330.0,53.333333333333336,0.0,270.0,66.66666666666667,16.666666666666668,36.666666666666664,16.666666666666668,0.0,86.66666666666667,135.0,1.0,0.0,0.5773502691896257,25.32455988429677,1.7320508075688772,1527.5252316519473,1.1547005383792515,2.516611478423583,3.0550504633038935,1.7320508075688772,0.0,1.5275252316519468,234.59184413217213,223.38307903688676,92.37604307034013,0.0,81.8535277187245,62.915286960589576,28.867513459481287,55.07570547286102,28.867513459481287,0.0,70.94598884597588,112.58330249197702,0.0,0.0,1.0,2.0,2.0,-1.0,0.0,3.0,1
LRL_2025-12-28_4,20006400,LRL_2025-12-28_4_20006400,1.0,14.0,6.0,25100.0,4.0,5.0,1.0,1.0,0.0,1.0,350.0,0.0,0.0,0.0,0.0,0.0,150.0,10.0,200.0,0.0,350.0,25.0,1.0,0.0,1.0,22.0,6.0,29883.333333333332,2.6666666666666665,3.6666666666666665,1.0,1.0,0.0,1.0,203.33333333333334,0.0,0.0,0.0,0.0,0.0,83.33333333333333,53.333333333333336,133.33333333333334,0.0,250.0,158.33333333333334,1.0,0.6666666666666666,0.0,13.0,1.0,13477.419387009271,1.5275252316519468,2.3094010767585034,0.0,0.0,0.0,0.0,181.75074506954115,0.0,0.0,0.0,0.0,0.0,76.37626158259734,45.09249752822894,76.37626158259734,0.0,86.60254037844386,152.75252316519467,0.0,0.5773502691896258,1.0,1.0,1.0,0.0,0.0,3.0,1
LRL_2025-12-28_4,20009759,LRL_2025-12-28_4_20009759,5.0,93.0,8.0,50735.0,3.0,1.0,2.0,2.0,0.0,4.0,0.0,100.0,450.0,0.0,700.0,1525.0,10.0,150.0,10.0,0.0,150.0,200.0,1.0,1.0,5.666666666666667,59.333333333333336,7.0,51705.0,4.333333333333333,2.3333333333333335,2.3333333333333335,2.6666666666666665,0.0,4.666666666666667,106.66666666666667,153.33333333333334,256.6666666666667,0.0,486.6666666666667,883.3333333333334,86.66666666666667,100.0,56.666666666666664,0.0,100.0,533.3333333333334,0.6666666666666666,0.6666666666666666,1.1547005383792515,29.501412395567325,1.0,1481.241033728137,1.1547005383792517,1.5275252316519465,0.5773502691896257,1.1547005383792517,0.0,2.0816659994661326,110.15141094572205,92.37604307034012,200.33305601755626,0.0,257.94056162870805,572.4581498531865,70.94598884597588,50.0,80.82903768654761,0.0,86.60254037844386,757.1877794400365,0.5773502691896258,0.5773502691896258,5.0,5.0,7.0,0.0,-2.0,3.0,1
LRL_2025-12-28_5,23019191,LRL_2025-12-28_5_23019191,3.0,55.0,7.0,45300.0,4.0,6.0,6.0,6.0,0.0,4.0,860.0,510.0,270.0,0.0,650.0,700.0,400.0,400.0,10.0,0.0,150.0,450.0,1.0,0.0,4.0,31.0,8.666666666666666,38066.666666666664,2.3333333333333335,7.666666666666667,6.0,2.0,0.0,4.666666666666667,900.0,750.0,90.0,0.0,546.6666666666666,516.6666666666666,600.0,236.66666666666666,3.3333333333333335,0.0,250.0,366.6666666666667,0.6666666666666666,0.3333333333333333,3.605551275463989,21.633307652783937,2.886751345948129,6782.391416995434,1.5275252316519468,2.8867513459481287,3.0,3.4641016151377544,0.0,3.055050463303893,351.7101079013795,691.9537556802478,155.88457268119896,0.0,493.1869152089635,453.6885862938733,173.20508075688772,202.56686138984662,5.773502691896258,0.0,173.20508075688772,104.08329997330664,0.5773502691896258,0.5773502691896258,3.0,1.0,8.0,2.0,-7.0,3.0,1
LRL_2025-12-28_5,23015047,LRL_2025-12-28_5_23015047,3.0,16.0,8.0,28260.0,8.0,1.0,1.0,0.0,0.0,1.0,0.0,0.0,0.0,0.0,0.0,325.0,300.0,250.0,0.0,0.0,50.0,10.0,1.0,0.0,3.3333333333333335,24.333333333333332,7.0,28986.666666666668,4.333333333333333,1.6666666666666667,2.0,0.3333333333333333,0.0,2.3333333333333335,100.0,133.33333333333334,0.0,0.0,366.6666666666667,591.6666666666666,250.0,233.33333333333334,100.0,0.0,266.6666666666667,428.3333333333333,1.0,0.0,2.5166114784235836,22.6789182575654,1.0,1710.009746560917,3.511884584284246,1.1547005383792517,1.7320508075688772,0.5773502691896258,0.0,2.3094010767585034,173.20508075688772,230.9401076758503,0.0,0.0,635.0852961085883,760.8931155775647,86.60254037844386,175.5942292142123,173.20508075688772,0.0,375.27767497325675,733.2518894168179,0.0,0.0,3.0,1.0,6.0,2.0,-5.0,3.0,1
LRL_2025-12-28_5,23010766,LRL_2025-12-28_5_23010766,4.0,135.0,5.0,53165.0,5.0,3.0,3.0,0.0,0.0,5.0,250.0,260.0,0.0,0.0,510.0,850.0,50.0,10.0,0.0,0.0,0.0,425.0,1.0,1.0,3.3333333333333335,144.66666666666666,6.666666666666667,47225.0,4.0,2.0,2.0,0.0,0.0,3.3333333333333335,86.66666666666667,103.33333333333333,0.0,0.0,336.6666666666667,616.6666666666666,116.66666666666667,53.333333333333336,0.0,0.0,53.333333333333336,201.66666666666666,1.0,1.0,2.0816659994661326,15.885003409925138,1.5275252316519465,10939.914304966012,1.7320508075688772,1.0,1.0,0.0,0.0,2.0816659994661326,141.53915830374763,137.96134724383253,0.0,0.0,291.6047553338822,539.2896562454479,76.37626158259734,45.09249752822894,0.0,0.0,83.86497083606082,211.266025033211,0.0,0.0,4.0,5.0,1.0,-1.0,4.0,3.0,1
LRL_2025-12-28_5,23013972,LRL_2025-12-28_5_23013972,4.0,29.0,7.0,53910.0,7.0,6.0,4.0,0.0,0.0,3.0,410.0,300.0,0.0,0.0,400.0,400.0,50.0,100.0,0.0,0.0,100.0,600.0,1.0,1.0,4.0,386.6666666666667,9.0,68728.33333333333,4.333333333333333,5.333333333333333,4.666666666666667,0.0,0.0,3.3333333333333335,426.6666666666667,436.6666666666667,0.0,0.0,320.0,325.0,120.0,53.333333333333336,0.0,0.0,133.33333333333334,483.3333333333333,1.0,0.6666666666666666,1.0,575.0515918883568,3.4641016151377544,28907.20945254546,2.516611478423583,1.1547005383792517,1.1547005383792515,0.0,0.0,0.5773502691896257,20.81665999466133,130.5118130030126,0.0,0.0,98.48857801796105,66.14378277661477,157.1623364550171,45.09249752822894,0.0,0.0,28.867513459481287,160.7275126832159,0.0,0.5773502691896258,4.0,3.0,5.0,1.0,-2.0,3.0,1
LRL_2025-12-28_5,23014565,LRL_2025-12-28_5_23014565,4.0,35.0,7.0,45300.0,6.0,1.0,1.0,1.0,0.0,3.0,0.0,0.0,0.0,0.0,500.0,1150.0,50.0,50.0,10.0,0.0,150.0,75.0,1.0,0.0,6.0,207.0,8.666666666666666,59563.333333333336,8.0,2.3333333333333335,2.6666666666666665,0.3333333333333333,0.0,4.0,136.66666666666666,186.66666666666666,0.0,0.0,520.0,1141.6666666666667,86.66666666666667,150.0,3.3333333333333335,0.0,120.0,375.0,1.0,0.6666666666666666,4.358898943540674,301.3834766539135,3.785938897200183,37441.301170409846,4.358898943540674,1.5275252316519465,2.0816659994661326,0.5773502691896258,0.0,2.6457513110645907,118.46237095944574,180.36999011291576,0.0,0.0,81.8535277187245,487.55341587700246,100.16652800877812,86.60254037844386,5.773502691896258,0.0,98.48857801796105,360.5551275463989,0.0,0.5773502691896258,4.0,3.0,11.0,1.0,-8.0,3.0,1
LRL_2025-12-28_5,23009922,LRL_2025-12-28_5_23009922,1.0,44.0,7.0,45300.0,3.0,5.0,5.0,2.0,0.0,1.0,610.0,260.0,10.0,0.0,0.0,0.0,250.0,250.0,150.0,0.0,300.0,75.0,1.0,0.0,5.666666666666667,244.0,8.333333333333334,75315.0,7.0,5.666666666666667,6.0,0.6666666666666666,0.0,6.0,590.0,573.3333333333334,3.3333333333333335,0.0,743.3333333333334,463.3333333333333,183.33333333333334,136.66666666666666,50.0,0.0,500.0,41.666666666666664,0.6666666666666666,0.0,4.163331998932265,194.27815111329426,1.1547005383792515,43338.25302201278,3.4641016151377544,2.0816659994661326,1.7320508075688772,1.1547005383792517,0.0,4.358898943540674,220.68076490713912,382.7967258654824,5.773502691896258,0.0,688.7912117131964,402.78199231511496,76.37626158259734,120.55427546683416,86.60254037844386,0.0,624.4997998398399,38.18813079129867,0.5773502691896258,0.0,1.0,7.0,9.0,-6.0,-2.0,3.0,1
LRL_2025-12-28_5,23014809,LRL_2025-12-28_5_23014809,1.0,50.0,8.0,28260.0,4.0,3.0,3.0,0.0,0.0,2.0,550.0,260.0,0.0,0.0,50.0,0.0,50.0,350.0,0.0,0.0,250.0,75.0,1.0,0.0,4.333333333333333,551.0,9.0,53883.333333333336,6.333333333333333,4.333333333333333,4.333333333333333,0.0,0.0,4.0,460.0,410.0,0.0,0.0,406.6666666666667,666.6666666666666,200.0,333.3333333333333,0.0,0.0,183.33333333333334,366.6666666666667,1.0,0.6666666666666666,3.5118845842842465,872.9587619126117,3.605551275463989,41733.50492509985,2.5166114784235836,2.3094010767585034,2.3094010767585034,0.0,0.0,2.0,79.37253933193772,155.24174696260025,0.0,0.0,317.8574103797697,582.2012824902856,132.28756555322954,76.37626158259732,0.0,0.0,76.37626158259734,255.3592241007427,0.0,0.5773502691896258,1.0,4.0,8.0,-3.0,-4.0,3.0,1
LRL_2025-12-28_6,22013670,LRL_2025-12-28_6_22013670,2.0,59.0,8.0,23390.0,4.0,2.0,2.0,0.0,0.0,3.0,100.0,400.0,0.0,0.0,250.0,100.0,100.0,10.0,0.0,0.0,300.0,100.0,1.0,0.0,3.0,50.0,7.0,26240.0,4.666666666666667,1.3333333333333333,1.3333333333333333,0.0,0.0,2.6666666666666665,33.333333333333336,133.33333333333334,0.0,0.0,220.0,416.6666666666667,116.66666666666667,120.0,0.0,0.0,200.0,358.3333333333333,1.0,0.3333333333333333,1.7320508075688772,18.24828759089466,1.0,4108.904963612568,0.5773502691896257,0.5773502691896257,0.5773502691896257,0.0,0.0,1.5275252316519465,57.735026918962575,230.9401076758503,0.0,0.0,206.63978319771826,484.9828175650487,28.867513459481287,98.48857801796105,0.0,0.0,100.0,404.9176871085447,0.0,0.5773502691896258,2.0,5.0,2.0,-3.0,3.0,3.0,1
LRL_2025-12-28_6,22003953,LRL_2025-12-28_6_22003953,6.0,64.0,6.0,49735.0,5.0,3.0,6.0,0.0,0.0,6.0,110.0,760.0,0.0,0.0,1560.0,3105.0,200.0,0.0,0.0,0.0,0.0,0.0,1.0,1.0,5.666666666666667,42.0,6.0,46578.333333333336,4.333333333333333,3.3333333333333335,4.333333333333333,2.3333333333333335,0.0,5.0,140.0,356.6666666666667,186.66666666666666,0.0,1153.3333333333333,2048.3333333333335,100.0,66.66666666666667,36.666666666666664,0.0,100.0,8.333333333333334,1.0,0.3333333333333333,0.5773502691896258,24.24871130596428,0.0,10366.93823331331,0.5773502691896257,2.5166114784235836,2.886751345948129,2.5166114784235836,0.0,1.0,157.1623364550171,382.14307966170645,281.1286775363434,0.0,366.10563138708113,928.9824182046361,100.0,115.47005383792515,55.07570547286102,0.0,100.0,14.433756729740644,0.0,0.5773502691896258,6.0,6.0,5.0,0.0,1.0,3.0,1
LRL_2025-12-28_6,22010064,LRL_2025-12-28_6_22010064,2.0,44.0,8.0,27900.0,1.0,1.0,1.0,0.0,0.0,1.0,0.0,0.0,0.0,0.0,0.0,575.0,100.0,350.0,0.0,0.0,200.0,50.0,1.0,1.0,5.666666666666667,116.0,8.666666666666666,29296.666666666668,2.3333333333333335,4.0,3.6666666666666665,1.3333333333333333,0.0,5.333333333333333,256.6666666666667,306.6666666666667,103.33333333333333,0.0,513.3333333333334,828.3333333333334,133.33333333333334,166.66666666666666,50.0,0.0,150.0,33.333333333333336,0.3333333333333333,0.3333333333333333,3.5118845842842465,109.48972554536796,0.5773502691896258,2298.9200363069026,1.5275252316519468,4.358898943540674,3.7859388972001824,2.3094010767585034,0.0,4.041451884327381,260.0640946638604,371.6629297271028,178.978583448784,0.0,536.314584300421,219.4500702513748,152.75252316519467,160.7275126832159,86.60254037844386,0.0,132.28756555322954,28.867513459481287,0.5773502691896258,0.5773502691896258,2.0,9.0,6.0,-7.0,3.0,3.0,1
LRL_2025-12-28_6,22014247,LRL_2025-12-28_6_22014247,7.0,84.0,12.0,29900.0,3.0,12.0,12.0,11.0,0.0,9.0,2110.0,2470.0,1780.0,0.0,920.0,590.0,0.0,0.0,250.0,0.0,200.0,225.0,0.0,0.0,5.666666666666667,187.33333333333334,9.0,35718.333333333336,3.6666666666666665,8.333333333333334,8.333333333333334,6.666666666666667,0.0,7.333333333333333,1393.3333333333333,1380.0,836.6666666666666,0.0,1013.3333333333334,911.6666666666666,300.0,133.33333333333334,83.33333333333333,0.0,100.0,191.66666666666666,0.3333333333333333,0.3333333333333333,1.1547005383792517,153.7313674346694,3.0,8365.330736637572,1.1547005383792517,3.5118845842842465,3.5118845842842465,5.859465277082315,0.0,1.5275252316519465,678.8470618138767,952.2079604792222,894.7811650528488,0.0,349.4757979221642,418.63866679194047,360.5551275463989,115.47005383792515,144.33756729740642,0.0,100.0,38.18813079129866,0.5773502691896258,0.5773502691896258,7.0,5.0,5.0,2.0,0.0,3.0,1
LRL_2025-12-28_6,21003092,LRL_2025-12-28_6_21003092,4.0,830.0,8.0,23390.0,8.0,6.0,6.0,0.0,0.0,5.0,460.0,1160.0,0.0,0.0,850.0,625.0,10.0,50.0,0.0,0.0,200.0,100.0,1.0,0.0,4.666666666666667,365.0,7.666666666666667,24103.333333333332,6.0,6.0,5.333333333333333,0.0,0.0,5.333333333333333,513.3333333333334,790.0,0.0,0.0,833.3333333333334,1041.6666666666667,136.66666666666666,100.0,0.0,0.0,150.0,66.66666666666667,1.0,0.0,1.1547005383792517,405.6118834551079,0.5773502691896257,1385.363971428929,2.0,0.0,1.1547005383792515,0.0,0.0,1.5275252316519465,50.33222956847166,375.099986670221,0.0,0.0,275.3785273643051,453.6885862938733,120.55427546683417,50.0,0.0,0.0,132.28756555322954,28.867513459481287,0.0,0.0,4.0,6.0,4.0,-2.0,2.0,3.0,1
LRL_2025-12-28_6,22000564,LRL_2025-12-28_6_22000564,4.0,117.0,8.0,24050.0,1.0,5.0,5.0,0.0,0.0,5.0,400.0,900.0,0.0,0.0,710.0,800.0,50.0,10.0,0.0,0.0,50.0,350.0,1.0,0.0,4.333333333333333,94.0,7.333333333333333,23496.666666666668,1.6666666666666667,6.0,5.0,1.6666666666666667,0.0,5.333333333333333,540.0,653.3333333333334,203.33333333333334,0.0,820.0,841.6666666666666,100.0,20.0,50.0,0.0,50.0,400.0,1.0,0.0,0.5773502691896258,20.074859899884732,0.5773502691896257,479.2007234273896,1.1547005383792517,1.0,2.0,2.8867513459481287,0.0,0.5773502691896257,233.88031127053,471.2041312778712,352.18366420567173,0.0,199.24858845171275,190.94065395649335,132.28756555322954,26.457513110645905,86.60254037844386,0.0,0.0,50.0,0.0,0.0,4.0,4.0,5.0,0.0,-1.0,3.0,1
LRL_2025-12-28_6,21003278,LRL_2025-12-28_6_21003278,5.0,20.0,8.0,27900.0,8.0,6.0,5.0,0.0,0.0,5.0,510.0,810.0,0.0,0.0,600.0,750.0,100.0,50.0,0.0,0.0,200.0,150.0,1.0,1.0,6.333333333333333,137.66666666666666,7.666666666666667,41800.0,4.333333333333333,6.333333333333333,6.333333333333333,0.0,0.0,6.333333333333333,556.6666666666666,776.6666666666666,0.0,0.0,986.6666666666666,1116.6666666666667,236.66666666666666,250.0,0.0,0.0,166.66666666666666,75.0,1.0,0.3333333333333333,1.1547005383792517,143.12348980280396,0.5773502691896257,12040.348832155985,3.511884584284246,0.5773502691896258,1.5275252316519468,0.0,0.0,1.5275252316519468,50.33222956847166,251.66114784235833,0.0,0.0,430.15501081974315,420.0694387042853,317.8574103797697,390.51248379533274,0.0,0.0,152.75252316519467,75.0,0.0,0.5773502691896258,5.0,7.0,7.0,-2.0,0.0,3.0,1
LRL_2025-12-28_6,19002714,LRL_2025-12-28_6_19002714,7.0,100.0,8.0,27900.0,4.0,5.0,4.0,0.0,0.0,7.0,410.0,760.0,0.0,0.0,810.0,1200.0,100.0,50.0,0.0,0.0,600.0,575.0,1.0,1.0,7.333333333333333,374.6666666666667,8.666666666666666,30600.0,6.0,4.666666666666667,4.333333333333333,0.6666666666666666,0.0,5.666666666666667,426.6666666666667,506.6666666666667,3.3333333333333335,0.0,693.3333333333334,1056.6666666666667,183.33333333333334,150.0,66.66666666666667,0.0,266.6666666666667,425.0,0.3333333333333333,0.3333333333333333,0.5773502691896257,289.49323538440984,0.5773502691896258,2338.268590217984,2.0,3.511884584284246,3.5118845842842465,1.1547005383792517,0.0,1.5275252316519465,435.2393977265079,438.7862045841156,5.773502691896258,0.0,340.34296427770227,128.97028081435406,76.37626158259734,86.60254037844386,115.47005383792515,0.0,292.97326385411577,150.0,0.5773502691896258,0.5773502691896258,7.0,8.0,7.0,-1.0,1.0,3.0,1
LRL_2025-12-28_6,21010127,LRL_2025-12-28_6_21010127,3.0,43.0,8.0,24050.0,5.0,3.0,3.0,0.0,0.0,3.0,250.0,250.0,0.0,0.0,210.0,400.0,50.0,150.0,0.0,0.0,400.0,400.0,1.0,0.0,5.0,161.66666666666666,8.333333333333334,24670.0,5.333333333333333,3.3333333333333335,3.6666666666666665,0.0,0.0,4.333333333333333,240.0,286.6666666666667,0.0,0.0,556.6666666666666,645.0,53.333333333333336,83.33333333333333,0.0,0.0,283.3333333333333,141.66666666666666,0.6666666666666666,0.0,4.358898943540674,211.62781795721781,1.5275252316519465,1840.081519933288,1.5275252316519465,0.5773502691896258,0.5773502691896258,0.0,0.0,2.3094010767585034,215.17434791350013,148.4362938547488,0.0,0.0,378.1974792794544,361.3516293030931,45.09249752822895,57.735026918962575,0.0,0.0,160.7275126832159,224.07216099581254,0.5773502691896258,0.0,3.0,2.0,10.0,1.0,-8.0,3.0,1
LRL_2025-12-28_7,20007754,LRL_2025-12-28_7_20007754,5.0,184.0,9.0,150000.0,6.0,5.0,5.0,4.0,0.0,4.0,450.0,610.0,460.0,0.0,360.0,350.0,10.0,100.0,50.0,0.0,10.0,25.0,1.0,1.0,4.333333333333333,78.66666666666667,8.333333333333334,136666.66666666666,5.666666666666667,4.333333333333333,4.333333333333333,3.6666666666666665,0.0,4.0,260.0,326.6666666666667,273.3333333333333,0.0,293.3333333333333,483.3333333333333,36.666666666666664,83.33333333333333,70.0,0.0,90.0,53.333333333333336,1.0,0.6666666666666666,1.1547005383792517,91.88217092196578,2.0816659994661326,11547.005383792513,4.509249752822894,1.1547005383792517,1.1547005383792517,0.5773502691896257,0.0,0.0,173.49351572897473,247.85748593361737,164.41816606851364,0.0,115.47005383792515,252.89984842489196,23.094010767585033,28.867513459481287,72.11102550927978,0.0,138.5640646055102,62.51666444503684,0.0,0.5773502691896258,5.0,3.0,5.0,2.0,-2.0,3.0,1
LRL_2025-12-28_7,21001063,LRL_2025-12-28_7_21001063,1.0,28.0,8.0,52000.0,5.0,1.0,1.0,1.0,0.0,1.0,0.0,0.0,0.0,0.0,0.0,0.0,150.0,100.0,150.0,0.0,500.0,125.0,1.0,0.0,1.6666666666666667,26.666666666666668,7.333333333333333,58000.0,4.333333333333333,1.6666666666666667,1.6666666666666667,0.3333333333333333,0.0,1.6666666666666667,70.0,36.666666666666664,0.0,0.0,33.333333333333336,51.666666666666664,83.33333333333333,103.33333333333333,50.0,0.0,216.66666666666666,91.66666666666667,1.0,0.0,1.1547005383792517,7.0945988845975885,2.0816659994661326,14933.18452306808,1.1547005383792517,1.1547005383792517,1.1547005383792517,0.5773502691896258,0.0,0.5773502691896257,121.2435565298214,63.50852961085884,0.0,0.0,28.867513459481287,89.489291724392,57.735026918962575,95.04384952922167,86.60254037844386,0.0,246.64414311581237,57.735026918962575,0.0,0.0,1.0,3.0,1.0,-2.0,2.0,3.0,1
LRL_2025-12-28_7,21000715,LRL_2025-12-28_7_21000715,1.0,189.0,7.0,40830.0,4.0,1.0,1.0,0.0,0.0,1.0,0.0,0.0,0.0,0.0,0.0,0.0,10.0,100.0,0.0,0.0,100.0,250.0,1.0,0.0,3.3333333333333335,137.66666666666666,7.333333333333333,49708.333333333336,4.333333333333333,3.0,3.0,0.3333333333333333,0.0,2.0,290.0,110.0,0.0,0.0,170.0,410.0,56.666666666666664,150.0,100.0,0.0,116.66666666666667,208.33333333333334,1.0,0.0,2.0816659994661326,82.92365967161201,0.5773502691896258,7690.276869744895,0.5773502691896258,3.4641016151377544,3.4641016151377544,0.5773502691896258,0.0,1.7320508075688772,502.2947341949744,190.5255888325765,0.0,0.0,294.44863728670913,356.79125549822544,80.82903768654761,132.28756555322954,173.20508075688772,0.0,28.867513459481287,38.18813079129867,0.0,0.0,1.0,4.0,5.0,-3.0,-1.0,3.0,1
LRL_2025-12-28_7,21013111,LRL_2025-12-28_7_21013111,4.0,418.0,5.0,100000.0,5.0,4.0,3.0,0.0,0.0,4.0,210.0,60.0,0.0,0.0,700.0,1400.0,150.0,50.0,0.0,0.0,100.0,450.0,1.0,0.0,4.666666666666667,288.6666666666667,6.666666666666667,69600.0,5.0,5.0,4.333333333333333,3.6666666666666665,0.0,5.666666666666667,360.0,293.3333333333333,460.0,0.0,856.6666666666666,901.6666666666666,203.33333333333334,86.66666666666667,33.333333333333336,0.0,66.66666666666667,233.33333333333334,1.0,0.6666666666666666,3.0550504633038935,127.53953635376497,1.5275252316519465,26455.245226608655,2.0,1.0,1.1547005383792517,4.041451884327381,0.0,2.081665999466133,145.2583904633395,208.16659994661327,441.36152981427824,0.0,493.9973009372959,761.5827816681082,224.79620400116488,100.16652800877813,57.735026918962575,0.0,57.735026918962575,225.46248764114472,0.0,0.5773502691896258,4.0,8.0,2.0,-4.0,6.0,3.0,1
LRL_2025-12-28_8,17011275,LRL_2025-12-28_8_17011275,2.0,427.0,7.0,22400.0,1.0,3.0,3.0,3.0,0.0,2.0,810.0,1050.0,450.0,0.0,500.0,600.0,10.0,200.0,300.0,0.0,100.0,750.0,1.0,0.0,3.6666666666666665,212.0,8.0,25898.333333333332,3.0,5.0,5.0,5.0,0.0,3.3333333333333335,676.6666666666666,693.3333333333334,446.6666666666667,0.0,540.0,420.0,36.666666666666664,116.66666666666667,166.66666666666666,0.0,70.0,333.3333333333333,0.3333333333333333,0.0,1.5275252316519468,194.29101883514844,1.7320508075688772,4254.86877980195,3.4641016151377544,2.0,2.0,2.0,0.0,1.5275252316519468,125.83057392117915,320.36437588054844,35.11884584284247,0.0,105.83005244258362,185.20259177452135,55.07570547286102,104.08329997330664,152.75252316519467,0.0,51.96152422706632,374.4440323110162,0.5773502691896258,0.0,2.0,5.0,4.0,-3.0,1.0,3.0,1
LRL_2025-12-28_8,20012355,LRL_2025-12-28_8_20012355,7.0,201.0,7.0,22400.0,4.0,2.0,5.0,7.0,0.0,7.0,800.0,1260.0,1350.0,0.0,1700.0,3200.0,10.0,100.0,0.0,0.0,0.0,0.0,1.0,0.0,4.0,97.66666666666667,7.666666666666667,19910.0,4.666666666666667,3.6666666666666665,4.666666666666667,5.333333333333333,0.0,4.333333333333333,683.3333333333334,870.0,736.6666666666666,0.0,903.3333333333334,1425.0,120.0,216.66666666666666,503.3333333333333,0.0,53.333333333333336,116.66666666666667,1.0,0.0,2.6457513110645907,90.73771725877465,0.5773502691896257,3200.5155834646393,0.5773502691896257,2.886751345948129,2.5166114784235836,2.8867513459481287,0.0,3.055050463303893,583.8093296045664,710.4224095564554,653.0951946947193,0.0,855.0048732804587,1612.6453422870138,121.2435565298214,246.64414311581237,863.153134347164,0.0,83.86497083606082,125.83057392117915,0.0,0.0,7.0,3.0,2.0,4.0,1.0,3.0,1
LRL_2025-12-28_8,20010550,LRL_2025-12-28_8_20010550,5.0,70.0,7.0,28700.0,2.0,6.0,6.0,7.0,0.0,5.0,360.0,460.0,510.0,0.0,800.0,1400.0,150.0,50.0,0.0,0.0,100.0,75.0,1.0,0.0,5.333333333333333,59.0,8.0,28700.0,3.6666666666666665,5.333333333333333,5.333333333333333,6.0,0.0,5.333333333333333,340.0,393.3333333333333,396.6666666666667,0.0,546.6666666666666,1008.3333333333334,100.0,150.0,66.66666666666667,0.0,150.0,408.3333333333333,1.0,0.0,2.516611478423583,11.0,1.0,0.0,3.7859388972001824,1.1547005383792515,2.0816659994661326,2.6457513110645907,0.0,2.516611478423583,180.83141320025123,83.2666399786453,296.7041174863155,0.0,456.2163229580167,678.3865662978103,50.0,132.28756555322954,57.735026918962575,0.0,132.28756555322954,289.75564417856185,0.0,0.0,5.0,8.0,3.0,-3.0,5.0,3.0,1
LRL_2025-12-28_8,21003341,LRL_2025-12-28_8_21003341,2.0,25.0,7.0,24000.0,6.0,2.0,2.0,2.0,0.0,2.0,100.0,10.0,100.0,0.0,150.0,125.0,50.0,50.0,50.0,0.0,200.0,325.0,1.0,0.0,3.3333333333333335,24.666666666666668,8.333333333333334,22673.333333333332,4.0,4.666666666666667,5.0,4.666666666666667,0.0,3.6666666666666665,356.6666666666667,506.6666666666667,513.3333333333334,0.0,470.0,291.6666666666667,66.66666666666667,150.0,200.0,0.0,200.0,420.0,1.0,0.0,3.214550253664318,2.5166114784235836,1.5275252316519468,4171.346705002274,2.6457513110645907,4.618802153517007,3.0,2.516611478423583,0.0,2.886751345948129,524.4362052083488,626.1256529909418,500.6329327294933,0.0,554.2562584220408,401.81878170803975,76.37626158259734,132.28756555322954,132.28756555322954,0.0,50.0,464.8386816950586,0.0,0.0,2.0,7.0,1.0,-5.0,6.0,3.0,1
LRL_2025-12-28_8,21003590,LRL_2025-12-28_8_21003590,6.0,175.0,8.0,54410.0,1.0,8.0,8.0,6.0,0.0,6.0,2200.0,1950.0,1750.0,0.0,1450.0,3350.0,0.0,0.0,600.0,0.0,1500.0,1875.0,1.0,0.0,4.333333333333333,123.33333333333333,9.666666666666666,52136.666666666664,2.0,8.333333333333334,9.0,8.0,0.0,7.333333333333333,1326.6666666666667,1260.0,1373.3333333333333,0.0,966.6666666666666,1313.3333333333333,6.666666666666667,133.33333333333334,383.3333333333333,0.0,683.3333333333334,701.6666666666666,0.3333333333333333,0.3333333333333333,2.8867513459481287,65.98737252939637,1.5275252316519468,1968.7644179366232,1.0,0.5773502691896255,1.0,1.7320508075688772,0.0,1.1547005383792517,756.5932416651192,599.2495306631454,326.54759734735967,0.0,419.3248541803041,1788.3045974702782,5.773502691896258,125.83057392117915,292.97326385411577,0.0,711.2196097783957,1022.0730567495326,0.5773502691896258,0.5773502691896258,6.0,6.0,1.0,0.0,5.0,3.0,1
LRL_2025-12-28_8,20013396,LRL_2025-12-28_8_20013396,8.0,415.0,9.0,19640.0,4.0,9.0,9.0,9.0,0.0,9.0,1770.0,1410.0,1460.0,0.0,1610.0,1920.0,0.0,0.0,0.0,0.0,0.0,1050.0,1.0,0.0,5.333333333333333,169.66666666666666,7.666666666666667,18546.666666666668,5.333333333333333,7.666666666666667,7.333333333333333,7.0,0.0,7.0,1080.0,846.6666666666666,943.3333333333334,0.0,833.3333333333334,1003.3333333333334,0.0,66.66666666666667,33.333333333333336,0.0,100.0,433.3333333333333,1.0,0.0,2.309401076758503,212.9937401271064,1.1547005383792517,1377.146808925372,1.5275252316519465,1.1547005383792517,1.5275252316519465,2.0,0.0,2.0,635.0590523722971,487.886598845811,448.1443219916251,0.0,697.5910932153114,798.3942217559777,0.0,115.47005383792515,57.735026918962575,0.0,173.20508075688772,534.6338310781813,0.0,0.0,8.0,4.0,4.0,4.0,0.0,3.0,1
LRL_2026-01-09_1,21002201,LRL_2026-01-09_1_21002201,1.0,8.0,7.0,23550.0,7.0,5.0,5.0,3.0,0.0,2.0,460.0,470.0,300.0,0.0,10.0,0.0,100.0,100.0,100.0,0.0,350.0,250.0,1.0,0.0,2.3333333333333335,27.333333333333332,8.0,25040.0,6.0,4.333333333333333,4.333333333333333,3.3333333333333335,0.0,2.3333333333333335,403.3333333333333,506.6666666666667,350.0,0.0,220.0,170.0,100.0,250.0,166.66666666666666,0.0,200.0,416.6666666666667,1.0,0.3333333333333333,1.5275252316519465,23.86070689089771,1.0,1293.174388858672,1.7320508075688772,0.5773502691896257,0.5773502691896257,0.5773502691896258,0.0,0.5773502691896257,55.07570547286101,81.44527815247076,50.0,0.0,196.72315572906,167.5559608011604,50.0,180.27756377319946,160.7275126832159,0.0,132.28756555322954,355.60980488919785,0.0,0.5773502691896258,1.0,2.0,4.0,-1.0,-2.0,3.0,1
LRL_2026-01-09_1,19019286,LRL_2026-01-09_1_19019286,2.0,55.0,5.0,22000.0,4.0,3.0,3.0,3.0,0.0,2.0,400.0,200.0,350.0,0.0,350.0,925.0,300.0,450.0,400.0,0.0,50.0,675.0,1.0,0.0,4.0,295.0,7.333333333333333,24303.333333333332,3.3333333333333335,3.3333333333333335,3.3333333333333335,3.6666666666666665,0.0,4.0,316.6666666666667,253.33333333333334,400.0,0.0,490.0,951.6666666666666,120.0,170.0,170.0,0.0,416.6666666666667,741.6666666666666,1.0,0.3333333333333333,2.0,233.771255718063,2.081665999466133,1996.555366959137,1.1547005383792515,0.5773502691896258,0.5773502691896258,2.0816659994661326,0.0,2.0,104.08329997330665,92.37604307034013,229.128784747792,0.0,323.5737937472687,241.1085509336683,157.1623364550171,243.3105012119288,204.20577856662138,0.0,317.54264805429415,305.50504633038935,0.0,0.5773502691896258,2.0,6.0,4.0,-4.0,2.0,3.0,1
LRL_2026-01-09_1,21019874,LRL_2026-01-09_1_21019874,5.0,314.0,7.0,23550.0,6.0,4.0,5.0,0.0,0.0,6.0,550.0,520.0,0.0,0.0,910.0,1125.0,10.0,150.0,0.0,0.0,250.0,100.0,1.0,0.0,6.333333333333333,418.6666666666667,7.0,26566.666666666668,5.666666666666667,5.666666666666667,5.666666666666667,2.3333333333333335,0.0,6.666666666666667,780.0,913.3333333333334,423.3333333333333,0.0,1526.6666666666667,1926.6666666666667,53.333333333333336,83.33333333333333,0.0,0.0,83.33333333333333,33.333333333333336,1.0,0.3333333333333333,1.1547005383792517,183.02276725405866,0.0,3884.692179997449,0.5773502691896257,1.5275252316519465,1.1547005383792515,4.041451884327381,0.0,0.5773502691896257,300.4995840263344,453.9089482851526,733.2348418708248,0.0,596.1822987420319,723.1931507787759,83.86497083606082,76.37626158259734,0.0,0.0,144.33756729740642,57.735026918962575,0.0,0.5773502691896258,5.0,7.0,7.0,-2.0,0.0,3.0,1
LRL_2026-01-09_1,22006616,LRL_2026-01-09_1_22006616,6.0,85.0,7.0,17500.0,5.0,4.0,3.0,6.0,0.0,6.0,250.0,200.0,270.0,0.0,500.0,950.0,10.0,10.0,100.0,0.0,400.0,775.0,1.0,1.0,4.0,43.666666666666664,7.333333333333333,27566.666666666668,6.666666666666667,6.0,5.333333333333333,3.6666666666666665,0.0,5.0,603.3333333333334,636.6666666666666,340.0,0.0,553.3333333333334,533.3333333333334,36.666666666666664,136.66666666666666,200.0,0.0,233.33333333333334,508.3333333333333,1.0,0.3333333333333333,2.6457513110645907,36.143233576055884,0.5773502691896257,8717.98906476335,1.5275252316519465,2.0,2.081665999466133,3.2145502536643185,0.0,1.0,487.886598845811,392.47080570831423,379.86839826445157,0.0,185.83146486355136,485.62674281111555,55.07570547286102,148.43629385474878,264.5751311064591,0.0,152.75252316519467,305.50504633038935,0.0,0.5773502691896258,6.0,1.0,5.0,5.0,-4.0,3.0,1
LRL_2026-01-09_1,21008045,LRL_2026-01-09_1_21008045,6.0,124.0,7.0,25200.0,4.0,4.0,4.0,4.0,0.0,5.0,70.0,410.0,760.0,0.0,770.0,1450.0,500.0,400.0,350.0,0.0,200.0,675.0,1.0,1.0,6.333333333333333,206.0,7.666666666666667,23856.666666666668,4.0,2.6666666666666665,2.6666666666666665,2.0,0.0,4.333333333333333,73.33333333333333,173.33333333333334,303.3333333333333,0.0,430.0,1235.0,233.33333333333334,183.33333333333334,166.66666666666666,0.0,73.33333333333333,333.3333333333333,0.6666666666666666,0.6666666666666666,1.5275252316519468,79.17070165155795,0.5773502691896257,2475.4056906562478,1.0,1.1547005383792515,1.1547005383792515,2.0,0.0,1.1547005383792517,25.166114784235834,209.8412098071619,402.53364248635586,0.0,300.4995840263344,309.7176133189716,230.9401076758503,189.29694486000912,175.59422921421233,0.0,109.6965511460289,337.5771516754849,0.5773502691896258,0.5773502691896258,6.0,5.0,8.0,1.0,-3.0,3.0,1
LRL_2026-01-09_1,19017639,LRL_2026-01-09_1_19017639,3.0,40.0,5.0,22000.0,3.0,2.0,2.0,2.0,0.0,3.0,150.0,150.0,100.0,0.0,400.0,1600.0,250.0,50.0,250.0,0.0,400.0,350.0,1.0,0.0,2.6666666666666665,48.666666666666664,6.666666666666667,24190.0,3.6666666666666665,2.3333333333333335,2.3333333333333335,1.3333333333333333,0.0,1.6666666666666667,103.33333333333333,73.33333333333333,33.333333333333336,0.0,133.33333333333334,633.3333333333334,153.33333333333334,133.33333333333334,136.66666666666666,0.0,216.66666666666666,433.3333333333333,1.0,0.6666666666666666,0.5773502691896258,25.146238950056397,1.5275252316519465,1898.4994074268236,2.0816659994661326,0.5773502691896257,0.5773502691896257,0.5773502691896257,0.0,1.1547005383792517,80.82903768654761,70.94598884597588,57.735026918962575,0.0,230.9401076758503,846.438617581531,126.62279942148386,144.33756729740645,120.55427546683417,0.0,160.7275126832159,144.33756729740645,0.0,0.5773502691896258,3.0,2.0,3.0,1.0,-1.0,3.0,1
LRL_2026-01-09_1,20018653,LRL_2026-01-09_1_20018653,3.0,593.0,11.0,26800.0,8.0,10.0,10.0,10.0,0.0,2.0,670.0,530.0,390.0,0.0,200.0,350.0,50.0,300.0,3000.0,0.0,100.0,50.0,1.0,0.0,6.666666666666667,624.3333333333334,10.0,26473.333333333332,7.666666666666667,9.333333333333334,9.333333333333334,3.3333333333333335,0.0,6.333333333333333,1166.6666666666667,1013.3333333333334,130.0,0.0,606.6666666666666,680.0,33.333333333333336,133.33333333333334,1000.0,0.0,100.0,200.0,0.3333333333333333,0.0,3.214550253664318,141.62391511793948,1.0,291.43323992525825,0.5773502691896258,0.5773502691896258,0.5773502691896258,5.773502691896258,0.0,3.7859388972001824,851.606325324873,951.9628844305503,225.16660498395404,0.0,587.3102530463208,520.4805471869241,28.867513459481287,152.75252316519467,1732.0508075688772,0.0,100.0,304.138126514911,0.5773502691896258,0.0,3.0,8.0,9.0,-5.0,-1.0,3.0,1
LRL_2026-01-09_1,22014043,LRL_2026-01-09_1_22014043,4.0,46.0,7.0,25200.0,6.0,7.0,7.0,5.0,0.0,4.0,820.0,1010.0,1110.0,0.0,760.0,625.0,0.0,0.0,10.0,0.0,10.0,325.0,1.0,1.0,2.3333333333333335,259.0,8.333333333333334,23580.0,4.0,6.0,5.0,4.0,0.0,4.333333333333333,646.6666666666666,676.6666666666666,673.3333333333334,0.0,626.6666666666666,500.0,83.33333333333333,103.33333333333333,136.66666666666666,0.0,40.0,128.33333333333334,0.6666666666666666,0.3333333333333333,1.5275252316519468,388.13528569301707,1.5275252316519468,5938.114178760796,1.7320508075688772,1.0,2.0,1.7320508075688772,0.0,2.516611478423583,155.34906930308057,308.9228598426043,518.684232778801,0.0,522.9085324732551,450.6939094329987,104.08329997330664,170.39170558842744,109.6965511460289,0.0,51.96152422706632,171.4885807665727,0.5773502691896258,0.5773502691896258,4.0,2.0,1.0,2.0,1.0,3.0,1
LRL_2026-01-09_1,21004183,LRL_2026-01-09_1_21004183,4.0,219.0,6.0,20000.0,1.0,1.0,1.0,3.0,0.0,4.0,0.0,0.0,100.0,0.0,400.0,1075.0,200.0,150.0,10.0,0.0,200.0,250.0,1.0,0.0,7.666666666666667,311.0,9.333333333333334,23793.333333333332,4.333333333333333,2.0,1.3333333333333333,1.3333333333333333,0.0,5.666666666666667,53.333333333333336,3.3333333333333335,33.333333333333336,0.0,416.6666666666667,950.0,103.33333333333333,86.66666666666667,36.666666666666664,0.0,70.0,158.33333333333334,0.3333333333333333,0.3333333333333333,3.214550253664318,229.28802847074246,3.055050463303893,3356.8040355870244,4.932882862316247,1.7320508075688772,0.5773502691896257,1.5275252316519468,0.0,3.7859388972001824,92.37604307034013,5.773502691896258,57.735026918962575,0.0,125.83057392117917,145.68802284333466,95.04384952922169,70.94598884597588,55.07570547286102,0.0,112.69427669584645,137.68926368215256,0.5773502691896258,0.5773502691896258,4.0,10.0,9.0,-6.0,1.0,3.0,1
LRL_2026-01-09_2,20008666,LRL_2026-01-09_2_20008666,4.0,49.0,7.0,22000.0,4.0,3.0,4.0,0.0,0.0,5.0,350.0,250.0,0.0,0.0,310.0,625.0,10.0,100.0,0.0,0.0,100.0,75.0,1.0,1.0,2.6666666666666665,46.666666666666664,6.333333333333333,26666.666666666668,4.666666666666667,4.666666666666667,4.666666666666667,0.0,0.0,4.0,376.6666666666667,323.3333333333333,0.0,0.0,353.3333333333333,450.0,20.0,50.0,0.0,0.0,86.66666666666667,100.0,1.0,1.0,1.5275252316519465,20.5993527406405,1.1547005383792517,7234.178138070235,2.0816659994661326,2.0816659994661326,2.0816659994661326,0.0,0.0,1.0,30.550504633038937,64.29100507328637,0.0,0.0,83.86497083606082,392.9058411375428,26.457513110645905,50.0,0.0,0.0,70.94598884597588,25.0,0.0,0.0,4.0,3.0,1.0,1.0,2.0,3.0,1
LRL_2026-01-09_2,20011876,LRL_2026-01-09_2_20011876,1.0,22.0,9.0,25980.0,7.0,3.0,3.0,3.0,0.0,4.0,160.0,150.0,160.0,0.0,110.0,0.0,100.0,10.0,200.0,0.0,150.0,25.0,0.0,0.0,2.3333333333333335,29.0,9.666666666666666,21660.0,6.0,3.3333333333333335,3.3333333333333335,3.3333333333333335,0.0,3.3333333333333335,190.0,160.0,160.0,0.0,153.33333333333334,93.33333333333333,116.66666666666667,53.333333333333336,183.33333333333334,0.0,100.0,225.0,0.3333333333333333,0.0,2.3094010767585034,9.643650760992955,0.5773502691896258,4030.731943456424,1.7320508075688772,0.5773502691896257,0.5773502691896257,1.5275252316519465,0.0,2.0816659994661326,98.48857801796105,145.2583904633395,150.0,0.0,178.978583448784,161.65807537309522,28.867513459481287,45.09249752822894,28.867513459481287,0.0,50.0,246.22144504490262,0.5773502691896258,0.0,1.0,1.0,5.0,0.0,-4.0,3.0,1
LRL_2026-01-09_2,19011495,LRL_2026-01-09_2_19011495,5.0,19.0,6.0,20700.0,4.0,2.0,1.0,0.0,0.0,3.0,50.0,0.0,0.0,0.0,160.0,600.0,150.0,10.0,0.0,0.0,100.0,1225.0,1.0,1.0,4.333333333333333,20.333333333333332,6.333333333333333,24660.0,3.6666666666666665,1.3333333333333333,1.0,0.0,0.0,2.0,16.666666666666668,0.0,0.0,0.0,70.0,408.3333333333333,116.66666666666667,103.33333333333333,0.0,0.0,203.33333333333334,600.0,1.0,1.0,3.055050463303893,14.047538337136984,0.5773502691896257,7208.106547492205,1.5275252316519468,0.5773502691896257,0.0,0.0,0.0,1.0,28.867513459481287,0.0,0.0,0.0,81.8535277187245,353.8478957593691,57.735026918962575,95.04384952922167,0.0,0.0,260.83200212652844,612.8825336065631,0.0,0.0,5.0,7.0,1.0,-2.0,6.0,3.0,1
LRL_2026-01-09_2,21000672,LRL_2026-01-09_2_21000672,6.0,96.0,8.0,32610.0,4.0,7.0,8.0,0.0,0.0,7.0,910.0,1010.0,0.0,0.0,1250.0,1525.0,100.0,0.0,0.0,0.0,1500.0,125.0,1.0,1.0,5.0,78.0,7.666666666666667,55196.666666666664,3.3333333333333335,5.0,5.666666666666667,0.0,0.0,4.666666666666667,476.6666666666667,673.3333333333334,0.0,0.0,653.3333333333334,783.3333333333334,70.0,53.333333333333336,0.0,0.0,616.6666666666666,141.66666666666666,1.0,1.0,1.0,57.16642371182581,0.5773502691896257,38801.26587282087,2.0816659994661326,2.6457513110645907,3.214550253664318,0.0,0.0,3.214550253664318,430.0387579432037,499.0323970779185,0.0,0.0,626.9237061503842,684.8053251350586,51.96152422706632,83.86497083606082,0.0,0.0,775.134396948899,125.83057392117915,0.0,0.0,6.0,4.0,5.0,2.0,-1.0,3.0,1
LRL_2026-01-09_2,18019913,LRL_2026-01-09_2_18019913,6.0,37.0,10.0,30800.0,2.0,5.0,3.0,0.0,0.0,7.0,80.0,110.0,0.0,0.0,330.0,505.0,10.0,10.0,0.0,0.0,150.0,225.0,1.0,0.0,4.0,30.333333333333332,10.333333333333334,40266.666666666664,4.333333333333333,4.333333333333333,3.6666666666666665,0.0,0.0,4.666666666666667,263.3333333333333,306.6666666666667,0.0,0.0,346.6666666666667,305.0,10.0,136.66666666666666,0.0,0.0,86.66666666666667,86.66666666666667,1.0,0.3333333333333333,2.0,16.072751268321593,0.5773502691896258,8198.373822492686,2.516611478423583,2.0816659994661326,2.0816659994661326,0.0,0.0,2.081665999466133,300.3886371574886,349.33269720043864,0.0,0.0,56.86240703077328,249.79991993593592,0.0,185.8314648635514,0.0,0.0,70.94598884597588,120.03471720020559,0.0,0.5773502691896258,6.0,2.0,4.0,4.0,-2.0,3.0,1
LRL_2026-01-09_2,19010112,LRL_2026-01-09_2_19010112,9.0,0.0,10.0,30000.0,5.0,7.0,7.0,8.0,9.0,9.0,960.0,1650.0,1380.0,,,,150.0,200.0,10.0,,,,0.0,0.0,6.0,40.333333333333336,8.333333333333334,26666.666666666668,6.0,4.666666666666667,4.666666666666667,5.333333333333333,7.333333333333333,6.0,686.6666666666666,850.0,676.6666666666666,1060.0,10.0,175.0,600.0,200.0,36.666666666666664,50.0,50.0,25.0,0.0,0.0,3.605551275463989,35.3600527903075,1.5275252316519468,5773.5026918962585,1.0,2.081665999466133,2.081665999466133,2.516611478423583,1.5275252316519465,3.605551275463989,422.532050066422,700.0,613.7045977775736,919.2388155425118,,,614.4102863722254,0.0,23.094010767585033,70.71067811865476,,,0.0,0.0,9.0,7.0,2.0,2.0,5.0,3.0,1
LRL_2026-01-09_3,21007150,LRL_2026-01-09_3_21007150,3.0,145.0,11.0,27200.0,2.0,1.0,1.0,0.0,0.0,1.0,0.0,0.0,0.0,0.0,0.0,475.0,200.0,150.0,0.0,0.0,50.0,75.0,1.0,1.0,5.0,93.66666666666667,9.333333333333334,25706.666666666668,4.666666666666667,2.0,2.0,0.0,0.0,4.333333333333333,66.66666666666667,10.0,0.0,0.0,496.6666666666667,1626.6666666666667,250.0,183.33333333333334,0.0,0.0,50.0,41.666666666666664,1.0,0.3333333333333333,2.6457513110645907,44.85903847981289,1.5275252316519468,1356.6994263039012,3.785938897200183,1.7320508075688772,1.7320508075688772,0.0,0.0,3.5118845842842465,115.47005383792515,17.320508075688775,0.0,0.0,678.6997372427171,1994.745180050157,86.60254037844386,28.867513459481287,0.0,0.0,50.0,38.18813079129867,0.0,0.5773502691896258,3.0,8.0,4.0,-5.0,4.0,3.0,1
LRL_2026-01-09_3,22006600,LRL_2026-01-09_3_22006600,2.0,169.0,11.0,27200.0,8.0,9.0,9.0,0.0,0.0,6.0,1160.0,1160.0,0.0,0.0,520.0,425.0,10.0,200.0,0.0,0.0,200.0,50.0,1.0,1.0,4.666666666666667,101.66666666666667,9.333333333333334,26146.666666666668,5.333333333333333,7.666666666666667,7.333333333333333,2.6666666666666665,0.0,6.666666666666667,956.6666666666666,1140.0,223.33333333333334,0.0,966.6666666666666,875.0,186.66666666666666,136.66666666666666,16.666666666666668,0.0,200.0,83.33333333333333,1.0,0.3333333333333333,3.7859388972001824,59.969436660129915,1.5275252316519468,945.8505872141403,2.516611478423583,1.1547005383792517,2.0816659994661326,4.618802153517007,0.0,2.081665999466133,234.59184413217213,270.55498516937365,386.82468035704926,0.0,601.0268990097975,417.58232721225164,170.39170558842744,109.6965511460289,28.867513459481287,0.0,200.0,104.08329997330664,0.0,0.5773502691896258,2.0,9.0,3.0,-7.0,6.0,3.0,1
LRL_2026-01-09_3,22008704,LRL_2026-01-09_3_22008704,5.0,134.0,7.0,23550.0,6.0,6.0,6.0,5.0,0.0,4.0,560.0,570.0,500.0,0.0,560.0,2000.0,200.0,450.0,500.0,0.0,300.0,450.0,1.0,0.0,5.0,238.0,8.0,24930.0,5.333333333333333,4.0,4.0,2.3333333333333335,0.0,3.3333333333333335,470.0,590.0,216.66666666666666,0.0,636.6666666666666,1400.0,86.66666666666667,233.33333333333334,200.0,0.0,220.0,375.0,1.0,0.0,0.0,174.10628937519746,1.0,1220.9832103677757,1.1547005383792515,1.7320508075688772,1.7320508075688772,2.516611478423583,0.0,0.5773502691896258,108.16653826391968,250.59928172283335,256.58007197234423,0.0,282.9016319029166,655.7438524302,100.16652800877812,189.29694486000912,264.5751311064591,0.0,183.5755975068582,319.1786333700926,0.0,0.0,5.0,5.0,5.0,0.0,0.0,3.0,1
LRL_2026-01-09_3,22013499,LRL_2026-01-09_3_22013499,6.0,45.0,10.0,25050.0,5.0,1.0,1.0,0.0,0.0,3.0,0.0,0.0,0.0,0.0,250.0,1225.0,250.0,100.0,0.0,0.0,200.0,5.0,1.0,0.0,6.333333333333333,192.33333333333334,8.666666666666666,38093.333333333336,3.3333333333333335,1.0,1.0,0.0,0.0,4.666666666666667,0.0,0.0,0.0,0.0,486.6666666666667,1570.0,150.0,150.0,0.0,0.0,266.6666666666667,143.33333333333334,0.6666666666666666,0.3333333333333333,2.516611478423583,139.7473911503658,2.309401076758503,11302.417145607984,1.5275252316519468,0.0,0.0,0.0,0.0,2.886751345948129,0.0,0.0,0.0,0.0,256.96951829610714,447.017896733453,100.0,50.0,0.0,0.0,208.16659994661327,201.886932051912,0.5773502691896258,0.5773502691896258,6.0,9.0,4.0,-3.0,5.0,3.0,1
LRL_2026-01-09_3,22001204,LRL_2026-01-09_3_22001204,9.0,525.0,10.0,90000.0,10.0,9.0,9.0,8.0,0.0,8.0,730.0,770.0,700.0,0.0,1350.0,1270.0,150.0,200.0,50.0,0.0,50.0,1225.0,0.0,0.0,7.5,405.0,10.0,90000.0,5.5,9.5,9.5,4.0,0.0,8.5,710.0,845.0,350.0,0.0,1265.0,1375.0,75.0,100.0,25.0,0.0,30.0,737.5,0.5,0.0,2.1213203435596424,169.7056274847714,0.0,0.0,6.363961030678928,0.7071067811865476,0.7071067811865476,5.656854249492381,0.0,0.7071067811865476,28.284271247461902,106.06601717798213,494.9747468305833,0.0,120.20815280171308,148.49242404917499,106.06601717798213,141.4213562373095,35.35533905932738,0.0,28.284271247461902,689.4291116568838,0.7071067811865476,0.0,9.0,6.0,,3.0,,2.0,1
LRL_2026-01-09_3,22008736,LRL_2026-01-09_3_22008736,7.0,59.0,7.0,30500.0,5.0,5.0,6.0,0.0,0.0,6.0,610.0,810.0,0.0,0.0,960.0,1050.0,400.0,400.0,0.0,0.0,150.0,0.0,1.0,0.0,7.0,59.0,7.0,30500.0,5.0,5.0,6.0,0.0,0.0,6.0,610.0,810.0,0.0,0.0,960.0,1050.0,400.0,400.0,0.0,0.0,150.0,0.0,1.0,0.0,,,,,,,,,,,,,,,,,,,,,,,,,7.0,,,,,1.0,1
LRL_2026-01-09_3,22010701,LRL_2026-01-09_3_22010701,7.0,551.0,8.0,40000.0,5.0,4.0,5.0,0.0,0.0,7.0,160.0,460.0,0.0,0.0,1410.0,1885.0,200.0,100.0,0.0,0.0,1200.0,1075.0,0.0,1.0,7.0,596.0,8.0,36000.0,4.0,6.0,6.5,0.0,0.0,7.0,485.0,580.0,0.0,0.0,1180.0,1542.5,100.0,50.0,0.0,0.0,675.0,562.5,0.0,0.5,0.0,63.63961030678928,0.0,5656.85424949238,1.4142135623730951,2.8284271247461903,2.1213203435596424,0.0,0.0,0.0,459.6194077712559,169.7056274847714,0.0,0.0,325.2691193458119,484.36814511278504,141.4213562373095,70.71067811865476,0.0,0.0,742.4621202458749,724.7844507162113,0.0,0.7071067811865476,7.0,7.0,,0.0,,2.0,1
LRL_2026-01-09_3,20004494,LRL_2026-01-09_3_20004494,11.0,1340.0,11.0,27200.0,1.0,11.0,11.0,0.0,0.0,11.0,1370.0,1710.0,0.0,0.0,1570.0,2000.0,0.0,0.0,0.0,0.0,0.0,0.0,1.0,1.0,9.666666666666666,676.0,10.333333333333334,26930.0,4.666666666666667,7.666666666666667,8.666666666666666,0.0,0.0,9.666666666666666,1073.3333333333333,1260.0,0.0,0.0,1166.6666666666667,1265.0,33.333333333333336,33.333333333333336,0.0,0.0,203.33333333333334,116.66666666666667,0.6666666666666666,0.6666666666666666,1.5275252316519468,588.0484673902314,0.5773502691896258,1760.5964898295124,4.725815626252609,4.163331998932265,3.214550253664318,0.0,0.0,1.1547005383792515,816.4761682580412,745.0503338701352,0.0,0.0,450.81407845511364,829.8945716173832,28.867513459481287,57.735026918962575,0.0,0.0,343.5597958628648,202.07259421636903,0.5773502691896258,0.5773502691896258,11.0,8.0,10.0,3.0,-2.0,3.0,1
LRL_2026-01-09_3,22008884,LRL_2026-01-09_3_22008884,8.0,87.0,8.0,23720.0,3.0,1.0,2.0,6.0,0.0,8.0,0.0,10.0,1900.0,0.0,3200.0,10450.0,10.0,200.0,100.0,0.0,0.0,0.0,1.0,0.0,6.333333333333333,85.33333333333333,8.666666666666666,24823.333333333332,3.3333333333333335,2.6666666666666665,3.0,3.3333333333333335,0.0,6.0,316.6666666666667,303.3333333333333,883.3333333333334,0.0,1783.3333333333333,4770.0,86.66666666666667,216.66666666666666,66.66666666666667,0.0,16.666666666666668,150.0,1.0,0.0,2.886751345948129,37.52776749732568,1.1547005383792515,1009.2736662240495,1.5275252316519465,1.5275252316519468,1.0,3.0550504633038935,0.0,3.4641016151377544,325.32035493238556,258.90796305508513,956.9918146637062,0.0,1506.9284433354271,5182.055576699269,100.16652800877813,125.83057392117915,57.735026918962575,0.0,28.867513459481287,259.8076211353316,0.0,0.0,8.0,3.0,8.0,5.0,-5.0,3.0,1
LRL_2026-01-09_3,22004908,LRL_2026-01-09_3_22004908,5.0,97.0,11.0,27200.0,4.0,7.0,7.0,0.0,0.0,3.0,710.0,610.0,0.0,0.0,400.0,725.0,300.0,500.0,0.0,0.0,10.0,200.0,1.0,1.0,5.666666666666667,204.66666666666666,10.666666666666666,23246.666666666668,6.333333333333333,8.0,6.666666666666667,0.0,0.0,5.333333333333333,586.6666666666666,480.0,0.0,0.0,430.0,418.3333333333333,170.0,216.66666666666666,0.0,0.0,10.0,103.33333333333333,0.6666666666666666,0.6666666666666666,3.0550504633038935,162.83836566771768,0.5773502691896258,8035.828105014028,3.2145502536643185,1.0,0.5773502691896258,0.0,0.0,2.081665999466133,120.13880860626733,147.30919862656236,0.0,0.0,79.37253933193772,280.4163571073081,147.30919862656236,246.64414311581237,0.0,0.0,0.0,95.04384952922169,0.5773502691896258,0.5773502691896258,5.0,9.0,3.0,-4.0,6.0,3.0,1
LRL_2026-01-09_4,21006430,LRL_2026-01-09_4_21006430,8.0,197.0,9.0,25520.0,2.0,2.0,2.0,0.0,0.0,2.0,200.0,200.0,0.0,0.0,400.0,430.0,300.0,350.0,0.0,0.0,100.0,100.0,1.0,0.0,6.333333333333333,99.33333333333333,9.0,32673.333333333332,5.333333333333333,1.3333333333333333,1.0,0.0,0.0,1.6666666666666667,66.66666666666667,66.66666666666667,0.0,0.0,200.0,635.0,166.66666666666666,150.0,0.0,0.0,103.33333333333333,175.0,1.0,0.0,4.725815626252609,94.65903725124893,2.0,7686.360213607826,4.163331998932265,0.5773502691896257,1.0,0.0,0.0,0.5773502691896257,115.47005383792515,115.47005383792515,0.0,0.0,200.0,758.5677293426079,115.47005383792515,180.27756377319946,0.0,0.0,95.04384952922169,108.97247358851683,0.0,0.0,8.0,1.0,10.0,7.0,-9.0,3.0,1
LRL_2026-01-09_4,22015100,LRL_2026-01-09_4_22015100,2.0,4.0,7.0,27760.0,6.0,1.0,1.0,0.0,0.0,2.0,0.0,0.0,0.0,0.0,10.0,100.0,100.0,50.0,0.0,0.0,250.0,475.0,1.0,0.0,3.3333333333333335,9.666666666666666,7.0,34736.666666666664,5.0,2.6666666666666665,3.0,0.0,0.0,3.3333333333333335,76.66666666666667,110.0,0.0,0.0,226.66666666666666,368.3333333333333,83.33333333333333,83.33333333333333,0.0,0.0,170.0,300.0,1.0,0.0,1.5275252316519465,4.932882862316248,1.0,9846.625479489578,1.0,2.8867513459481287,2.6457513110645907,0.0,0.0,2.3094010767585034,132.7905619136139,115.32562594670796,0.0,0.0,205.993527406405,238.2400749943916,28.867513459481287,57.735026918962575,0.0,0.0,138.5640646055102,163.93596310755,0.0,0.0,2.0,3.0,5.0,-1.0,-2.0,3.0,1
LRL_2026-01-09_4,21018316,LRL_2026-01-09_4_21018316,6.0,136.0,6.0,48000.0,4.0,6.0,6.0,0.0,0.0,6.0,410.0,610.0,0.0,0.0,910.0,1400.0,0.0,0.0,0.0,0.0,0.0,0.0,1.0,0.0,5.666666666666667,125.66666666666667,7.666666666666667,51126.666666666664,4.0,3.0,2.6666666666666665,0.0,0.0,4.0,186.66666666666666,203.33333333333334,0.0,0.0,460.0,966.6666666666666,100.0,20.0,0.0,0.0,53.333333333333336,111.66666666666667,1.0,0.0,1.5275252316519468,77.02164198024691,1.5275252316519465,4184.272139014543,3.0,2.6457513110645907,2.886751345948129,0.0,0.0,2.6457513110645907,207.44477176668815,352.18366420567173,0.0,0.0,455.08241011931017,585.9465277082315,100.0,26.457513110645905,0.0,0.0,83.86497083606082,184.81973199129288,0.0,0.0,6.0,7.0,4.0,-1.0,3.0,3.0,1
LRL_2026-01-09_4,18012283,LRL_2026-01-09_4_18012283,6.0,43.0,6.0,28000.0,3.0,3.0,2.0,0.0,0.0,4.0,20.0,10.0,0.0,0.0,400.0,650.0,500.0,300.0,0.0,0.0,10.0,0.0,1.0,0.0,6.0,88.0,6.333333333333333,39333.333333333336,4.666666666666667,2.6666666666666665,2.3333333333333335,0.0,0.0,5.0,60.0,106.66666666666667,0.0,0.0,550.0,1050.0,203.33333333333334,106.66666666666667,0.0,0.0,103.33333333333333,33.333333333333336,1.0,0.0,0.0,44.034077712607996,0.5773502691896257,14011.899704655802,2.081665999466133,0.5773502691896258,0.5773502691896257,0.0,0.0,1.0,45.8257569495584,167.43157806499147,0.0,0.0,132.28756555322954,377.4917217635375,260.83200212652844,167.43157806499147,0.0,0.0,95.04384952922169,57.735026918962575,0.0,0.0,6.0,6.0,6.0,0.0,0.0,3.0,1
LRL_2026-01-09_4,20007029,LRL_2026-01-09_4_20007029,4.0,84.0,6.0,53795.0,2.0,2.0,3.0,0.0,0.0,4.0,100.0,200.0,0.0,0.0,500.0,775.0,100.0,100.0,0.0,0.0,300.0,75.0,1.0,0.0,3.6666666666666665,69.33333333333333,7.666666666666667,50405.0,3.0,3.3333333333333335,3.0,0.0,0.0,3.6666666666666665,190.0,353.3333333333333,0.0,0.0,503.3333333333333,841.6666666666666,53.333333333333336,133.33333333333334,0.0,0.0,200.0,225.0,1.0,0.0,0.5773502691896258,49.652123150307816,1.5275252316519465,7480.205545304219,1.7320508075688772,2.3094010767585034,1.0,0.0,0.0,0.5773502691896258,79.37253933193772,185.8314648635514,0.0,0.0,145.0287327853806,115.47005383792515,45.09249752822894,57.735026918962575,0.0,0.0,132.28756555322954,163.93596310755,0.0,0.0,4.0,3.0,4.0,1.0,-1.0,3.0,1
LRL_2026-01-09_4,19000681,LRL_2026-01-09_4_19000681,9.0,392.0,9.0,53900.0,6.0,2.0,5.0,0.0,0.0,8.0,50.0,360.0,0.0,0.0,1250.0,1840.0,50.0,100.0,0.0,0.0,50.0,0.0,1.0,0.0,7.333333333333333,544.6666666666666,8.0,52300.0,4.333333333333333,4.0,5.0,2.6666666666666665,0.0,6.666666666666667,303.3333333333333,390.0,290.0,0.0,1043.3333333333333,1573.3333333333333,166.66666666666666,103.33333333333333,233.33333333333334,0.0,200.0,25.0,1.0,0.0,2.8867513459481287,364.8017726565118,1.7320508075688772,23540.8156188353,1.5275252316519465,2.6457513110645907,2.0,4.618802153517007,0.0,2.3094010767585034,283.7839553839035,206.63978319771826,502.2947341949744,0.0,606.9870948655608,496.92387076224594,160.7275126832159,95.04384952922169,404.14518843273805,0.0,132.28756555322954,43.30127018922193,0.0,0.0,9.0,9.0,4.0,0.0,5.0,3.0,1
LRL_2026-01-09_5,22016324,LRL_2026-01-09_5_22016324,5.0,268.0,6.0,24700.0,4.0,6.0,6.0,6.0,0.0,5.0,560.0,460.0,420.0,0.0,800.0,1275.0,0.0,0.0,0.0,0.0,10.0,50.0,1.0,0.0,4.0,157.33333333333334,6.0,22133.333333333332,3.6666666666666665,4.333333333333333,5.0,2.0,0.0,4.666666666666667,393.3333333333333,426.6666666666667,140.0,0.0,556.6666666666666,733.3333333333334,36.666666666666664,86.66666666666667,0.0,0.0,120.0,250.0,1.0,0.3333333333333333,1.0,97.70533932868426,0.0,4445.597072760118,0.5773502691896257,1.5275252316519465,1.0,3.4641016151377544,0.0,0.5773502691896258,246.6441431158124,251.6611478423583,242.4871130596428,0.0,346.4582706955245,563.6562191028618,55.07570547286102,141.53915830374763,0.0,0.0,121.2435565298214,304.138126514911,0.0,0.5773502691896258,5.0,4.0,3.0,1.0,1.0,3.0,1
LRL_2026-01-09_5,20016773,LRL_2026-01-09_5_20016773,5.0,61.0,7.0,29935.0,5.0,4.0,3.0,4.0,0.0,5.0,250.0,350.0,1100.0,0.0,1110.0,2050.0,100.0,100.0,150.0,0.0,400.0,125.0,1.0,0.0,5.0,117.33333333333333,8.333333333333334,62993.333333333336,4.0,3.6666666666666665,2.6666666666666665,3.3333333333333335,0.0,5.0,266.6666666666667,270.0,506.6666666666667,0.0,593.3333333333334,1010.0,183.33333333333334,133.33333333333334,103.33333333333333,0.0,200.0,48.333333333333336,0.3333333333333333,0.0,2.0,71.66821703749392,1.5275252316519468,53738.65515932952,1.7320508075688772,2.516611478423583,1.5275252316519468,2.0816659994661326,0.0,3.0,275.3785273643051,240.20824298928628,555.097589017763,0.0,530.5029060555025,944.6824863413103,76.37626158259734,57.735026918962575,80.82903768654761,0.0,200.0,66.39528095680696,0.5773502691896258,0.0,5.0,3.0,7.0,2.0,-4.0,3.0,1
LRL_2026-01-09_5,20003013,LRL_2026-01-09_5_20003013,6.0,29.0,7.0,20260.0,7.0,4.0,4.0,0.0,0.0,6.0,550.0,360.0,0.0,0.0,760.0,1700.0,50.0,50.0,0.0,0.0,200.0,25.0,1.0,1.0,3.6666666666666665,40.333333333333336,7.0,20800.0,4.0,5.333333333333333,4.0,0.0,0.0,3.6666666666666665,563.3333333333334,456.6666666666667,0.0,0.0,586.6666666666666,900.0,133.33333333333334,36.666666666666664,0.0,0.0,350.0,425.0,1.0,0.6666666666666666,2.0816659994661326,11.015141094572204,0.0,467.6537180435969,3.0,1.1547005383792517,1.0,0.0,0.0,2.0816659994661326,41.633319989322665,126.62279942148386,0.0,0.0,180.36999011291576,708.8723439378913,144.33756729740642,23.09401076758503,0.0,0.0,132.28756555322954,347.3110997362451,0.0,0.5773502691896258,6.0,2.0,3.0,4.0,-1.0,3.0,1
LRL_2026-01-09_5,18007504,LRL_2026-01-09_5_18007504,6.0,833.0,7.0,18640.0,1.0,5.0,5.0,0.0,0.0,5.0,800.0,700.0,0.0,0.0,650.0,875.0,600.0,600.0,0.0,0.0,600.0,825.0,1.0,0.0,7.333333333333333,1041.0,8.0,18103.333333333332,1.3333333333333333,5.0,6.666666666666667,0.0,0.0,6.333333333333333,666.6666666666666,840.0,0.0,0.0,890.0,1200.0,266.6666666666667,250.0,0.0,0.0,233.33333333333334,650.0,1.0,0.3333333333333333,1.5275252316519465,213.17598363793235,1.7320508075688772,3268.2156191618287,0.5773502691896258,1.0,1.5275252316519465,0.0,0.0,1.1547005383792517,152.75252316519465,277.8488797889961,0.0,0.0,256.3201123595259,303.10889132455355,288.67513459481285,312.2498999199199,0.0,0.0,321.4550253664318,582.5590098865522,0.0,0.5773502691896258,6.0,9.0,7.0,-3.0,2.0,3.0,1
LRL_2026-01-09_5,21006267,LRL_2026-01-09_5_21006267,5.0,34.0,5.0,38000.0,3.0,5.0,5.0,0.0,0.0,5.0,350.0,230.0,0.0,0.0,1350.0,,0.0,0.0,0.0,0.0,0.0,,1.0,0.0,4.333333333333333,40.333333333333336,5.0,37823.333333333336,3.3333333333333335,3.6666666666666665,3.3333333333333335,0.0,0.0,4.333333333333333,303.3333333333333,426.6666666666667,0.0,0.0,923.3333333333334,1100.0,316.6666666666667,133.33333333333334,0.0,0.0,133.33333333333334,275.0,1.0,0.3333333333333333,1.1547005383792515,16.441816606851365,0.0,9736.202202775645,0.5773502691896257,1.1547005383792515,1.5275252316519468,0.0,0.0,1.1547005383792515,80.8290376865476,186.10033136277144,0.0,0.0,382.7967258654825,742.4621202458749,284.31203515386636,115.47005383792515,0.0,0.0,230.9401076758503,388.90872965260115,0.0,0.5773502691896258,5.0,5.0,3.0,0.0,2.0,3.0,1
LRL_2026-01-09_5,21017703,LRL_2026-01-09_5_21017703,6.0,238.0,9.0,20000.0,7.0,8.0,5.0,0.0,0.0,5.0,570.0,460.0,0.0,0.0,460.0,630.0,400.0,50.0,0.0,0.0,50.0,225.0,1.0,1.0,5.0,119.0,7.666666666666667,19363.333333333332,4.333333333333333,7.0,5.666666666666667,0.0,0.0,5.666666666666667,1123.3333333333333,1053.3333333333333,0.0,0.0,1003.3333333333334,868.3333333333334,200.0,200.0,0.0,0.0,316.6666666666667,91.66666666666667,1.0,0.6666666666666666,1.7320508075688772,103.20368210485515,1.1547005383792517,684.1296173484477,3.055050463303893,1.0,0.5773502691896257,0.0,0.0,0.5773502691896257,479.2007234273894,516.2686639079825,0.0,0.0,471.2041312778712,395.6113412597436,200.0,180.27756377319946,0.0,0.0,419.32485418030416,115.47005383792515,0.0,0.5773502691896258,6.0,3.0,6.0,3.0,-3.0,3.0,1
LRL_2026-01-09_5,21003092,LRL_2026-01-09_5_21003092,8.0,606.0,9.0,24550.0,5.0,3.0,2.0,0.0,0.0,4.0,300.0,100.0,0.0,0.0,550.0,2225.0,10.0,100.0,0.0,0.0,150.0,275.0,1.0,0.0,6.0,539.0,8.0,23720.0,5.666666666666667,5.0,4.666666666666667,0.0,0.0,5.333333333333333,440.0,686.6666666666666,0.0,0.0,833.3333333333334,1458.3333333333333,90.0,100.0,0.0,0.0,116.66666666666667,141.66666666666666,1.0,0.3333333333333333,2.0,329.6467806607551,1.0,723.8093671679029,2.081665999466133,1.7320508075688772,2.309401076758503,0.0,0.0,1.5275252316519468,131.14877048604,539.0114408185909,0.0,0.0,275.3785273643051,802.0806277010644,138.5640646055102,50.0,0.0,0.0,104.08329997330664,118.1453906563152,0.0,0.5773502691896258,8.0,4.0,6.0,4.0,-2.0,3.0,1
LRL_2026-01-09_5,18022195,LRL_2026-01-09_5_18022195,2.0,12.0,7.0,18640.0,6.0,1.0,1.0,0.0,0.0,2.0,0.0,0.0,0.0,0.0,50.0,150.0,50.0,50.0,0.0,0.0,350.0,500.0,1.0,0.0,2.0,36.333333333333336,7.333333333333333,20213.333333333332,5.666666666666667,1.0,1.0,0.0,0.0,2.0,0.0,0.0,0.0,0.0,53.333333333333336,218.33333333333334,86.66666666666667,53.333333333333336,0.0,0.0,166.66666666666666,201.66666666666666,1.0,0.3333333333333333,0.0,21.361959960016154,1.5275252316519465,1690.1282002656883,0.5773502691896258,0.0,0.0,0.0,0.0,0.0,0.0,0.0,0.0,0.0,45.09249752822895,254.47658700425336,100.16652800877812,45.09249752822894,0.0,0.0,160.7275126832159,262.6943724812797,0.0,0.5773502691896258,2.0,2.0,2.0,0.0,0.0,3.0,1
LRL_2026-01-09_5,19001706,LRL_2026-01-09_5_19001706,4.0,386.0,7.0,18640.0,4.0,4.0,4.0,0.0,0.0,4.0,550.0,500.0,0.0,0.0,500.0,675.0,250.0,200.0,0.0,0.0,150.0,100.0,1.0,0.0,6.0,449.6666666666667,7.333333333333333,19046.666666666668,4.666666666666667,3.6666666666666665,4.666666666666667,0.0,0.0,5.666666666666667,320.0,556.6666666666666,0.0,0.0,690.0,1150.0,120.0,73.33333333333333,0.0,0.0,120.0,416.6666666666667,1.0,0.0,2.0,217.60131739797288,0.5773502691896258,3467.92925725617,3.055050463303893,1.5275252316519468,1.1547005383792515,0.0,0.0,1.5275252316519465,225.16660498395404,181.75074506954115,0.0,0.0,240.20824298928628,411.5519408288582,121.2435565298214,109.6965511460289,0.0,0.0,98.48857801796105,637.0504951205464,0.0,0.0,4.0,6.0,8.0,-2.0,-2.0,3.0,1
LRL_2026-01-09_6,23000349,LRL_2026-01-09_6_23000349,2.0,39.0,9.0,28400.0,7.0,2.0,3.0,0.0,0.0,2.0,300.0,60.0,0.0,0.0,200.0,500.0,50.0,250.0,0.0,0.0,150.0,200.0,1.0,1.0,4.0,109.33333333333333,9.0,28520.0,3.6666666666666665,3.0,4.333333333333333,0.0,0.0,4.666666666666667,270.0,356.6666666666667,0.0,0.0,690.0,625.0,36.666666666666664,220.0,0.0,0.0,316.6666666666667,111.66666666666667,1.0,0.3333333333333333,3.4641016151377544,70.00238091188994,2.0,1184.5674315968677,3.0550504633038935,1.0,1.1547005383792517,0.0,0.0,3.055050463303893,51.96152422706632,295.01412395567326,0.0,0.0,445.30888156424635,283.94541729001367,23.094010767585033,196.72315572906,0.0,0.0,175.5942292142123,95.6991814663706,0.0,0.5773502691896258,2.0,2.0,8.0,0.0,-6.0,3.0,1
LRL_2026-01-09_6,23014673,LRL_2026-01-09_6_23014673,,,,,,,,,,,,,,,,,,,,,,,,,,,,,,,,,,,,,,,,,,,,,,,,,,,,,,,,,,,,,,,,,,,,,,,,,,,,,,0.0,0
LRL_2026-01-09_6,23004968,LRL_2026-01-09_6_23004968,4.0,49.0,9.0,28400.0,5.0,3.0,4.0,0.0,0.0,4.0,350.0,310.0,0.0,0.0,500.0,875.0,150.0,200.0,0.0,0.0,350.0,400.0,1.0,1.0,5.0,70.66666666666667,8.333333333333334,25600.0,2.6666666666666665,3.3333333333333335,4.0,1.0,0.0,5.333333333333333,320.0,570.0,20.0,0.0,920.0,1403.3333333333333,133.33333333333334,183.33333333333334,66.66666666666667,0.0,216.66666666666666,208.33333333333334,1.0,0.6666666666666666,1.7320508075688772,41.93248541803041,1.1547005383792517,4849.742261192857,2.0816659994661326,2.516611478423583,3.0,1.7320508075688772,0.0,1.1547005383792517,306.10455730027934,735.3230582539895,34.64101615137755,0.0,718.8184749990779,464.9283098858719,76.37626158259734,125.83057392117915,115.47005383792515,0.0,152.75252316519467,200.52015692526606,0.0,0.5773502691896258,4.0,4.0,7.0,0.0,-3.0,3.0,1
LRL_2026-01-09_6,23008262,LRL_2026-01-09_6_23008262,4.0,83.0,7.0,27400.0,4.0,7.0,7.0,0.0,0.0,7.0,2310.0,2250.0,0.0,0.0,1450.0,1275.0,0.0,0.0,0.0,0.0,0.0,10.0,1.0,0.0,4.0,83.0,7.0,27400.0,4.0,7.0,7.0,0.0,0.0,7.0,2310.0,2250.0,0.0,0.0,1450.0,1275.0,0.0,0.0,0.0,0.0,0.0,10.0,1.0,0.0,,,,,,,,,,,,,,,,,,,,,,,,,4.0,,,,,1.0,1
LRL_2026-01-09_6,23014027,LRL_2026-01-09_6_23014027,7.0,933.0,9.0,28400.0,9.0,6.0,6.0,0.0,0.0,6.0,800.0,660.0,0.0,0.0,1100.0,1925.0,50.0,300.0,0.0,0.0,250.0,500.0,1.0,1.0,6.5,566.0,7.5,28200.0,5.0,5.5,5.5,0.0,0.0,5.5,510.0,660.0,0.0,0.0,1000.0,2312.5,325.0,350.0,0.0,0.0,225.0,250.0,1.0,0.5,0.7071067811865476,519.0163773909259,2.1213203435596424,282.842712474619,5.656854249492381,0.7071067811865476,0.7071067811865476,0.0,0.0,0.7071067811865476,410.1219330881976,0.0,0.0,0.0,141.4213562373095,548.0077554195743,388.90872965260115,70.71067811865476,0.0,0.0,35.35533905932738,353.5533905932738,0.0,0.7071067811865476,7.0,6.0,,1.0,,2.0,1
LRL_2026-01-09_6,23008991,LRL_2026-01-09_6_23008991,7.0,112.0,8.0,25740.0,6.0,8.0,6.0,7.0,0.0,7.0,670.0,610.0,1130.0,0.0,1460.0,1980.0,0.0,10.0,150.0,0.0,50.0,650.0,1.0,0.0,7.0,79.0,8.5,27070.0,7.0,7.5,5.5,3.5,0.0,7.0,740.0,855.0,565.0,0.0,1730.0,2227.5,5.0,55.0,75.0,0.0,775.0,1575.0,1.0,0.5,0.0,46.66904755831214,0.7071067811865476,1880.9040379562164,1.4142135623730951,0.7071067811865476,0.7071067811865476,4.949747468305833,0.0,0.0,98.99494936611666,346.4823227814083,799.0306627407987,0.0,381.8376618407357,350.017856687341,7.0710678118654755,63.63961030678928,106.06601717798213,0.0,1025.304832720494,1308.147545195113,0.0,0.7071067811865476,7.0,7.0,,0.0,,2.0,1
LRL_2026-01-09_6,23014780,LRL_2026-01-09_6_23014780,6.0,125.0,9.0,28400.0,2.0,8.0,7.0,0.0,0.0,7.0,950.0,960.0,0.0,0.0,1350.0,1825.0,600.0,100.0,0.0,0.0,700.0,100.0,1.0,1.0,7.333333333333333,350.0,8.333333333333334,36100.0,3.3333333333333335,8.0,7.666666666666667,3.0,0.0,7.666666666666667,903.3333333333334,1103.3333333333333,753.3333333333334,0.0,1793.3333333333333,2936.6666666666665,200.0,33.333333333333336,0.0,0.0,233.33333333333334,33.333333333333336,1.0,0.3333333333333333,1.5275252316519465,206.2159062730128,1.1547005383792517,10073.23185477233,1.5275252316519465,1.0,1.1547005383792517,5.196152422706632,0.0,1.1547005383792517,223.68132093076827,274.6512940681935,1304.8116083685543,0.0,716.5426249242493,1583.716620274389,346.41016151377545,57.735026918962575,0.0,0.0,404.14518843273805,57.735026918962575,0.0,0.5773502691896258,6.0,9.0,7.0,-3.0,2.0,3.0,1
LRL_2026-01-09_6,23002053,LRL_2026-01-09_6_23002053,5.0,144.0,9.0,28400.0,4.0,5.0,5.0,0.0,0.0,5.0,600.0,510.0,0.0,0.0,850.0,1275.0,200.0,150.0,0.0,0.0,250.0,550.0,1.0,1.0,3.6666666666666665,116.33333333333333,8.333333333333334,28066.666666666668,4.0,6.0,4.0,0.0,0.0,3.6666666666666665,576.6666666666666,603.3333333333334,0.0,0.0,883.3333333333334,1158.3333333333333,416.6666666666667,116.66666666666667,0.0,0.0,150.0,458.3333333333333,1.0,0.6666666666666666,1.1547005383792515,54.09559439855831,1.1547005383792515,577.3502691896255,3.0,1.7320508075688772,1.0,0.0,0.0,1.5275252316519468,255.7994005726623,408.08495847474376,0.0,0.0,650.6407098647712,559.2033023269206,189.29694486000912,57.735026918962575,0.0,0.0,100.0,322.4257020358851,0.0,0.5773502691896258,5.0,3.0,3.0,2.0,0.0,3.0,1
LRL_2026-01-09_6,23000452,LRL_2026-01-09_6_23000452,8.0,178.0,9.0,28400.0,5.0,9.0,9.0,0.0,0.0,9.0,1370.0,2900.0,0.0,0.0,4100.0,4975.0,0.0,0.0,0.0,0.0,0.0,5.0,1.0,1.0,8.0,178.0,9.0,28400.0,5.0,9.0,9.0,0.0,0.0,9.0,1370.0,2900.0,0.0,0.0,4100.0,4975.0,0.0,0.0,0.0,0.0,0.0,5.0,1.0,1.0,,,,,,,,,,,,,,,,,,,,,,,,,8.0,,,,,1.0,1
LRL_2026-01-09_6,23002277,LRL_2026-01-09_6_23002277,3.0,7.0,9.0,28400.0,1.0,1.0,1.0,0.0,0.0,3.0,0.0,0.0,0.0,0.0,350.0,700.0,300.0,10.0,0.0,0.0,150.0,175.0,1.0,1.0,5.5,36.5,8.5,49200.0,4.0,2.0,2.5,3.5,0.0,5.5,75.0,100.0,500.0,0.0,1005.0,2712.5,155.0,30.0,75.0,0.0,75.0,87.5,1.0,0.5,3.5355339059327378,41.71930009000631,0.7071067811865476,29415.642097360378,4.242640687119285,1.4142135623730951,2.1213203435596424,4.949747468305833,0.0,3.5355339059327378,106.06601717798213,141.4213562373095,707.1067811865476,0.0,926.3098833543772,2846.1047942758537,205.0609665440988,28.284271247461902,106.06601717798213,0.0,106.06601717798213,123.74368670764582,0.0,0.7071067811865476,3.0,8.0,,-5.0,,2.0,1
LRL_2026-01-09_6,23017181,LRL_2026-01-09_6_23017181,,,,,,,,,,,,,,,,,,,,,,,,,,,,,,,,,,,,,,,,,,,,,,,,,,,,,,,,,,,,,,,,,,,,,,,,,,,,,,0.0,0
LRL_2026-01-09_7,23002465,LRL_2026-01-09_7_23002465,4.0,879.0,12.0,50705.0,12.0,4.0,2.0,0.0,0.0,6.0,160.0,150.0,0.0,0.0,920.0,1300.0,50.0,10.0,0.0,0.0,150.0,10.0,1.0,0.0,7.333333333333333,533.0,11.333333333333334,66568.33333333333,10.333333333333334,5.666666666666667,6.0,1.6666666666666667,0.0,8.0,496.6666666666667,580.0,150.0,0.0,1116.6666666666667,1633.3333333333333,150.0,53.333333333333336,66.66666666666667,0.0,133.33333333333334,95.0,0.6666666666666666,0.3333333333333333,4.163331998932265,344.50979666767097,1.1547005383792515,28965.220667782483,1.5275252316519468,3.785938897200183,5.291502622129181,2.886751345948129,0.0,3.4641016151377544,507.1817557181383,440.34077712607996,259.8076211353316,0.0,230.28967265887832,366.0031875999625,173.20508075688772,83.86497083606082,115.47005383792515,0.0,125.83057392117915,155.96473960482223,0.5773502691896258,0.5773502691896258,4.0,6.0,12.0,-2.0,-6.0,3.0,1
LRL_2026-01-09_7,23014695,LRL_2026-01-09_7_23014695,3.0,28.0,8.0,48705.0,5.0,6.0,4.0,4.0,0.0,3.0,550.0,260.0,360.0,0.0,500.0,600.0,200.0,500.0,500.0,0.0,200.0,325.0,1.0,1.0,3.0,314.5,10.0,49705.0,7.5,9.0,8.0,2.0,0.0,6.0,960.0,905.0,180.0,0.0,885.0,812.5,100.0,250.0,250.0,0.0,200.0,300.0,1.0,0.5,0.0,405.1721856198917,2.8284271247461903,1414.213562373095,3.5355339059327378,4.242640687119285,5.656854249492381,2.8284271247461903,0.0,4.242640687119285,579.827560572969,912.1677477306463,254.55844122715712,0.0,544.4722215136416,300.5203820042827,141.4213562373095,353.5533905932738,353.5533905932738,0.0,0.0,35.35533905932738,0.0,0.7071067811865476,3.0,3.0,,0.0,,2.0,1
LRL_2026-01-09_7,23001436,LRL_2026-01-09_7_23001436,3.0,676.0,7.0,42115.0,5.0,6.0,5.0,5.0,0.0,5.0,560.0,600.0,760.0,0.0,860.0,1525.0,50.0,10.0,700.0,0.0,1000.0,400.0,1.0,0.0,6.0,417.0,8.0,36071.666666666664,4.666666666666667,4.333333333333333,4.0,4.0,0.0,6.666666666666667,326.6666666666667,553.3333333333334,636.6666666666666,0.0,1460.0,2201.6666666666665,53.333333333333336,56.666666666666664,236.66666666666666,0.0,666.6666666666666,508.3333333333333,1.0,0.3333333333333333,2.6457513110645907,309.6659490483253,1.0,5273.889298547451,0.5773502691896257,2.8867513459481287,1.7320508075688772,3.605551275463989,0.0,1.5275252316519465,291.4332399252586,521.5681483117363,584.8361593928109,0.0,756.6372975210778,1389.607258664596,45.09249752822894,80.82903768654761,401.2895878705718,0.0,577.3502691896258,570.2704036975208,0.0,0.5773502691896258,3.0,7.0,8.0,-4.0,-1.0,3.0,1
LRL_2026-01-09_7,23016511,LRL_2026-01-09_7_23016511,,,,,,,,,,,,,,,,,,,,,,,,,,,,,,,,,,,,,,,,,,,,,,,,,,,,,,,,,,,,,,,,,,,,,,,,,,,,,,0.0,0
LRL_2026-01-09_7,23002207,LRL_2026-01-09_7_23002207,,,,,,,,,,,,,,,,,,,,,,,,,,,,,,,,,,,,,,,,,,,,,,,,,,,,,,,,,,,,,,,,,,,,,,,,,,,,,,0.0,0
LRL_2026-01-09_7,23009522,LRL_2026-01-09_7_23009522,4.0,98.0,8.0,48705.0,6.0,2.0,2.0,3.0,0.0,4.0,50.0,50.0,210.0,0.0,700.0,925.0,100.0,200.0,150.0,0.0,800.0,925.0,1.0,1.0,4.0,142.66666666666666,9.666666666666666,56470.0,6.333333333333333,5.333333333333333,4.0,1.0,0.0,3.6666666666666665,356.6666666666667,276.6666666666667,70.0,0.0,750.0,1111.6666666666667,166.66666666666666,116.66666666666667,50.0,0.0,273.3333333333333,358.3333333333333,1.0,0.3333333333333333,1.0,52.84253337353663,2.0816659994661326,11759.918154477096,1.5275252316519465,3.5118845842842465,2.6457513110645907,1.7320508075688772,0.0,0.5773502691896257,280.4163571073081,196.55363983740756,121.2435565298214,0.0,132.28756555322954,192.76496915501357,115.47005383792515,76.37626158259734,86.60254037844386,0.0,456.1067126598044,493.28828623162474,0.0,0.5773502691896258,4.0,5.0,3.0,-1.0,2.0,3.0,1
LRL_2026-01-09_7,23009832,LRL_2026-01-09_7_23009832,2.0,13.0,7.0,42115.0,2.0,3.0,4.0,4.0,0.0,1.0,200.0,200.0,160.0,0.0,0.0,0.0,10.0,400.0,600.0,0.0,100.0,275.0,1.0,0.0,2.0,60.0,7.5,37907.5,3.0,5.5,5.5,3.5,0.0,2.0,460.0,410.0,230.0,0.0,180.0,37.5,5.0,250.0,350.0,0.0,200.0,462.5,1.0,0.5,0.0,66.46803743153546,0.7071067811865476,5950.303563684797,1.4142135623730951,3.5355339059327378,2.1213203435596424,0.7071067811865476,0.0,1.4142135623730951,367.6955262170047,296.98484809834997,98.99494936611666,0.0,254.55844122715712,53.033008588991066,7.0710678118654755,212.13203435596427,353.5533905932738,0.0,141.4213562373095,265.1650429449553,0.0,0.7071067811865476,2.0,2.0,,0.0,,2.0,1
LRL_2026-01-09_7,23013198,LRL_2026-01-09_7_23013198,6.0,61.0,12.0,50000.0,10.0,5.0,5.0,6.0,0.0,5.0,410.0,450.0,610.0,0.0,910.0,675.0,50.0,10.0,200.0,0.0,10.0,500.0,0.0,1.0,4.666666666666667,76.0,10.0,49235.0,6.666666666666667,5.0,5.666666666666667,2.6666666666666665,0.0,5.0,390.0,586.6666666666666,270.0,0.0,820.0,503.3333333333333,53.333333333333336,73.33333333333333,70.0,0.0,153.33333333333334,233.33333333333334,0.3333333333333333,0.6666666666666666,2.309401076758503,49.24428900898052,2.0,678.730432498794,4.163331998932265,2.0,3.055050463303893,3.0550504633038935,0.0,3.0,230.65125189341592,421.9399641339196,310.96623610932426,0.0,481.3522618623496,152.17862311551295,45.09249752822894,109.6965511460289,112.69427669584645,0.0,126.62279942148386,236.2907813126304,0.5773502691896258,0.5773502691896258,6.0,2.0,6.0,4.0,-4.0,3.0,1
LRL_2026-01-09_8,23006925,LRL_2026-01-09_8_23006925,1.0,10.0,7.0,47500.0,3.0,5.0,4.0,0.0,0.0,2.0,900.0,650.0,0.0,0.0,150.0,0.0,50.0,10.0,0.0,0.0,100.0,250.0,1.0,0.0,2.0,9.333333333333334,8.666666666666666,48333.333333333336,4.333333333333333,3.6666666666666665,3.6666666666666665,0.0,0.0,2.6666666666666665,520.0,770.0,0.0,0.0,436.6666666666667,408.3333333333333,36.666666666666664,153.33333333333334,0.0,0.0,200.0,308.3333333333333,1.0,0.0,1.0,4.041451884327381,1.5275252316519468,763.7626158259725,1.5275252316519465,1.1547005383792515,0.5773502691896257,0.0,0.0,0.5773502691896258,338.67388443752196,298.66369046136157,0.0,0.0,257.94056162870805,506.4171534746166,23.09401076758503,145.0287327853806,0.0,0.0,132.28756555322954,267.31691553909064,0.0,0.0,1.0,2.0,3.0,-1.0,-1.0,3.0,1
LRL_2026-01-09_8,23001383,LRL_2026-01-09_8_23001383,1.0,9.0,5.0,53165.0,2.0,2.0,1.0,0.0,0.0,1.0,50.0,0.0,0.0,0.0,0.0,0.0,200.0,10.0,0.0,0.0,250.0,50.0,1.0,0.0,1.0,41.0,7.0,54082.5,5.0,2.5,1.5,0.0,0.0,1.0,55.0,25.0,0.0,0.0,0.0,0.0,150.0,30.0,0.0,0.0,200.0,30.0,0.5,0.5,0.0,45.254833995939045,2.8284271247461903,1297.5409434773146,4.242640687119285,0.7071067811865476,0.7071067811865476,0.0,0.0,0.0,7.0710678118654755,35.35533905932738,0.0,0.0,0.0,0.0,70.71067811865476,28.284271247461902,0.0,0.0,70.71067811865476,28.284271247461902,0.7071067811865476,0.7071067811865476,1.0,1.0,,0.0,,2.0,1
LRL_2026-01-09_8,23017313,LRL_2026-01-09_8_23017313,2.0,4.0,4.0,25900.0,1.0,3.0,3.0,0.0,0.0,2.0,450.0,750.0,0.0,0.0,500.0,475.0,900.0,1000.0,0.0,0.0,350.0,425.0,1.0,0.0,4.333333333333333,107.0,8.666666666666666,59633.333333333336,7.333333333333333,3.0,2.6666666666666665,0.0,0.0,2.6666666666666665,236.66666666666666,350.0,0.0,0.0,370.0,786.6666666666666,383.3333333333333,400.0,0.0,0.0,283.3333333333333,300.0,1.0,0.0,4.932882862316247,120.82632163564361,4.163331998932266,37492.71040260138,5.507570547286102,1.0,1.5275252316519465,0.0,0.0,2.0816659994661326,201.32891827388667,377.4917217635375,0.0,0.0,325.1153641401772,980.3868284168925,453.6885862938733,519.6152422706632,0.0,0.0,160.72751268321593,261.00766272276377,0.0,0.0,2.0,10.0,1.0,-8.0,9.0,3.0,1
LRL_2026-01-09_8,23006656,LRL_2026-01-09_8_23006656,6.0,57.0,9.0,125000.0,2.0,1.0,1.0,0.0,0.0,3.0,0.0,0.0,0.0,0.0,160.0,650.0,10.0,50.0,0.0,0.0,150.0,10.0,1.0,0.0,3.6666666666666665,41.0,7.666666666666667,76381.66666666667,2.0,2.6666666666666665,3.0,0.0,0.0,3.6666666666666665,266.6666666666667,383.3333333333333,0.0,0.0,470.0,500.0,56.666666666666664,33.333333333333336,0.0,0.0,133.33333333333334,103.33333333333333,1.0,0.3333333333333333,2.516611478423583,15.524174696260024,1.1547005383792517,42144.7880328438,1.0,2.8867513459481287,3.4641016151377544,0.0,0.0,3.055050463303893,461.8802153517006,663.9528095680697,0.0,0.0,680.2205524680948,444.40972086577943,80.82903768654761,28.867513459481287,0.0,0.0,125.83057392117915,80.82903768654761,0.0,0.5773502691896258,6.0,1.0,4.0,5.0,-3.0,3.0,1
LRL_2026-01-09_8,23006633,LRL_2026-01-09_8_23006633,1.0,128.0,6.0,31350.0,2.0,1.0,1.0,0.0,0.0,1.0,0.0,0.0,0.0,0.0,0.0,0.0,200.0,200.0,0.0,0.0,450.0,500.0,1.0,0.0,3.3333333333333335,74.0,5.666666666666667,47783.333333333336,3.0,3.6666666666666665,3.6666666666666665,0.0,0.0,3.3333333333333335,390.0,556.6666666666666,0.0,0.0,873.3333333333334,1555.0,100.0,100.0,0.0,0.0,183.33333333333334,250.0,1.0,0.3333333333333333,4.041451884327381,51.264022471905186,2.516611478423583,36858.38891396819,1.7320508075688772,3.785938897200183,3.785938897200183,0.0,0.0,4.041451884327381,441.92759587968703,955.5277773740194,0.0,0.0,1512.6577052768193,2693.3390057696042,100.0,100.0,0.0,0.0,236.2907813126304,250.0,0.0,0.5773502691896258,1.0,1.0,8.0,0.0,-7.0,3.0,1
LRL_2026-01-09_8,23007671,LRL_2026-01-09_8_23007671,5.0,83.0,9.0,125000.0,8.0,3.0,3.0,0.0,0.0,1.0,60.0,100.0,0.0,0.0,0.0,400.0,300.0,350.0,0.0,0.0,10.0,250.0,1.0,0.0,3.0,92.0,9.5,89820.0,7.0,2.5,2.5,0.0,0.0,1.0,35.0,55.0,0.0,0.0,0.0,200.0,225.0,275.0,0.0,0.0,80.0,237.5,0.5,0.5,2.8284271247461903,12.727922061357855,0.7071067811865476,49752.03312428548,1.4142135623730951,0.7071067811865476,0.7071067811865476,0.0,0.0,0.0,35.35533905932738,63.63961030678928,0.0,0.0,0.0,282.842712474619,106.06601717798213,106.06601717798213,0.0,0.0,98.99494936611666,17.67766952966369,0.7071067811865476,0.7071067811865476,5.0,1.0,,4.0,,2.0,1
LRL_2026-01-09_8,23017809,LRL_2026-01-09_8_23017809,1.0,16.0,9.0,28400.0,4.0,1.0,1.0,0.0,0.0,1.0,0.0,0.0,0.0,0.0,0.0,0.0,50.0,500.0,0.0,0.0,1000.0,1525.0,1.0,0.0,1.0,16.0,9.0,28400.0,4.0,1.0,1.0,0.0,0.0,1.0,0.0,0.0,0.0,0.0,0.0,0.0,50.0,500.0,0.0,0.0,1000.0,1525.0,1.0,0.0,,,,,,,,,,,,,,,,,,,,,,,,,1.0,,,,,1.0,1
LRL_2026-01-09_9,17007087,LRL_2026-01-09_9_17007087,7.0,762.0,8.0,54000.0,2.0,2.0,1.0,1.0,0.0,6.0,100.0,0.0,0.0,0.0,660.0,1375.0,10.0,10.0,50.0,0.0,450.0,450.0,1.0,0.0,5.333333333333333,548.0,7.333333333333333,53931.666666666664,3.6666666666666665,5.333333333333333,4.666666666666667,0.3333333333333333,0.0,5.333333333333333,543.3333333333334,360.0,0.0,0.0,690.0,893.3333333333334,3.3333333333333335,36.666666666666664,16.666666666666668,0.0,236.66666666666666,441.6666666666667,1.0,0.3333333333333333,1.5275252316519465,244.18845181539606,1.1547005383792517,118.3568051838738,2.0816659994661326,3.0550504633038935,3.511884584284246,0.5773502691896258,0.0,0.5773502691896257,400.79088479322144,350.4283093587046,0.0,0.0,98.48857801796105,461.52825843422994,5.773502691896258,55.075705472861024,28.867513459481287,0.0,220.3028218914441,312.5833222251842,0.0,0.5773502691896258,7.0,5.0,4.0,2.0,1.0,3.0,1
LRL_2026-01-09_9,18005570,LRL_2026-01-09_9_18005570,2.0,149.0,6.0,53795.0,4.0,3.0,2.0,0.0,0.0,2.0,200.0,150.0,0.0,0.0,250.0,375.0,150.0,50.0,0.0,0.0,100.0,325.0,1.0,1.0,4.0,100.33333333333333,6.666666666666667,61128.333333333336,5.0,3.3333333333333335,3.3333333333333335,0.0,0.0,2.6666666666666665,240.0,306.6666666666667,0.0,0.0,386.6666666666667,835.0,86.66666666666667,83.33333333333333,0.0,0.0,66.66666666666667,291.6666666666667,1.0,0.6666666666666666,2.0,46.23130252689549,1.1547005383792517,11183.262419049877,1.7320508075688772,2.516611478423583,2.3094010767585034,0.0,0.0,2.0816659994661326,262.29754097208,398.7898360456712,0.0,0.0,470.1418225741391,925.162147950293,70.94598884597588,57.735026918962575,0.0,0.0,28.867513459481287,202.072594216369,0.0,0.5773502691896258,2.0,6.0,4.0,-4.0,2.0,3.0,1
LRL_2026-01-09_9,22013479,LRL_2026-01-09_9_22013479,3.0,149.0,5.0,100000.0,2.0,5.0,4.0,0.0,0.0,3.0,360.0,110.0,0.0,0.0,550.0,925.0,0.0,150.0,0.0,0.0,150.0,475.0,1.0,0.0,2.3333333333333335,98.66666666666667,7.666666666666667,84970.0,4.0,7.0,5.666666666666667,0.0,0.0,4.0,696.6666666666666,513.3333333333334,0.0,0.0,373.3333333333333,333.3333333333333,250.0,316.6666666666667,0.0,0.0,216.66666666666666,241.66666666666666,1.0,0.3333333333333333,1.1547005383792517,69.00966115938647,2.309401076758503,26032.723637760224,1.7320508075688772,1.7320508075688772,2.081665999466133,0.0,0.0,1.0,565.8916268450465,463.7168676394394,0.0,0.0,197.5685535031659,513.7687547266117,217.94494717703367,332.91640592396965,0.0,0.0,115.47005383792515,208.16659994661327,0.0,0.5773502691896258,3.0,3.0,1.0,0.0,2.0,3.0,1
LRL_2026-01-09_9,19002312,LRL_2026-01-09_9_19002312,6.0,149.0,8.0,57000.0,7.0,5.0,5.0,0.0,0.0,7.0,360.0,400.0,0.0,0.0,680.0,935.0,50.0,200.0,0.0,0.0,250.0,5.0,1.0,0.0,5.333333333333333,99.66666666666667,8.0,60640.0,3.0,4.333333333333333,4.333333333333333,0.0,0.0,5.0,263.3333333333333,310.0,0.0,0.0,516.6666666666666,553.3333333333334,83.33333333333333,150.0,0.0,0.0,316.6666666666667,476.6666666666667,1.0,0.6666666666666666,0.5773502691896257,50.01333155602947,2.0,3457.397865447366,3.4641016151377544,0.5773502691896257,1.1547005383792515,0.0,0.0,2.0,126.62279942148386,115.32562594670796,0.0,0.0,217.33231083604053,385.04328760976125,28.867513459481287,86.60254037844386,0.0,0.0,160.72751268321593,695.1678454397422,0.0,0.5773502691896258,6.0,5.0,5.0,1.0,0.0,3.0,1
LRL_2026-01-09_9,21007720,LRL_2026-01-09_9_21007720,1.0,7.0,7.0,53910.0,5.0,4.0,4.0,0.0,0.0,2.0,500.0,260.0,0.0,0.0,150.0,0.0,150.0,350.0,0.0,0.0,10.0,125.0,1.0,0.0,2.3333333333333335,25.666666666666668,7.333333333333333,52273.333333333336,4.333333333333333,3.0,2.0,0.0,0.0,1.6666666666666667,206.66666666666666,86.66666666666667,0.0,0.0,53.333333333333336,158.33333333333334,116.66666666666667,220.0,0.0,0.0,70.0,86.66666666666667,1.0,0.6666666666666666,2.3094010767585034,25.716402029314548,1.5275252316519468,3734.4388244197185,1.1547005383792515,1.0,1.7320508075688772,0.0,0.0,0.5773502691896257,258.90796305508513,150.1110699893027,0.0,0.0,83.86497083606082,274.24137786507225,28.867513459481287,183.5755975068582,0.0,0.0,72.11102550927978,66.39528095680696,0.0,0.5773502691896258,1.0,1.0,5.0,0.0,-4.0,3.0,1
LRL_2026-01-09_9,17017015,LRL_2026-01-09_9_17017015,7.0,219.0,8.0,57000.0,5.0,7.0,6.0,0.0,0.0,6.0,760.0,600.0,0.0,0.0,630.0,940.0,200.0,50.0,0.0,0.0,50.0,700.0,1.0,0.0,5.0,206.66666666666666,7.0,58180.0,3.0,5.666666666666667,5.333333333333333,0.0,0.0,5.666666666666667,773.3333333333334,573.3333333333334,0.0,0.0,583.3333333333334,551.6666666666666,70.0,20.0,0.0,0.0,20.0,300.0,1.0,0.6666666666666666,1.7320508075688772,104.04966762721222,1.0,2489.4176025729394,1.7320508075688772,2.309401076758503,2.081665999466133,0.0,0.0,1.5275252316519465,480.13886880082237,400.66611203511246,0.0,0.0,302.709982216202,462.50225224676836,112.69427669584645,26.457513110645905,0.0,0.0,26.457513110645905,347.3110997362451,0.0,0.5773502691896258,7.0,4.0,4.0,3.0,0.0,3.0,1
LRL_2026-01-09_10,22010143,LRL_2026-01-09_10_22010143,6.0,108.0,6.0,24700.0,2.0,6.0,6.0,0.0,0.0,6.0,770.0,910.0,0.0,0.0,960.0,1050.0,0.0,0.0,0.0,0.0,0.0,0.0,1.0,0.0,3.3333333333333335,59.333333333333336,7.0,24540.0,2.3333333333333335,3.3333333333333335,3.3333333333333335,0.0,0.0,3.3333333333333335,373.3333333333333,436.6666666666667,0.0,0.0,486.6666666666667,616.6666666666666,86.66666666666667,53.333333333333336,0.0,0.0,116.66666666666667,216.66666666666666,1.0,0.3333333333333333,2.516611478423583,42.44211744639202,1.0,1247.7179168385778,0.5773502691896257,2.3094010767585034,2.516611478423583,0.0,0.0,2.516611478423583,365.55893277737493,456.1067126598044,0.0,0.0,480.1388688008224,548.4827557301445,141.53915830374763,83.86497083606082,0.0,0.0,160.7275126832159,240.22558842332626,0.0,0.5773502691896258,6.0,1.0,3.0,5.0,-2.0,3.0,1
LRL_2026-01-09_10,21004579,LRL_2026-01-09_10_21004579,2.0,73.0,6.0,24700.0,6.0,3.0,3.0,0.0,0.0,3.0,110.0,160.0,0.0,0.0,450.0,475.0,400.0,450.0,0.0,0.0,250.0,250.0,1.0,0.0,2.0,94.66666666666667,8.0,25260.0,2.6666666666666665,4.333333333333333,3.0,0.0,0.0,2.0,226.66666666666666,253.33333333333334,0.0,0.0,266.6666666666667,266.6666666666667,250.0,203.33333333333334,0.0,0.0,170.0,141.66666666666666,1.0,0.6666666666666666,0.0,23.115651263447745,1.7320508075688772,1102.4064586167844,2.886751345948129,1.1547005383792517,1.0,0.0,0.0,1.0,104.08329997330664,95.04384952922167,0.0,0.0,236.2907813126304,226.84429314693665,132.28756555322954,224.79620400116485,0.0,0.0,138.5640646055102,94.64847243000456,0.0,0.5773502691896258,2.0,2.0,2.0,0.0,0.0,3.0,1
LRL_2026-01-09_10,22002442,LRL_2026-01-09_10_22002442,6.0,428.0,9.0,28760.0,2.0,2.0,2.0,0.0,0.0,3.0,100.0,250.0,0.0,0.0,110.0,580.0,150.0,10.0,0.0,0.0,50.0,25.0,1.0,1.0,3.3333333333333335,155.66666666666666,8.0,25343.333333333332,3.3333333333333335,2.0,1.6666666666666667,0.0,0.0,2.0,133.33333333333334,133.33333333333334,0.0,0.0,136.66666666666666,360.0,166.66666666666666,103.33333333333333,0.0,0.0,150.0,166.66666666666666,1.0,0.6666666666666666,2.516611478423583,235.9371385206944,1.0,2987.881077508496,2.3094010767585034,1.0,0.5773502691896257,0.0,0.0,1.0,152.75252316519467,125.83057392117917,0.0,0.0,151.7673658377628,314.3246729100342,28.867513459481287,95.04384952922169,0.0,0.0,86.60254037844386,137.68926368215256,0.0,0.5773502691896258,6.0,1.0,3.0,5.0,-2.0,3.0,1
LRL_2026-01-09_10,22004786,LRL_2026-01-09_10_22004786,9.0,30.0,9.0,24550.0,9.0,9.0,9.0,0.0,0.0,9.0,630.0,1210.0,0.0,0.0,1850.0,2330.0,0.0,0.0,0.0,0.0,0.0,0.0,1.0,1.0,5.0,25.0,7.0,23856.666666666668,6.0,5.0,4.666666666666667,0.0,0.0,4.666666666666667,343.3333333333333,523.3333333333334,0.0,0.0,720.0,881.6666666666666,36.666666666666664,183.33333333333334,0.0,0.0,166.66666666666666,266.6666666666667,1.0,0.6666666666666666,3.605551275463989,7.810249675906654,2.0,1625.0025641005407,2.6457513110645907,3.4641016151377544,3.7859388972001824,0.0,0.0,3.7859388972001824,248.26061575153906,600.0277771348034,0.0,0.0,980.1530492734286,1258.8917083424346,55.075705472861024,275.3785273643051,0.0,0.0,246.6441431158124,440.4070087241271,0.0,0.5773502691896258,9.0,4.0,2.0,5.0,2.0,3.0,1
LRL_2026-01-09_10,22000770,LRL_2026-01-09_10_22000770,7.0,208.0,9.0,28760.0,4.0,8.0,7.0,0.0,0.0,8.0,930.0,810.0,0.0,0.0,560.0,605.0,100.0,150.0,0.0,0.0,250.0,100.0,1.0,1.0,4.666666666666667,104.33333333333333,8.666666666666666,31920.0,5.0,7.666666666666667,7.0,1.3333333333333333,0.0,7.0,593.3333333333334,573.3333333333334,153.33333333333334,0.0,433.3333333333333,576.6666666666666,300.0,253.33333333333334,3.3333333333333335,0.0,183.33333333333334,50.0,1.0,0.3333333333333333,3.214550253664318,97.29508380865569,2.516611478423583,12796.061894192291,1.0,2.5166114784235836,3.0,2.3094010767585034,0.0,2.6457513110645907,317.22757341273683,251.06440076867398,265.5811238272278,0.0,125.03332889007368,563.0349308287482,200.0,308.27476921300797,5.773502691896257,0.0,76.37626158259734,50.0,0.0,0.5773502691896258,7.0,1.0,6.0,6.0,-5.0,3.0,1
LRL_2026-01-09_10,21011141,LRL_2026-01-09_10_21011141,8.0,840.0,9.0,24550.0,8.0,4.0,5.0,0.0,0.0,7.0,160.0,610.0,0.0,0.0,1200.0,2230.0,150.0,150.0,0.0,0.0,50.0,100.0,1.0,1.0,7.0,615.0,7.666666666666667,21825.0,5.666666666666667,6.0,6.333333333333333,0.0,0.0,7.0,756.6666666666666,893.3333333333334,0.0,0.0,923.3333333333334,1511.6666666666667,50.0,50.0,0.0,0.0,16.666666666666668,75.0,1.0,0.6666666666666666,1.0,228.05920283996434,1.5275252316519468,5744.617045547945,2.5166114784235836,2.0,1.5275252316519465,0.0,0.0,1.0,555.9076661940662,270.98585448936876,0.0,0.0,240.90108620206206,646.9222003713687,86.60254037844386,86.60254037844386,0.0,0.0,28.867513459481287,66.14378277661477,0.0,0.5773502691896258,8.0,7.0,6.0,1.0,1.0,3.0,1
LRL_2026-01-09_10,19018229,LRL_2026-01-09_10_19018229,6.0,440.0,9.0,24550.0,4.0,7.0,7.0,0.0,0.0,6.0,520.0,860.0,0.0,0.0,1000.0,1155.0,10.0,200.0,0.0,0.0,200.0,175.0,1.0,1.0,5.0,185.0,7.333333333333333,24083.333333333332,4.0,4.666666666666667,5.0,0.0,0.0,4.666666666666667,390.0,426.6666666666667,0.0,0.0,586.6666666666666,751.6666666666666,103.33333333333333,333.3333333333333,0.0,0.0,200.0,175.0,1.0,1.0,3.605551275463989,223.6716343213864,2.0816659994661326,1893.629671644731,0.0,2.5166114784235836,3.4641016151377544,0.0,0.0,3.2145502536643185,297.15315916207254,430.0387579432037,0.0,0.0,522.0472520120505,651.5430402769516,95.04384952922167,152.75252316519467,0.0,0.0,150.0,175.0,0.0,0.0,6.0,8.0,1.0,-2.0,7.0,3.0,1
LRL_2026-01-09_10,21005285,LRL_2026-01-09_10_21005285,9.0,34.0,9.0,16000.0,9.0,8.0,8.0,7.0,0.0,5.0,470.0,680.0,470.0,0.0,130.0,0.0,100.0,50.0,200.0,0.0,100.0,10.0,1.0,0.0,6.0,114.0,8.666666666666666,18000.0,6.666666666666667,6.333333333333333,5.333333333333333,4.0,0.0,4.333333333333333,396.6666666666667,480.0,256.6666666666667,0.0,296.6666666666667,301.6666666666667,83.33333333333333,36.666666666666664,100.0,0.0,133.33333333333334,48.333333333333336,0.6666666666666666,0.3333333333333333,3.0,147.30919862656236,0.5773502691896255,3464.1016151377544,3.2145502536643185,2.8867513459481287,2.309401076758503,3.605551275463989,0.0,1.1547005383792517,172.14335111567144,174.35595774162695,237.9775899813538,0.0,165.02525059315417,438.757715981535,28.867513459481287,23.094010767585033,100.0,0.0,57.735026918962575,66.39528095680696,0.5773502691896258,0.5773502691896258,9.0,3.0,6.0,6.0,-3.0,3.0,1
LRL_2026-01-10_1,21013454,LRL_2026-01-10_1_21013454,2.0,129.0,7.0,27040.0,4.0,6.0,6.0,0.0,0.0,3.0,1100.0,710.0,0.0,0.0,110.0,275.0,10.0,600.0,0.0,0.0,150.0,275.0,1.0,0.0,2.6666666666666665,140.33333333333334,6.666666666666667,26533.333333333332,3.0,5.666666666666667,4.666666666666667,0.0,0.0,3.3333333333333335,653.3333333333334,640.0,0.0,0.0,436.6666666666667,525.0,20.0,270.0,0.0,0.0,136.66666666666666,325.0,1.0,0.0,1.1547005383792517,132.36439601846615,0.5773502691896258,3745.788746490295,1.7320508075688772,1.5275252316519468,1.1547005383792517,0.0,0.0,0.5773502691896258,405.010287935175,81.8535277187245,0.0,0.0,320.20826556060877,350.0,26.457513110645905,301.16440692751195,0.0,0.0,120.55427546683416,132.28756555322954,0.0,0.0,2.0,2.0,4.0,0.0,-2.0,3.0,1
LRL_2026-01-10_1,22006714,LRL_2026-01-10_1_22006714,3.0,13.0,6.0,21000.0,3.0,4.0,2.0,2.0,0.0,2.0,300.0,400.0,450.0,0.0,600.0,1000.0,50.0,50.0,250.0,0.0,50.0,100.0,1.0,0.0,2.6666666666666665,35.666666666666664,6.333333333333333,21333.333333333332,4.333333333333333,4.333333333333333,3.3333333333333335,1.3333333333333333,0.0,3.3333333333333335,230.0,256.6666666666667,183.33333333333334,0.0,343.3333333333333,516.6666666666666,50.0,86.66666666666667,216.66666666666666,0.0,283.3333333333333,75.0,1.0,0.0,0.5773502691896258,19.65536398374076,0.5773502691896258,577.3502691896263,1.5275252316519465,1.5275252316519468,2.3094010767585034,1.1547005383792517,0.0,2.3094010767585034,60.8276253029822,150.44378795195678,236.2907813126304,0.0,237.97758998135376,430.3583777891785,0.0,100.16652800877813,202.07259421636903,0.0,202.07259421636903,43.30127018922193,0.0,0.0,3.0,2.0,3.0,1.0,-1.0,3.0,1
LRL_2026-01-10_1,22002300,LRL_2026-01-10_1_22002300,8.0,172.0,12.0,27380.0,11.0,8.0,7.0,0.0,0.0,9.0,710.0,660.0,0.0,0.0,630.0,730.0,400.0,10.0,0.0,0.0,50.0,100.0,0.0,0.0,6.333333333333333,178.66666666666666,11.333333333333334,29420.0,10.666666666666666,8.333333333333334,8.333333333333334,2.3333333333333335,0.0,6.666666666666667,716.6666666666666,540.0,123.33333333333333,0.0,586.6666666666666,670.0,216.66666666666666,70.0,16.666666666666668,0.0,23.333333333333332,75.0,0.0,0.0,4.725815626252609,52.31953108862247,1.1547005383792515,4427.730795791452,1.5275252316519468,0.5773502691896255,1.5275252316519465,4.041451884327381,0.0,4.041451884327381,240.0694344004112,252.38858928247924,213.61959960016154,0.0,556.2673218276742,642.1059102671459,175.59422921421233,72.11102550927978,28.867513459481287,0.0,23.094010767585033,43.30127018922193,0.0,0.0,8.0,1.0,10.0,7.0,-9.0,3.0,1
LRL_2026-01-10_1,20002819,LRL_2026-01-10_1_20002819,2.0,22.0,6.0,33150.0,3.0,6.0,6.0,0.0,0.0,4.0,1080.0,810.0,0.0,0.0,310.0,225.0,0.0,0.0,0.0,0.0,250.0,500.0,1.0,0.0,3.6666666666666665,24.666666666666668,8.0,36716.666666666664,4.333333333333333,7.333333333333333,7.333333333333333,0.0,0.0,4.666666666666667,706.6666666666666,633.3333333333334,0.0,0.0,443.3333333333333,526.6666666666666,116.66666666666667,33.333333333333336,0.0,0.0,316.6666666666667,341.6666666666667,1.0,0.0,3.785938897200183,11.239810200058244,2.6457513110645907,10944.899877720827,1.1547005383792517,2.3094010767585034,3.2145502536643185,0.0,0.0,4.041451884327381,338.42773723992144,489.52357791360095,0.0,0.0,522.9085324732551,726.1255630628447,160.7275126832159,57.735026918962575,0.0,0.0,76.37626158259734,252.89984842489196,0.0,0.0,2.0,1.0,8.0,1.0,-7.0,3.0,1
LRL_2026-01-10_1,21011618,LRL_2026-01-10_1_21011618,3.0,52.0,7.0,44100.0,7.0,6.0,5.0,6.0,0.0,5.0,750.0,600.0,520.0,0.0,710.0,375.0,600.0,250.0,600.0,0.0,600.0,50.0,1.0,0.0,4.0,199.66666666666666,6.666666666666667,79033.33333333333,4.666666666666667,6.333333333333333,6.0,6.0,0.0,5.0,913.3333333333334,706.6666666666666,540.0,0.0,673.3333333333334,833.3333333333334,200.0,83.33333333333333,216.66666666666666,0.0,216.66666666666666,91.66666666666667,1.0,0.0,1.7320508075688772,186.3178288123102,0.5773502691896257,61461.3970987752,3.214550253664318,0.5773502691896258,1.0,0.0,0.0,1.0,354.44792753426185,313.9001964531614,101.4889156509222,0.0,406.24294865675313,1018.0659769058847,346.41016151377545,144.33756729740642,332.91640592396965,0.0,332.91640592396965,118.1453906563152,0.0,0.0,3.0,6.0,3.0,-3.0,3.0,3.0,1
LRL_2026-01-10_1,22013966,LRL_2026-01-10_1_22013966,1.0,7.0,5.0,22000.0,5.0,4.0,4.0,1.0,0.0,1.0,700.0,650.0,0.0,0.0,0.0,0.0,10.0,300.0,100.0,0.0,350.0,925.0,1.0,1.0,3.0,27.0,7.666666666666667,25303.333333333332,4.666666666666667,6.0,5.666666666666667,4.0,0.0,3.6666666666666665,713.3333333333334,746.6666666666666,523.3333333333334,0.0,393.3333333333333,340.0,286.6666666666667,166.66666666666666,166.66666666666666,0.0,183.33333333333334,433.3333333333333,0.6666666666666666,0.6666666666666666,2.6457513110645907,34.64101615137755,2.516611478423583,3270.5096442807403,0.5773502691896258,2.0,2.081665999466133,3.605551275463989,0.0,3.7859388972001824,260.2562839459085,393.99661589071206,663.802179367719,0.0,596.7690787342566,546.168472176855,296.70411748631557,125.83057392117917,57.735026918962575,0.0,144.33756729740642,427.44395344107204,0.5773502691896258,0.5773502691896258,1.0,6.0,2.0,-5.0,4.0,3.0,1
LRL_2026-01-10_1,22013097,LRL_2026-01-10_1_22013097,4.0,27.0,9.0,26240.0,4.0,6.0,6.0,4.0,0.0,4.0,500.0,400.0,560.0,0.0,700.0,1225.0,10.0,50.0,100.0,0.0,300.0,150.0,1.0,0.0,3.0,20.0,6.666666666666667,31946.666666666668,4.0,4.333333333333333,4.0,3.3333333333333335,0.0,3.3333333333333335,386.6666666666667,283.3333333333333,336.6666666666667,0.0,503.3333333333333,733.3333333333334,103.33333333333333,103.33333333333333,150.0,0.0,250.0,408.3333333333333,1.0,0.6666666666666666,1.0,9.643650760992955,2.5166114784235836,10443.39663774834,2.0,1.5275252316519465,1.7320508075688772,1.1547005383792515,0.0,1.1547005383792515,126.62279942148388,104.08329997330664,230.28967265887835,0.0,306.648550189518,465.25082840692863,128.58201014657274,128.58201014657274,180.27756377319946,0.0,229.128784747792,447.44645862196,0.0,0.5773502691896258,4.0,2.0,3.0,2.0,-1.0,3.0,1
LRL_2026-01-10_2,22000626,LRL_2026-01-10_2_22000626,6.0,14.0,7.0,27040.0,1.0,1.0,1.0,0.0,0.0,5.0,0.0,0.0,0.0,0.0,410.0,1825.0,700.0,500.0,0.0,0.0,50.0,2200.0,1.0,0.0,4.666666666666667,24.666666666666668,7.666666666666667,28253.333333333332,5.666666666666667,2.3333333333333335,2.3333333333333335,0.0,0.0,4.0,150.0,140.0,0.0,0.0,423.3333333333333,886.6666666666666,416.6666666666667,300.0,0.0,0.0,100.0,1500.0,1.0,0.3333333333333333,3.214550253664318,22.03028218914441,0.5773502691896257,3644.7542212518715,4.041451884327381,2.3094010767585034,2.3094010767585034,0.0,0.0,2.6457513110645907,259.8076211353316,242.4871130596428,0.0,0.0,430.1550108197431,913.5963733144596,246.64414311581237,180.27756377319946,0.0,0.0,50.0,1212.4355652982142,0.0,0.5773502691896258,6.0,1.0,7.0,5.0,-6.0,3.0,1
LRL_2026-01-10_2,20002436,LRL_2026-01-10_2_20002436,4.0,25.0,9.0,12400.0,7.0,4.0,0.0,0.0,0.0,4.0,200.0,0.0,0.0,0.0,360.0,505.0,150.0,0.0,0.0,0.0,10.0,75.0,1.0,0.0,3.6666666666666665,33.666666666666664,8.333333333333334,15786.666666666666,4.333333333333333,2.6666666666666665,0.3333333333333333,0.0,0.0,3.0,166.66666666666666,0.0,0.0,0.0,236.66666666666666,505.0,116.66666666666667,50.0,0.0,0.0,120.0,100.0,1.0,0.3333333333333333,0.5773502691896258,28.988503468329185,1.1547005383792517,5865.878734966598,3.055050463303893,1.5275252316519465,0.5773502691896258,0.0,0.0,1.0,152.75252316519467,0.0,0.0,0.0,164.41816606851367,105.0,57.735026918962575,86.60254037844386,0.0,0.0,157.1623364550171,43.30127018922193,0.0,0.5773502691896258,4.0,3.0,4.0,1.0,-1.0,3.0,1
LRL_2026-01-10_2,22013102,LRL_2026-01-10_2_22013102,2.0,18.0,7.0,23550.0,1.0,6.0,6.0,0.0,0.0,4.0,760.0,670.0,0.0,0.0,660.0,275.0,50.0,150.0,0.0,0.0,50.0,400.0,1.0,0.0,3.6666666666666665,63.0,6.666666666666667,25590.0,2.6666666666666665,5.333333333333333,5.0,0.0,0.0,3.3333333333333335,723.3333333333334,616.6666666666666,0.0,0.0,470.0,650.0,66.66666666666667,66.66666666666667,0.0,0.0,70.0,291.6666666666667,1.0,0.0,2.0816659994661326,52.716221412388805,0.5773502691896258,1818.2684070290613,2.0816659994661326,0.5773502691896257,1.7320508075688772,0.0,0.0,2.0816659994661326,296.70411748631557,92.37604307034013,0.0,0.0,409.5119045888654,433.7337893224368,28.867513459481287,76.37626158259734,0.0,0.0,72.11102550927978,255.3592241007427,0.0,0.0,2.0,3.0,6.0,-1.0,-3.0,3.0,1
LRL_2026-01-10_2,22001373,LRL_2026-01-10_2_22001373,4.0,35.0,6.0,22660.0,1.0,2.0,1.0,0.0,0.0,2.0,10.0,0.0,0.0,0.0,10.0,725.0,150.0,100.0,0.0,0.0,250.0,200.0,1.0,1.0,3.6666666666666665,84.66666666666667,8.0,19540.0,1.6666666666666667,3.6666666666666665,0.6666666666666666,0.0,0.0,3.0,290.0,0.0,0.0,0.0,140.0,408.3333333333333,133.33333333333334,50.0,0.0,0.0,150.0,225.0,1.0,0.3333333333333333,1.5275252316519468,86.02519010925424,1.7320508075688772,6199.774189436257,1.1547005383792517,3.785938897200183,0.5773502691896258,0.0,0.0,2.6457513110645907,493.65980188789933,0.0,0.0,0.0,233.88031127053,354.7299442298794,76.37626158259734,50.0,0.0,0.0,100.0,163.93596310755,0.0,0.5773502691896258,4.0,2.0,5.0,2.0,-3.0,3.0,1
LRL_2026-01-10_2,22018029,LRL_2026-01-10_2_22018029,2.0,152.0,6.0,22660.0,2.0,4.0,4.0,0.0,0.0,4.0,710.0,700.0,0.0,0.0,310.0,225.0,50.0,50.0,0.0,0.0,200.0,375.0,1.0,1.0,2.3333333333333335,192.66666666666666,7.666666666666667,23863.333333333332,4.666666666666667,5.333333333333333,5.0,0.0,0.0,3.3333333333333335,890.0,706.6666666666666,0.0,0.0,386.6666666666667,258.3333333333333,200.0,216.66666666666666,0.0,0.0,86.66666666666667,191.66666666666666,1.0,0.6666666666666666,1.5275252316519468,108.85464314090297,1.5275252316519465,1380.229449524004,3.055050463303893,1.5275252316519465,1.7320508075688772,0.0,0.0,2.0816659994661326,157.1623364550171,300.055550412475,0.0,0.0,430.1550108197431,276.511000383951,180.27756377319946,144.33756729740642,0.0,0.0,100.16652800877812,166.45820296198482,0.0,0.5773502691896258,2.0,4.0,1.0,-2.0,3.0,3.0,1
LRL_2026-01-10_2,19017987,LRL_2026-01-10_2_19017987,3.0,49.0,9.0,12400.0,3.0,5.0,0.0,0.0,0.0,5.0,350.0,0.0,0.0,0.0,370.0,500.0,50.0,0.0,0.0,0.0,100.0,5.0,1.0,0.0,3.3333333333333335,110.66666666666667,7.333333333333333,19536.666666666668,3.6666666666666665,3.0,1.6666666666666667,0.0,0.0,3.3333333333333335,170.0,86.66666666666667,0.0,0.0,376.6666666666667,666.6666666666666,250.0,200.0,0.0,0.0,53.333333333333336,118.33333333333333,1.0,0.3333333333333333,0.5773502691896258,54.42732157045148,1.5275252316519465,6196.533977421033,1.1547005383792515,2.0,1.5275252316519468,0.0,0.0,1.5275252316519468,175.2141546793523,141.53915830374763,0.0,0.0,120.13880860626735,208.16659994661327,264.5751311064591,229.128784747792,0.0,0.0,45.09249752822894,110.15141094572205,0.0,0.5773502691896258,3.0,4.0,3.0,-1.0,1.0,3.0,1
LRL_2026-01-10_3,23004974,LRL_2026-01-10_3_23004974,4.0,52.0,4.0,41600.0,4.0,4.0,4.0,0.0,0.0,4.0,260.0,360.0,0.0,0.0,660.0,1375.0,0.0,0.0,0.0,0.0,0.0,0.0,1.0,1.0,3.0,119.0,7.0,34086.666666666664,6.666666666666667,2.3333333333333335,2.6666666666666665,0.0,0.0,2.6666666666666665,120.0,186.66666666666666,0.0,0.0,336.6666666666667,750.0,86.66666666666667,233.33333333333334,0.0,0.0,116.66666666666667,375.0,1.0,0.3333333333333333,1.7320508075688772,129.2555608088101,3.0,6995.89403388397,2.516611478423583,1.5275252316519468,1.1547005383792515,0.0,0.0,1.5275252316519468,131.14877048604,150.1110699893027,0.0,0.0,330.2019584032374,695.9705453537528,141.53915830374763,321.4550253664318,0.0,0.0,160.7275126832159,388.1043674065006,0.0,0.5773502691896258,4.0,1.0,4.0,3.0,-3.0,3.0,1
LRL_2026-01-10_3,23011140,LRL_2026-01-10_3_23011140,4.0,94.0,7.0,34550.0,2.0,6.0,6.0,0.0,0.0,6.0,850.0,560.0,0.0,0.0,800.0,1060.0,100.0,400.0,0.0,0.0,300.0,100.0,1.0,0.0,3.0,204.0,6.333333333333333,36430.0,3.3333333333333335,5.0,4.666666666666667,0.0,0.0,4.666666666666667,506.6666666666667,580.0,0.0,0.0,786.6666666666666,1028.3333333333333,200.0,200.0,0.0,0.0,300.0,41.666666666666664,1.0,0.3333333333333333,1.7320508075688772,136.67113813823312,2.081665999466133,11743.41091846828,1.5275252316519465,1.0,1.1547005383792517,0.0,0.0,1.1547005383792517,297.71350881902106,270.55498516937365,0.0,0.0,470.1418225741391,1012.8713310847205,264.5751311064591,200.0,0.0,0.0,300.0,52.04164998665332,0.0,0.5773502691896258,4.0,4.0,1.0,0.0,3.0,3.0,1
LRL_2026-01-10_3,23008409,LRL_2026-01-10_3_23008409,6.0,270.0,7.0,42000.0,5.0,5.0,6.0,0.0,0.0,6.0,510.0,860.0,0.0,0.0,1350.0,2550.0,10.0,500.0,0.0,0.0,800.0,2350.0,1.0,0.0,4.333333333333333,320.0,7.666666666666667,47333.333333333336,4.333333333333333,3.3333333333333335,3.3333333333333335,0.0,0.0,4.333333333333333,193.33333333333334,323.3333333333333,0.0,0.0,593.3333333333334,1210.0,53.333333333333336,186.66666666666666,0.0,0.0,400.0,916.6666666666666,1.0,0.3333333333333333,2.8867513459481287,280.36404905051575,2.081665999466133,22479.620400116488,2.0816659994661326,1.5275252316519468,2.516611478423583,0.0,0.0,2.8867513459481287,275.3785273643051,468.0099714037441,0.0,0.0,689.6617528421692,1279.9609369039354,45.09249752822895,272.0906711619002,0.0,0.0,346.41016151377545,1243.5667787993266,0.0,0.5773502691896258,6.0,6.0,1.0,0.0,5.0,3.0,1
LRL_2026-01-10_3,23000766,LRL_2026-01-10_3_23000766,1.0,18.0,7.0,27760.0,7.0,2.0,2.0,0.0,0.0,1.0,10.0,10.0,0.0,0.0,0.0,0.0,100.0,250.0,0.0,0.0,50.0,75.0,1.0,1.0,2.6666666666666665,103.33333333333333,5.666666666666667,30603.333333333332,4.333333333333333,2.0,2.0,0.0,0.0,1.6666666666666667,23.333333333333332,73.33333333333333,0.0,0.0,133.33333333333334,453.3333333333333,66.66666666666667,133.33333333333334,0.0,0.0,53.333333333333336,91.66666666666667,1.0,0.3333333333333333,1.5275252316519468,114.9144609408813,1.5275252316519468,3188.108111926779,3.055050463303893,0.0,0.0,0.0,0.0,1.1547005383792517,23.094010767585033,109.6965511460289,0.0,0.0,230.9401076758503,522.6455140277523,28.867513459481287,104.08329997330664,0.0,0.0,45.09249752822895,101.0362971081845,0.0,0.5773502691896258,1.0,3.0,4.0,-2.0,-1.0,3.0,1
LRL_2026-01-10_3,23004937,LRL_2026-01-10_3_23004937,3.0,70.0,7.0,34550.0,1.0,4.0,4.0,0.0,0.0,2.0,400.0,210.0,0.0,0.0,200.0,185.0,300.0,200.0,0.0,0.0,100.0,875.0,1.0,0.0,2.0,60.0,8.0,32516.666666666668,4.666666666666667,3.0,3.0,0.0,0.0,2.0,350.0,170.0,0.0,0.0,183.33333333333334,186.66666666666666,150.0,250.0,0.0,0.0,233.33333333333334,433.3333333333333,1.0,0.0,1.0,14.0,2.6457513110645907,2740.5899608174395,3.511884584284246,1.0,1.0,0.0,0.0,1.0,86.60254037844386,60.8276253029822,0.0,0.0,175.5942292142123,187.50555547325348,132.28756555322954,132.28756555322954,0.0,0.0,115.47005383792515,425.9792639710686,0.0,0.0,3.0,2.0,1.0,1.0,1.0,3.0,1
LRL_2026-01-10_3,23012748,LRL_2026-01-10_3_23012748,1.0,25.0,7.0,33650.0,6.0,3.0,2.0,0.0,0.0,1.0,20.0,10.0,0.0,0.0,0.0,0.0,150.0,10.0,0.0,0.0,200.0,225.0,1.0,1.0,4.0,149.33333333333334,8.333333333333334,38888.333333333336,6.666666666666667,4.0,3.3333333333333335,0.0,0.0,2.3333333333333335,226.66666666666666,273.3333333333333,0.0,0.0,316.6666666666667,710.0,186.66666666666666,320.0,0.0,0.0,120.0,175.0,1.0,0.3333333333333333,2.6457513110645907,228.46516875299247,1.1547005383792515,10174.805075937982,2.081665999466133,1.0,1.1547005383792515,0.0,0.0,1.1547005383792515,196.04421270043483,334.71380810079125,0.0,0.0,284.31203515386636,615.8733636065128,197.5685535031659,278.74719729532706,0.0,0.0,98.48857801796105,108.97247358851683,0.0,0.5773502691896258,1.0,6.0,5.0,-5.0,1.0,3.0,1
LRL_2026-01-10_3,23012905,LRL_2026-01-10_3_23012905,7.0,59.0,7.0,34550.0,4.0,2.0,3.0,0.0,0.0,5.0,50.0,60.0,0.0,0.0,550.0,1535.0,150.0,150.0,0.0,0.0,250.0,0.0,1.0,0.0,4.333333333333333,44.666666666666664,6.333333333333333,34066.666666666664,4.0,1.6666666666666667,2.0,0.0,0.0,3.0,50.0,36.666666666666664,0.0,0.0,220.0,790.0,116.66666666666667,103.33333333333333,0.0,0.0,200.0,308.3333333333333,1.0,0.0,3.055050463303893,22.27853974867593,0.5773502691896257,475.21924764610753,2.0,0.5773502691896257,1.0,0.0,0.0,2.0,50.0,32.145502536643185,0.0,0.0,291.032644217105,768.4887767560434,57.735026918962575,80.82903768654761,0.0,0.0,50.0,280.9952550014561,0.0,0.0,7.0,5.0,1.0,2.0,4.0,3.0,1
LRL_2026-01-10_4,23017976,LRL_2026-01-10_4_23017976,8.0,74.0,8.0,25740.0,3.0,2.0,4.0,8.0,0.0,8.0,300.0,410.0,1280.0,0.0,1510.0,2630.0,50.0,100.0,0.0,0.0,0.0,0.0,1.0,1.0,5.0,111.66666666666667,9.0,27560.0,2.0,3.3333333333333335,3.6666666666666665,5.333333333333333,0.0,5.0,640.0,673.3333333333334,996.6666666666666,0.0,943.3333333333334,1426.6666666666667,20.0,66.66666666666667,533.3333333333334,0.0,86.66666666666667,175.0,1.0,0.6666666666666666,2.6457513110645907,61.80884510596629,2.6457513110645907,1728.698932723683,1.0,3.2145502536643185,2.516611478423583,3.0550504633038935,0.0,3.0,861.8584570566097,836.679946773755,879.9052979345751,0.0,814.4527815247078,1329.1475965194134,26.457513110645905,28.867513459481287,838.6497083606083,0.0,141.53915830374763,281.73569173961613,0.0,0.5773502691896258,8.0,3.0,4.0,5.0,-1.0,3.0,1
LRL_2026-01-10_4,23004092,LRL_2026-01-10_4_23004092,2.0,98.0,8.0,25740.0,5.0,4.0,3.0,3.0,0.0,2.0,360.0,260.0,210.0,0.0,250.0,50.0,200.0,150.0,200.0,0.0,250.0,325.0,1.0,1.0,4.666666666666667,154.33333333333334,7.666666666666667,34530.0,4.666666666666667,4.666666666666667,4.0,3.0,0.0,5.0,380.0,396.6666666666667,360.0,0.0,940.0,1516.6666666666667,153.33333333333334,183.33333333333334,100.0,0.0,266.6666666666667,433.3333333333333,1.0,0.6666666666666666,2.516611478423583,60.92892033618627,0.5773502691896257,10392.482860221613,0.5773502691896258,0.5773502691896257,1.7320508075688772,3.0,0.0,2.6457513110645907,72.11102550927978,281.1286775363434,453.9823785126467,0.0,675.4998149518622,1438.3874072492895,126.62279942148386,57.735026918962575,100.0,0.0,125.83057392117915,128.29003598617211,0.0,0.5773502691896258,2.0,5.0,7.0,-3.0,-2.0,3.0,1
LRL_2026-01-10_4,23000358,LRL_2026-01-10_4_23000358,3.0,12.0,8.0,25740.0,7.0,3.0,2.0,2.0,0.0,3.0,350.0,250.0,200.0,0.0,500.0,375.0,10.0,10.0,10.0,0.0,50.0,175.0,1.0,1.0,5.5,78.0,8.0,30170.0,4.0,5.5,5.0,1.0,0.0,5.5,810.0,1100.0,100.0,0.0,1325.0,1077.5,5.0,5.0,5.0,0.0,25.0,87.5,1.0,0.5,3.5355339059327378,93.33809511662427,0.0,6264.966081312811,4.242640687119285,3.5355339059327378,4.242640687119285,1.4142135623730951,0.0,3.5355339059327378,650.5382386916237,1202.0815280171307,141.4213562373095,0.0,1166.7261889578035,993.4850275670992,7.0710678118654755,7.0710678118654755,7.0710678118654755,0.0,35.35533905932738,123.74368670764582,0.0,0.7071067811865476,3.0,8.0,,-5.0,,2.0,1
LRL_2026-01-10_4,23001371,LRL_2026-01-10_4_23001371,4.0,123.0,12.0,29180.0,9.0,10.0,5.0,5.0,0.0,4.0,630.0,310.0,170.0,0.0,220.0,400.0,250.0,50.0,10.0,0.0,10.0,25.0,1.0,0.0,6.333333333333333,92.66666666666667,11.333333333333334,37025.0,5.666666666666667,8.0,6.333333333333333,1.6666666666666667,0.0,6.666666666666667,606.6666666666666,730.0,56.666666666666664,0.0,890.0,1275.0,166.66666666666666,220.0,3.3333333333333335,0.0,186.66666666666666,108.33333333333333,0.6666666666666666,0.0,2.081665999466133,33.946035605550954,1.1547005383792517,7832.529923338946,4.163331998932265,1.7320508075688772,1.1547005383792517,2.886751345948129,0.0,2.516611478423583,87.36894948054106,380.0,98.14954576223639,0.0,867.5828490697588,1305.0383136138187,104.08329997330664,329.69683043669073,5.773502691896258,0.0,197.56855350316593,87.79711460710615,0.5773502691896258,0.0,4.0,7.0,8.0,-3.0,-1.0,3.0,1
LRL_2026-01-10_4,23016735,LRL_2026-01-10_4_23016735,5.0,204.0,8.0,25740.0,8.0,7.0,7.0,6.0,0.0,4.0,660.0,620.0,430.0,0.0,550.0,555.0,10.0,50.0,700.0,0.0,100.0,425.0,1.0,1.0,5.0,238.66666666666666,9.666666666666666,27773.333333333332,7.666666666666667,4.0,4.333333333333333,3.0,0.0,4.0,256.6666666666667,526.6666666666666,180.0,0.0,726.6666666666666,985.0,170.0,116.66666666666667,250.0,0.0,116.66666666666667,195.0,1.0,0.3333333333333333,0.0,54.09559439855832,2.0816659994661326,1803.5890145300104,4.509249752822894,2.6457513110645907,2.309401076758503,3.0,0.0,1.0,349.33269720043864,427.70706486254505,223.38307903688676,0.0,604.6762219017161,859.8255637046389,147.30919862656236,57.735026918962575,390.51248379533274,0.0,28.867513459481287,211.12792330717411,0.0,0.5773502691896258,5.0,5.0,5.0,0.0,0.0,3.0,1
LRL_2026-01-10_4,23009996,LRL_2026-01-10_4_23009996,4.0,113.0,8.0,25740.0,4.0,5.0,5.0,5.0,0.0,5.0,560.0,510.0,420.0,0.0,650.0,550.0,50.0,100.0,10.0,0.0,10.0,5.0,1.0,1.0,5.0,183.0,10.333333333333334,28226.666666666668,4.0,5.666666666666667,5.333333333333333,3.0,0.0,6.0,413.3333333333333,460.0,193.33333333333334,0.0,550.0,453.3333333333333,300.0,136.66666666666666,6.666666666666667,0.0,303.3333333333333,160.0,1.0,0.3333333333333333,1.0,183.31393836803574,2.0816659994661326,2172.9549772909086,0.0,4.041451884327381,3.5118845842842465,2.6457513110645907,0.0,1.0,353.60052790307503,387.4274125562103,211.97484127446194,0.0,190.78784028338913,88.928810479694,433.0127018922193,148.43629385474878,5.773502691896257,0.0,258.90796305508513,192.15878850575635,0.0,0.5773502691896258,4.0,6.0,5.0,-2.0,1.0,3.0,1
LRL_2026-01-10_5,23006424,LRL_2026-01-10_5_23006424,,,,,,,,,,,,,,,,,,,,,,,,,,,,,,,,,,,,,,,,,,,,,,,,,,,,,,,,,,,,,,,,,,,,,,,,,,,,,,0.0,0
LRL_2026-01-10_5,23015196,LRL_2026-01-10_5_23015196,2.0,24.0,9.0,28400.0,7.0,4.0,2.0,0.0,0.0,2.0,360.0,500.0,0.0,0.0,1000.0,1525.0,200.0,400.0,0.0,0.0,400.0,125.0,1.0,0.0,3.0,233.66666666666666,10.0,28420.0,7.333333333333333,6.0,4.333333333333333,0.0,0.0,2.6666666666666665,543.3333333333334,490.0,0.0,0.0,566.6666666666666,733.3333333333334,116.66666666666667,250.0,0.0,0.0,350.0,333.3333333333333,1.0,0.0,1.0,285.64021658956455,1.0,1330.1127771734245,0.5773502691896258,2.6457513110645907,3.214550253664318,0.0,0.0,1.1547005383792517,159.47831618540914,36.05551275463989,0.0,0.0,388.3726732577015,734.137816307901,76.37626158259734,180.27756377319946,0.0,0.0,180.27756377319946,242.81337140555775,0.0,0.0,2.0,3.0,4.0,-1.0,-1.0,3.0,1
LRL_2026-01-10_5,23007746,LRL_2026-01-10_5_23007746,,,,,,,,,,,,,,,,,,,,,,,,,,,,,,,,,,,,,,,,,,,,,,,,,,,,,,,,,,,,,,,,,,,,,,,,,,,,,,0.0,0
LRL_2026-01-10_5,23014784,LRL_2026-01-10_5_23014784,3.0,32.0,6.0,30450.0,5.0,1.0,1.0,1.0,0.0,1.0,0.0,0.0,0.0,0.0,0.0,400.0,200.0,150.0,100.0,0.0,10.0,300.0,1.0,0.0,3.6666666666666665,257.6666666666667,7.666666666666667,37100.0,7.0,3.6666666666666665,3.0,0.3333333333333333,0.0,2.6666666666666665,343.3333333333333,370.0,0.0,0.0,370.0,908.3333333333334,116.66666666666667,120.0,33.333333333333336,0.0,56.666666666666664,416.6666666666667,1.0,0.0,2.0816659994661326,330.4789453707049,2.0816659994661326,10329.448194361594,2.0,3.055050463303893,3.4641016151377544,0.5773502691896258,0.0,2.8867513459481287,577.4368652357878,640.8587988004846,0.0,0.0,640.8587988004846,1013.1428000698289,76.37626158259734,98.48857801796105,57.735026918962575,0.0,80.82903768654761,180.8544534517559,0.0,0.0,3.0,2.0,6.0,1.0,-4.0,3.0,1
LRL_2026-01-10_5,23008719,LRL_2026-01-10_5_23008719,5.0,41.0,7.0,47500.0,7.0,3.0,3.0,0.0,0.0,4.0,400.0,300.0,0.0,0.0,400.0,925.0,400.0,350.0,0.0,0.0,10.0,875.0,1.0,1.0,4.0,41.333333333333336,8.333333333333334,47500.0,5.333333333333333,4.333333333333333,3.0,0.0,0.0,3.3333333333333335,423.3333333333333,520.0,0.0,0.0,416.6666666666667,550.0,186.66666666666666,170.0,0.0,0.0,86.66666666666667,416.6666666666667,1.0,0.6666666666666666,1.0,30.501366089625122,1.1547005383792515,1000.0,2.081665999466133,3.214550253664318,2.0,0.0,0.0,1.1547005383792517,385.52993831002715,658.1793068761734,0.0,0.0,375.2776749732567,388.1043674065006,197.56855350316593,170.88007490635061,0.0,0.0,70.94598884597588,420.0694387042853,0.0,0.5773502691896258,5.0,4.0,3.0,1.0,1.0,3.0,1
LRL_2026-01-10_5,23001085,LRL_2026-01-10_5_23001085,6.0,352.0,7.0,45500.0,2.0,6.0,6.0,0.0,0.0,5.0,450.0,670.0,0.0,0.0,750.0,1450.0,100.0,600.0,0.0,0.0,10.0,3050.0,1.0,0.0,5.0,246.66666666666666,8.0,40833.333333333336,2.6666666666666665,7.0,7.0,0.0,0.0,6.0,803.3333333333334,823.3333333333334,0.0,0.0,746.6666666666666,1210.0,170.0,270.0,0.0,0.0,86.66666666666667,1225.0,1.0,0.0,1.0,141.3694922298773,1.7320508075688772,11250.925887825115,0.5773502691896258,1.7320508075688772,1.7320508075688772,0.0,0.0,1.7320508075688772,745.676426698158,732.1429732868664,0.0,0.0,525.0079364479487,933.4345183246653,204.20577856662138,301.16440692751195,0.0,0.0,100.16652800877813,1598.241220842461,0.0,0.0,6.0,5.0,4.0,1.0,1.0,3.0,1
LRL_2026-01-10_5,23006721,LRL_2026-01-10_5_23006721,4.0,354.0,6.0,45000.0,1.0,4.0,3.0,0.0,0.0,4.0,220.0,350.0,0.0,0.0,410.0,800.0,400.0,350.0,0.0,0.0,450.0,425.0,1.0,0.0,4.0,354.0,6.0,45000.0,1.0,4.0,3.0,0.0,0.0,4.0,220.0,350.0,0.0,0.0,410.0,800.0,400.0,350.0,0.0,0.0,450.0,425.0,1.0,0.0,,,,,,,,,,,,,,,,,,,,,,,,,4.0,,,,,1.0,1
LRL_2026-01-10_5,23003648,LRL_2026-01-10_5_23003648,7.0,241.0,7.0,30950.0,7.0,5.0,6.0,0.0,0.0,6.0,970.0,870.0,0.0,0.0,1010.0,1600.0,10.0,700.0,0.0,0.0,50.0,0.0,1.0,0.0,7.0,241.0,7.0,30950.0,7.0,5.0,6.0,0.0,0.0,6.0,970.0,870.0,0.0,0.0,1010.0,1600.0,10.0,700.0,0.0,0.0,50.0,0.0,1.0,0.0,,,,,,,,,,,,,,,,,,,,,,,,,7.0,,,,,1.0,1
LRL_2026-01-10_5,23017289,LRL_2026-01-10_5_23017289,2.0,135.0,7.0,30950.0,4.0,7.0,7.0,0.0,0.0,7.0,1430.0,1570.0,0.0,0.0,1060.0,650.0,0.0,0.0,0.0,0.0,0.0,75.0,1.0,0.0,2.0,135.0,7.0,30950.0,4.0,7.0,7.0,0.0,0.0,7.0,1430.0,1570.0,0.0,0.0,1060.0,650.0,0.0,0.0,0.0,0.0,0.0,75.0,1.0,0.0,,,,,,,,,,,,,,,,,,,,,,,,,2.0,,,,,1.0,1
LRL_2026-01-10_5,23005168,LRL_2026-01-10_5_23005168,2.0,31.0,6.0,30450.0,2.0,6.0,5.0,3.0,0.0,2.0,600.0,270.0,150.0,0.0,10.0,50.0,0.0,50.0,100.0,0.0,100.0,350.0,1.0,0.0,3.6666666666666665,144.0,7.666666666666667,37850.0,4.333333333333333,6.333333333333333,5.333333333333333,1.0,0.0,4.666666666666667,810.0,976.6666666666666,50.0,0.0,673.3333333333334,533.3333333333334,83.33333333333333,53.333333333333336,33.333333333333336,0.0,633.3333333333334,135.0,1.0,0.3333333333333333,1.5275252316519468,159.14458834657245,1.5275252316519465,9453.702978198542,2.516611478423583,0.5773502691896257,0.5773502691896257,1.7320508075688772,0.0,2.516611478423583,305.12292604784716,617.1979693204875,86.60254037844386,0.0,574.4852768638491,436.84474740270525,76.37626158259734,45.09249752822895,57.735026918962575,0.0,757.1877794400365,187.5499933351105,0.0,0.5773502691896258,2.0,5.0,4.0,-3.0,1.0,3.0,1
LRL_2026-01-10_6,19004530,LRL_2026-01-10_6_19004530,2.0,600.0,11.0,21450.0,5.0,4.0,4.0,2.0,0.0,3.0,310.0,410.0,50.0,0.0,20.0,300.0,200.0,100.0,50.0,0.0,250.0,10.0,1.0,0.0,3.6666666666666665,324.0,8.666666666666666,20373.333333333332,3.0,4.666666666666667,4.666666666666667,0.6666666666666666,0.0,4.666666666666667,406.6666666666667,526.6666666666666,16.666666666666668,0.0,596.6666666666666,726.6666666666666,183.33333333333334,233.33333333333334,16.666666666666668,0.0,450.0,248.33333333333334,1.0,0.6666666666666666,1.5275252316519468,239.0313786932586,2.0816659994661326,1313.4052433781942,1.7320508075688772,2.0816659994661326,2.0816659994661326,1.1547005383792517,0.0,2.0816659994661326,355.0117368951812,388.3726732577015,28.867513459481287,0.0,754.0778032360674,713.1853429041663,76.37626158259734,230.9401076758503,28.867513459481287,0.0,180.27756377319946,412.8054424705824,0.0,0.5773502691896258,2.0,4.0,5.0,-2.0,-1.0,3.0,1
LRL_2026-01-10_6,19014035,LRL_2026-01-10_6_19014035,6.0,54.0,7.0,18910.0,1.0,6.0,5.0,0.0,0.0,5.0,310.0,460.0,0.0,0.0,820.0,1155.0,350.0,150.0,0.0,0.0,10.0,775.0,1.0,1.0,4.0,55.0,8.333333333333334,19303.333333333332,4.666666666666667,5.666666666666667,5.0,1.3333333333333333,0.0,4.0,263.3333333333333,343.3333333333333,53.333333333333336,0.0,443.3333333333333,630.0,283.3333333333333,200.0,50.0,0.0,106.66666666666667,325.0,1.0,0.6666666666666666,2.0,40.50925820105819,1.1547005383792515,5510.538388699723,4.041451884327381,0.5773502691896258,0.0,2.3094010767585034,0.0,1.0,45.09249752822894,120.13880860626733,92.37604307034012,0.0,326.2412195497885,484.53586038599866,160.7275126832159,132.28756555322954,86.60254037844386,0.0,167.43157806499147,390.51248379533274,0.0,0.5773502691896258,6.0,2.0,4.0,4.0,-2.0,3.0,1
LRL_2026-01-10_6,21012195,LRL_2026-01-10_6_21012195,3.0,357.0,11.0,23070.0,9.0,6.0,5.0,0.0,0.0,4.0,460.0,560.0,0.0,0.0,310.0,275.0,200.0,250.0,0.0,0.0,200.0,75.0,1.0,1.0,3.0,274.0,8.333333333333334,20476.666666666668,5.0,4.0,3.6666666666666665,0.0,0.0,3.6666666666666665,453.3333333333333,603.3333333333334,0.0,0.0,340.0,268.3333333333333,150.0,90.0,0.0,0.0,170.0,111.66666666666667,1.0,0.6666666666666666,0.0,125.19185277005849,2.3094010767585034,2262.0639542977856,3.605551275463989,2.6457513110645907,2.3094010767585034,0.0,0.0,1.5275252316519465,450.0370355130046,626.1256529909418,0.0,0.0,345.9768778401239,185.09006816502426,50.0,138.5640646055102,0.0,0.0,147.30919862656236,124.13030787576953,0.0,0.5773502691896258,3.0,3.0,3.0,0.0,0.0,3.0,1
LRL_2026-01-10_6,18001954,LRL_2026-01-10_6_18001954,11.0,650.0,13.0,50000.0,12.0,13.0,12.0,0.0,0.0,11.0,850.0,980.0,0.0,0.0,1620.0,2705.0,0.0,100.0,0.0,0.0,50.0,100.0,1.0,0.0,6.666666666666667,595.3333333333334,9.666666666666666,57666.666666666664,5.666666666666667,9.333333333333334,8.333333333333334,0.0,0.0,7.0,653.3333333333334,656.6666666666666,0.0,0.0,906.6666666666666,1313.3333333333333,33.333333333333336,50.0,0.0,0.0,23.333333333333332,150.0,1.0,0.6666666666666666,4.041451884327381,295.81300399633096,2.8867513459481287,39068.31623366092,5.507570547286102,3.2145502536643185,3.5118845842842465,0.0,0.0,4.0,195.021366350801,468.0099714037441,0.0,0.0,735.9574263049008,1292.7135542467763,57.735026918962575,50.0,0.0,0.0,23.094010767585033,108.97247358851683,0.0,0.5773502691896258,11.0,3.0,6.0,8.0,-3.0,3.0,1
LRL_2026-01-10_6,17000068,LRL_2026-01-10_6_17000068,3.0,162.0,10.0,14000.0,7.0,8.0,6.0,0.0,0.0,4.0,500.0,310.0,0.0,0.0,400.0,500.0,600.0,100.0,0.0,0.0,10.0,10.0,1.0,1.0,4.0,68.33333333333333,8.333333333333334,14400.0,6.0,6.0,5.333333333333333,0.0,0.0,4.666666666666667,466.6666666666667,456.6666666666667,0.0,0.0,473.3333333333333,733.3333333333334,250.0,150.0,0.0,0.0,153.33333333333334,203.33333333333334,1.0,0.3333333333333333,1.7320508075688772,81.92883090422646,1.5275252316519468,346.41016151377545,1.7320508075688772,2.6457513110645907,2.0816659994661326,0.0,0.0,2.081665999466133,152.75252316519467,181.75074506954115,0.0,0.0,127.01705922171766,704.5979941309323,304.138126514911,50.0,0.0,0.0,214.55380055672128,321.9601424607296,0.0,0.5773502691896258,3.0,6.0,3.0,-3.0,3.0,3.0,1
LRL_2026-01-10_6,19005959,LRL_2026-01-10_6_19005959,4.0,60.0,6.0,20700.0,1.0,1.0,2.0,0.0,0.0,2.0,0.0,10.0,0.0,0.0,150.0,300.0,50.0,100.0,0.0,0.0,10.0,300.0,1.0,1.0,6.0,281.0,7.666666666666667,24586.666666666668,3.3333333333333335,4.0,4.666666666666667,0.0,0.0,4.666666666666667,426.6666666666667,470.0,0.0,0.0,536.6666666666666,445.0,53.333333333333336,66.66666666666667,0.0,0.0,36.666666666666664,166.66666666666666,1.0,1.0,2.6457513110645907,235.0808371603266,1.5275252316519465,3514.2187372634235,2.0816659994661326,3.605551275463989,3.7859388972001824,0.0,0.0,3.7859388972001824,566.9509091035425,639.2964883369843,0.0,0.0,626.9237061503842,126.19429464123962,45.09249752822895,57.735026918962575,0.0,0.0,55.07570547286102,152.75252316519467,0.0,0.0,4.0,9.0,5.0,-5.0,4.0,3.0,1
LRL_2026-01-10_6,20010035,LRL_2026-01-10_6_20010035,5.0,93.0,8.0,32610.0,1.0,5.0,6.0,0.0,0.0,4.0,760.0,560.0,0.0,0.0,600.0,900.0,100.0,150.0,0.0,0.0,50.0,625.0,1.0,1.0,6.333333333333333,93.33333333333333,8.0,48400.0,3.0,6.333333333333333,7.0,2.0,0.0,6.0,713.3333333333334,716.6666666666666,176.66666666666666,0.0,990.0,1383.3333333333333,50.0,53.333333333333336,66.66666666666667,0.0,100.0,351.6666666666667,1.0,0.6666666666666666,1.1547005383792517,1.5275252316519485,0.0,13692.702435969315,2.6457513110645907,1.5275252316519465,1.0,3.4641016151377544,0.0,1.7320508075688772,184.48125469362284,184.48125469362282,305.9956426705017,0.0,360.1388621073821,545.6265511623617,50.0,83.86497083606082,115.47005383792515,0.0,50.0,316.43851430148845,0.0,0.5773502691896258,5.0,7.0,7.0,-2.0,0.0,3.0,1
LRL_2026-01-10_6,18015442,LRL_2026-01-10_6_18015442,5.0,103.0,8.0,25020.0,6.0,7.0,8.0,0.0,0.0,6.0,910.0,960.0,0.0,0.0,1050.0,700.0,10.0,0.0,0.0,0.0,100.0,200.0,1.0,0.0,5.0,77.0,7.666666666666667,29478.333333333332,6.0,5.666666666666667,6.333333333333333,0.0,0.0,5.666666666666667,556.6666666666666,790.0,0.0,0.0,683.3333333333334,666.6666666666666,120.0,133.33333333333334,0.0,0.0,166.66666666666666,391.6666666666667,1.0,0.6666666666666666,0.0,27.055498516937366,0.5773502691896258,4065.3177407594276,1.0,2.3094010767585034,2.0816659994661326,0.0,0.0,0.5773502691896257,382.7967258654824,468.7216658103186,0.0,0.0,518.5878260558508,450.9249752822894,98.48857801796105,125.83057392117917,0.0,0.0,76.37626158259734,269.64482812272394,0.0,0.5773502691896258,5.0,5.0,5.0,0.0,0.0,3.0,1
LRL_2026-01-10_6,21004662,LRL_2026-01-10_6_21004662,9.0,593.0,11.0,21450.0,10.0,7.0,8.0,9.0,0.0,10.0,670.0,1060.0,820.0,0.0,1230.0,1715.0,10.0,50.0,150.0,0.0,200.0,275.0,1.0,0.0,6.0,355.3333333333333,8.666666666666666,20013.333333333332,6.333333333333333,5.666666666666667,6.0,4.0,0.0,7.333333333333333,710.0,906.6666666666666,456.6666666666667,0.0,1013.3333333333334,1226.6666666666667,53.333333333333336,20.0,53.333333333333336,0.0,266.6666666666667,183.33333333333334,1.0,0.0,2.6457513110645907,210.5809424742261,2.0816659994661326,1253.8075344060317,3.511884584284246,2.3094010767585034,2.6457513110645907,4.58257569495584,0.0,2.516611478423583,620.966987850401,692.8443788711382,417.8915329763614,0.0,187.7054430040145,547.3648996175525,83.86497083606082,26.457513110645905,83.86497083606082,0.0,305.50504633038935,118.1453906563152,0.0,0.0,9.0,5.0,4.0,4.0,1.0,3.0,1
LRL_2026-01-10_6,21011287,LRL_2026-01-10_6_21011287,4.0,59.0,11.0,21450.0,11.0,9.0,6.0,7.0,0.0,4.0,690.0,810.0,510.0,0.0,270.0,315.0,50.0,50.0,300.0,0.0,50.0,175.0,1.0,0.0,4.666666666666667,35.333333333333336,8.666666666666666,20373.333333333332,5.0,6.0,5.0,2.3333333333333335,0.0,4.0,500.0,643.3333333333334,170.0,0.0,526.6666666666666,363.3333333333333,83.33333333333333,100.0,100.0,0.0,103.33333333333333,68.33333333333333,1.0,0.6666666666666666,3.055050463303893,20.79262689833426,2.0816659994661326,1313.4052433781942,5.291502622129181,2.6457513110645907,1.0,4.041451884327381,0.0,1.0,255.14701644346147,288.67513459481285,294.44863728670913,0.0,410.40630274562466,315.2908709958684,57.735026918962575,50.0,173.20508075688772,0.0,128.58201014657274,92.9157324317757,0.0,0.5773502691896258,4.0,2.0,8.0,2.0,-6.0,3.0,1
LRL_2026-01-10_6,18006157,LRL_2026-01-10_6_18006157,8.0,80.0,9.0,22000.0,2.0,3.0,3.0,4.0,0.0,7.0,110.0,150.0,250.0,0.0,800.0,1060.0,10.0,10.0,150.0,0.0,150.0,0.0,1.0,0.0,5.0,41.333333333333336,9.0,20666.666666666668,5.666666666666667,2.6666666666666665,2.0,2.0,0.0,3.3333333333333335,93.33333333333333,66.66666666666667,83.33333333333333,0.0,270.0,498.3333333333333,103.33333333333333,70.0,70.0,0.0,133.33333333333334,250.0,1.0,0.0,3.0,33.54598833442433,1.0,2309.4010767585037,4.041451884327381,1.5275252316519468,1.0,1.7320508075688772,0.0,3.214550253664318,86.21678104251708,76.37626158259734,144.33756729740642,0.0,459.02069670114,528.8273190119185,128.58201014657274,51.96152422706632,72.11102550927978,0.0,28.867513459481287,238.4848003542364,0.0,0.0,8.0,5.0,2.0,3.0,3.0,3.0,1
LRL_2026-01-10_7,23002714,LRL_2026-01-10_7_23002714,3.0,12.0,5.0,53165.0,3.0,4.0,4.0,0.0,0.0,2.0,300.0,270.0,0.0,0.0,250.0,75.0,350.0,350.0,0.0,0.0,200.0,775.0,1.0,0.0,3.3333333333333335,48.666666666666664,9.333333333333334,85068.33333333333,3.3333333333333335,5.0,4.666666666666667,0.0,0.0,3.6666666666666665,263.3333333333333,390.0,0.0,0.0,386.6666666666667,311.6666666666667,366.6666666666667,286.6666666666667,0.0,0.0,73.33333333333333,325.0,1.0,0.0,0.5773502691896258,33.605555096342826,4.041451884327381,27647.918698038255,2.516611478423583,1.0,1.1547005383792517,0.0,0.0,2.0816659994661326,40.4145188432738,144.22205101855957,0.0,0.0,281.1286775363434,388.4692179997449,175.59422921421233,251.06440076867395,0.0,0.0,109.6965511460289,389.7114317029974,0.0,0.0,3.0,4.0,3.0,-1.0,1.0,3.0,1
LRL_2026-01-10_7,23015101,LRL_2026-01-10_7_23015101,3.0,51.0,4.0,49000.0,2.0,4.0,3.0,3.0,0.0,3.0,800.0,500.0,310.0,0.0,450.0,325.0,0.0,250.0,400.0,0.0,600.0,1675.0,1.0,0.0,2.0,25.333333333333332,6.0,46666.666666666664,4.0,3.0,2.0,2.3333333333333335,0.0,2.0,403.3333333333333,233.33333333333334,110.0,0.0,153.33333333333334,183.33333333333334,20.0,90.0,170.0,0.0,366.6666666666667,836.6666666666666,1.0,0.3333333333333333,1.0,22.678918257565403,2.0,2081.665999466132,3.4641016151377544,1.7320508075688772,1.0,1.1547005383792515,0.0,1.0,400.0416644967538,251.6611478423583,173.49351572897473,0.0,256.96951829610714,166.45820296198482,26.457513110645905,138.5640646055102,204.20577856662138,0.0,284.31203515386636,832.5613090537737,0.0,0.5773502691896258,3.0,1.0,2.0,2.0,-1.0,3.0,1
LRL_2026-01-10_7,23009978,LRL_2026-01-10_7_23009978,1.0,40.0,7.0,51730.0,3.0,4.0,3.0,2.0,0.0,1.0,210.0,160.0,150.0,0.0,0.0,0.0,10.0,10.0,10.0,0.0,50.0,300.0,1.0,1.0,1.0,40.0,7.0,51730.0,3.0,4.0,3.0,2.0,0.0,1.0,210.0,160.0,150.0,0.0,0.0,0.0,10.0,10.0,10.0,0.0,50.0,300.0,1.0,1.0,,,,,,,,,,,,,,,,,,,,,,,,,1.0,,,,,1.0,1
LRL_2026-01-10_7,23015288,LRL_2026-01-10_7_23015288,1.0,19.0,9.0,125000.0,4.0,9.0,8.0,0.0,0.0,6.0,980.0,720.0,0.0,0.0,420.0,0.0,0.0,800.0,0.0,0.0,150.0,25.0,1.0,0.0,2.6666666666666665,72.66666666666667,9.333333333333334,90680.0,3.6666666666666665,9.333333333333334,8.333333333333334,0.0,0.0,6.333333333333333,1196.6666666666667,1080.0,0.0,0.0,583.3333333333334,191.66666666666666,0.0,350.0,0.0,0.0,70.0,258.3333333333333,1.0,0.0,2.8867513459481287,94.69072464256114,3.511884584284246,41192.076908065705,0.5773502691896257,3.511884584284246,3.511884584284246,0.0,0.0,3.5118845842842465,341.2232895529455,515.0728103870365,0.0,0.0,336.204302966713,331.97640478403486,0.0,396.8626966596886,0.0,0.0,72.11102550927978,225.46248764114472,0.0,0.0,1.0,1.0,6.0,0.0,-5.0,3.0,1
LRL_2026-01-10_7,23016445,LRL_2026-01-10_7_23016445,1.0,12.0,9.0,32400.0,4.0,8.0,8.0,6.0,0.0,5.0,850.0,920.0,1060.0,0.0,420.0,0.0,250.0,500.0,250.0,0.0,300.0,25.0,1.0,0.0,5.333333333333333,49.0,9.0,60800.0,7.333333333333333,7.666666666666667,7.0,2.0,0.0,6.666666666666667,803.3333333333334,840.0,353.3333333333333,0.0,576.6666666666666,511.6666666666667,500.0,286.6666666666667,83.33333333333333,0.0,150.0,200.0,0.6666666666666666,0.0,4.509249752822894,52.43090691567332,1.0,25098.20710728159,3.0550504633038935,0.5773502691896258,1.7320508075688772,3.4641016151377544,0.0,2.886751345948129,80.8290376865476,69.2820323027551,611.9912853410034,0.0,146.401275039985,473.71756705164876,522.0153254455275,251.06440076867398,144.33756729740642,0.0,150.0,325.0,0.5773502691896258,0.0,1.0,10.0,5.0,-9.0,5.0,3.0,1
LRL_2026-01-10_7,23015852,LRL_2026-01-10_7_23015852,2.0,265.0,9.0,125000.0,1.0,8.0,7.0,0.0,0.0,5.0,830.0,620.0,0.0,0.0,320.0,25.0,150.0,100.0,0.0,0.0,100.0,50.0,1.0,0.0,3.0,210.0,7.666666666666667,91990.0,3.0,4.666666666666667,4.666666666666667,1.6666666666666667,0.0,4.0,426.6666666666667,346.6666666666667,186.66666666666666,0.0,526.6666666666666,858.3333333333334,56.666666666666664,70.0,53.333333333333336,0.0,633.3333333333334,308.3333333333333,1.0,0.3333333333333333,1.7320508075688772,128.64291663360248,1.1547005383792517,37659.39856131534,2.0,2.886751345948129,2.516611478423583,1.5275252316519468,0.0,1.7320508075688772,370.98966742125486,240.0694344004112,314.69562013687664,0.0,375.41088600802897,1096.1105479527753,80.82903768654761,51.96152422706632,83.86497083606082,0.0,757.1877794400365,291.9046648022832,0.0,0.5773502691896258,2.0,5.0,2.0,-3.0,3.0,3.0,1
LRL_2026-01-10_7,23010240,LRL_2026-01-10_7_23010240,4.0,107.0,10.0,50000.0,9.0,6.0,5.0,0.0,0.0,4.0,280.0,500.0,0.0,0.0,320.0,475.0,10.0,200.0,0.0,0.0,10.0,75.0,1.0,0.0,5.666666666666667,183.66666666666666,9.333333333333334,92333.33333333333,5.666666666666667,5.0,6.0,0.0,0.0,5.666666666666667,383.3333333333333,590.0,0.0,0.0,536.6666666666666,865.0,53.333333333333336,133.33333333333334,0.0,0.0,70.0,241.66666666666666,1.0,0.0,2.886751345948129,174.1531892712084,1.1547005383792517,39068.316233660924,2.886751345948129,3.605551275463989,3.605551275463989,0.0,0.0,3.7859388972001824,444.1095960833692,580.2585630561604,0.0,0.0,383.9704849768186,523.5217282978807,45.09249752822894,115.47005383792515,0.0,0.0,112.69427669584645,175.5942292142123,0.0,0.0,4.0,9.0,4.0,-5.0,5.0,3.0,1
LRL_2026-01-10_8,23013873,LRL_2026-01-10_8_23013873,5.0,74.0,7.0,49500.0,6.0,5.0,5.0,0.0,0.0,5.0,420.0,510.0,0.0,0.0,760.0,1100.0,250.0,400.0,0.0,0.0,100.0,100.0,1.0,0.0,3.3333333333333335,97.66666666666667,6.666666666666667,64243.333333333336,4.0,3.6666666666666665,3.6666666666666665,0.0,0.0,3.6666666666666665,376.6666666666667,436.6666666666667,0.0,0.0,540.0,700.0,116.66666666666667,136.66666666666666,0.0,0.0,36.666666666666664,83.33333333333333,1.0,0.0,2.0816659994661326,100.60980734169672,1.5275252316519465,31124.47000887458,2.6457513110645907,2.3094010767585034,2.3094010767585034,0.0,0.0,2.3094010767585034,356.97805721547275,405.0102879351749,0.0,0.0,470.3190406521939,608.276253029822,125.83057392117917,228.10816147900832,0.0,0.0,55.075705472861024,52.04164998665332,0.0,0.0,5.0,4.0,1.0,1.0,3.0,3.0,1
LRL_2026-01-10_8,23009002,LRL_2026-01-10_8_23009002,1.0,21.0,7.0,42115.0,1.0,1.0,1.0,1.0,0.0,2.0,0.0,0.0,0.0,0.0,100.0,275.0,50.0,50.0,10.0,0.0,600.0,1250.0,1.0,0.0,4.666666666666667,61.0,8.666666666666666,54273.333333333336,4.0,3.6666666666666665,4.333333333333333,0.3333333333333333,0.0,5.0,153.33333333333334,246.66666666666666,0.0,0.0,706.6666666666666,1150.0,23.333333333333332,50.0,3.3333333333333335,0.0,303.3333333333333,816.6666666666666,1.0,0.0,4.725815626252608,34.698703145794944,2.8867513459481287,14280.863360922312,2.6457513110645907,3.0550504633038935,4.163331998932265,0.5773502691896258,0.0,4.358898943540674,155.0268793897798,245.01700621249404,0.0,0.0,698.3074776438624,1036.7135573532353,23.094010767585033,0.0,5.773502691896258,0.0,295.01412395567326,665.8328118479393,0.0,0.0,1.0,10.0,3.0,-9.0,7.0,3.0,1
LRL_2026-01-10_8,23006988,LRL_2026-01-10_8_23006988,1.0,20.0,4.0,42000.0,1.0,3.0,3.0,0.0,0.0,2.0,210.0,350.0,0.0,0.0,150.0,0.0,500.0,400.0,0.0,0.0,250.0,25.0,1.0,0.0,4.666666666666667,219.0,7.333333333333333,366666.6666666667,4.333333333333333,4.0,3.6666666666666665,3.0,0.0,5.333333333333333,260.0,333.3333333333333,176.66666666666666,0.0,540.0,441.6666666666667,216.66666666666666,216.66666666666666,50.0,0.0,150.0,58.333333333333336,0.6666666666666666,0.3333333333333333,4.725815626252609,331.7725124237992,3.0550504633038935,548541.0953915243,3.5118845842842465,1.0,0.5773502691896258,5.196152422706632,0.0,4.163331998932265,122.88205727444507,125.83057392117915,305.9956426705017,0.0,363.73066958946424,478.4959073318531,246.64414311581237,175.59422921421233,86.60254037844386,0.0,132.28756555322954,80.36375634160795,0.5773502691896258,0.5773502691896258,1.0,3.0,10.0,-2.0,-7.0,3.0,1
LRL_2026-01-10_8,23017975,LRL_2026-01-10_8_23017975,3.0,72.0,6.0,49735.0,4.0,3.0,4.0,3.0,0.0,3.0,400.0,300.0,210.0,0.0,550.0,1550.0,50.0,100.0,100.0,0.0,200.0,300.0,1.0,0.0,2.0,72.66666666666667,6.666666666666667,39161.666666666664,3.6666666666666665,4.333333333333333,4.333333333333333,1.3333333333333333,0.0,2.6666666666666665,306.6666666666667,243.33333333333334,70.0,0.0,270.0,520.0,133.33333333333334,100.0,50.0,0.0,216.66666666666666,233.33333333333334,1.0,0.3333333333333333,1.0,1.1547005383792495,1.1547005383792515,9158.447375692745,2.516611478423583,1.1547005383792517,0.5773502691896257,1.5275252316519468,0.0,1.5275252316519465,80.82903768654761,66.58328118479393,121.2435565298214,0.0,275.13632984395207,892.0201791439474,76.37626158259734,0.0,50.0,0.0,125.83057392117915,137.68926368215256,0.0,0.5773502691896258,3.0,2.0,1.0,1.0,1.0,3.0,1
LRL_2026-01-10_8,23013653,LRL_2026-01-10_8_23013653,4.0,10.0,6.0,49735.0,6.0,6.0,5.0,5.0,0.0,4.0,800.0,400.0,710.0,0.0,750.0,1850.0,0.0,100.0,500.0,0.0,150.0,250.0,1.0,0.0,3.6666666666666665,33.0,7.666666666666667,68048.33333333333,5.0,5.333333333333333,5.333333333333333,6.0,0.0,4.666666666666667,573.3333333333334,393.3333333333333,633.3333333333334,0.0,703.3333333333334,1091.6666666666667,6.666666666666667,70.0,250.0,0.0,133.33333333333334,183.33333333333334,1.0,0.6666666666666666,1.5275252316519468,28.583211855912904,1.5275252316519465,27769.50950833186,2.6457513110645907,1.1547005383792517,1.5275252316519468,1.7320508075688772,0.0,3.055050463303893,273.1910198621714,40.41451884327381,331.7127271199182,0.0,531.5386470740706,775.5374480534988,5.773502691896258,51.96152422706632,217.94494717703367,0.0,76.37626158259734,57.735026918962575,0.0,0.5773502691896258,4.0,2.0,5.0,2.0,-3.0,3.0,1
LRL_2026-01-10_8,23007621,LRL_2026-01-10_8_23007621,2.0,19.0,7.0,100000.0,3.0,2.0,2.0,0.0,0.0,2.0,200.0,100.0,0.0,0.0,300.0,300.0,10.0,200.0,0.0,0.0,10.0,25.0,1.0,0.0,3.6666666666666665,39.333333333333336,7.666666666666667,57666.666666666664,5.666666666666667,3.0,3.3333333333333335,0.0,0.0,3.6666666666666665,186.66666666666666,156.66666666666666,0.0,0.0,473.3333333333333,361.6666666666667,53.333333333333336,150.0,0.0,0.0,170.0,150.0,0.6666666666666666,0.0,3.785938897200183,42.335957923889396,0.5773502691896257,37634.20430052073,2.516611478423583,2.6457513110645907,3.2145502536643185,0.0,0.0,3.785938897200183,180.36999011291576,191.3983629327412,0.0,0.0,579.7700693665838,396.11656533567657,45.09249752822895,50.0,0.0,0.0,285.832118559129,238.4848003542364,0.5773502691896258,0.0,2.0,1.0,8.0,1.0,-7.0,3.0,1
LRL_2026-01-10_8,23012790,LRL_2026-01-10_8_23012790,1.0,106.0,7.0,42730.0,6.0,1.0,1.0,0.0,0.0,1.0,0.0,0.0,0.0,0.0,0.0,0.0,100.0,50.0,0.0,0.0,200.0,425.0,1.0,0.0,1.0,106.0,7.0,42730.0,6.0,1.0,1.0,0.0,0.0,1.0,0.0,0.0,0.0,0.0,0.0,0.0,100.0,50.0,0.0,0.0,200.0,425.0,1.0,0.0,,,,,,,,,,,,,,,,,,,,,,,,,1.0,,,,,1.0,1
LRL_2026-01-10_9,18017084,LRL_2026-01-10_9_18017084,4.0,120.0,8.0,59565.0,5.0,2.0,2.0,0.0,0.0,3.0,250.0,150.0,0.0,0.0,260.0,500.0,10.0,50.0,0.0,0.0,150.0,175.0,1.0,0.0,4.0,86.66666666666667,7.333333333333333,46855.0,4.666666666666667,3.6666666666666665,3.3333333333333335,0.0,0.0,2.6666666666666665,316.6666666666667,156.66666666666666,0.0,0.0,156.66666666666666,370.0,90.0,53.333333333333336,0.0,0.0,120.0,116.66666666666667,1.0,0.0,3.0,29.70409623828561,0.5773502691896257,12783.116795210783,1.5275252316519468,1.5275252316519468,1.5275252316519465,0.0,0.0,1.5275252316519468,57.735026918962575,100.16652800877813,0.0,0.0,137.9613472438325,325.1153641401772,138.5640646055102,45.09249752822894,0.0,0.0,98.48857801796105,101.0362971081845,0.0,0.0,4.0,1.0,7.0,3.0,-6.0,3.0,1
LRL_2026-01-10_9,21017747,LRL_2026-01-10_9_21017747,5.0,55.0,8.0,59565.0,4.0,8.0,8.0,0.0,0.0,8.0,1270.0,1120.0,0.0,0.0,1160.0,675.0,0.0,0.0,0.0,0.0,0.0,125.0,1.0,0.0,3.0,44.0,7.0,54208.333333333336,3.0,5.0,4.666666666666667,0.0,0.0,3.6666666666666665,696.6666666666666,643.3333333333334,0.0,0.0,586.6666666666666,250.0,3.3333333333333335,150.0,0.0,0.0,53.333333333333336,333.3333333333333,1.0,0.0,1.7320508075688772,25.357444666211933,1.7320508075688772,6164.739113160697,1.0,3.0,3.0550504633038935,0.0,0.0,3.7859388972001824,539.1041952473876,485.2147290976783,0.0,0.0,580.1149311415224,368.2729965664059,5.773502691896258,180.27756377319946,0.0,0.0,83.86497083606082,212.62251370288456,0.0,0.0,5.0,2.0,2.0,3.0,0.0,3.0,1
LRL_2026-01-10_9,20005817,LRL_2026-01-10_9_20005817,3.0,68.0,8.0,60755.0,7.0,3.0,2.0,0.0,0.0,2.0,100.0,50.0,0.0,0.0,150.0,575.0,250.0,10.0,0.0,0.0,100.0,75.0,1.0,1.0,5.666666666666667,148.0,8.333333333333334,63483.333333333336,5.0,1.6666666666666667,1.3333333333333333,0.0,0.0,4.0,33.333333333333336,16.666666666666668,0.0,0.0,310.0,1016.6666666666666,150.0,23.333333333333332,0.0,0.0,83.33333333333333,58.333333333333336,1.0,0.6666666666666666,3.0550504633038935,83.71977066380438,0.5773502691896258,10423.824074366054,2.6457513110645907,1.1547005383792517,0.5773502691896257,0.0,0.0,4.358898943540674,57.735026918962575,28.867513459481287,0.0,0.0,413.8840417314975,808.676902930542,86.60254037844386,23.09401076758503,0.0,0.0,76.37626158259734,52.04164998665332,0.0,0.5773502691896258,3.0,9.0,5.0,-6.0,4.0,3.0,1
LRL_2026-01-10_9,22009436,LRL_2026-01-10_9_22009436,2.0,545.0,8.0,100000.0,8.0,6.0,4.0,0.0,0.0,3.0,510.0,170.0,0.0,0.0,60.0,100.0,300.0,50.0,0.0,0.0,150.0,275.0,1.0,1.0,1.3333333333333333,198.33333333333334,7.0,64433.333333333336,5.666666666666667,3.3333333333333335,2.0,0.0,0.0,1.6666666666666667,190.0,56.666666666666664,0.0,0.0,20.0,33.333333333333336,136.66666666666666,36.666666666666664,0.0,0.0,200.0,225.0,1.0,1.0,0.5773502691896257,300.42358984163235,1.0,30857.14395943561,3.214550253664318,2.3094010767585034,1.7320508075688772,0.0,0.0,1.1547005383792517,277.8488797889961,98.14954576223639,0.0,0.0,34.64101615137755,57.735026918962575,148.43629385474878,23.094010767585033,0.0,0.0,86.60254037844386,86.60254037844386,0.0,0.0,2.0,1.0,1.0,1.0,0.0,3.0,1
LRL_2026-01-10_9,22000828,LRL_2026-01-10_9_22000828,2.0,15.0,6.0,34000.0,1.0,3.0,2.0,0.0,0.0,2.0,150.0,150.0,0.0,0.0,50.0,125.0,100.0,10.0,0.0,0.0,100.0,475.0,1.0,0.0,3.0,60.666666666666664,6.333333333333333,55233.333333333336,3.0,2.0,2.0,0.0,0.0,2.3333333333333335,100.0,70.0,0.0,0.0,100.0,433.3333333333333,86.66666666666667,120.0,0.0,0.0,183.33333333333334,716.6666666666666,1.0,0.0,2.6457513110645907,91.48952581215696,0.5773502691896257,38786.12294794794,2.6457513110645907,1.0,0.0,0.0,0.0,1.5275252316519468,86.60254037844386,72.11102550927978,0.0,0.0,132.28756555322954,645.3358298849781,70.94598884597588,98.48857801796105,0.0,0.0,76.37626158259734,316.55699855370966,0.0,0.0,2.0,6.0,1.0,-4.0,5.0,3.0,1
LRL_2026-01-10_9,21004573,LRL_2026-01-10_9_21004573,1.0,14.0,5.0,28000.0,5.0,2.0,2.0,0.0,0.0,2.0,100.0,150.0,0.0,0.0,100.0,0.0,250.0,450.0,0.0,0.0,350.0,300.0,1.0,1.0,1.6666666666666667,14.666666666666666,5.0,34333.333333333336,3.0,2.3333333333333335,2.3333333333333335,0.0,0.0,2.0,120.0,233.33333333333334,0.0,0.0,116.66666666666667,100.0,133.33333333333334,200.0,0.0,0.0,316.6666666666667,475.0,1.0,1.0,1.1547005383792517,0.5773502691896258,1.0,5686.2407030773265,2.0,1.5275252316519468,1.5275252316519468,0.0,0.0,1.0,131.14877048604,284.31203515386636,0.0,0.0,125.83057392117915,173.20508075688772,125.83057392117917,229.128784747792,0.0,0.0,28.867513459481295,204.63381929681125,0.0,0.0,1.0,3.0,1.0,-2.0,2.0,3.0,1
LRL_2026-01-10_9,22009796,LRL_2026-01-10_9_22009796,3.0,94.0,8.0,100000.0,7.0,4.0,3.0,0.0,0.0,1.0,250.0,20.0,0.0,0.0,0.0,375.0,250.0,150.0,0.0,0.0,50.0,250.0,1.0,1.0,2.0,60.0,9.333333333333334,77910.0,5.666666666666667,2.0,1.6666666666666667,0.0,0.0,1.0,83.33333333333333,6.666666666666667,0.0,0.0,0.0,183.33333333333334,166.66666666666666,116.66666666666667,0.0,0.0,116.66666666666667,250.0,1.0,0.3333333333333333,1.0,44.22668877499196,2.3094010767585034,40031.903527062015,3.2145502536643185,1.7320508075688772,1.1547005383792517,0.0,0.0,0.0,144.33756729740642,11.547005383792516,0.0,0.0,0.0,187.63883748662835,76.37626158259734,28.867513459481287,0.0,0.0,76.37626158259734,0.0,0.0,0.5773502691896258,3.0,2.0,1.0,1.0,1.0,3.0,1
LRL_2026-01-10_10,23008625,LRL_2026-01-10_10_23008625,3.0,74.0,6.0,24380.0,4.0,4.0,5.0,0.0,0.0,5.0,500.0,560.0,0.0,0.0,700.0,625.0,10.0,150.0,0.0,0.0,250.0,5.0,1.0,0.0,3.5,156.0,9.0,27320.0,8.0,4.5,5.0,0.0,0.0,5.0,725.0,690.0,0.0,0.0,780.0,942.5,30.0,250.0,0.0,0.0,225.0,7.5,1.0,0.0,0.7071067811865476,115.96551211459379,4.242640687119285,4157.787873376899,5.656854249492381,0.7071067811865476,0.0,0.0,0.0,0.0,318.1980515339464,183.84776310850236,0.0,0.0,113.13708498984761,449.01280605345767,28.284271247461902,141.4213562373095,0.0,0.0,35.35533905932738,3.5355339059327378,0.0,0.0,3.0,4.0,,-1.0,,2.0,1
LRL_2026-01-10_10,23010382,LRL_2026-01-10_10_23010382,6.0,7.0,8.0,25700.0,1.0,1.0,2.0,0.0,0.0,3.0,0.0,150.0,0.0,0.0,300.0,825.0,10.0,10.0,0.0,0.0,150.0,950.0,1.0,0.0,5.333333333333333,37.0,8.666666666666666,30016.666666666668,4.0,3.0,3.0,0.0,0.0,3.6666666666666665,156.66666666666666,240.0,0.0,0.0,403.3333333333333,735.0,103.33333333333333,103.33333333333333,0.0,0.0,103.33333333333333,420.0,0.6666666666666666,0.0,0.5773502691896257,42.0,0.5773502691896258,3745.1079201183684,4.358898943540674,2.0,1.0,0.0,0.0,0.5773502691896258,137.96134724383253,228.69193252058542,0.0,0.0,137.9613472438325,87.60707733967615,95.04384952922167,80.82903768654761,0.0,0.0,80.82903768654761,481.3522618623496,0.5773502691896258,0.0,6.0,5.0,5.0,1.0,0.0,3.0,1
LRL_2026-01-10_10,23009576,LRL_2026-01-10_10_23009576,,,,,,,,,,,,,,,,,,,,,,,,,,,,,,,,,,,,,,,,,,,,,,,,,,,,,,,,,,,,,,,,,,,,,,,,,,,,,,0.0,0
LRL_2026-01-10_10,23010927,LRL_2026-01-10_10_23010927,10.0,11.0,10.0,30600.0,7.0,4.0,0.0,0.0,0.0,7.0,220.0,0.0,0.0,0.0,910.0,1550.0,10.0,0.0,0.0,0.0,200.0,0.0,1.0,0.0,7.0,29.0,9.0,30600.0,4.0,2.5,0.0,0.0,0.0,4.0,110.0,0.0,0.0,0.0,455.0,1125.0,10.0,0.0,0.0,0.0,105.0,137.5,1.0,0.0,4.242640687119285,25.45584412271571,1.4142135623730951,0.0,4.242640687119285,2.1213203435596424,0.0,0.0,0.0,4.242640687119285,155.56349186104046,0.0,0.0,0.0,643.4671708797582,601.0407640085654,0.0,0.0,0.0,0.0,134.35028842544403,194.45436482630058,0.0,0.0,10.0,4.0,,6.0,,2.0,1
LRL_2026-01-10_10,23008616,LRL_2026-01-10_10_23008616,4.0,89.0,8.0,25700.0,5.0,2.0,3.0,0.0,0.0,4.0,10.0,160.0,0.0,0.0,450.0,625.0,50.0,100.0,0.0,0.0,50.0,125.0,1.0,0.0,4.666666666666667,360.3333333333333,8.666666666666666,27620.0,4.666666666666667,5.0,5.333333333333333,0.0,0.0,5.0,410.0,560.0,0.0,0.0,653.3333333333334,801.6666666666666,216.66666666666666,183.33333333333334,0.0,0.0,153.33333333333334,46.666666666666664,1.0,0.0,2.0816659994661326,355.6758824173117,2.081665999466133,1853.9687160251653,0.5773502691896257,3.0,2.5166114784235836,0.0,0.0,2.6457513110645907,377.4917217635375,350.0,0.0,0.0,205.02032419575707,188.43654988704643,246.6441431158124,104.08329997330664,0.0,0.0,214.55380055672128,67.88470618138767,0.0,0.0,4.0,3.0,7.0,1.0,-4.0,3.0,1
LRL_2026-01-10_10,23001458,LRL_2026-01-10_10_23001458,4.0,110.0,6.0,24380.0,2.0,6.0,6.0,0.0,0.0,4.0,710.0,710.0,0.0,0.0,600.0,630.0,0.0,0.0,0.0,0.0,100.0,75.0,1.0,0.0,5.666666666666667,158.66666666666666,7.333333333333333,30793.333333333332,2.0,6.333333333333333,6.333333333333333,2.3333333333333335,0.0,6.0,840.0,860.0,250.0,0.0,1020.0,1543.3333333333333,16.666666666666668,16.666666666666668,16.666666666666668,0.0,83.33333333333333,541.6666666666666,1.0,0.0,1.5275252316519465,114.0716149326086,1.5275252316519465,5554.1095896042,1.0,0.5773502691896258,0.5773502691896258,4.041451884327381,0.0,1.7320508075688772,325.1153641401772,396.8626966596886,433.0127018922193,0.0,401.4971979976946,977.884621687719,28.867513459481287,28.867513459481287,28.867513459481287,0.0,76.37626158259734,404.9176871085447,0.0,0.0,4.0,7.0,6.0,-3.0,1.0,3.0,1
LRL_2026-01-16_1,22008047,LRL_2026-01-16_1_22008047,4.0,71.0,7.0,27760.0,3.0,7.0,7.0,0.0,0.0,6.0,920.0,810.0,0.0,0.0,810.0,625.0,0.0,0.0,0.0,0.0,400.0,425.0,1.0,1.0,3.0,48.0,9.333333333333334,26886.666666666668,3.6666666666666665,7.0,6.333333333333333,0.6666666666666666,0.0,5.333333333333333,713.3333333333334,676.6666666666666,16.666666666666668,0.0,533.3333333333334,311.6666666666667,133.33333333333334,50.0,16.666666666666668,0.0,153.33333333333334,191.66666666666666,0.3333333333333333,0.3333333333333333,1.0,20.663978319771825,2.0816659994661326,759.5612768785239,1.1547005383792515,3.0,3.0550504633038935,1.1547005383792517,0.0,4.041451884327381,275.922694487665,321.45502536643187,28.867513459481287,0.0,461.988455844227,282.9016319029166,152.75252316519467,50.0,28.867513459481287,0.0,214.55380055672128,203.61319538117695,0.5773502691896258,0.5773502691896258,4.0,2.0,3.0,2.0,-1.0,3.0,1
LRL_2026-01-16_1,22009217,LRL_2026-01-16_1_22009217,5.0,75.0,9.0,31500.0,2.0,5.0,4.0,0.0,0.0,2.0,410.0,120.0,0.0,0.0,50.0,285.0,400.0,50.0,0.0,0.0,10.0,10.0,0.0,0.0,2.6666666666666665,28.666666666666668,7.0,29833.333333333332,3.0,2.6666666666666665,2.0,0.0,0.0,1.6666666666666667,153.33333333333334,40.0,0.0,0.0,66.66666666666667,303.3333333333333,183.33333333333334,36.666666666666664,0.0,0.0,236.66666666666666,78.33333333333333,0.6666666666666666,0.6666666666666666,2.0816659994661326,40.12895878705717,1.7320508075688772,1755.9422921421233,1.7320508075688772,2.0816659994661326,1.7320508075688772,0.0,0.0,0.5773502691896257,223.6813209307682,69.2820323027551,0.0,0.0,76.37626158259734,312.90307338428835,189.29694486000912,23.09401076758503,0.0,0.0,317.8574103797697,105.63301251660549,0.5773502691896258,0.5773502691896258,5.0,1.0,2.0,4.0,-1.0,3.0,1
LRL_2026-01-16_1,21009715,LRL_2026-01-16_1_21009715,5.0,124.0,8.0,49000.0,8.0,7.0,7.0,0.0,0.0,5.0,960.0,910.0,0.0,0.0,850.0,800.0,150.0,150.0,0.0,0.0,100.0,275.0,1.0,1.0,4.333333333333333,82.33333333333333,6.666666666666667,42333.333333333336,6.333333333333333,6.333333333333333,5.666666666666667,0.0,0.0,5.0,790.0,610.0,0.0,0.0,706.6666666666666,625.0,50.0,186.66666666666666,0.0,0.0,400.0,933.3333333333334,1.0,0.6666666666666666,1.1547005383792515,44.76978147515725,1.1547005383792517,7637.626158259734,1.5275252316519465,0.5773502691896257,1.1547005383792517,0.0,0.0,0.0,244.33583445741232,274.9545416973504,0.0,0.0,176.1628034896508,152.0690632574555,86.60254037844386,197.5685535031659,0.0,0.0,264.5751311064591,1317.2730671099798,0.0,0.5773502691896258,5.0,5.0,3.0,0.0,2.0,3.0,1
LRL_2026-01-16_1,22002517,LRL_2026-01-16_1_22002517,1.0,28.0,7.0,23550.0,2.0,2.0,1.0,0.0,0.0,1.0,150.0,0.0,0.0,0.0,0.0,0.0,100.0,10.0,0.0,0.0,500.0,275.0,1.0,0.0,2.6666666666666665,28.333333333333332,7.333333333333333,24430.0,4.333333333333333,3.0,2.0,0.0,0.0,2.3333333333333335,253.33333333333334,216.66666666666666,0.0,0.0,283.3333333333333,425.0,200.0,40.0,0.0,0.0,266.6666666666667,183.33333333333334,1.0,0.0,2.0816659994661326,5.507570547286103,1.5275252316519465,1515.552704461313,2.081665999466133,1.7320508075688772,1.7320508075688772,0.0,0.0,1.5275252316519468,308.27476921300797,375.27767497325675,0.0,0.0,332.91640592396965,369.9662146737185,100.0,51.96152422706632,0.0,0.0,208.16659994661327,101.03629710818451,0.0,0.0,1.0,5.0,2.0,-4.0,3.0,3.0,1
LRL_2026-01-16_1,21016438,LRL_2026-01-16_1_21016438,5.0,83.0,7.0,27760.0,4.0,6.0,6.0,0.0,0.0,4.0,320.0,510.0,0.0,0.0,560.0,1050.0,600.0,300.0,0.0,0.0,200.0,25.0,1.0,1.0,5.333333333333333,85.66666666666667,8.333333333333334,29286.666666666668,6.333333333333333,5.333333333333333,6.0,0.0,0.0,5.333333333333333,380.0,630.0,0.0,0.0,576.6666666666666,675.0,206.66666666666666,136.66666666666666,0.0,0.0,283.3333333333333,191.66666666666666,0.6666666666666666,0.6666666666666666,3.5118845842842465,37.072002014098636,2.309401076758503,4642.255199074403,2.081665999466133,1.1547005383792517,3.0,0.0,0.0,3.2145502536643185,72.11102550927978,442.3799272118933,0.0,0.0,425.2450274057691,375.0,340.6366588218792,148.43629385474878,0.0,0.0,189.29694486000912,190.94065395649332,0.5773502691896258,0.5773502691896258,5.0,2.0,9.0,3.0,-7.0,3.0,1
LRL_2026-01-16_2,23017176,LRL_2026-01-16_2_23017176,1.0,7.0,5.0,18000.0,2.0,3.0,3.0,1.0,0.0,1.0,110.0,110.0,0.0,0.0,0.0,0.0,100.0,300.0,400.0,0.0,400.0,150.0,1.0,0.0,1.0,7.0,5.0,18000.0,2.0,3.0,3.0,1.0,0.0,1.0,110.0,110.0,0.0,0.0,0.0,0.0,100.0,300.0,400.0,0.0,400.0,150.0,1.0,0.0,,,,,,,,,,,,,,,,,,,,,,,,,1.0,,,,,1.0,1
LRL_2026-01-16_2,23005659,LRL_2026-01-16_2_23005659,5.0,91.0,7.0,27760.0,1.0,3.0,3.0,0.0,0.0,4.0,110.0,260.0,0.0,0.0,500.0,800.0,200.0,150.0,0.0,0.0,250.0,150.0,1.0,0.0,5.333333333333333,404.6666666666667,8.0,32103.333333333332,4.0,6.333333333333333,6.333333333333333,0.0,0.0,6.0,610.0,710.0,0.0,0.0,770.0,911.6666666666666,333.3333333333333,383.3333333333333,0.0,0.0,133.33333333333334,200.0,0.6666666666666666,0.0,0.5773502691896258,381.2431420148215,1.7320508075688772,3771.4762803620197,2.6457513110645907,3.0550504633038935,3.0550504633038935,0.0,0.0,1.7320508075688772,442.26688774991965,390.51248379533274,0.0,0.0,304.4667469527666,215.42593468135013,416.33319989322655,539.2896562454479,0.0,0.0,125.83057392117917,50.0,0.5773502691896258,0.0,5.0,5.0,6.0,0.0,-1.0,3.0,1
LRL_2026-01-16_2,23002688,LRL_2026-01-16_2_23002688,1.0,49.0,9.0,19000.0,1.0,6.0,5.0,3.0,0.0,3.0,500.0,360.0,800.0,0.0,650.0,0.0,10.0,200.0,50.0,0.0,300.0,10.0,1.0,0.0,2.0,44.0,8.5,22350.0,1.5,7.0,5.5,1.5,0.0,4.5,605.0,510.0,400.0,0.0,625.0,262.5,5.0,105.0,25.0,0.0,325.0,55.0,1.0,0.0,1.4142135623730951,7.0710678118654755,0.7071067811865476,4737.615433949868,0.7071067811865476,1.4142135623730951,0.7071067811865476,2.1213203435596424,0.0,2.1213203435596424,148.49242404917499,212.13203435596427,565.685424949238,0.0,35.35533905932738,371.23106012293744,7.0710678118654755,134.35028842544403,35.35533905932738,0.0,35.35533905932738,63.63961030678928,0.0,0.0,1.0,3.0,,-2.0,,2.0,1
LRL_2026-01-16_2,23002365,LRL_2026-01-16_2_23002365,4.0,106.0,7.0,27760.0,2.0,5.0,5.0,0.0,0.0,5.0,410.0,810.0,0.0,0.0,750.0,725.0,100.0,100.0,0.0,0.0,100.0,75.0,1.0,0.0,4.333333333333333,50.0,6.333333333333333,31803.333333333332,3.0,4.666666666666667,5.666666666666667,0.0,0.0,5.0,453.3333333333333,596.6666666666666,0.0,0.0,736.6666666666666,836.6666666666666,83.33333333333333,33.333333333333336,0.0,0.0,100.0,41.666666666666664,1.0,0.0,1.5275252316519465,49.0,0.5773502691896257,3508.8507140277907,2.6457513110645907,1.5275252316519465,0.5773502691896257,0.0,0.0,1.0,376.8730997740928,287.28615235220326,0.0,0.0,80.8290376865476,501.90470543055613,76.37626158259734,57.735026918962575,0.0,0.0,100.0,38.18813079129867,0.0,0.0,4.0,6.0,3.0,-2.0,3.0,3.0,1
LRL_2026-01-16_2,23011865,LRL_2026-01-16_2_23011865,5.0,234.0,6.0,49735.0,3.0,2.0,2.0,2.0,0.0,5.0,200.0,100.0,200.0,0.0,900.0,2100.0,200.0,150.0,10.0,0.0,1000.0,1925.0,1.0,1.0,3.3333333333333335,111.66666666666667,7.0,32911.666666666664,3.3333333333333335,2.3333333333333335,2.0,1.0,0.0,3.3333333333333335,90.0,133.33333333333334,66.66666666666667,0.0,366.6666666666667,828.3333333333334,116.66666666666667,133.33333333333334,103.33333333333333,0.0,566.6666666666666,776.6666666666666,1.0,0.3333333333333333,2.0816659994661326,110.24669307209778,2.6457513110645907,15573.002547143351,0.5773502691896257,1.5275252316519465,1.0,1.0,0.0,2.0816659994661326,101.4889156509222,152.75252316519467,115.47005383792515,0.0,472.58156262526086,1117.9929934187126,76.37626158259734,28.867513459481295,170.39170558842744,0.0,404.145188432738,1013.9074579730309,0.0,0.5773502691896258,5.0,1.0,4.0,4.0,-3.0,3.0,1
LRL_2026-01-16_3,23000429,LRL_2026-01-16_3_23000429,3.0,259.0,7.0,33650.0,2.0,6.0,6.0,0.0,0.0,3.0,570.0,530.0,0.0,0.0,550.0,775.0,450.0,250.0,0.0,0.0,250.0,475.0,1.0,0.0,6.0,263.6666666666667,8.333333333333334,52883.333333333336,3.3333333333333335,8.0,8.0,0.0,0.0,6.333333333333333,986.6666666666666,1090.0,0.0,0.0,856.6666666666666,746.6666666666666,150.0,83.33333333333333,0.0,0.0,133.33333333333334,191.66666666666666,0.6666666666666666,0.0,3.605551275463989,88.0927541477353,1.5275252316519468,18267.206500538974,1.5275252316519465,2.0,2.0,0.0,0.0,3.5118845842842465,381.8813079129867,487.54486972995625,0.0,0.0,283.7839553839035,278.58272260377765,259.8076211353316,144.33756729740642,0.0,0.0,125.83057392117917,250.41632002194532,0.5773502691896258,0.0,3.0,10.0,5.0,-7.0,5.0,3.0,1
LRL_2026-01-16_3,23003171,LRL_2026-01-16_3_23003171,7.0,35.0,7.0,46710.0,1.0,7.0,0.0,0.0,0.0,7.0,1760.0,0.0,0.0,0.0,1760.0,1535.0,0.0,0.0,0.0,0.0,0.0,0.0,1.0,0.0,7.0,35.0,7.0,46710.0,1.0,7.0,0.0,0.0,0.0,7.0,1760.0,0.0,0.0,0.0,1760.0,1535.0,0.0,0.0,0.0,0.0,0.0,0.0,1.0,0.0,,,,,,,,,,,,,,,,,,,,,,,,,7.0,,,,,1.0,1
LRL_2026-01-16_3,23005036,LRL_2026-01-16_3_23005036,7.0,55.0,7.0,42730.0,1.0,7.0,7.0,0.0,0.0,7.0,2210.0,3650.0,0.0,0.0,3760.0,6325.0,0.0,0.0,0.0,0.0,0.0,0.0,1.0,1.0,5.333333333333333,75.33333333333333,8.666666666666666,36010.0,4.333333333333333,7.0,6.666666666666667,0.0,0.0,7.0,1213.3333333333333,1770.0,0.0,0.0,1940.0,2850.0,116.66666666666667,100.0,0.0,0.0,183.33333333333334,50.0,1.0,1.0,2.886751345948129,45.08140784551136,1.5275252316519468,5825.057939626008,3.5118845842842465,0.0,0.5773502691896257,0.0,0.0,1.0,884.891707122026,1644.2931612093994,0.0,0.0,1591.4458834657244,3076.2192704682157,104.08329997330664,86.60254037844386,0.0,0.0,202.07259421636903,50.0,0.0,0.0,7.0,2.0,7.0,5.0,-5.0,3.0,1
LRL_2026-01-16_3,23001133,LRL_2026-01-16_3_23001133,,,,,,,,,,,,,,,,,,,,,,,,,,,,,,,,,,,,,,,,,,,,,,,,,,,,,,,,,,,,,,,,,,,,,,,,,,,,,,0.0,0
LRL_2026-01-16_3,23016910,LRL_2026-01-16_3_23016910,7.0,118.0,7.0,42115.0,3.0,5.0,6.0,6.0,0.0,7.0,260.0,610.0,1460.0,0.0,1910.0,5625.0,300.0,200.0,150.0,0.0,0.0,0.0,1.0,0.0,6.0,464.5,8.5,31557.5,5.5,6.5,7.0,3.0,0.0,6.5,710.0,860.0,730.0,0.0,1290.0,2937.5,225.0,200.0,75.0,0.0,50.0,125.0,1.0,0.0,1.4142135623730951,490.0249993622774,2.1213203435596424,14930.559684753951,3.5355339059327378,2.1213203435596424,1.4142135623730951,4.242640687119285,0.0,0.7071067811865476,636.3961030678928,353.5533905932738,1032.3759005323593,0.0,876.812408671319,3800.698948877693,106.06601717798213,0.0,106.06601717798213,0.0,70.71067811865476,176.7766952966369,0.0,0.0,7.0,5.0,,2.0,,2.0,1
LRL_2026-01-16_3,23003420,LRL_2026-01-16_3_23003420,2.0,24.0,9.0,32600.0,7.0,2.0,1.0,0.0,0.0,1.0,10.0,0.0,0.0,0.0,0.0,475.0,250.0,10.0,0.0,0.0,150.0,275.0,1.0,1.0,4.0,141.33333333333334,7.666666666666667,51733.333333333336,6.0,3.6666666666666665,3.3333333333333335,0.0,0.0,3.3333333333333335,290.0,523.3333333333334,0.0,0.0,723.3333333333334,1525.0,416.6666666666667,586.6666666666666,0.0,0.0,566.6666666666666,1033.3333333333333,1.0,1.0,3.4641016151377544,198.0538647270821,2.309401076758503,33139.90545148452,2.6457513110645907,3.785938897200183,4.041451884327381,0.0,0.0,4.041451884327381,493.65980188789933,906.4399226277125,0.0,0.0,1252.850084141488,2106.3890903629367,425.2450274057691,724.5918391296808,0.0,0.0,596.5176722724426,1185.9419603561269,0.0,0.0,2.0,2.0,8.0,0.0,-6.0,3.0,1
LRL_2026-01-16_3,23006307,LRL_2026-01-16_3_23006307,6.0,164.0,7.0,42730.0,5.0,3.0,4.0,0.0,0.0,6.0,110.0,800.0,0.0,0.0,1260.0,2850.0,350.0,250.0,0.0,0.0,2500.0,3475.0,1.0,1.0,6.0,164.0,7.0,42730.0,5.0,3.0,4.0,0.0,0.0,6.0,110.0,800.0,0.0,0.0,1260.0,2850.0,350.0,250.0,0.0,0.0,2500.0,3475.0,1.0,1.0,,,,,,,,,,,,,,,,,,,,,,,,,6.0,,,,,1.0,1
LRL_2026-01-16_3,23009862,LRL_2026-01-16_3_23009862,,,,,,,,,,,,,,,,,,,,,,,,,,,,,,,,,,,,,,,,,,,,,,,,,,,,,,,,,,,,,,,,,,,,,,,,,,,,,,0.0,0
LRL_2026-01-16_3,23005289,LRL_2026-01-16_3_23005289,4.0,61.0,7.0,42115.0,4.0,2.0,2.0,2.0,0.0,3.0,50.0,50.0,10.0,0.0,700.0,1925.0,150.0,100.0,100.0,0.0,10.0,75.0,1.0,0.0,6.0,189.66666666666666,9.0,42173.333333333336,7.666666666666667,3.0,3.3333333333333335,2.0,0.0,6.0,106.66666666666667,190.0,136.66666666666666,0.0,1043.3333333333333,2031.6666666666667,100.0,40.0,100.0,0.0,770.0,550.0,1.0,0.0,4.358898943540674,192.52359162796992,2.6457513110645907,8502.65007708381,3.511884584284246,1.0,1.5275252316519468,2.0,0.0,4.358898943540674,55.075705472861024,157.1623364550171,228.10816147900832,0.0,629.6295206971583,1363.1336447074195,50.0,51.96152422706632,100.0,0.0,745.4528824815154,844.4672877027268,0.0,0.0,4.0,3.0,11.0,1.0,-8.0,3.0,1
LRL_2026-01-16_4,22016262,LRL_2026-01-16_4_22016262,3.0,19.0,6.0,21000.0,5.0,1.0,1.0,0.0,0.0,1.0,0.0,0.0,0.0,0.0,0.0,250.0,10.0,10.0,0.0,0.0,10.0,450.0,1.0,0.0,2.3333333333333335,10.666666666666666,7.333333333333333,24333.333333333332,6.666666666666667,1.0,1.0,0.0,0.0,1.0,0.0,0.0,0.0,0.0,0.0,133.33333333333334,70.0,136.66666666666666,0.0,0.0,153.33333333333334,258.3333333333333,1.0,0.0,1.1547005383792515,7.234178138070234,1.5275252316519465,2886.7513459481293,1.5275252316519465,0.0,0.0,0.0,0.0,0.0,0.0,0.0,0.0,0.0,0.0,125.83057392117917,72.11102550927978,148.43629385474878,0.0,0.0,145.0287327853806,170.17148213885113,0.0,0.0,3.0,1.0,3.0,2.0,-2.0,3.0,1
LRL_2026-01-16_4,22010488,LRL_2026-01-16_4_22010488,3.0,106.0,6.0,24700.0,1.0,3.0,4.0,5.0,0.0,3.0,300.0,300.0,220.0,0.0,300.0,625.0,10.0,10.0,200.0,0.0,200.0,375.0,1.0,0.0,3.0,115.0,7.0,24650.0,3.6666666666666665,2.6666666666666665,2.3333333333333335,3.0,0.0,2.6666666666666665,216.66666666666666,133.33333333333334,93.33333333333333,0.0,236.66666666666666,560.0,36.666666666666664,40.0,150.0,0.0,200.0,533.3333333333334,1.0,0.3333333333333333,2.0,55.054518434003214,1.0,1405.6671014148408,2.3094010767585034,1.5275252316519465,1.5275252316519468,2.0,0.0,1.5275252316519465,189.29694486000912,152.75252316519467,113.72481406154654,0.0,212.21058723196006,530.495051814812,23.094010767585033,51.96152422706632,86.60254037844386,0.0,100.0,137.68926368215256,0.0,0.5773502691896258,3.0,5.0,1.0,-2.0,4.0,3.0,1
LRL_2026-01-16_4,21008555,LRL_2026-01-16_4_21008555,5.0,38.0,6.0,24700.0,3.0,5.0,4.0,0.0,0.0,4.0,520.0,610.0,0.0,0.0,700.0,875.0,250.0,50.0,0.0,0.0,10.0,175.0,1.0,0.0,4.666666666666667,59.333333333333336,5.666666666666667,33033.333333333336,3.3333333333333335,4.333333333333333,4.333333333333333,0.0,0.0,3.6666666666666665,460.0,493.3333333333333,0.0,0.0,683.3333333333334,825.0,120.0,233.33333333333334,0.0,0.0,103.33333333333333,466.6666666666667,1.0,0.0,0.5773502691896257,18.475208614068023,0.5773502691896257,10923.522020545082,0.5773502691896257,0.5773502691896257,0.5773502691896258,0.0,0.0,0.5773502691896258,130.7669683062202,125.83057392117917,0.0,0.0,125.83057392117915,278.3882181415011,121.2435565298214,236.2907813126304,0.0,0.0,80.82903768654761,287.5905654456233,0.0,0.0,5.0,4.0,5.0,1.0,-1.0,3.0,1
LRL_2026-01-16_4,22017307,LRL_2026-01-16_4_22017307,4.0,208.0,8.0,25740.0,4.0,5.0,7.0,6.0,0.0,5.0,170.0,420.0,570.0,0.0,810.0,575.0,100.0,200.0,150.0,0.0,400.0,500.0,1.0,1.0,3.3333333333333335,126.33333333333333,8.666666666666666,33596.666666666664,6.333333333333333,6.666666666666667,7.0,2.0,0.0,4.666666666666667,583.3333333333334,633.3333333333334,190.0,0.0,736.6666666666666,453.3333333333333,166.66666666666666,200.0,50.0,0.0,236.66666666666666,216.66666666666666,0.6666666666666666,0.3333333333333333,0.5773502691896258,91.7841671168472,2.081665999466133,17409.653452419247,4.041451884327381,2.0816659994661326,2.0,3.4641016151377544,0.0,0.5773502691896257,358.5154575933,189.03262505010431,329.0896534380867,0.0,80.82903768654761,125.13326229797309,115.47005383792515,0.0,86.60254037844386,0.0,202.56686138984662,246.64414311581237,0.5773502691896258,0.5773502691896258,4.0,3.0,3.0,1.0,0.0,3.0,1
LRL_2026-01-16_4,22003953,LRL_2026-01-16_4_22003953,1.0,18.0,9.0,24550.0,2.0,4.0,4.0,0.0,0.0,2.0,310.0,450.0,0.0,0.0,300.0,0.0,50.0,100.0,0.0,0.0,150.0,50.0,1.0,0.0,4.333333333333333,32.666666666666664,7.0,36428.333333333336,3.6666666666666665,2.6666666666666665,3.6666666666666665,0.6666666666666666,0.0,4.0,140.0,403.3333333333333,16.666666666666668,0.0,903.3333333333334,1595.0,116.66666666666667,100.0,3.3333333333333335,0.0,116.66666666666667,16.666666666666668,1.0,0.0,2.886751345948129,27.15388247255507,1.7320508075688772,12653.108643070023,1.5275252316519468,1.5275252316519465,2.5166114784235836,1.1547005383792517,0.0,2.0,157.1623364550171,382.14307966170645,28.867513459481287,0.0,631.6908526592207,1554.2441893087457,76.37626158259734,100.0,5.773502691896257,0.0,104.08329997330664,28.867513459481287,0.0,0.0,1.0,6.0,6.0,-5.0,0.0,3.0,1
LRL_2026-01-16_5,23011598,LRL_2026-01-16_5_23011598,6.0,44.0,6.0,35000.0,2.0,3.0,6.0,0.0,0.0,6.0,250.0,420.0,0.0,0.0,750.0,1100.0,10.0,0.0,0.0,0.0,0.0,0.0,1.0,0.0,3.6666666666666665,37.666666666666664,7.0,36000.0,3.3333333333333335,3.3333333333333335,4.0,0.0,0.0,3.6666666666666665,190.0,256.6666666666667,0.0,0.0,273.3333333333333,491.6666666666667,73.33333333333333,20.0,0.0,0.0,66.66666666666667,150.0,0.6666666666666666,0.0,2.516611478423583,10.96965511460289,1.0,8544.003745317532,1.5275252316519468,1.5275252316519465,2.6457513110645907,0.0,0.0,2.516611478423583,158.74507866387543,225.01851775650226,0.0,0.0,414.28653530296316,559.2033023269206,109.6965511460289,26.457513110645905,0.0,0.0,57.735026918962575,150.0,0.5773502691896258,0.0,6.0,1.0,4.0,5.0,-3.0,3.0,1
LRL_2026-01-16_5,23014565,LRL_2026-01-16_5_23014565,5.0,107.0,7.0,44700.0,5.0,2.0,4.0,0.0,0.0,5.0,200.0,500.0,0.0,0.0,610.0,1305.0,50.0,150.0,0.0,0.0,400.0,375.0,1.0,0.0,4.0,57.666666666666664,6.666666666666667,40450.0,5.333333333333333,1.6666666666666667,2.3333333333333335,0.3333333333333333,0.0,3.3333333333333335,133.33333333333334,233.33333333333334,0.0,0.0,520.0,1035.0,100.0,133.33333333333334,3.3333333333333335,0.0,250.0,241.66666666666666,1.0,0.0,1.0,42.770706486254504,0.5773502691896258,7886.539164931599,0.5773502691896257,0.5773502691896257,1.5275252316519468,0.5773502691896258,0.0,1.5275252316519468,115.47005383792515,251.66114784235833,0.0,0.0,81.8535277187245,342.30834053525484,86.60254037844386,76.37626158259734,5.773502691896258,0.0,132.28756555322954,152.75252316519467,0.0,0.0,5.0,4.0,3.0,1.0,1.0,3.0,1
LRL_2026-01-16_5,23019724,LRL_2026-01-16_5_23019724,1.0,32.0,6.0,35250.0,2.0,1.0,1.0,0.0,0.0,1.0,0.0,0.0,0.0,0.0,0.0,0.0,50.0,50.0,0.0,0.0,150.0,50.0,1.0,0.0,4.0,54.666666666666664,6.0,43282.0,4.0,2.3333333333333335,1.6666666666666667,0.0,0.0,2.6666666666666665,70.0,50.0,0.0,0.0,216.66666666666666,565.0,183.33333333333334,70.0,0.0,0.0,170.0,116.66666666666667,1.0,0.3333333333333333,2.6457513110645907,27.31910198621714,0.0,6964.665749337868,2.0,1.5275252316519468,0.5773502691896257,0.0,0.0,1.5275252316519468,81.8535277187245,50.0,0.0,0.0,256.5800719723442,533.4557151254451,125.83057392117917,72.11102550927978,0.0,0.0,170.88007490635061,160.7275126832159,0.0,0.5773502691896258,1.0,6.0,5.0,-5.0,1.0,3.0,1
LRL_2026-01-16_5,23015832,LRL_2026-01-16_5_23015832,9.0,491.0,10.0,50000.0,3.0,7.0,7.0,0.0,0.0,10.0,290.0,750.0,0.0,0.0,840.0,950.0,150.0,100.0,0.0,0.0,0.0,100.0,1.0,0.0,5.666666666666667,196.66666666666666,7.0,41000.0,2.0,4.0,4.333333333333333,0.0,0.0,6.0,200.0,390.0,0.0,0.0,516.6666666666666,895.0,86.66666666666667,70.0,0.0,0.0,100.0,58.333333333333336,1.0,0.0,3.0550504633038935,256.9636809615969,2.6457513110645907,7937.253933193771,1.0,2.6457513110645907,2.309401076758503,0.0,0.0,3.605551275463989,78.10249675906654,315.75306807693886,0.0,0.0,280.0595174839329,296.3528302547489,70.94598884597588,51.96152422706632,0.0,0.0,173.20508075688772,52.04164998665332,0.0,0.0,9.0,3.0,5.0,6.0,-2.0,3.0,1
LRL_2026-01-16_5,23014975,LRL_2026-01-16_5_23014975,6.0,122.0,7.0,45300.0,5.0,4.0,4.0,5.0,0.0,6.0,600.0,250.0,260.0,0.0,1050.0,2150.0,10.0,10.0,10.0,0.0,400.0,325.0,1.0,0.0,3.0,54.666666666666664,6.333333333333333,36483.333333333336,4.666666666666667,3.6666666666666665,3.0,1.6666666666666667,0.0,3.0,273.3333333333333,170.0,86.66666666666667,0.0,433.3333333333333,791.6666666666666,153.33333333333334,70.0,3.3333333333333335,0.0,250.0,491.6666666666667,1.0,0.0,2.6457513110645907,58.34666514320534,2.081665999466133,7912.384806955065,2.516611478423583,0.5773502691896258,1.0,2.886751345948129,0.0,2.6457513110645907,287.28615235220326,138.5640646055102,150.1110699893027,0.0,548.4827557301445,1181.7183815670016,126.62279942148386,72.11102550927978,5.773502691896258,0.0,132.28756555322954,152.75252316519467,0.0,0.0,6.0,2.0,1.0,4.0,1.0,3.0,1
LRL_2026-01-16_5,23005607,LRL_2026-01-16_5_23005607,7.0,93.0,7.0,53910.0,1.0,4.0,5.0,0.0,0.0,7.0,260.0,400.0,0.0,0.0,960.0,1430.0,50.0,150.0,0.0,0.0,0.0,0.0,1.0,0.0,3.0,36.666666666666664,7.0,37003.333333333336,4.666666666666667,2.0,2.3333333333333335,0.0,0.0,3.0,86.66666666666667,133.33333333333334,0.0,0.0,320.0,476.6666666666667,120.0,166.66666666666666,0.0,0.0,166.66666666666666,91.66666666666667,1.0,0.3333333333333333,3.4641016151377544,48.85011088353161,3.0,14713.226475975056,4.041451884327381,1.7320508075688772,2.3094010767585034,0.0,0.0,3.4641016151377544,150.1110699893027,230.9401076758503,0.0,0.0,554.2562584220408,825.6108849411648,157.1623364550171,28.867513459481287,0.0,0.0,144.33756729740642,118.14539065631521,0.0,0.5773502691896258,7.0,1.0,1.0,6.0,0.0,3.0,1
LRL_2026-01-16_5,23014809,LRL_2026-01-16_5_23014809,6.0,95.0,7.0,44700.0,7.0,7.0,7.0,0.0,0.0,6.0,850.0,960.0,0.0,0.0,1010.0,1680.0,0.0,0.0,0.0,0.0,200.0,375.0,1.0,0.0,3.6666666666666665,63.0,7.0,34770.0,5.666666666666667,4.333333333333333,4.333333333333333,0.0,0.0,4.0,600.0,540.0,0.0,0.0,573.3333333333334,868.3333333333334,100.0,250.0,0.0,0.0,216.66666666666666,333.3333333333333,1.0,0.0,2.516611478423583,27.874719729532707,1.0,8737.316521678724,1.5275252316519465,2.309401076758503,2.309401076758503,0.0,0.0,2.0,229.128784747792,370.4051835490427,0.0,0.0,485.8326186386967,841.4323106069396,132.28756555322954,217.94494717703367,0.0,0.0,28.867513459481287,240.22558842332626,0.0,0.0,6.0,1.0,4.0,5.0,-3.0,3.0,1
LRL_2026-01-16_5,23010330,LRL_2026-01-16_5_23010330,1.0,22.0,6.0,45000.0,1.0,1.0,1.0,0.0,0.0,1.0,0.0,0.0,0.0,0.0,0.0,0.0,100.0,100.0,0.0,0.0,250.0,50.0,1.0,1.0,1.0,22.0,6.0,45000.0,1.0,1.0,1.0,0.0,0.0,1.0,0.0,0.0,0.0,0.0,0.0,0.0,100.0,100.0,0.0,0.0,250.0,50.0,1.0,1.0,,,,,,,,,,,,,,,,,,,,,,,,,1.0,,,,,1.0,1
LRL_2026-01-16_5,23005166,LRL_2026-01-16_5_23005166,7.0,29.0,7.0,45300.0,7.0,3.0,2.0,4.0,0.0,7.0,300.0,50.0,210.0,0.0,1450.0,2475.0,300.0,100.0,50.0,0.0,0.0,0.0,1.0,0.0,5.0,37.666666666666664,7.0,49550.0,4.333333333333333,5.333333333333333,4.666666666666667,1.3333333333333333,0.0,5.666666666666667,516.6666666666666,426.6666666666667,70.0,0.0,903.3333333333334,1300.0,116.66666666666667,120.0,16.666666666666668,0.0,20.0,75.0,1.0,0.0,2.6457513110645907,32.86842456421258,1.0,20655.56825652589,2.309401076758503,2.5166114784235836,2.516611478423583,2.3094010767585034,0.0,2.309401076758503,292.97326385411577,380.0438571182717,121.2435565298214,0.0,473.84948383778294,1039.5311443145895,160.7275126832159,121.2435565298214,28.867513459481287,0.0,26.457513110645905,75.0,0.0,0.0,7.0,2.0,6.0,5.0,-4.0,3.0,1
LRL_2026-01-16_6,21010871,LRL_2026-01-16_6_21010871,8.0,686.0,8.0,49410.0,2.0,8.0,8.0,0.0,0.0,8.0,1920.0,2030.0,0.0,0.0,2420.0,4475.0,0.0,0.0,0.0,0.0,0.0,0.0,1.0,0.0,8.0,686.0,8.0,49410.0,2.0,8.0,8.0,0.0,0.0,8.0,1920.0,2030.0,0.0,0.0,2420.0,4475.0,0.0,0.0,0.0,0.0,0.0,0.0,1.0,0.0,,,,,,,,,,,,,,,,,,,,,,,,,8.0,,,,,1.0,1
LRL_2026-01-16_6,21016168,LRL_2026-01-16_6_21016168,5.0,42.0,7.0,30500.0,6.0,7.0,7.0,0.0,0.0,7.0,2010.0,1210.0,0.0,0.0,1110.0,875.0,0.0,0.0,0.0,0.0,0.0,150.0,1.0,0.0,5.666666666666667,106.66666666666667,8.333333333333334,30190.0,4.0,8.0,7.333333333333333,4.666666666666667,0.0,6.666666666666667,1246.6666666666667,846.6666666666666,476.6666666666667,0.0,1066.6666666666667,976.6666666666666,3.3333333333333335,3.3333333333333335,83.33333333333333,0.0,33.333333333333336,58.333333333333336,0.6666666666666666,0.0,3.055050463303893,142.46871001498306,1.1547005383792515,4173.643492201987,2.6457513110645907,1.0,1.5275252316519468,4.509249752822894,0.0,2.516611478423583,661.9919435562138,325.9345537578569,519.2622972384316,0.0,636.1079572944622,683.19714089956,5.773502691896258,5.773502691896258,144.33756729740642,0.0,57.735026918962575,80.36375634160795,0.5773502691896258,0.0,5.0,3.0,9.0,2.0,-6.0,3.0,1
LRL_2026-01-16_6,22010651,LRL_2026-01-16_6_22010651,3.0,64.0,8.0,23720.0,8.0,7.0,7.0,5.0,0.0,3.0,1760.0,1570.0,1100.0,0.0,950.0,2225.0,150.0,100.0,800.0,0.0,400.0,825.0,1.0,1.0,4.0,86.33333333333333,8.333333333333334,25096.666666666668,5.333333333333333,7.666666666666667,7.666666666666667,5.666666666666667,0.0,4.333333333333333,1240.0,1296.6666666666667,870.0,0.0,670.0,1091.6666666666667,450.0,533.3333333333334,403.3333333333333,0.0,336.6666666666667,311.6666666666667,1.0,0.6666666666666666,1.7320508075688772,23.028967265887832,0.5773502691896258,1195.2545056737217,3.0550504633038935,1.1547005383792517,1.1547005383792517,0.5773502691896257,0.0,1.5275252316519465,455.74115460423366,374.34387043643886,225.16660498395404,0.0,244.33583445741232,1001.6652800877813,653.834841531101,838.6497083606083,395.01054838236075,0.0,300.05555041247504,446.83143727062594,0.0,0.5773502691896258,3.0,6.0,3.0,-3.0,3.0,3.0,1
LRL_2026-01-16_6,22008704,LRL_2026-01-16_6_22008704,3.0,299.0,10.0,24390.0,3.0,7.0,7.0,0.0,0.0,6.0,1650.0,1560.0,0.0,0.0,660.0,325.0,10.0,400.0,0.0,0.0,200.0,475.0,1.0,0.0,4.333333333333333,290.6666666666667,8.666666666666666,24603.333333333332,5.0,5.333333333333333,5.333333333333333,2.3333333333333335,0.0,4.333333333333333,853.3333333333334,826.6666666666666,216.66666666666666,0.0,540.0,1008.3333333333334,86.66666666666667,316.6666666666667,200.0,0.0,170.0,316.6666666666667,1.0,0.3333333333333333,1.1547005383792517,152.67066952539813,1.5275252316519468,1174.620506092642,1.7320508075688772,2.0816659994661326,2.0816659994661326,2.516611478423583,0.0,1.5275252316519465,697.8777352325645,644.5411804790547,256.5800719723442,0.0,131.14877048604,879.0383002653145,100.16652800877813,189.29694486000912,264.5751311064591,0.0,147.30919862656236,252.89984842489196,0.0,0.5773502691896258,3.0,5.0,5.0,-2.0,0.0,3.0,1
LRL_2026-01-16_6,22012513,LRL_2026-01-16_6_22012513,2.0,12.0,8.0,23720.0,7.0,4.0,4.0,2.0,0.0,2.0,260.0,460.0,200.0,0.0,800.0,1625.0,100.0,10.0,500.0,0.0,150.0,600.0,1.0,1.0,2.6666666666666665,22.0,8.333333333333334,25096.666666666668,6.0,4.0,3.6666666666666665,3.6666666666666665,0.0,3.0,336.6666666666667,503.3333333333333,353.3333333333333,0.0,536.6666666666666,750.0,116.66666666666667,70.0,236.66666666666666,0.0,100.0,333.3333333333333,1.0,0.6666666666666666,1.1547005383792515,10.0,0.5773502691896258,1195.2545056737217,2.6457513110645907,2.0,1.5275252316519465,2.886751345948129,0.0,1.7320508075688772,187.17193521821943,130.5118130030126,265.5811238272278,0.0,251.06440076867395,760.3453162872775,28.867513459481287,51.96152422706632,247.04925284917041,0.0,50.0,262.5991876098122,0.0,0.5773502691896258,2.0,4.0,2.0,-2.0,2.0,3.0,1
LRL_2026-01-16_6,22006112,LRL_2026-01-16_6_22006112,6.0,230.0,11.0,27200.0,7.0,6.0,5.0,0.0,0.0,7.0,660.0,550.0,0.0,0.0,720.0,925.0,50.0,50.0,0.0,0.0,150.0,50.0,1.0,0.0,4.666666666666667,115.0,9.666666666666666,25873.333333333332,7.666666666666667,5.666666666666667,4.666666666666667,0.0,0.0,5.0,756.6666666666666,766.6666666666666,0.0,0.0,823.3333333333334,1041.6666666666667,233.33333333333334,166.66666666666666,0.0,0.0,183.33333333333334,75.0,1.0,0.0,1.1547005383792517,101.11874208078342,1.5275252316519465,1160.0143677271126,2.081665999466133,1.5275252316519468,0.5773502691896258,0.0,0.0,1.7320508075688772,306.648550189518,225.46248764114475,0.0,0.0,434.3193909248507,364.2915499065732,236.29078131263043,202.072594216369,0.0,0.0,152.75252316519467,43.30127018922193,0.0,0.0,6.0,4.0,4.0,2.0,0.0,3.0,1
LRL_2026-01-16_6,20002564,LRL_2026-01-16_6_20002564,3.0,51.0,11.0,26520.0,3.0,8.0,8.0,10.0,0.0,4.0,810.0,870.0,1020.0,0.0,360.0,575.0,100.0,10.0,800.0,0.0,50.0,75.0,0.0,1.0,4.666666666666667,71.0,9.666666666666666,30740.0,3.3333333333333335,7.666666666666667,7.333333333333333,8.333333333333334,0.0,5.333333333333333,730.0,756.6666666666666,870.0,0.0,600.0,451.6666666666667,250.0,23.333333333333332,466.6666666666667,0.0,286.6666666666667,383.3333333333333,0.0,0.6666666666666666,2.886751345948129,31.240998703626616,1.1547005383792515,3895.9979466113687,1.5275252316519465,0.5773502691896257,0.5773502691896257,1.5275252316519468,0.0,2.309401076758503,91.6515138991168,205.02032419575707,251.1971337416094,0.0,262.29754097208,309.04422552983146,217.94494717703367,23.094010767585033,325.32035493238556,0.0,445.00936319737514,555.8402048550764,0.0,0.5773502691896258,3.0,8.0,3.0,-5.0,5.0,3.0,1
LRL_2026-01-16_6,22013651,LRL_2026-01-16_6_22013651,2.0,20.0,9.0,22000.0,6.0,7.0,6.0,0.0,0.0,2.0,450.0,310.0,0.0,0.0,400.0,300.0,250.0,100.0,0.0,0.0,50.0,150.0,1.0,0.0,3.3333333333333335,45.666666666666664,9.333333333333334,24873.333333333332,5.333333333333333,7.333333333333333,7.333333333333333,4.0,0.0,4.333333333333333,953.3333333333334,776.6666666666666,410.0,0.0,446.6666666666667,220.0,120.0,36.666666666666664,36.666666666666664,0.0,186.66666666666666,191.66666666666666,0.3333333333333333,0.3333333333333333,1.5275252316519465,41.04063027456247,0.5773502691896258,2598.9485053254393,4.041451884327381,0.5773502691896258,1.5275252316519468,3.4641016151377544,0.0,2.5166114784235836,435.92812863284394,407.2263907623539,357.9106033634656,0.0,117.1893055416463,69.46221994724903,121.2435565298214,55.075705472861024,55.07570547286102,0.0,272.0906711619003,94.64847243000456,0.5773502691896258,0.5773502691896258,2.0,3.0,5.0,-1.0,-2.0,3.0,1
LRL_2026-01-16_7,23008213,LRL_2026-01-16_7_23008213,2.0,81.0,7.0,47500.0,1.0,2.0,2.0,0.0,0.0,1.0,200.0,150.0,0.0,0.0,0.0,250.0,200.0,150.0,0.0,0.0,150.0,325.0,1.0,0.0,3.0,214.0,8.5,48250.0,3.5,3.0,3.5,0.0,0.0,2.5,230.0,505.0,0.0,0.0,430.0,912.5,200.0,125.0,0.0,0.0,125.0,375.0,1.0,0.0,1.4142135623730951,188.09040379562165,2.1213203435596424,1060.6601717798212,3.5355339059327378,1.4142135623730951,2.1213203435596424,0.0,0.0,2.1213203435596424,42.42640687119285,502.04581464244876,0.0,0.0,608.1118318204309,936.9164850721754,0.0,35.35533905932738,0.0,0.0,35.35533905932738,70.71067811865476,0.0,0.0,2.0,4.0,,-2.0,,2.0,1
LRL_2026-01-16_7,23007804,LRL_2026-01-16_7_23007804,,,,,,,,,,,,,,,,,,,,,,,,,,,,,,,,,,,,,,,,,,,,,,,,,,,,,,,,,,,,,,,,,,,,,,,,,,,,,,0.0,0
LRL_2026-01-16_7,23014053,LRL_2026-01-16_7_23014053,5.0,134.0,7.0,45500.0,7.0,2.0,2.0,0.0,0.0,3.0,150.0,250.0,0.0,0.0,550.0,1325.0,100.0,200.0,0.0,0.0,150.0,125.0,1.0,0.0,5.0,134.0,7.0,45500.0,7.0,2.0,2.0,0.0,0.0,3.0,150.0,250.0,0.0,0.0,550.0,1325.0,100.0,200.0,0.0,0.0,150.0,125.0,1.0,0.0,,,,,,,,,,,,,,,,,,,,,,,,,5.0,,,,,1.0,1
LRL_2026-01-16_7,23019680,LRL_2026-01-16_7_23019680,3.0,71.0,7.0,47500.0,4.0,4.0,5.0,0.0,0.0,3.0,800.0,660.0,0.0,0.0,250.0,575.0,100.0,400.0,0.0,0.0,150.0,75.0,1.0,0.0,3.0,71.0,7.0,47500.0,4.0,4.0,5.0,0.0,0.0,3.0,800.0,660.0,0.0,0.0,250.0,575.0,100.0,400.0,0.0,0.0,150.0,75.0,1.0,0.0,,,,,,,,,,,,,,,,,,,,,,,,,3.0,,,,,1.0,1
LRL_2026-01-16_7,23004168,LRL_2026-01-16_7_23004168,,,,,,,,,,,,,,,,,,,,,,,,,,,,,,,,,,,,,,,,,,,,,,,,,,,,,,,,,,,,,,,,,,,,,,,,,,,,,,0.0,0
LRL_2026-01-16_7,23006394,LRL_2026-01-16_7_23006394,6.0,37.0,6.0,45000.0,5.0,3.0,6.0,0.0,0.0,6.0,210.0,900.0,0.0,0.0,1460.0,3325.0,10.0,0.0,0.0,0.0,0.0,0.0,1.0,0.0,6.0,37.0,6.0,45000.0,5.0,3.0,6.0,0.0,0.0,6.0,210.0,900.0,0.0,0.0,1460.0,3325.0,10.0,0.0,0.0,0.0,0.0,0.0,1.0,0.0,,,,,,,,,,,,,,,,,,,,,,,,,6.0,,,,,1.0,1
LRL_2026-01-16_8,21003341,LRL_2026-01-16_8_21003341,1.0,3.0,6.0,18410.0,4.0,2.0,3.0,2.0,0.0,1.0,100.0,100.0,10.0,0.0,0.0,0.0,100.0,250.0,200.0,0.0,200.0,450.0,1.0,0.0,3.3333333333333335,18.333333333333332,7.666666666666667,22810.0,5.0,4.666666666666667,4.333333333333333,3.6666666666666665,0.0,3.3333333333333335,386.6666666666667,440.0,393.3333333333333,0.0,420.0,291.6666666666667,50.0,200.0,183.33333333333334,0.0,216.66666666666666,566.6666666666666,1.0,0.0,3.2145502536643185,13.316656236958787,2.0816659994661326,3942.093352522236,1.0,4.618802153517007,3.2145502536643185,2.8867513459481287,0.0,3.2145502536643185,496.5212315030781,668.3561924602778,587.7357682950166,0.0,602.2457969965419,401.8187817080398,50.0,132.28756555322954,125.83057392117915,0.0,28.867513459481295,316.55699855370966,0.0,0.0,1.0,2.0,7.0,-1.0,-5.0,3.0,1
LRL_2026-01-16_8,21002490,LRL_2026-01-16_8_21002490,1.0,25.0,7.0,22560.0,7.0,5.0,3.0,2.0,0.0,1.0,310.0,200.0,100.0,0.0,0.0,0.0,400.0,10.0,100.0,0.0,10.0,450.0,1.0,1.0,1.3333333333333333,28.333333333333332,9.0,20483.333333333332,5.0,5.333333333333333,3.6666666666666665,2.0,0.0,1.3333333333333333,436.6666666666667,266.6666666666667,103.33333333333333,0.0,133.33333333333334,91.66666666666667,140.0,40.0,150.0,0.0,173.33333333333334,350.0,1.0,0.3333333333333333,0.5773502691896257,6.658328118479393,2.0,4795.042578886379,3.4641016151377544,1.5275252316519465,1.1547005383792515,1.0,0.0,0.5773502691896257,319.4265695482036,208.16659994661327,105.03967504392487,0.0,230.9401076758503,158.77132402714707,225.16660498395404,51.96152422706632,132.28756555322954,0.0,282.9016319029166,114.564392373896,0.0,0.5773502691896258,1.0,2.0,1.0,-1.0,1.0,3.0,1
LRL_2026-01-16_8,17011275,LRL_2026-01-16_8_17011275,2.0,59.0,6.0,18410.0,1.0,1.0,1.0,1.0,0.0,2.0,0.0,0.0,0.0,0.0,200.0,450.0,100.0,50.0,10.0,0.0,450.0,650.0,1.0,0.0,3.0,178.33333333333334,6.666666666666667,21823.333333333332,3.0,3.6666666666666665,3.6666666666666665,3.6666666666666665,0.0,3.0,490.0,493.3333333333333,310.0,0.0,453.3333333333333,493.3333333333333,36.666666666666664,83.33333333333333,103.33333333333333,0.0,216.66666666666666,541.6666666666666,0.6666666666666666,0.6666666666666666,1.7320508075688772,215.40968718544977,0.5773502691896257,3164.6537461993116,3.4641016151377544,3.055050463303893,3.055050463303893,3.055050463303893,0.0,1.7320508075688772,430.92922852830486,527.8573039499722,268.88659319497503,0.0,233.5237318418266,92.91573243177568,55.075705472861024,104.08329997330664,170.39170558842744,0.0,202.07259421636903,278.76214472796215,0.5773502691896258,0.5773502691896258,2.0,2.0,5.0,0.0,-3.0,3.0,1
LRL_2026-01-16_8,19010669,LRL_2026-01-16_8_19010669,5.0,22.0,11.0,21450.0,1.0,6.0,7.0,5.0,0.0,5.0,520.0,860.0,400.0,0.0,320.0,490.0,150.0,200.0,10.0,0.0,300.0,150.0,1.0,0.0,5.333333333333333,42.0,9.0,35705.0,5.333333333333333,5.666666666666667,6.0,5.333333333333333,0.0,5.0,593.3333333333334,726.6666666666666,436.6666666666667,0.0,413.3333333333333,621.6666666666666,53.333333333333336,70.0,120.0,0.0,170.0,260.0,1.0,0.6666666666666666,0.5773502691896257,17.349351572897472,2.0,16846.147185632683,3.7859388972001824,1.5275252316519465,1.7320508075688772,1.5275252316519468,0.0,0.0,238.60706890897706,230.9401076758503,247.04925284917041,0.0,95.04384952922169,178.6290383261729,83.86497083606082,112.69427669584645,199.24858845171275,0.0,147.30919862656236,324.3069533636305,0.0,0.5773502691896258,5.0,6.0,5.0,-1.0,1.0,3.0,1
LRL_2026-01-16_8,21004220,LRL_2026-01-16_8_21004220,3.0,14.0,5.0,24000.0,4.0,1.0,1.0,1.0,0.0,3.0,0.0,0.0,0.0,0.0,20.0,775.0,100.0,50.0,50.0,0.0,600.0,275.0,1.0,0.0,2.6666666666666665,25.333333333333332,7.333333333333333,21466.666666666668,4.0,1.3333333333333333,1.3333333333333333,2.3333333333333335,0.0,2.6666666666666665,50.0,50.0,56.666666666666664,0.0,60.0,450.0,40.0,53.333333333333336,300.0,0.0,416.6666666666667,516.6666666666666,1.0,0.3333333333333333,1.5275252316519468,10.263202878893768,2.081665999466133,2436.5823058811975,3.0,0.5773502691896258,0.5773502691896258,2.3094010767585034,0.0,1.5275252316519468,86.60254037844386,86.60254037844386,98.14954576223639,0.0,87.17797887081348,402.33692348577705,51.96152422706632,45.09249752822894,217.94494717703367,0.0,202.07259421636903,280.9952550014561,0.0,0.5773502691896258,3.0,1.0,4.0,2.0,-3.0,3.0,1
LRL_2026-01-16_8,18006720,LRL_2026-01-16_8_18006720,4.0,104.0,9.0,33110.0,5.0,1.0,1.0,1.0,0.0,3.0,0.0,0.0,0.0,0.0,160.0,460.0,200.0,200.0,10.0,0.0,10.0,225.0,1.0,0.0,3.6666666666666665,72.33333333333333,8.0,34646.666666666664,4.333333333333333,3.0,2.0,0.6666666666666666,0.0,3.3333333333333335,186.66666666666666,183.33333333333334,0.0,0.0,276.6666666666667,511.6666666666667,133.33333333333334,200.0,20.0,0.0,136.66666666666666,275.0,1.0,0.3333333333333333,0.5773502691896257,36.77408507812714,1.0,5576.130677569647,2.081665999466133,3.4641016151377544,1.7320508075688772,0.5773502691896258,0.0,0.5773502691896258,323.31615074619043,317.54264805429415,0.0,0.0,330.8070938376826,390.0747791556554,115.47005383792515,0.0,26.457513110645905,0.0,148.43629385474878,253.7222891273055,0.0,0.5773502691896258,4.0,4.0,3.0,0.0,1.0,3.0,1
LRL_2026-01-16_8,17003226,LRL_2026-01-16_8_17003226,1.0,20.0,7.0,18000.0,4.0,7.0,6.0,6.0,0.0,3.0,770.0,660.0,310.0,0.0,110.0,0.0,0.0,100.0,300.0,0.0,100.0,100.0,1.0,1.0,1.0,14.666666666666666,5.666666666666667,16666.666666666668,3.6666666666666665,3.3333333333333335,3.0,2.6666666666666665,0.0,1.6666666666666667,323.3333333333333,236.66666666666666,103.33333333333333,0.0,36.666666666666664,0.0,36.666666666666664,100.0,166.66666666666666,0.0,250.0,291.6666666666667,1.0,0.6666666666666666,0.0,6.8068592855540455,2.309401076758503,4163.331998932265,1.5275252316519468,3.2145502536643185,2.6457513110645907,2.886751345948129,0.0,1.1547005383792517,399.5414037785488,367.46881953892813,178.978583448784,0.0,63.50852961085884,0.0,55.075705472861024,0.0,125.83057392117915,0.0,217.94494717703367,289.75564417856185,0.0,0.5773502691896258,1.0,1.0,1.0,0.0,0.0,3.0,1
LRL_2026-01-16_9,21018864,LRL_2026-01-16_9_21018864,2.0,385.0,9.0,54910.0,2.0,3.0,6.0,0.0,0.0,4.0,450.0,470.0,0.0,0.0,310.0,5.0,100.0,150.0,0.0,0.0,250.0,75.0,1.0,0.0,3.3333333333333335,219.66666666666666,9.333333333333334,51460.0,3.0,4.333333333333333,5.333333333333333,0.0,0.0,4.666666666666667,453.3333333333333,476.6666666666667,0.0,0.0,330.0,195.0,70.0,100.0,0.0,0.0,170.0,53.333333333333336,0.3333333333333333,0.3333333333333333,1.5275252316519468,156.02991166226215,2.5166114784235836,4783.001149905778,2.6457513110645907,2.309401076758503,2.0816659994661326,0.0,0.0,1.1547005383792517,345.0120770833006,280.0595174839329,0.0,0.0,34.64101615137755,164.84841521834537,51.96152422706632,50.0,0.0,0.0,138.5640646055102,37.52776749732568,0.5773502691896258,0.5773502691896258,2.0,5.0,3.0,-3.0,2.0,3.0,1
LRL_2026-01-16_9,20003831,LRL_2026-01-16_9_20003831,4.0,110.0,6.0,49000.0,5.0,6.0,6.0,6.0,0.0,4.0,410.0,410.0,710.0,0.0,850.0,1850.0,0.0,0.0,0.0,0.0,150.0,450.0,1.0,0.0,5.666666666666667,89.66666666666667,7.333333333333333,53096.666666666664,2.6666666666666665,6.0,6.333333333333333,3.6666666666666665,0.0,5.333333333333333,906.6666666666666,963.3333333333334,686.6666666666666,0.0,1120.0,2095.0,150.0,83.33333333333333,133.33333333333334,0.0,66.66666666666667,716.6666666666666,1.0,0.0,2.0816659994661326,32.65475973473597,1.1547005383792517,3623.152402719673,2.0816659994661326,1.0,0.5773502691896258,3.2145502536643185,0.0,2.3094010767585034,775.2633961005339,664.2539674953649,675.3024013975764,0.0,511.5662224971465,605.8671471535654,217.94494717703367,104.08329997330664,230.9401076758503,0.0,76.37626158259734,880.8140174482542,0.0,0.0,4.0,5.0,8.0,-1.0,-3.0,3.0,1
LRL_2026-01-16_9,21012759,LRL_2026-01-16_9_21012759,2.0,3.0,6.0,54880.0,6.0,2.0,2.0,0.0,0.0,2.0,100.0,10.0,0.0,0.0,10.0,100.0,50.0,50.0,0.0,0.0,150.0,175.0,1.0,0.0,1.6666666666666667,22.333333333333332,6.333333333333333,51216.666666666664,2.6666666666666665,1.6666666666666667,2.3333333333333335,0.0,0.0,2.3333333333333335,83.33333333333333,90.0,0.0,0.0,106.66666666666667,108.33333333333333,36.666666666666664,53.333333333333336,0.0,0.0,266.6666666666667,166.66666666666666,1.0,0.0,0.5773502691896257,17.21433511156714,0.5773502691896257,3352.9439800469872,2.886751345948129,0.5773502691896258,1.5275252316519468,0.0,0.0,0.5773502691896258,76.37626158259734,147.30919862656236,0.0,0.0,83.86497083606082,112.73124382057235,23.094010767585033,45.09249752822894,0.0,0.0,104.08329997330664,14.433756729740647,0.0,0.0,2.0,1.0,2.0,1.0,-1.0,3.0,1
LRL_2026-01-16_9,22002704,LRL_2026-01-16_9_22002704,6.0,325.0,9.0,54910.0,6.0,2.0,5.0,0.0,0.0,7.0,350.0,460.0,0.0,0.0,720.0,1105.0,100.0,10.0,0.0,0.0,400.0,125.0,1.0,0.0,5.0,133.66666666666666,8.333333333333334,44636.666666666664,4.333333333333333,1.3333333333333333,2.3333333333333335,0.0,0.0,3.3333333333333335,116.66666666666667,153.33333333333334,0.0,0.0,243.33333333333334,528.3333333333334,66.66666666666667,10.0,0.0,0.0,203.33333333333334,150.0,0.6666666666666666,0.6666666666666666,2.6457513110645907,167.2881745173081,1.1547005383792517,9118.99299996076,1.5275252316519465,0.5773502691896257,2.3094010767585034,0.0,0.0,3.2145502536643185,202.07259421636903,265.5811238272278,0.0,0.0,412.83572196859774,543.721742560782,28.867513459481287,0.0,0.0,0.0,195.02136635080097,163.93596310755,0.5773502691896258,0.5773502691896258,6.0,2.0,7.0,4.0,-5.0,3.0,1
LRL_2026-01-16_9,22014410,LRL_2026-01-16_9_22014410,4.0,34.0,4.0,48000.0,1.0,1.0,1.0,0.0,0.0,4.0,0.0,0.0,0.0,0.0,160.0,455.0,50.0,10.0,0.0,0.0,0.0,0.0,1.0,0.0,5.666666666666667,84.33333333333333,6.666666666666667,64000.0,1.3333333333333333,3.3333333333333335,4.0,0.0,0.0,5.333333333333333,143.33333333333334,260.0,0.0,0.0,296.6666666666667,551.6666666666666,83.33333333333333,36.666666666666664,0.0,0.0,3.3333333333333335,70.0,0.6666666666666666,0.3333333333333333,2.8867513459481287,56.85361319505853,3.785938897200183,13856.406460551018,0.5773502691896257,2.0816659994661326,2.6457513110645907,0.0,0.0,1.5275252316519468,124.23096769056149,235.79652245103193,0.0,0.0,179.53644012660308,150.44378795195678,57.735026918962575,55.07570547286102,0.0,0.0,5.773502691896257,112.69427669584645,0.5773502691896258,0.5773502691896258,4.0,4.0,9.0,0.0,-5.0,3.0,1
LRL_2026-01-16_9,22009002,LRL_2026-01-16_9_22009002,2.0,39.0,7.0,53910.0,1.0,2.0,1.0,0.0,0.0,1.0,100.0,0.0,0.0,0.0,0.0,125.0,200.0,10.0,0.0,0.0,150.0,175.0,1.0,0.0,1.3333333333333333,50.666666666666664,6.666666666666667,38436.666666666664,4.666666666666667,2.0,1.3333333333333333,0.0,0.0,1.0,83.33333333333333,33.333333333333336,0.0,0.0,0.0,41.666666666666664,216.66666666666666,103.33333333333333,0.0,0.0,150.0,193.33333333333334,1.0,0.0,0.5773502691896257,10.115993936995679,0.5773502691896257,13402.631582392069,3.214550253664318,0.0,0.5773502691896258,0.0,0.0,0.0,28.867513459481287,57.735026918962575,0.0,0.0,0.0,72.16878364870321,76.37626158259734,95.04384952922167,0.0,0.0,100.0,198.1371578814366,0.0,0.0,2.0,1.0,1.0,1.0,0.0,3.0,1
LRL_2026-01-16_9,22007910,LRL_2026-01-16_9_22007910,6.0,26.0,8.0,49000.0,5.0,1.0,2.0,0.0,0.0,2.0,0.0,10.0,0.0,0.0,150.0,335.0,10.0,300.0,0.0,0.0,200.0,175.0,1.0,1.0,3.5,39.5,8.0,51672.5,5.5,1.0,1.5,0.0,0.0,1.5,0.0,5.0,0.0,0.0,75.0,167.5,10.0,155.0,0.0,0.0,300.0,425.0,1.0,0.5,3.5355339059327378,19.091883092036785,0.0,3779.4857454420967,0.7071067811865476,0.0,0.7071067811865476,0.0,0.0,0.7071067811865476,0.0,7.0710678118654755,0.0,0.0,106.06601717798213,236.88077169749343,0.0,205.0609665440988,0.0,0.0,141.4213562373095,353.5533905932738,0.0,0.7071067811865476,6.0,1.0,,5.0,,2.0,1
LRL_2026-01-16_9,22015422,LRL_2026-01-16_9_22015422,5.0,740.0,9.0,54910.0,4.0,1.0,2.0,0.0,0.0,2.0,0.0,10.0,0.0,0.0,250.0,305.0,350.0,150.0,0.0,0.0,50.0,800.0,1.0,0.0,3.0,280.3333333333333,7.666666666666667,44256.666666666664,3.0,1.3333333333333333,1.3333333333333333,0.0,0.0,1.6666666666666667,16.666666666666668,6.666666666666667,0.0,0.0,150.0,218.33333333333334,186.66666666666666,133.33333333333334,0.0,0.0,86.66666666666667,391.6666666666667,0.6666666666666666,0.3333333333333333,2.0,400.037914869745,2.3094010767585034,9577.318692271512,1.7320508075688772,0.5773502691896257,1.1547005383792517,0.0,0.0,0.5773502691896258,28.867513459481287,5.773502691896257,0.0,0.0,132.28756555322954,190.41621079449442,170.39170558842744,125.83057392117915,0.0,0.0,100.16652800877812,359.10769044025403,0.5773502691896258,0.5773502691896258,5.0,3.0,1.0,2.0,2.0,3.0,1
LRL_2026-01-16_10,22006543,LRL_2026-01-16_10_22006543,7.0,885.0,8.0,25020.0,8.0,6.0,6.0,0.0,0.0,7.0,510.0,510.0,0.0,0.0,1150.0,1750.0,400.0,400.0,0.0,0.0,400.0,350.0,1.0,1.0,6.333333333333333,526.6666666666666,8.0,24836.666666666668,5.0,5.333333333333333,6.0,0.0,0.0,6.333333333333333,333.3333333333333,513.3333333333334,0.0,0.0,820.0,1248.3333333333333,350.0,250.0,0.0,0.0,283.3333333333333,175.0,1.0,0.3333333333333333,1.1547005383792515,363.0899796652799,1.0,869.6167738339301,3.605551275463989,0.5773502691896257,1.0,0.0,0.0,0.5773502691896257,197.56855350316593,5.773502691896241,0.0,0.0,289.30952282978865,529.39430799106,278.3882181415011,132.28756555322954,0.0,0.0,202.07259421636903,156.12494995995996,0.0,0.5773502691896258,7.0,7.0,5.0,0.0,2.0,3.0,1
LRL_2026-01-16_10,19017159,LRL_2026-01-16_10_19017159,1.0,23.0,6.0,20700.0,6.0,5.0,4.0,0.0,0.0,4.0,550.0,360.0,0.0,0.0,260.0,0.0,10.0,250.0,0.0,0.0,150.0,100.0,1.0,0.0,1.3333333333333333,46.0,7.0,20213.333333333332,4.0,3.3333333333333335,2.3333333333333335,0.3333333333333333,0.0,2.3333333333333335,333.3333333333333,123.33333333333333,0.0,0.0,170.0,258.3333333333333,23.333333333333332,166.66666666666666,3.3333333333333335,0.0,253.33333333333334,141.66666666666666,1.0,0.0,0.5773502691896258,52.43090691567332,1.0,1140.7161493260865,2.6457513110645907,1.5275252316519468,1.5275252316519468,0.5773502691896258,0.0,1.5275252316519468,225.46248764114472,205.02032419575707,0.0,0.0,147.30919862656236,447.44645862196,23.09401076758503,104.08329997330664,5.773502691896257,0.0,308.27476921300797,94.64847243000456,0.0,0.0,1.0,1.0,2.0,0.0,-1.0,3.0,1
LRL_2026-01-16_10,21016215,LRL_2026-01-16_10_21016215,4.0,220.0,11.0,23070.0,4.0,3.0,3.0,0.0,0.0,3.0,200.0,350.0,0.0,0.0,260.0,350.0,200.0,200.0,0.0,0.0,50.0,25.0,1.0,0.0,3.0,98.66666666666667,7.0,19100.0,2.6666666666666665,2.6666666666666665,2.6666666666666665,0.0,0.0,2.6666666666666665,216.66666666666666,190.0,0.0,0.0,160.0,203.33333333333334,200.0,303.3333333333333,0.0,0.0,86.66666666666667,116.66666666666667,1.0,0.0,1.0,105.07774899251189,3.4641016151377544,3599.291596967381,1.1547005383792515,1.5275252316519468,1.5275252316519468,0.0,0.0,0.5773502691896258,225.4624876411447,176.91806012954132,0.0,0.0,124.89995996796796,178.20867917509892,100.0,356.41735835019784,0.0,0.0,100.16652800877813,80.36375634160795,0.0,0.0,4.0,3.0,2.0,1.0,1.0,3.0,1
LRL_2026-01-16_10,20014884,LRL_2026-01-16_10_20014884,1.0,62.0,11.0,18000.0,7.0,1.0,2.0,1.0,0.0,1.0,0.0,10.0,0.0,0.0,0.0,0.0,10.0,250.0,50.0,0.0,10.0,75.0,1.0,0.0,3.6666666666666665,34.0,8.333333333333334,19550.0,4.333333333333333,1.3333333333333333,2.3333333333333335,3.6666666666666665,0.0,3.6666666666666665,16.666666666666668,103.33333333333333,376.6666666666667,0.0,756.6666666666666,1116.6666666666667,120.0,120.0,150.0,0.0,6.666666666666667,83.33333333333333,1.0,0.0,2.516611478423583,25.534290669607408,2.5166114784235836,1516.212386178137,2.516611478423583,0.5773502691896257,1.5275252316519468,2.516611478423583,0.0,2.516611478423583,28.867513459481287,170.39170558842744,339.7548135543238,0.0,669.0540586031395,1112.523407993438,157.1623364550171,121.2435565298214,100.0,0.0,5.773502691896257,87.79711460710617,0.0,0.0,1.0,4.0,6.0,-3.0,-2.0,3.0,1
LRL_2026-01-16_10,17001959,LRL_2026-01-16_10_17001959,4.0,38.0,8.0,30435.0,4.0,5.0,3.0,0.0,0.0,3.0,350.0,650.0,0.0,0.0,310.0,875.0,10.0,100.0,0.0,0.0,50.0,225.0,1.0,0.0,3.3333333333333335,48.666666666666664,6.333333333333333,32471.666666666668,2.0,5.0,4.333333333333333,0.0,0.0,3.6666666666666665,433.3333333333333,393.3333333333333,0.0,0.0,213.33333333333334,525.0,20.0,66.66666666666667,0.0,0.0,20.0,91.66666666666667,1.0,0.0,1.1547005383792515,9.71253485622231,2.0816659994661326,1836.0578240712714,1.7320508075688772,1.0,1.5275252316519465,0.0,0.0,0.5773502691896258,104.08329997330664,295.6912804486012,0.0,0.0,126.62279942148386,426.4680527307995,26.457513110645905,57.735026918962575,0.0,0.0,26.457513110645905,118.1453906563152,0.0,0.0,4.0,2.0,4.0,2.0,-2.0,3.0,1
LRL_2026-01-16_10,19016196,LRL_2026-01-16_10_19016196,3.0,35.0,6.0,18680.0,2.0,4.0,4.0,0.0,0.0,3.0,300.0,510.0,0.0,0.0,400.0,125.0,10.0,300.0,0.0,0.0,10.0,350.0,1.0,0.0,3.3333333333333335,110.33333333333333,7.0,21500.0,3.6666666666666665,4.666666666666667,4.666666666666667,0.0,0.0,3.6666666666666665,476.6666666666667,636.6666666666666,0.0,0.0,620.0,343.3333333333333,86.66666666666667,250.0,0.0,0.0,53.333333333333336,150.0,1.0,0.0,0.5773502691896257,129.61609982302866,1.7320508075688772,3574.4090420655552,2.886751345948129,1.1547005383792517,1.1547005383792517,0.0,0.0,0.5773502691896258,297.3774257292126,185.83146486355136,0.0,0.0,192.8730152198591,395.6113412597436,70.94598884597588,50.0,0.0,0.0,45.09249752822894,175.0,0.0,0.0,3.0,3.0,4.0,0.0,-1.0,3.0,1
LRL_2026-01-16_10,19004608,LRL_2026-01-16_10_19004608,1.0,93.0,9.0,25870.0,5.0,3.0,3.0,0.0,0.0,1.0,460.0,310.0,0.0,0.0,0.0,0.0,200.0,500.0,0.0,0.0,50.0,100.0,1.0,0.0,3.3333333333333335,235.66666666666666,8.333333333333334,26753.333333333332,5.666666666666667,3.0,3.3333333333333335,0.0,0.0,3.0,276.6666666666667,373.3333333333333,0.0,0.0,420.0,636.6666666666666,86.66666666666667,203.33333333333334,0.0,0.0,183.33333333333334,103.33333333333333,1.0,0.0,2.5166114784235836,169.47369510733319,1.1547005383792517,3392.3787131352738,1.1547005383792515,1.0,1.5275252316519465,0.0,0.0,2.6457513110645907,236.29078131263043,359.2121007612819,0.0,0.0,602.2457969965419,848.5477790515589,100.16652800877812,260.83200212652844,0.0,0.0,152.75252316519467,95.04384952922169,0.0,0.0,1.0,3.0,6.0,-2.0,-3.0,3.0,1
LRL_2026-01-17_1,19014035,LRL_2026-01-17_1_19014035,7.0,153.0,11.0,21180.0,2.0,11.0,10.0,0.0,0.0,7.0,740.0,570.0,0.0,0.0,1050.0,895.0,0.0,800.0,0.0,0.0,10.0,200.0,1.0,0.0,5.0,74.0,9.0,18030.0,4.0,7.666666666666667,6.666666666666667,0.0,0.0,5.333333333333333,423.3333333333333,416.6666666666667,0.0,0.0,710.0,750.0,250.0,433.3333333333333,0.0,0.0,106.66666666666667,366.6666666666667,1.0,0.0,2.6457513110645907,71.14070564732964,2.0,3670.0,4.358898943540674,2.886751345948129,2.886751345948129,0.0,0.0,1.5275252316519465,277.90885796126275,178.978583448784,0.0,0.0,406.32499307820086,493.7357592883059,217.94494717703367,332.91640592396965,0.0,0.0,167.43157806499147,355.60980488919785,0.0,0.0,7.0,6.0,2.0,1.0,4.0,3.0,1
LRL_2026-01-17_1,17011271,LRL_2026-01-17_1_17011271,4.0,57.0,10.0,14000.0,2.0,7.0,5.0,0.0,0.0,5.0,450.0,300.0,0.0,0.0,410.0,510.0,50.0,10.0,0.0,0.0,50.0,225.0,1.0,0.0,2.3333333333333335,56.0,8.333333333333334,13333.333333333334,4.333333333333333,4.333333333333333,3.6666666666666665,1.3333333333333333,0.0,3.0,220.0,200.0,116.66666666666667,0.0,303.3333333333333,311.6666666666667,66.66666666666667,23.333333333333332,36.666666666666664,0.0,150.0,166.66666666666666,1.0,0.0,1.5275252316519468,35.510561809129406,2.0816659994661326,577.3502691896259,2.5166114784235836,2.516611478423583,2.3094010767585034,1.5275252316519465,0.0,2.0,220.68076490713912,173.20508075688772,202.072594216369,0.0,266.520793435209,273.23677156146704,28.867513459481287,23.09401076758503,55.07570547286102,0.0,100.0,101.0362971081845,0.0,0.0,4.0,1.0,2.0,3.0,-1.0,3.0,1
LRL_2026-01-17_1,19016350,LRL_2026-01-17_1_19016350,6.0,17.0,9.0,22000.0,9.0,4.0,4.0,3.0,0.0,4.0,120.0,160.0,200.0,0.0,350.0,660.0,100.0,150.0,50.0,0.0,50.0,250.0,1.0,0.0,3.6666666666666665,18.666666666666668,7.333333333333333,32000.0,4.333333333333333,3.6666666666666665,4.0,3.6666666666666665,0.0,4.0,173.33333333333334,196.66666666666666,193.33333333333334,0.0,290.0,395.0,66.66666666666667,83.33333333333333,53.333333333333336,0.0,166.66666666666666,95.0,1.0,0.0,2.5166114784235836,3.785938897200183,1.5275252316519465,13228.756555322952,4.163331998932265,0.5773502691896257,0.0,1.1547005383792515,0.0,1.0,68.06859285554046,32.145502536643185,80.20806277010644,0.0,72.11102550927978,348.67606743222285,28.867513459481287,57.735026918962575,45.09249752822894,0.0,125.83057392117915,134.44329659748752,0.0,0.0,6.0,4.0,1.0,2.0,3.0,3.0,1
LRL_2026-01-17_1,20003449,LRL_2026-01-17_1_20003449,4.0,171.0,5.0,24000.0,3.0,5.0,5.0,5.0,0.0,4.0,900.0,250.0,760.0,0.0,620.0,1050.0,0.0,0.0,0.0,0.0,300.0,875.0,1.0,0.0,6.0,188.66666666666666,7.333333333333333,28456.666666666668,2.3333333333333335,6.0,6.333333333333333,5.666666666666667,0.0,6.0,673.3333333333334,580.0,723.3333333333334,0.0,570.0,726.6666666666666,116.66666666666667,66.66666666666667,66.66666666666667,0.0,1066.6666666666667,2058.3333333333335,1.0,0.6666666666666666,2.0,36.82843104631711,2.081665999466133,3919.9022096645895,1.1547005383792515,1.0,1.1547005383792517,1.1547005383792515,0.0,2.0,220.3028218914441,298.16103031751146,148.43629385474878,0.0,327.8719262151,313.0628264954709,104.08329997330664,76.37626158259734,76.37626158259734,0.0,1242.3096769056149,2049.5934556231714,0.0,0.5773502691896258,4.0,8.0,6.0,-4.0,2.0,3.0,1
LRL_2026-01-17_1,20016120,LRL_2026-01-17_1_20016120,6.0,346.0,9.0,33110.0,6.0,9.0,9.0,9.0,0.0,9.0,720.0,1000.0,1020.0,0.0,1080.0,1135.0,0.0,0.0,0.0,0.0,0.0,25.0,1.0,0.0,6.333333333333333,298.3333333333333,8.0,36703.333333333336,5.333333333333333,7.333333333333333,7.666666666666667,7.666666666666667,0.0,7.333333333333333,476.6666666666667,843.3333333333334,1166.6666666666667,0.0,1316.6666666666667,1933.3333333333333,83.33333333333333,33.333333333333336,66.66666666666667,0.0,33.333333333333336,50.0,1.0,0.3333333333333333,1.5275252316519465,185.16029091933652,1.0,11913.607066431785,1.1547005383792517,1.5275252316519465,1.5275252316519468,1.5275252316519468,0.0,2.0816659994661326,215.4839514519198,513.2575701666107,829.7790870667526,0.0,753.4144499100966,1339.6859084626267,104.08329997330664,57.735026918962575,115.47005383792515,0.0,57.735026918962575,66.14378277661477,0.0,0.5773502691896258,6.0,8.0,5.0,-2.0,3.0,3.0,1
LRL_2026-01-17_1,20013396,LRL_2026-01-17_1_20013396,5.0,322.0,6.0,18410.0,6.0,6.0,6.0,6.0,0.0,5.0,850.0,1250.0,1410.0,0.0,1300.0,1375.0,0.0,0.0,0.0,0.0,500.0,1900.0,1.0,0.0,5.666666666666667,266.3333333333333,7.333333333333333,19016.666666666668,5.666666666666667,7.333333333333333,7.333333333333333,7.333333333333333,0.0,7.0,1046.6666666666667,1076.6666666666667,1193.3333333333333,0.0,1180.0,1251.6666666666667,0.0,0.0,0.0,0.0,166.66666666666666,1016.6666666666666,1.0,0.3333333333333333,2.081665999466133,182.96538834799694,1.5275252316519465,615.1693533762336,1.5275252316519465,1.5275252316519465,1.5275252316519465,1.5275252316519465,0.0,2.0,647.7911185971396,446.01943156473953,419.3248541803041,0.0,500.89919145472777,737.772548508911,0.0,0.0,0.0,0.0,288.67513459481285,900.4628439493399,0.0,0.5773502691896258,5.0,8.0,4.0,-3.0,4.0,3.0,1
LRL_2026-01-17_1,21011287,LRL_2026-01-17_1_21011287,5.0,40.0,11.0,21180.0,10.0,10.0,7.0,0.0,0.0,5.0,540.0,270.0,0.0,0.0,650.0,710.0,200.0,50.0,0.0,0.0,100.0,175.0,1.0,0.0,3.6666666666666665,39.666666666666664,9.666666666666666,20513.333333333332,8.0,7.666666666666667,5.666666666666667,2.3333333333333335,0.0,4.0,480.0,463.3333333333333,170.0,0.0,410.0,366.6666666666667,100.0,83.33333333333333,100.0,0.0,53.333333333333336,118.33333333333333,1.0,0.0,1.5275252316519465,19.5021366350801,2.309401076758503,1395.074669447242,4.358898943540674,3.2145502536643185,1.5275252316519468,4.041451884327381,0.0,1.0,245.5605831561735,300.88757590391356,294.44863728670913,0.0,208.806130178211,320.6373860505561,86.60254037844386,57.735026918962575,173.20508075688772,0.0,45.09249752822894,98.14954576223639,0.0,0.0,5.0,4.0,2.0,1.0,2.0,3.0,1
LRL_2026-01-17_1,16009053,LRL_2026-01-17_1_16009053,10.0,404.0,11.0,28000.0,4.0,11.0,11.0,0.0,0.0,11.0,800.0,1140.0,0.0,0.0,1040.0,700.0,0.0,0.0,0.0,0.0,0.0,450.0,1.0,0.0,7.0,251.0,8.666666666666666,29333.333333333332,4.0,7.666666666666667,7.0,3.3333333333333335,0.0,6.666666666666667,823.3333333333334,1020.0,470.0,0.0,863.3333333333334,1010.0,33.333333333333336,3.3333333333333335,50.0,0.0,83.33333333333333,225.0,1.0,0.0,3.0,181.8158408940211,2.0816659994661326,2309.4010767585037,3.0,3.5118845842842465,4.58257569495584,4.163331998932265,0.0,4.509249752822894,715.2854907890509,767.0723564306043,771.167945391923,0.0,451.70049073842426,515.4367080447414,57.735026918962575,5.773502691896258,86.60254037844386,0.0,104.08329997330664,198.4313483298443,0.0,0.0,10.0,4.0,7.0,6.0,-3.0,3.0,1
LRL_2026-01-17_1,21008594,LRL_2026-01-17_1_21008594,9.0,155.0,11.0,23070.0,10.0,9.0,8.0,0.0,0.0,9.0,720.0,1060.0,0.0,0.0,870.0,810.0,100.0,150.0,0.0,0.0,10.0,75.0,1.0,0.0,5.333333333333333,76.33333333333333,10.0,21690.0,5.666666666666667,4.666666666666667,4.0,1.3333333333333333,0.0,4.0,326.6666666666667,390.0,6.666666666666667,0.0,323.3333333333333,453.3333333333333,116.66666666666667,86.66666666666667,66.66666666666667,0.0,86.66666666666667,133.33333333333334,1.0,0.0,3.214550253664318,68.85734044626857,1.0,1195.1150572225254,4.509249752822894,3.7859388972001824,3.605551275463989,1.1547005383792517,0.0,4.358898943540674,361.1555528208494,582.8378848359122,5.773502691896258,0.0,476.0602202803059,312.90307338428835,76.37626158259734,70.94598884597588,57.735026918962575,0.0,70.94598884597588,62.91528696058958,0.0,0.0,9.0,3.0,4.0,6.0,-1.0,3.0,1
LRL_2026-01-17_2,23009267,LRL_2026-01-17_2_23009267,8.0,229.0,9.0,32400.0,6.0,9.0,9.0,0.0,0.0,8.0,1120.0,1560.0,0.0,0.0,2210.0,2405.0,0.0,0.0,0.0,0.0,400.0,625.0,1.0,0.0,8.0,229.0,9.0,32400.0,6.0,9.0,9.0,0.0,0.0,8.0,1120.0,1560.0,0.0,0.0,2210.0,2405.0,0.0,0.0,0.0,0.0,400.0,625.0,1.0,0.0,,,,,,,,,,,,,,,,,,,,,,,,,8.0,,,,,1.0,1
LRL_2026-01-17_2,23001436,LRL_2026-01-17_2_23001436,8.0,590.0,8.0,49410.0,3.0,3.0,2.0,3.0,0.0,7.0,210.0,450.0,500.0,0.0,1360.0,2000.0,100.0,10.0,150.0,0.0,200.0,0.0,1.0,1.0,6.0,589.0,8.0,41308.333333333336,4.0,5.0,4.0,2.6666666666666665,0.0,6.333333333333333,396.6666666666667,700.0,420.0,0.0,1143.3333333333333,1601.6666666666667,83.33333333333333,10.0,283.3333333333333,0.0,733.3333333333334,508.3333333333333,1.0,0.3333333333333333,2.6457513110645907,87.50428560933459,1.0,8533.642735276264,1.0,1.7320508075688772,1.7320508075688772,2.5166114784235836,0.0,1.1547005383792517,176.16280348965083,312.2498999199199,386.2641583165593,0.0,256.58007197234423,366.0714866434333,28.867513459481287,0.0,368.5557397915997,0.0,461.8802153517006,570.2704036975208,0.0,0.5773502691896258,8.0,3.0,7.0,5.0,-4.0,3.0,1
LRL_2026-01-17_2,23007998,LRL_2026-01-17_2_23007998,,,,,,,,,,,,,,,,,,,,,,,,,,,,,,,,,,,,,,,,,,,,,,,,,,,,,,,,,,,,,,,,,,,,,,,,,,,,,,0.0,0
LRL_2026-01-17_2,23004126,LRL_2026-01-17_2_23004126,4.0,112.0,9.0,21000.0,4.0,6.0,4.0,0.0,0.0,4.0,330.0,650.0,0.0,0.0,600.0,410.0,10.0,50.0,0.0,0.0,200.0,225.0,1.0,0.0,6.666666666666667,663.3333333333334,9.666666666666666,34900.0,6.333333333333333,4.666666666666667,4.333333333333333,2.3333333333333335,0.0,6.0,280.0,453.3333333333333,270.0,0.0,1023.3333333333334,1486.6666666666667,23.333333333333332,86.66666666666667,50.0,0.0,166.66666666666666,158.33333333333334,0.6666666666666666,0.3333333333333333,3.0550504633038935,825.985673806352,2.0816659994661326,14537.193676910272,4.932882862316247,2.3094010767585034,1.5275252316519465,4.041451884327381,0.0,3.4641016151377544,209.52326839756964,200.08331597945224,467.6537180435969,0.0,821.3606597185753,1005.0041459284301,23.094010767585033,100.16652800877812,86.60254037844386,0.0,57.735026918962575,94.64847243000456,0.5773502691896258,0.5773502691896258,4.0,10.0,6.0,-6.0,4.0,3.0,1
LRL_2026-01-17_2,23004717,LRL_2026-01-17_2_23004717,4.0,71.0,7.0,33650.0,3.0,4.0,4.0,0.0,0.0,4.0,170.0,170.0,0.0,0.0,800.0,1250.0,50.0,10.0,0.0,0.0,300.0,700.0,1.0,0.0,3.3333333333333335,57.0,8.0,33250.0,4.333333333333333,5.333333333333333,4.333333333333333,0.0,0.0,3.6666666666666665,366.6666666666667,476.6666666666667,0.0,0.0,603.3333333333334,835.0,216.66666666666666,136.66666666666666,0.0,0.0,183.33333333333334,366.6666666666667,1.0,0.0,1.1547005383792517,12.767145334803704,1.0,736.5459931328118,1.1547005383792517,2.309401076758503,2.516611478423583,0.0,0.0,1.5275252316519465,306.648550189518,637.9132647416366,0.0,0.0,266.520793435209,372.3909236273086,175.5942292142123,109.6965511460289,0.0,0.0,104.08329997330664,288.67513459481285,0.0,0.0,4.0,4.0,2.0,0.0,2.0,3.0,1
LRL_2026-01-17_2,23006120,LRL_2026-01-17_2_23006120,,,,,,,,,,,,,,,,,,,,,,,,,,,,,,,,,,,,,,,,,,,,,,,,,,,,,,,,,,,,,,,,,,,,,,,,,,,,,,0.0,0
LRL_2026-01-17_3,23006099,LRL_2026-01-17_3_23006099,7.0,69.0,9.0,50615.0,2.0,1.0,3.0,0.0,0.0,4.0,0.0,110.0,0.0,0.0,550.0,1500.0,150.0,50.0,0.0,0.0,150.0,50.0,1.0,0.0,4.5,73.5,8.5,52807.5,1.5,1.5,2.5,0.0,0.0,2.5,175.0,130.0,0.0,0.0,275.0,837.5,175.0,75.0,0.0,0.0,80.0,200.0,1.0,0.0,3.5355339059327378,6.363961030678928,0.7071067811865476,3100.663235503011,0.7071067811865476,0.7071067811865476,0.7071067811865476,0.0,0.0,2.1213203435596424,247.48737341529164,28.284271247461902,0.0,0.0,388.90872965260115,936.9164850721754,35.35533905932738,35.35533905932738,0.0,0.0,98.99494936611666,212.13203435596427,0.0,0.0,7.0,2.0,,5.0,,2.0,1
LRL_2026-01-17_3,23000688,LRL_2026-01-17_3_23000688,2.0,11.0,5.0,51700.0,5.0,4.0,2.0,0.0,0.0,1.0,900.0,800.0,0.0,0.0,0.0,50.0,250.0,200.0,0.0,0.0,50.0,150.0,1.0,0.0,2.3333333333333335,16.666666666666668,7.333333333333333,50575.0,5.666666666666667,2.6666666666666665,1.6666666666666667,0.0,0.0,1.3333333333333333,366.6666666666667,270.0,0.0,0.0,66.66666666666667,416.6666666666667,116.66666666666667,200.0,0.0,0.0,150.0,358.3333333333333,1.0,0.0,0.5773502691896257,11.590225767142472,2.081665999466133,1145.523897611918,2.081665999466133,1.5275252316519468,0.5773502691896257,0.0,0.0,0.5773502691896258,472.58156262526086,459.02069670114,0.0,0.0,115.47005383792515,317.54264805429415,115.47005383792515,100.0,0.0,0.0,86.60254037844386,180.8544534517559,0.0,0.0,2.0,2.0,3.0,0.0,-1.0,3.0,1
LRL_2026-01-17_3,23014870,LRL_2026-01-17_3_23014870,4.0,415.0,10.0,34000.0,1.0,1.0,1.0,0.0,0.0,1.0,0.0,0.0,0.0,0.0,0.0,150.0,100.0,200.0,0.0,0.0,150.0,150.0,1.0,0.0,4.0,415.0,10.0,34000.0,1.0,1.0,1.0,0.0,0.0,1.0,0.0,0.0,0.0,0.0,0.0,150.0,100.0,200.0,0.0,0.0,150.0,150.0,1.0,0.0,,,,,,,,,,,,,,,,,,,,,,,,,4.0,,,,,1.0,1
LRL_2026-01-17_3,23009535,LRL_2026-01-17_3_23009535,3.0,60.0,7.0,42730.0,2.0,4.0,3.0,0.0,0.0,3.0,460.0,200.0,0.0,0.0,210.0,525.0,200.0,600.0,0.0,0.0,800.0,425.0,1.0,0.0,3.0,60.0,7.0,42730.0,2.0,4.0,3.0,0.0,0.0,3.0,460.0,200.0,0.0,0.0,210.0,525.0,200.0,600.0,0.0,0.0,800.0,425.0,1.0,0.0,,,,,,,,,,,,,,,,,,,,,,,,,3.0,,,,,1.0,1
LRL_2026-01-17_3,23001495,LRL_2026-01-17_3_23001495,2.0,86.0,7.0,45500.0,3.0,3.0,3.0,0.0,0.0,2.0,250.0,450.0,0.0,0.0,400.0,775.0,100.0,200.0,0.0,0.0,150.0,325.0,1.0,0.0,2.0,86.0,7.0,45500.0,3.0,3.0,3.0,0.0,0.0,2.0,250.0,450.0,0.0,0.0,400.0,775.0,100.0,200.0,0.0,0.0,150.0,325.0,1.0,0.0,,,,,,,,,,,,,,,,,,,,,,,,,2.0,,,,,1.0,1
LRL_2026-01-17_3,23013122,LRL_2026-01-17_3_23013122,,,,,,,,,,,,,,,,,,,,,,,,,,,,,,,,,,,,,,,,,,,,,,,,,,,,,,,,,,,,,,,,,,,,,,,,,,,,,,0.0,0
LRL_2026-01-17_3,23006689,LRL_2026-01-17_3_23006689,5.0,74.0,5.0,51700.0,1.0,2.0,4.0,0.0,0.0,5.0,300.0,1050.0,0.0,0.0,1010.0,2125.0,200.0,150.0,0.0,0.0,0.0,0.0,1.0,0.0,5.0,74.0,5.0,51700.0,1.0,2.0,4.0,0.0,0.0,5.0,300.0,1050.0,0.0,0.0,1010.0,2125.0,200.0,150.0,0.0,0.0,0.0,0.0,1.0,0.0,,,,,,,,,,,,,,,,,,,,,,,,,5.0,,,,,1.0,1
LRL_2026-01-17_3,23015077,LRL_2026-01-17_3_23015077,6.0,188.0,8.0,49410.0,2.0,5.0,6.0,0.0,0.0,6.0,550.0,900.0,0.0,0.0,1300.0,2160.0,150.0,200.0,0.0,0.0,400.0,550.0,1.0,0.0,6.0,188.0,8.0,49410.0,2.0,5.0,6.0,0.0,0.0,6.0,550.0,900.0,0.0,0.0,1300.0,2160.0,150.0,200.0,0.0,0.0,400.0,550.0,1.0,0.0,,,,,,,,,,,,,,,,,,,,,,,,,6.0,,,,,1.0,1
LRL_2026-01-17_4,20011797,LRL_2026-01-17_4_20011797,6.0,212.0,11.0,90000.0,6.0,3.0,2.0,2.0,0.0,5.0,60.0,10.0,10.0,0.0,450.0,1025.0,50.0,50.0,250.0,0.0,200.0,150.0,1.0,0.0,4.666666666666667,80.33333333333333,8.0,90000.0,3.3333333333333335,1.6666666666666667,1.3333333333333333,1.3333333333333333,0.0,3.3333333333333335,20.0,3.3333333333333335,3.3333333333333335,0.0,320.0,850.0,100.0,150.0,166.66666666666666,0.0,116.66666666666667,716.6666666666666,1.0,0.0,1.5275252316519465,114.21179156870508,2.6457513110645907,0.0,2.3094010767585034,1.1547005383792517,0.5773502691896257,0.5773502691896257,0.0,1.5275252316519468,34.64101615137755,5.773502691896258,5.773502691896258,0.0,183.5755975068582,152.0690632574555,86.60254037844386,100.0,76.37626158259734,0.0,76.37626158259734,959.9262124420468,0.0,0.0,6.0,3.0,5.0,3.0,-2.0,3.0,1
LRL_2026-01-17_4,22008084,LRL_2026-01-17_4_22008084,7.0,303.0,7.0,125000.0,4.0,4.0,4.0,4.0,0.0,7.0,260.0,560.0,250.0,0.0,340.0,855.0,50.0,200.0,150.0,0.0,0.0,0.0,1.0,0.0,5.0,282.0,7.333333333333333,398931.6666666667,4.0,5.333333333333333,5.333333333333333,4.333333333333333,0.0,5.0,346.6666666666667,530.0,436.6666666666667,0.0,466.6666666666667,810.0,266.6666666666667,216.66666666666666,86.66666666666667,0.0,20.0,116.66666666666667,1.0,0.3333333333333333,2.6457513110645907,252.15669731339676,0.5773502691896258,536861.1426694368,1.0,1.1547005383792517,1.1547005383792517,2.5166114784235836,0.0,2.6457513110645907,102.63202878893769,26.457513110645905,281.1286775363434,0.0,395.5165398985652,563.848383876375,189.29694486000912,125.83057392117915,70.94598884597588,0.0,26.457513110645905,180.8544534517559,0.0,0.5773502691896258,7.0,2.0,6.0,5.0,-4.0,3.0,1
LRL_2026-01-17_4,20002596,LRL_2026-01-17_4_20002596,5.0,167.0,8.0,54000.0,5.0,7.0,8.0,8.0,0.0,7.0,460.0,1010.0,1000.0,0.0,1110.0,700.0,10.0,0.0,0.0,0.0,500.0,175.0,1.0,0.0,3.3333333333333335,136.66666666666666,9.333333333333334,143000.0,4.0,8.0,8.333333333333334,7.666666666666667,0.0,5.666666666666667,890.0,1210.0,763.3333333333334,0.0,1056.6666666666667,925.0,203.33333333333334,300.0,20.0,0.0,186.66666666666666,291.6666666666667,1.0,0.0,1.5275252316519468,30.501366089625122,1.1547005383792515,136370.81799270693,1.7320508075688772,1.0,0.5773502691896255,0.5773502691896257,0.0,1.5275252316519465,386.91084244306205,173.20508075688772,235.01772982763097,0.0,137.9613472438325,525.0,195.021366350801,435.88989435406734,26.457513110645905,0.0,272.0906711619002,142.15601757693318,0.0,0.0,5.0,2.0,3.0,3.0,-1.0,3.0,1
LRL_2026-01-17_4,22009964,LRL_2026-01-17_4_22009964,7.0,57.0,9.0,100000.0,2.0,9.0,9.0,0.0,0.0,9.0,1700.0,1720.0,0.0,0.0,1010.0,525.0,0.0,0.0,0.0,0.0,0.0,200.0,1.0,0.0,3.0,38.333333333333336,8.666666666666666,83333.33333333333,3.0,6.0,6.0,0.0,0.0,4.333333333333333,776.6666666666666,776.6666666666666,0.0,0.0,373.3333333333333,175.0,116.66666666666667,250.0,0.0,0.0,66.66666666666667,83.33333333333333,1.0,0.0,3.4641016151377544,19.008769905844336,1.5275252316519465,14433.756729740644,1.0,2.6457513110645907,2.6457513110645907,0.0,0.0,4.163331998932265,806.4944719794013,818.1890572070329,0.0,0.0,554.1058863911602,303.10889132455355,160.7275126832159,390.51248379533274,0.0,0.0,57.735026918962575,101.03629710818451,0.0,0.0,7.0,1.0,1.0,6.0,0.0,3.0,1
LRL_2026-01-17_4,19012229,LRL_2026-01-17_4_19012229,3.0,59.0,7.0,54295.0,5.0,2.0,2.0,3.0,0.0,4.0,150.0,300.0,400.0,0.0,210.0,250.0,50.0,50.0,100.0,0.0,300.0,400.0,1.0,1.0,3.3333333333333335,91.66666666666667,6.333333333333333,51961.666666666664,2.3333333333333335,2.0,2.3333333333333335,3.0,0.0,3.3333333333333335,116.66666666666667,186.66666666666666,320.0,0.0,256.6666666666667,400.0,50.0,36.666666666666664,70.0,0.0,183.33333333333334,195.0,1.0,0.6666666666666666,1.5275252316519465,33.005050118630834,0.5773502691896257,4299.460237440663,2.3094010767585034,1.0,0.5773502691896257,1.0,0.0,1.1547005383792515,104.08329997330664,126.62279942148386,72.11102550927978,0.0,45.09249752822894,150.0,0.0,23.09401076758503,51.96152422706632,0.0,125.83057392117915,195.76771950451894,0.0,0.5773502691896258,3.0,2.0,5.0,1.0,-3.0,3.0,1
LRL_2026-01-17_4,21008850,LRL_2026-01-17_4_21008850,1.0,32.0,6.0,48000.0,2.0,4.0,5.0,5.0,0.0,1.0,250.0,500.0,310.0,0.0,0.0,0.0,10.0,150.0,500.0,0.0,150.0,400.0,1.0,0.0,1.3333333333333333,75.66666666666667,6.333333333333333,54666.666666666664,4.0,5.666666666666667,6.0,4.333333333333333,0.0,2.3333333333333335,540.0,523.3333333333334,260.0,0.0,156.66666666666666,183.33333333333334,3.3333333333333335,50.0,216.66666666666666,0.0,166.66666666666666,176.66666666666666,1.0,0.3333333333333333,0.5773502691896258,78.24534064935327,2.516611478423583,15143.755588800728,2.6457513110645907,2.886751345948129,2.6457513110645907,1.1547005383792515,0.0,1.1547005383792515,311.92947920964446,87.36894948054106,45.8257569495584,0.0,221.43471573656495,317.54264805429415,5.773502691896258,86.60254037844386,246.64414311581237,0.0,76.37626158259734,202.5051439675875,0.0,0.5773502691896258,1.0,1.0,2.0,0.0,-1.0,3.0,1
LRL_2026-01-17_4,22009085,LRL_2026-01-17_4_22009085,3.0,68.0,8.0,54000.0,4.0,8.0,7.0,7.0,0.0,5.0,470.0,610.0,600.0,0.0,560.0,625.0,0.0,400.0,400.0,0.0,100.0,50.0,1.0,0.0,4.0,134.33333333333334,7.333333333333333,102333.33333333333,4.666666666666667,7.0,6.666666666666667,6.333333333333333,0.0,5.0,650.0,650.0,540.0,0.0,673.3333333333334,1141.6666666666667,200.0,400.0,600.0,0.0,103.33333333333333,250.0,1.0,0.6666666666666666,2.6457513110645907,101.35252011338116,1.1547005383792517,84583.29228242025,3.055050463303893,1.7320508075688772,1.5275252316519465,1.1547005383792517,0.0,2.0,320.4684071792413,36.05551275463989,149.33184523068078,0.0,102.63202878893767,670.9756577800221,346.41016151377545,400.0,529.1502622129182,0.0,95.04384952922169,346.41016151377545,0.0,0.5773502691896258,3.0,2.0,7.0,1.0,-5.0,3.0,1
LRL_2026-01-17_5,21012359,LRL_2026-01-17_5_21012359,3.0,93.0,8.0,25740.0,1.0,8.0,6.0,2.0,0.0,2.0,530.0,370.0,250.0,0.0,400.0,450.0,0.0,50.0,10.0,0.0,10.0,125.0,1.0,1.0,5.666666666666667,134.66666666666666,8.666666666666666,30146.666666666668,4.333333333333333,4.666666666666667,3.6666666666666665,3.0,0.0,4.0,280.0,256.6666666666667,203.33333333333334,0.0,353.3333333333333,461.6666666666667,36.666666666666664,23.333333333333332,23.333333333333332,0.0,70.0,100.0,0.3333333333333333,0.3333333333333333,3.0550504633038935,68.73378596682518,1.1547005383792515,11031.161921272542,3.5118845842842465,2.886751345948129,2.0816659994661326,1.0,0.0,2.0,221.13344387495982,110.15141094572205,45.09249752822894,0.0,136.13718571108092,142.85773809399802,55.075705472861024,23.094010767585033,23.09401076758503,0.0,51.96152422706632,90.13878188659973,0.5773502691896258,0.5773502691896258,3.0,9.0,5.0,-6.0,4.0,3.0,1
LRL_2026-01-17_5,22004135,LRL_2026-01-17_5_22004135,7.0,352.0,9.0,43500.0,1.0,6.0,7.0,0.0,0.0,7.0,520.0,680.0,0.0,0.0,470.0,505.0,150.0,10.0,0.0,0.0,200.0,25.0,1.0,0.0,4.666666666666667,164.0,10.0,54833.333333333336,4.666666666666667,3.3333333333333335,3.6666666666666665,1.0,0.0,4.333333333333333,240.0,293.3333333333333,83.33333333333333,0.0,360.0,635.0,86.66666666666667,53.333333333333336,133.33333333333334,0.0,183.33333333333334,83.33333333333333,1.0,0.3333333333333333,2.5166114784235836,163.80476183554617,1.7320508075688772,10128.34306949233,6.3508529610858835,2.3094010767585034,2.886751345948129,1.0,0.0,3.055050463303893,247.58836806279893,338.57544703261243,144.33756729740642,0.0,319.53090617340916,512.5182923564778,70.94598884597588,45.09249752822895,115.47005383792515,0.0,125.83057392117915,101.0362971081845,0.0,0.5773502691896258,7.0,5.0,2.0,2.0,3.0,3.0,1
LRL_2026-01-17_5,21007178,LRL_2026-01-17_5_21007178,2.0,44.0,6.0,30450.0,1.0,1.0,1.0,0.0,0.0,3.0,0.0,0.0,0.0,0.0,300.0,825.0,10.0,10.0,0.0,0.0,300.0,100.0,1.0,0.0,2.6666666666666665,71.33333333333333,7.0,30483.333333333332,3.6666666666666665,3.0,2.6666666666666665,0.6666666666666666,0.0,3.6666666666666665,80.0,173.33333333333334,33.333333333333336,0.0,343.3333333333333,566.6666666666666,36.666666666666664,6.666666666666667,33.333333333333336,0.0,383.3333333333333,158.33333333333334,1.0,0.3333333333333333,0.5773502691896258,60.797478017869565,2.6457513110645907,2500.166661111481,3.0550504633038935,2.0,2.0816659994661326,1.1547005383792517,0.0,0.5773502691896258,70.0,186.10033136277144,57.735026918962575,0.0,257.7466456296441,308.5584763595603,55.075705472861024,5.773502691896257,57.735026918962575,0.0,284.31203515386636,52.04164998665332,0.0,0.5773502691896258,2.0,3.0,3.0,-1.0,0.0,3.0,1
LRL_2026-01-17_5,21000940,LRL_2026-01-17_5_21000940,4.0,120.0,6.0,30450.0,2.0,3.0,4.0,0.0,0.0,4.0,60.0,260.0,0.0,0.0,600.0,1125.0,50.0,100.0,0.0,0.0,250.0,275.0,1.0,0.0,5.666666666666667,210.0,7.333333333333333,33116.666666666664,4.333333333333333,3.6666666666666665,4.333333333333333,0.6666666666666666,0.0,5.666666666666667,323.3333333333333,363.3333333333333,166.66666666666666,0.0,740.0,1000.0,236.66666666666666,300.0,3.3333333333333335,0.0,350.0,400.0,0.6666666666666666,0.3333333333333333,2.0816659994661326,180.67650649710936,2.3094010767585034,2781.3366091383714,3.2145502536643185,1.1547005383792517,1.5275252316519468,1.1547005383792517,0.0,2.0816659994661326,306.648550189518,178.978583448784,288.67513459481285,0.0,121.6552506059644,499.3746088859545,358.5154575933001,346.41016151377545,5.773502691896258,0.0,217.94494717703367,238.4848003542364,0.5773502691896258,0.5773502691896258,4.0,5.0,8.0,-1.0,-3.0,3.0,1
LRL_2026-01-17_5,22015126,LRL_2026-01-17_5_22015126,5.0,97.0,9.0,28760.0,5.0,6.0,6.0,0.0,0.0,7.0,910.0,560.0,0.0,0.0,510.0,380.0,10.0,250.0,0.0,0.0,50.0,200.0,1.0,0.0,4.0,63.333333333333336,7.666666666666667,26293.333333333332,3.0,6.0,6.333333333333333,2.6666666666666665,0.0,5.333333333333333,643.3333333333334,466.6666666666667,340.0,0.0,640.0,551.6666666666666,10.0,216.66666666666666,0.0,0.0,103.33333333333333,458.3333333333333,1.0,0.3333333333333333,2.6457513110645907,40.771722226726375,1.5275252316519468,2241.814741082173,1.7320508075688772,1.0,1.5275252316519465,4.618802153517007,0.0,2.8867513459481287,231.15651263447745,215.71586249817915,588.8972745734183,0.0,615.3860576906175,654.605479150101,0.0,202.072594216369,0.0,0.0,128.58201014657274,469.26360751003625,0.0,0.5773502691896258,5.0,6.0,1.0,-1.0,5.0,3.0,1
LRL_2026-01-17_5,22003364,LRL_2026-01-17_5_22003364,2.0,48.0,6.0,21000.0,2.0,6.0,6.0,0.0,0.0,4.0,520.0,320.0,0.0,0.0,310.0,200.0,0.0,0.0,0.0,0.0,50.0,50.0,1.0,0.0,2.0,34.666666666666664,6.666666666666667,20666.666666666668,2.3333333333333335,4.333333333333333,4.0,1.0,0.0,2.6666666666666665,323.3333333333333,196.66666666666666,66.66666666666667,0.0,186.66666666666666,183.33333333333334,53.333333333333336,36.666666666666664,66.66666666666667,0.0,150.0,183.33333333333334,1.0,0.3333333333333333,1.0,12.220201853215572,1.1547005383792515,577.3502691896263,0.5773502691896257,1.5275252316519465,1.7320508075688772,1.7320508075688772,0.0,1.5275252316519465,186.10033136277144,156.9500982265807,115.47005383792515,0.0,164.41816606851367,175.5942292142123,83.86497083606082,55.07570547286102,115.47005383792515,0.0,100.0,137.68926368215256,0.0,0.5773502691896258,2.0,3.0,1.0,-1.0,2.0,3.0,1
LRL_2026-01-17_5,22009607,LRL_2026-01-17_5_22009607,1.0,11.0,6.0,30900.0,2.0,5.0,5.0,1.0,0.0,1.0,470.0,500.0,0.0,0.0,0.0,0.0,300.0,200.0,100.0,0.0,350.0,525.0,1.0,0.0,2.0,38.333333333333336,7.666666666666667,32483.333333333332,5.0,6.0,6.0,4.0,0.0,1.6666666666666667,876.6666666666666,936.6666666666666,280.0,0.0,183.33333333333334,233.33333333333334,116.66666666666667,100.0,66.66666666666667,0.0,136.66666666666666,283.3333333333333,0.3333333333333333,0.3333333333333333,1.0,33.005050118630834,1.5275252316519465,1906.7861267938088,3.605551275463989,2.6457513110645907,2.6457513110645907,3.0,0.0,0.5773502691896257,555.8177159225255,378.1974792794544,249.79991993593592,0.0,160.7275126832159,203.61319538117695,160.7275126832159,100.0,28.867513459481287,0.0,185.8314648635514,209.66242709015205,0.5773502691896258,0.5773502691896258,1.0,2.0,3.0,-1.0,-1.0,3.0,1
LRL_2026-01-17_5,22002976,LRL_2026-01-17_5_22002976,4.0,13.0,6.0,21000.0,3.0,4.0,3.0,0.0,0.0,3.0,320.0,110.0,0.0,0.0,260.0,700.0,150.0,100.0,0.0,0.0,50.0,125.0,1.0,0.0,2.6666666666666665,12.333333333333334,6.333333333333333,27000.0,4.333333333333333,3.0,2.3333333333333335,0.6666666666666666,0.0,2.3333333333333335,173.33333333333334,103.33333333333333,33.333333333333336,0.0,170.0,350.0,83.33333333333333,83.33333333333333,33.333333333333336,0.0,133.33333333333334,125.0,1.0,0.3333333333333333,1.1547005383792515,3.0550504633038935,0.5773502691896258,10392.304845413264,2.3094010767585034,1.0,0.5773502691896258,1.1547005383792517,0.0,0.5773502691896258,136.50396819628847,50.33222956847166,57.735026918962575,0.0,108.16653826391968,304.138126514911,57.735026918962575,28.867513459481287,57.735026918962575,0.0,76.37626158259734,75.0,0.0,0.5773502691896258,4.0,2.0,2.0,2.0,0.0,3.0,1
LRL_2026-01-17_5,22014975,LRL_2026-01-17_5_22014975,3.0,77.0,5.0,24000.0,2.0,5.0,5.0,4.0,0.0,3.0,750.0,660.0,750.0,0.0,700.0,1250.0,0.0,0.0,250.0,0.0,50.0,375.0,1.0,0.0,1.6666666666666667,36.666666666666664,6.333333333333333,22666.666666666668,3.3333333333333335,6.333333333333333,6.0,3.3333333333333335,0.0,1.6666666666666667,833.3333333333334,670.0,403.3333333333333,0.0,233.33333333333334,416.6666666666667,0.0,3.3333333333333335,120.0,0.0,150.0,550.0,1.0,0.6666666666666666,1.1547005383792517,34.961884007206095,1.5275252316519468,2309.4010767585028,3.2145502536643185,1.5275252316519468,1.0,0.5773502691896258,0.0,1.1547005383792517,170.9775813764288,155.24174696260025,300.88757590391356,0.0,404.14518843273805,721.6878364870322,0.0,5.773502691896257,121.2435565298214,0.0,132.28756555322954,156.12494995995996,0.0,0.5773502691896258,3.0,1.0,1.0,2.0,0.0,3.0,1
LRL_2026-01-17_5,22004645,LRL_2026-01-17_5_22004645,4.0,121.0,9.0,28760.0,7.0,9.0,8.0,0.0,0.0,6.0,1030.0,960.0,0.0,0.0,460.0,255.0,0.0,50.0,0.0,0.0,50.0,125.0,1.0,0.0,3.3333333333333335,95.66666666666667,8.0,29220.0,5.666666666666667,7.333333333333333,7.0,2.0,0.0,4.666666666666667,653.3333333333334,763.3333333333334,220.0,0.0,453.3333333333333,288.3333333333333,116.66666666666667,250.0,133.33333333333334,0.0,400.0,241.66666666666666,1.0,0.3333333333333333,2.0816659994661326,30.369941279714936,1.0,1600.3749560649842,2.3094010767585034,1.5275252316519465,1.0,3.4641016151377544,0.0,2.309401076758503,356.97805721547275,384.75100173142283,381.051177665153,0.0,250.06665778014735,306.3630743633007,104.08329997330664,304.138126514911,230.9401076758503,0.0,522.0153254455275,292.97326385411577,0.0,0.5773502691896258,4.0,1.0,5.0,3.0,-4.0,3.0,1
LRL_2026-01-17_6,21005073,LRL_2026-01-17_6_21005073,4.0,80.0,8.0,55590.0,6.0,5.0,5.0,3.0,0.0,3.0,450.0,410.0,160.0,0.0,350.0,285.0,200.0,150.0,150.0,0.0,200.0,150.0,1.0,1.0,5.0,72.0,7.0,71915.0,5.0,4.0,4.333333333333333,3.6666666666666665,0.0,3.6666666666666665,320.0,280.0,243.33333333333334,0.0,310.0,528.3333333333334,183.33333333333334,150.0,116.66666666666667,0.0,103.33333333333333,183.33333333333334,1.0,0.3333333333333333,1.7320508075688772,14.730919862656235,1.0,24429.187972587217,1.0,1.0,1.1547005383792517,2.0816659994661326,0.0,2.0816659994661326,183.5755975068582,225.16660498395404,284.31203515386636,0.0,242.4871130596428,223.6813209307682,125.83057392117915,100.0,57.735026918962575,0.0,95.04384952922169,202.072594216369,0.0,0.5773502691896258,4.0,4.0,7.0,0.0,-3.0,3.0,1
LRL_2026-01-17_6,20016031,LRL_2026-01-17_6_20016031,1.0,34.0,4.0,57505.0,3.0,3.0,2.0,1.0,0.0,1.0,200.0,50.0,0.0,0.0,0.0,0.0,550.0,50.0,200.0,0.0,300.0,200.0,1.0,0.0,3.0,92.66666666666667,6.666666666666667,57286.666666666664,1.6666666666666667,4.333333333333333,4.0,3.3333333333333335,0.0,3.0,540.0,403.3333333333333,310.0,0.0,420.0,608.3333333333334,216.66666666666666,20.0,150.0,0.0,200.0,116.66666666666667,1.0,0.3333333333333333,1.7320508075688772,85.68741642349437,2.516611478423583,3088.2937576165464,1.1547005383792517,4.163331998932265,4.358898943540674,3.2145502536643185,0.0,2.0,768.6351540230254,655.7692683660415,528.2991576748916,0.0,594.3063183241451,701.0408927682702,292.97326385411577,26.457513110645905,50.0,0.0,86.60254037844386,76.37626158259734,0.0,0.5773502691896258,1.0,4.0,4.0,-3.0,0.0,3.0,1
LRL_2026-01-17_6,21013325,LRL_2026-01-17_6_21013325,2.0,13.0,7.0,75000.0,3.0,7.0,6.0,4.0,0.0,4.0,620.0,750.0,410.0,0.0,220.0,200.0,0.0,250.0,10.0,0.0,50.0,175.0,1.0,1.0,1.6666666666666667,23.333333333333332,7.333333333333333,60821.666666666664,3.0,6.666666666666667,6.0,4.0,0.0,3.0,743.3333333333334,723.3333333333334,423.3333333333333,0.0,356.6666666666667,200.0,33.333333333333336,100.0,90.0,0.0,116.66666666666667,116.66666666666667,1.0,1.0,0.5773502691896257,21.455380055672126,0.5773502691896257,13426.87261924136,2.0,1.5275252316519468,2.0,2.0,0.0,1.0,418.8476254359494,400.6661120351125,180.36999011291576,0.0,140.118997046558,200.0,57.735026918962575,132.28756555322954,138.5640646055102,0.0,115.47005383792515,80.36375634160795,0.0,0.0,2.0,1.0,2.0,1.0,-1.0,3.0,1
LRL_2026-01-17_6,20016233,LRL_2026-01-17_6_20016233,5.0,30.0,6.0,60155.0,6.0,1.0,2.0,3.0,0.0,3.0,0.0,10.0,60.0,0.0,60.0,975.0,100.0,10.0,300.0,0.0,10.0,125.0,1.0,0.0,5.0,69.0,8.666666666666666,72723.33333333333,3.6666666666666665,5.0,6.0,1.0,0.0,5.0,360.0,580.0,20.0,0.0,586.6666666666666,960.0,250.0,136.66666666666666,100.0,0.0,53.333333333333336,103.33333333333333,1.0,0.0,0.0,73.69531871157082,3.055050463303893,25465.815485339033,2.5166114784235836,5.291502622129181,4.58257569495584,1.7320508075688772,0.0,2.0,531.13086899558,638.5138996137829,34.64101615137755,0.0,466.9403959107986,277.803887661782,217.94494717703367,120.55427546683417,173.20508075688772,0.0,45.09249752822895,84.60693430998037,0.0,0.0,5.0,5.0,5.0,0.0,0.0,3.0,1
LRL_2026-01-17_6,22018757,LRL_2026-01-17_6_22018757,2.0,479.0,9.0,100000.0,3.0,1.0,1.0,1.0,0.0,1.0,0.0,0.0,0.0,0.0,0.0,25.0,100.0,250.0,250.0,0.0,10.0,250.0,1.0,0.0,4.666666666666667,398.0,8.333333333333334,166666.66666666666,4.0,4.333333333333333,4.333333333333333,2.3333333333333335,0.0,4.0,226.66666666666666,383.3333333333333,90.0,0.0,466.6666666666667,761.6666666666666,100.0,90.0,86.66666666666667,0.0,6.666666666666667,116.66666666666667,1.0,0.0,2.516611478423583,222.82953125651906,1.1547005383792515,115470.05383792515,2.6457513110645907,3.0550504633038935,2.886751345948129,3.2145502536643185,0.0,3.0,259.67928938083094,478.78317987721056,155.88457268119896,0.0,604.8415770541352,907.2118458956173,100.0,138.5640646055102,141.53915830374763,0.0,5.773502691896258,125.83057392117917,0.0,0.0,2.0,7.0,5.0,-5.0,2.0,3.0,1
LRL_2026-01-17_6,21006052,LRL_2026-01-17_6_21006052,1.0,8.0,8.0,100000.0,3.0,3.0,5.0,0.0,0.0,2.0,200.0,220.0,0.0,0.0,50.0,0.0,50.0,200.0,0.0,0.0,10.0,100.0,1.0,0.0,1.3333333333333333,12.0,5.666666666666667,100000.0,2.3333333333333335,2.0,2.6666666666666665,0.3333333333333333,0.0,1.3333333333333333,133.33333333333334,156.66666666666666,0.0,0.0,16.666666666666668,3.3333333333333335,36.666666666666664,103.33333333333333,3.3333333333333335,0.0,10.0,276.6666666666667,1.0,0.0,0.5773502691896257,6.928203230275509,2.081665999466133,0.0,0.5773502691896258,1.0,2.0816659994661326,0.5773502691896258,0.0,0.5773502691896257,115.47005383792515,136.50396819628847,0.0,0.0,28.867513459481287,5.773502691896258,23.094010767585033,95.04384952922169,5.773502691896257,0.0,0.0,391.1627964586271,0.0,0.0,1.0,2.0,1.0,-1.0,1.0,3.0,1
LRL_2026-01-17_6,21007729,LRL_2026-01-17_6_21007729,6.0,115.0,8.0,55590.0,7.0,4.0,4.0,4.0,0.0,6.0,200.0,310.0,310.0,0.0,760.0,785.0,250.0,100.0,10.0,0.0,300.0,375.0,1.0,1.0,8.0,370.0,9.0,71933.33333333333,6.666666666666667,5.333333333333333,6.0,1.3333333333333333,0.0,7.666666666666667,363.3333333333333,743.3333333333334,103.33333333333333,0.0,1003.3333333333334,1636.6666666666667,200.0,120.0,3.3333333333333335,0.0,166.66666666666666,250.0,1.0,0.3333333333333333,3.4641016151377544,423.6165719138004,2.6457513110645907,26096.628773336477,2.5166114784235836,1.1547005383792517,2.0,2.3094010767585034,0.0,2.081665999466133,142.24392195567913,388.3726732577015,178.978583448784,0.0,212.21058723196006,1008.2947651026129,86.60254037844386,121.2435565298214,5.773502691896258,0.0,152.75252316519467,216.50635094610965,0.0,0.5773502691896258,6.0,12.0,6.0,-6.0,6.0,3.0,1
LRL_2026-01-17_7,21010815,LRL_2026-01-17_7_21010815,5.0,17.0,5.0,100000.0,4.0,1.0,1.0,0.0,0.0,5.0,0.0,0.0,0.0,0.0,800.0,1850.0,50.0,10.0,0.0,0.0,0.0,0.0,1.0,0.0,3.0,36.666666666666664,6.0,112666.66666666667,5.333333333333333,1.0,1.0,0.3333333333333333,0.0,2.3333333333333335,0.0,0.0,0.0,0.0,266.6666666666667,700.0,200.0,120.0,100.0,0.0,150.0,291.6666666666667,1.0,0.0,2.0,41.18656738954259,1.0,32883.63321370273,1.5275252316519465,0.0,0.0,0.5773502691896258,0.0,2.3094010767585034,0.0,0.0,0.0,0.0,461.8802153517006,1003.7429949942366,217.94494717703367,98.48857801796105,173.20508075688772,0.0,217.94494717703367,267.31691553909064,0.0,0.0,5.0,1.0,3.0,4.0,-2.0,3.0,1
LRL_2026-01-17_7,22013479,LRL_2026-01-17_7_22013479,1.0,20.0,6.0,57770.0,3.0,5.0,2.0,0.0,0.0,2.0,370.0,200.0,0.0,0.0,200.0,0.0,450.0,50.0,0.0,0.0,10.0,50.0,1.0,0.0,2.3333333333333335,98.66666666666667,6.666666666666667,85923.33333333333,3.3333333333333335,6.0,4.666666666666667,0.0,0.0,3.3333333333333335,693.3333333333334,443.3333333333333,0.0,0.0,386.6666666666667,333.3333333333333,266.6666666666667,300.0,0.0,0.0,170.0,200.0,1.0,0.0,1.1547005383792515,69.00966115938647,2.0816659994661326,24381.501867877898,1.5275252316519465,1.7320508075688772,3.055050463303893,0.0,0.0,1.5275252316519465,568.7119950672162,501.43128475727696,0.0,0.0,176.16280348965083,513.7687547266117,236.29078131263043,350.0,0.0,0.0,170.88007490635061,238.4848003542364,0.0,0.0,1.0,3.0,3.0,-2.0,0.0,3.0,1
LRL_2026-01-17_7,21007291,LRL_2026-01-17_7_21007291,2.0,7.0,5.0,100000.0,1.0,3.0,5.0,0.0,0.0,2.0,200.0,260.0,0.0,0.0,250.0,300.0,10.0,0.0,0.0,0.0,300.0,625.0,1.0,0.0,2.0,15.666666666666666,6.333333333333333,191666.66666666666,3.3333333333333335,2.3333333333333335,3.3333333333333335,0.6666666666666666,0.0,1.6666666666666667,103.33333333333333,110.0,3.3333333333333335,0.0,86.66666666666667,125.0,36.666666666666664,83.33333333333333,50.0,0.0,283.3333333333333,508.3333333333333,1.0,0.3333333333333333,0.0,8.082903768654761,1.1547005383792517,101036.29710818452,3.2145502536643185,1.1547005383792515,1.5275252316519468,1.1547005383792517,0.0,0.5773502691896258,100.16652800877813,132.28756555322954,5.773502691896258,0.0,141.53915830374763,152.0690632574555,23.094010767585033,76.37626158259734,86.60254037844386,0.0,125.83057392117915,224.07216099581257,0.0,0.5773502691896258,2.0,2.0,2.0,0.0,0.0,3.0,1
LRL_2026-01-17_7,21013111,LRL_2026-01-17_7_21013111,4.0,96.0,4.0,56000.0,4.0,3.0,4.0,4.0,0.0,4.0,460.0,350.0,360.0,0.0,660.0,1125.0,10.0,0.0,0.0,0.0,0.0,0.0,1.0,1.0,5.333333333333333,266.3333333333333,5.666666666666667,71000.0,4.0,4.0,4.0,4.0,0.0,5.333333333333333,390.0,256.6666666666667,413.3333333333333,0.0,923.3333333333334,1268.3333333333333,56.666666666666664,20.0,0.0,0.0,33.333333333333336,150.0,1.0,0.6666666666666666,2.3094010767585034,161.80955884413422,2.0816659994661326,25119.71337416094,1.0,1.0,1.0,4.0,0.0,2.3094010767585034,157.1623364550171,170.39170558842744,442.41760061432154,0.0,421.93996413391955,137.8707123842237,80.82903768654761,26.457513110645905,0.0,0.0,57.735026918962575,259.8076211353316,0.0,0.5773502691896258,4.0,4.0,8.0,0.0,-4.0,3.0,1
LRL_2026-01-17_7,21012937,LRL_2026-01-17_7_21012937,5.0,165.0,5.0,100000.0,4.0,2.0,2.0,2.0,0.0,5.0,100.0,100.0,100.0,0.0,750.0,1975.0,100.0,300.0,100.0,0.0,0.0,0.0,1.0,0.0,4.666666666666667,146.0,5.666666666666667,85333.33333333333,2.6666666666666665,2.0,2.0,2.0,0.0,4.0,166.66666666666666,100.0,83.33333333333333,0.0,356.6666666666667,993.3333333333334,166.66666666666666,216.66666666666666,133.33333333333334,0.0,150.0,300.0,0.6666666666666666,0.0,1.5275252316519465,100.85137579626765,0.5773502691896257,25403.411844343533,1.5275252316519468,1.0,1.0,1.0,0.0,1.7320508075688772,208.16659994661327,100.0,76.37626158259734,0.0,357.95716689756796,851.4742117840876,57.735026918962575,104.08329997330664,104.08329997330664,0.0,150.0,519.6152422706632,0.5773502691896258,0.0,5.0,3.0,6.0,2.0,-3.0,3.0,1
LRL_2026-01-17_7,22013314,LRL_2026-01-17_7_22013314,1.0,14.0,8.0,54410.0,7.0,5.0,3.0,3.0,0.0,1.0,1000.0,1000.0,400.0,0.0,0.0,0.0,200.0,50.0,500.0,0.0,150.0,725.0,1.0,0.0,2.0,29.0,7.0,50803.333333333336,4.0,5.0,3.3333333333333335,3.0,0.0,2.3333333333333335,690.0,650.0,303.3333333333333,0.0,153.33333333333334,116.66666666666667,150.0,116.66666666666667,200.0,0.0,200.0,475.0,0.6666666666666666,0.3333333333333333,1.7320508075688772,13.228756555322953,1.7320508075688772,3279.6392077991345,2.6457513110645907,1.0,1.5275252316519465,2.0,0.0,2.3094010767585034,384.3175770115127,409.2676385936225,268.3902631120089,0.0,265.5811238272278,202.072594216369,50.0,76.37626158259734,259.8076211353316,0.0,86.60254037844386,350.0,0.5773502691896258,0.5773502691896258,1.0,1.0,4.0,0.0,-3.0,3.0,1
LRL_2026-01-17_7,22004733,LRL_2026-01-17_7_22004733,4.0,67.0,7.0,44100.0,3.0,5.0,6.0,5.0,0.0,3.0,550.0,850.0,510.0,0.0,550.0,425.0,200.0,550.0,10.0,0.0,150.0,50.0,1.0,1.0,3.6666666666666665,86.66666666666667,5.666666666666667,41366.666666666664,3.6666666666666665,3.6666666666666665,5.0,4.0,0.0,3.6666666666666665,366.6666666666667,553.3333333333334,436.6666666666667,0.0,753.3333333333334,941.6666666666666,266.6666666666667,250.0,120.0,0.0,216.66666666666666,241.66666666666666,1.0,1.0,0.5773502691896257,26.652079343520896,1.1547005383792517,8342.861219829401,0.5773502691896258,1.5275252316519468,1.0,1.0,0.0,0.5773502691896258,202.07259421636903,262.7419519858474,118.46237095944574,0.0,181.75074506954113,453.6885862938733,208.16659994661327,278.3882181415011,98.48857801796105,0.0,160.7275126832159,232.28933107943925,0.0,0.0,4.0,4.0,3.0,0.0,1.0,3.0,1
LRL_2026-01-17_8,19014459,LRL_2026-01-17_8_19014459,4.0,30.0,6.0,100000.0,5.0,6.0,6.0,0.0,0.0,4.0,760.0,750.0,0.0,0.0,750.0,650.0,0.0,0.0,0.0,0.0,300.0,250.0,1.0,1.0,3.0,75.0,5.666666666666667,108333.33333333333,4.333333333333333,3.0,3.0,0.0,0.0,2.6666666666666665,286.6666666666667,253.33333333333334,0.0,0.0,303.3333333333333,391.6666666666667,100.0,83.33333333333333,0.0,0.0,266.6666666666667,208.33333333333334,1.0,1.0,1.7320508075688772,91.2414379544733,0.5773502691896258,14433.756729740644,0.5773502691896257,2.6457513110645907,2.6457513110645907,0.0,0.0,1.5275252316519465,412.9568177586288,430.15501081974315,0.0,0.0,395.01054838236075,344.90336810958127,132.28756555322954,76.37626158259734,0.0,0.0,57.735026918962575,94.64847243000456,0.0,0.0,4.0,4.0,1.0,0.0,3.0,3.0,1
LRL_2026-01-17_8,21012694,LRL_2026-01-17_8_21012694,1.0,28.0,8.0,59565.0,8.0,1.0,1.0,0.0,0.0,1.0,0.0,0.0,0.0,0.0,0.0,0.0,250.0,150.0,0.0,0.0,10.0,300.0,1.0,0.0,2.6666666666666665,49.666666666666664,6.666666666666667,50188.333333333336,5.666666666666667,2.6666666666666665,2.6666666666666665,0.0,0.0,2.3333333333333335,120.0,90.0,0.0,0.0,73.33333333333333,178.33333333333334,220.0,266.6666666666667,0.0,0.0,103.33333333333333,141.66666666666666,1.0,0.0,2.886751345948129,27.79088579612628,1.5275252316519468,8257.808930541645,2.081665999466133,2.886751345948129,2.886751345948129,0.0,0.0,2.3094010767585034,207.84609690826528,155.88457268119896,0.0,0.0,127.01705922171767,308.8823940164498,196.72315572906,104.08329997330664,0.0,0.0,95.04384952922167,137.68926368215256,0.0,0.0,1.0,6.0,1.0,-5.0,5.0,3.0,1
LRL_2026-01-17_8,22010227,LRL_2026-01-17_8_22010227,1.0,6.0,7.0,57340.0,6.0,4.0,1.0,0.0,0.0,1.0,250.0,0.0,0.0,0.0,0.0,0.0,200.0,100.0,0.0,0.0,200.0,125.0,1.0,1.0,1.6666666666666667,9.666666666666666,5.666666666666667,73780.0,4.0,4.666666666666667,2.0,0.0,0.0,2.0,326.6666666666667,150.0,0.0,0.0,53.333333333333336,91.66666666666667,66.66666666666667,70.0,0.0,0.0,83.33333333333333,116.66666666666667,1.0,0.3333333333333333,1.1547005383792517,7.234178138070234,1.5275252316519465,16331.111413495408,1.7320508075688772,1.1547005383792515,1.0,0.0,0.0,1.7320508075688772,132.7905619136139,132.28756555322954,0.0,0.0,92.37604307034013,158.77132402714707,115.47005383792515,51.96152422706632,0.0,0.0,104.08329997330664,38.18813079129867,0.0,0.5773502691896258,1.0,3.0,1.0,-2.0,2.0,3.0,1
LRL_2026-01-17_8,21012932,LRL_2026-01-17_8_21012932,3.0,249.0,4.0,100000.0,3.0,4.0,4.0,0.0,0.0,4.0,160.0,260.0,0.0,0.0,510.0,600.0,0.0,0.0,0.0,0.0,0.0,400.0,1.0,1.0,4.333333333333333,490.3333333333333,8.0,74885.0,3.6666666666666665,4.666666666666667,5.666666666666667,0.0,0.0,3.6666666666666665,206.66666666666666,333.3333333333333,0.0,0.0,293.3333333333333,356.6666666666667,6.666666666666667,20.0,0.0,0.0,66.66666666666667,266.6666666666667,1.0,0.3333333333333333,4.163331998932265,610.8660518749863,5.291502622129181,49494.641720089254,3.0550504633038935,1.1547005383792517,2.081665999466133,0.0,0.0,1.5275252316519465,80.82903768654761,87.36894948054105,0.0,0.0,205.993527406405,315.6474826976026,5.773502691896258,26.457513110645905,0.0,0.0,57.735026918962575,115.47005383792515,0.0,0.5773502691896258,3.0,9.0,1.0,-6.0,8.0,3.0,1
LRL_2026-01-17_8,22010286,LRL_2026-01-17_8_22010286,1.0,30.0,7.0,150000.0,7.0,1.0,1.0,0.0,0.0,1.0,0.0,0.0,0.0,0.0,0.0,0.0,100.0,100.0,0.0,0.0,10.0,200.0,1.0,1.0,3.6666666666666665,36.333333333333336,8.0,87256.66666666667,6.666666666666667,1.3333333333333333,1.0,0.6666666666666666,0.0,2.0,3.3333333333333335,0.0,3.3333333333333335,0.0,40.0,211.66666666666666,86.66666666666667,120.0,66.66666666666667,0.0,353.3333333333333,758.3333333333334,0.6666666666666666,0.3333333333333333,4.618802153517007,21.221058723196006,1.7320508075688772,54476.0280612797,3.511884584284246,0.5773502691896258,0.0,1.1547005383792517,0.0,1.7320508075688772,5.773502691896257,0.0,5.773502691896257,0.0,69.2820323027551,366.6174209354124,70.94598884597588,121.2435565298214,115.47005383792515,0.0,405.010287935175,487.55341587700246,0.5773502691896258,0.5773502691896258,1.0,1.0,9.0,0.0,-8.0,3.0,1
LRL_2026-01-17_8,22018092,LRL_2026-01-17_8_22018092,3.0,211.0,8.0,55590.0,3.0,8.0,8.0,8.0,0.0,5.0,1400.0,1760.0,970.0,0.0,750.0,10.0,0.0,0.0,0.0,0.0,10.0,275.0,1.0,0.0,2.6666666666666665,118.0,7.333333333333333,49060.0,5.0,6.666666666666667,6.666666666666667,4.0,0.0,4.666666666666667,1336.6666666666667,1373.3333333333333,543.3333333333334,0.0,786.6666666666666,420.0,16.666666666666668,16.666666666666668,3.3333333333333335,0.0,56.666666666666664,166.66666666666666,1.0,0.0,0.5773502691896258,93.0,1.1547005383792517,11310.29177342477,2.0,2.309401076758503,2.309401076758503,4.0,0.0,0.5773502691896257,408.69711686447374,400.6661120351125,495.4122862155654,0.0,32.14550253664319,434.25223085207057,28.867513459481287,28.867513459481287,5.773502691896258,0.0,80.82903768654761,101.0362971081845,0.0,0.0,3.0,2.0,3.0,1.0,-1.0,3.0,1
LRL_2026-01-17_9,20018257,LRL_2026-01-17_9_20018257,1.0,14.0,6.0,61040.0,6.0,2.0,1.0,0.0,0.0,1.0,200.0,0.0,0.0,0.0,0.0,0.0,100.0,10.0,0.0,0.0,100.0,5.0,1.0,0.0,3.3333333333333335,41.333333333333336,7.666666666666667,60473.333333333336,5.0,4.333333333333333,3.6666666666666665,0.0,0.0,3.0,266.6666666666667,273.3333333333333,0.0,0.0,366.6666666666667,420.0,150.0,90.0,0.0,0.0,40.0,21.666666666666668,1.0,0.0,2.0816659994661326,29.143323992525858,2.0816659994661326,3722.490205941894,1.0,4.041451884327381,3.785938897200183,0.0,0.0,2.6457513110645907,295.6912804486012,351.6153201061258,0.0,0.0,472.5815626252608,383.01436004411113,132.28756555322954,138.5640646055102,0.0,0.0,51.96152422706632,24.664414311581236,0.0,0.0,1.0,5.0,4.0,-4.0,1.0,3.0,1
LRL_2026-01-17_9,21003849,LRL_2026-01-17_9_21003849,2.0,34.0,8.0,75000.0,1.0,1.0,1.0,1.0,0.0,1.0,0.0,0.0,0.0,0.0,0.0,75.0,150.0,300.0,100.0,0.0,10.0,400.0,1.0,0.0,2.6666666666666665,53.666666666666664,10.0,116666.66666666667,5.666666666666667,2.6666666666666665,2.3333333333333335,2.3333333333333335,0.0,1.3333333333333333,73.33333333333333,100.0,43.333333333333336,0.0,16.666666666666668,133.33333333333334,150.0,120.0,100.0,0.0,73.33333333333333,216.66666666666666,1.0,0.0,2.0816659994661326,18.230011885167087,3.4641016151377544,72168.78364870322,5.033222956847166,2.0816659994661326,2.3094010767585034,2.3094010767585034,0.0,0.5773502691896257,118.46237095944574,173.20508075688772,75.05553499465135,0.0,28.867513459481287,170.17148213885113,50.0,157.1623364550171,50.0,0.0,109.6965511460289,160.7275126832159,0.0,0.0,2.0,5.0,1.0,-3.0,4.0,3.0,1
LRL_2026-01-17_9,19016663,LRL_2026-01-17_9_19016663,6.0,60.0,6.0,55000.0,4.0,5.0,6.0,0.0,0.0,6.0,620.0,860.0,0.0,0.0,1510.0,3150.0,10.0,0.0,0.0,0.0,0.0,0.0,1.0,1.0,5.0,46.666666666666664,5.666666666666667,55000.0,2.3333333333333335,3.6666666666666665,3.3333333333333335,0.0,0.0,4.0,276.6666666666667,370.0,0.0,0.0,690.0,1378.3333333333333,170.0,86.66666666666667,0.0,0.0,66.66666666666667,233.33333333333334,1.0,0.3333333333333333,1.0,13.503086067019396,0.5773502691896257,0.0,1.5275252316519468,1.5275252316519468,2.3094010767585034,0.0,0.0,2.0,302.37945256470937,425.0882261366457,0.0,0.0,721.9418259112018,1565.8091624886263,147.30919862656236,141.53915830374763,0.0,0.0,76.37626158259734,203.61319538117695,0.0,0.5773502691896258,6.0,4.0,5.0,2.0,-1.0,3.0,1
LRL_2026-01-17_9,19011099,LRL_2026-01-17_9_19011099,1.0,30.0,7.0,55000.0,3.0,1.0,2.0,0.0,0.0,1.0,0.0,10.0,0.0,0.0,0.0,0.0,10.0,150.0,0.0,0.0,50.0,50.0,1.0,1.0,2.0,28.666666666666668,6.333333333333333,70000.0,2.3333333333333335,1.0,3.0,0.0,0.0,2.3333333333333335,0.0,93.33333333333333,0.0,0.0,120.0,143.33333333333334,10.0,200.0,0.0,0.0,116.66666666666667,125.0,1.0,0.3333333333333333,1.7320508075688772,19.03505538035898,0.5773502691896257,25980.76211353316,1.1547005383792517,0.0,1.7320508075688772,0.0,0.0,2.3094010767585034,0.0,111.50485789118487,0.0,0.0,207.84609690826528,248.26061575153906,0.0,50.0,0.0,0.0,76.37626158259734,108.97247358851683,0.0,0.5773502691896258,1.0,4.0,1.0,-3.0,3.0,3.0,1
LRL_2026-01-17_9,20005579,LRL_2026-01-17_9_20005579,5.0,36.0,5.0,250000.0,2.0,5.0,4.0,0.0,0.0,4.0,170.0,210.0,0.0,0.0,450.0,725.0,0.0,10.0,0.0,0.0,100.0,0.0,1.0,0.0,3.3333333333333335,36.333333333333336,7.333333333333333,191666.66666666666,2.6666666666666665,5.666666666666667,4.666666666666667,0.0,0.0,4.0,253.33333333333334,243.33333333333334,0.0,0.0,256.6666666666667,391.6666666666667,83.33333333333333,70.0,0.0,0.0,166.66666666666666,41.666666666666664,1.0,0.3333333333333333,1.5275252316519468,10.503967504392486,2.081665999466133,52041.64998665331,2.0816659994661326,1.1547005383792515,1.1547005383792515,0.0,0.0,0.0,73.71114795831994,113.72481406154654,0.0,0.0,167.43157806499147,298.25883613622136,104.08329997330664,51.96152422706632,0.0,0.0,160.7275126832159,52.04164998665332,0.0,0.5773502691896258,5.0,3.0,2.0,2.0,1.0,3.0,1
LRL_2026-01-17_9,20016522,LRL_2026-01-17_9_20016522,1.0,22.0,6.0,53795.0,1.0,1.0,1.0,0.0,0.0,1.0,0.0,0.0,0.0,0.0,0.0,0.0,100.0,150.0,0.0,0.0,250.0,375.0,1.0,0.0,1.6666666666666667,53.666666666666664,5.666666666666667,47825.0,2.6666666666666665,2.6666666666666665,2.0,0.0,0.0,1.6666666666666667,106.66666666666667,120.0,0.0,0.0,103.33333333333333,158.33333333333334,150.0,100.0,0.0,0.0,133.33333333333334,253.33333333333334,1.0,0.0,1.1547005383792517,41.01625693957621,0.5773502691896257,13841.83062315097,1.5275252316519468,2.0816659994661326,1.0,0.0,0.0,0.5773502691896257,110.15141094572205,105.83005244258362,0.0,0.0,170.39170558842744,274.24137786507225,50.0,50.0,0.0,0.0,104.08329997330664,210.7328482542134,0.0,0.0,1.0,3.0,1.0,-2.0,2.0,3.0,1
LRL_2026-01-17_9,21006691,LRL_2026-01-17_9_21006691,1.0,22.0,6.0,100000.0,2.0,5.0,3.0,0.0,0.0,2.0,220.0,160.0,0.0,0.0,150.0,0.0,150.0,50.0,0.0,0.0,150.0,5.0,1.0,0.0,2.0,38.0,6.0,68166.66666666667,2.3333333333333335,4.0,3.0,0.0,0.0,1.6666666666666667,146.66666666666666,156.66666666666666,0.0,0.0,66.66666666666667,91.66666666666667,200.0,120.0,0.0,0.0,133.33333333333334,151.66666666666666,1.0,0.0,1.7320508075688772,14.0,1.0,27894.14514433689,1.5275252316519468,1.0,0.0,0.0,0.0,0.5773502691896257,80.82903768654761,5.773502691896254,0.0,0.0,76.37626158259734,158.77132402714707,50.0,157.1623364550171,0.0,0.0,76.37626158259734,147.50706197783663,0.0,0.0,1.0,1.0,4.0,0.0,-3.0,3.0,1
LRL_2026-01-17_9,22009165,LRL_2026-01-17_9_22009165,1.0,44.0,8.0,57000.0,2.0,1.0,1.0,0.0,0.0,1.0,0.0,0.0,0.0,0.0,0.0,0.0,150.0,100.0,0.0,0.0,10.0,25.0,1.0,0.0,3.6666666666666665,39.666666666666664,7.666666666666667,68333.33333333333,5.0,1.6666666666666667,1.6666666666666667,0.0,0.0,2.3333333333333335,66.66666666666667,6.666666666666667,0.0,0.0,76.66666666666667,275.0,150.0,53.333333333333336,0.0,0.0,23.333333333333332,141.66666666666666,1.0,0.0,2.3094010767585034,18.876793513023692,1.5275252316519468,27790.885796126277,3.0,0.5773502691896257,1.1547005383792517,0.0,0.0,2.3094010767585034,57.735026918962575,11.547005383792515,0.0,0.0,132.7905619136139,253.7222891273055,100.0,45.09249752822894,0.0,0.0,23.09401076758503,160.7275126832159,0.0,0.0,1.0,5.0,5.0,-4.0,0.0,3.0,1
LRL_2026-01-17_10,22000678,LRL_2026-01-17_10_22000678,5.0,63.0,8.0,24050.0,7.0,2.0,2.0,0.0,0.0,2.0,100.0,200.0,0.0,0.0,450.0,1775.0,100.0,150.0,0.0,0.0,10.0,100.0,1.0,0.0,3.0,31.666666666666668,7.666666666666667,23423.333333333332,6.666666666666667,2.0,2.3333333333333335,0.0,0.0,2.0,116.66666666666667,183.33333333333334,0.0,0.0,266.6666666666667,733.3333333333334,120.0,233.33333333333334,0.0,0.0,106.66666666666667,150.0,1.0,0.0,2.0,27.15388247255507,1.5275252316519465,705.0059101407119,2.516611478423583,1.0,0.5773502691896257,0.0,0.0,1.0,125.83057392117915,76.37626158259734,0.0,0.0,236.29078131263043,926.800050352466,121.2435565298214,144.33756729740645,0.0,0.0,167.43157806499147,66.14378277661477,0.0,0.0,5.0,1.0,3.0,4.0,-2.0,3.0,1
LRL_2026-01-17_10,20004104,LRL_2026-01-17_10_20004104,7.0,70.0,9.0,23890.0,3.0,9.0,8.0,7.0,0.0,7.0,1310.0,1050.0,910.0,0.0,1210.0,1425.0,0.0,50.0,300.0,0.0,600.0,1200.0,1.0,1.0,5.0,63.333333333333336,8.0,23940.0,4.333333333333333,8.0,7.0,4.0,0.0,6.0,1130.0,973.3333333333334,503.3333333333333,0.0,1060.0,712.5,0.0,483.3333333333333,116.66666666666667,0.0,333.3333333333333,625.0,1.0,0.6666666666666666,3.4641016151377544,26.633312473917574,1.0,1405.6671014148408,2.3094010767585034,1.0,1.0,3.605551275463989,0.0,1.7320508075688772,196.72315572906,141.53915830374763,462.6373669877233,0.0,785.8116822750856,1007.6271631908302,0.0,480.4511768466525,160.7275126832159,0.0,305.50504633038935,813.1727983645296,0.0,0.5773502691896258,7.0,1.0,7.0,6.0,-6.0,3.0,1
LRL_2026-01-17_10,21018223,LRL_2026-01-17_10_21018223,4.0,68.0,6.0,17000.0,3.0,6.0,6.0,0.0,0.0,4.0,620.0,280.0,0.0,0.0,260.0,425.0,0.0,0.0,0.0,0.0,50.0,200.0,1.0,0.0,4.333333333333333,51.666666666666664,6.333333333333333,17000.0,5.0,5.666666666666667,5.666666666666667,1.3333333333333333,0.0,4.333333333333333,676.6666666666666,416.6666666666667,86.66666666666667,0.0,520.0,775.0,53.333333333333336,103.33333333333333,3.3333333333333335,0.0,200.0,266.6666666666667,1.0,0.0,1.5275252316519468,24.906491790963525,0.5773502691896258,0.0,2.0,0.5773502691896257,0.5773502691896257,2.3094010767585034,0.0,0.5773502691896258,153.07950004273377,140.118997046558,150.1110699893027,0.0,246.37369989509838,482.18253804964775,83.86497083606082,170.39170558842744,5.773502691896257,0.0,259.8076211353316,256.58007197234423,0.0,0.0,4.0,3.0,6.0,1.0,-3.0,3.0,1
LRL_2026-01-17_10,21004771,LRL_2026-01-17_10_21004771,4.0,51.0,7.0,22560.0,6.0,2.0,2.0,3.0,0.0,4.0,100.0,50.0,200.0,0.0,510.0,1180.0,150.0,150.0,50.0,0.0,200.0,25.0,1.0,0.0,4.666666666666667,152.33333333333334,7.666666666666667,25520.0,4.666666666666667,2.3333333333333335,3.0,1.6666666666666667,0.0,4.666666666666667,133.33333333333334,216.66666666666666,183.33333333333334,0.0,690.0,1185.0,86.66666666666667,70.0,20.0,0.0,183.33333333333334,183.33333333333334,1.0,0.3333333333333333,2.081665999466133,93.75677753279136,1.1547005383792515,2673.7239947309445,2.309401076758503,0.5773502691896257,1.7320508075688772,1.5275252316519468,0.0,2.081665999466133,57.735026918962575,246.64414311581237,175.59422921421233,0.0,457.38386504117085,487.5192303899406,70.94598884597588,72.11102550927978,26.457513110645905,0.0,175.59422921421233,296.1559273986143,0.0,0.5773502691896258,4.0,7.0,3.0,-3.0,4.0,3.0,1
LRL_2026-01-17_10,22002009,LRL_2026-01-17_10_22002009,1.0,61.0,6.0,20000.0,6.0,4.0,4.0,2.0,0.0,1.0,450.0,260.0,50.0,0.0,0.0,0.0,10.0,250.0,50.0,0.0,50.0,200.0,1.0,0.0,2.6666666666666665,42.0,7.666666666666667,20513.333333333332,7.0,5.333333333333333,4.666666666666667,2.3333333333333335,0.0,2.0,490.0,326.6666666666667,90.0,0.0,53.333333333333336,341.6666666666667,56.666666666666664,170.0,150.0,0.0,116.66666666666667,400.0,1.0,0.0,1.5275252316519468,17.05872210923198,1.5275252316519465,4790.671490859433,1.7320508075688772,1.5275252316519468,0.5773502691896257,0.5773502691896257,0.0,1.0,202.9778313018444,208.16659994661327,105.83005244258362,0.0,55.075705472861024,298.2588361362213,80.82903768654761,138.5640646055102,100.0,0.0,57.735026918962575,368.2729965664059,0.0,0.0,1.0,4.0,3.0,-3.0,1.0,3.0,1
LRL_2026-01-17_10,21019882,LRL_2026-01-17_10_21019882,2.0,240.0,8.0,24050.0,1.0,8.0,8.0,0.0,0.0,5.0,1060.0,730.0,0.0,0.0,560.0,925.0,0.0,0.0,0.0,0.0,200.0,75.0,1.0,0.0,2.3333333333333335,140.33333333333334,7.666666666666667,19016.666666666668,3.3333333333333335,7.0,6.0,0.0,0.0,4.333333333333333,610.0,516.6666666666666,0.0,0.0,410.0,410.0,103.33333333333333,53.333333333333336,0.0,0.0,266.6666666666667,358.3333333333333,1.0,0.0,0.5773502691896258,106.56609842409233,0.5773502691896258,6265.0485499582,2.0816659994661326,1.0,1.7320508075688772,0.0,0.0,0.5773502691896257,391.27995093027704,191.3983629327412,0.0,0.0,210.0,448.52536160177164,170.39170558842744,83.86497083606082,0.0,0.0,208.16659994661327,387.5671984744495,0.0,0.0,2.0,3.0,2.0,-1.0,1.0,3.0,1
LRL_2026-01-17_10,22008443,LRL_2026-01-17_10_22008443,5.0,206.0,7.0,22560.0,5.0,7.0,6.0,6.0,0.0,5.0,910.0,720.0,800.0,0.0,710.0,1205.0,0.0,100.0,700.0,0.0,100.0,225.0,1.0,0.0,5.666666666666667,190.66666666666666,8.333333333333334,24230.0,5.0,5.333333333333333,4.666666666666667,6.0,0.0,5.666666666666667,586.6666666666666,440.0,640.0,0.0,906.6666666666666,1253.3333333333333,33.333333333333336,100.0,350.0,0.0,83.33333333333333,93.33333333333333,1.0,0.6666666666666666,2.0816659994661326,15.50268793897798,1.1547005383792515,1863.4108511007441,3.0,1.5275252316519465,1.1547005383792517,1.0,0.0,1.1547005383792515,281.1286775363434,262.29754097208,243.3105012119288,0.0,298.3845393671283,354.9765250454364,28.867513459481287,0.0,304.138126514911,0.0,28.867513459481287,116.22535581074095,0.0,0.5773502691896258,5.0,4.0,8.0,1.0,-4.0,3.0,1
LRL_2026-01-17_10,22011224,LRL_2026-01-17_10_22011224,2.0,18.0,7.0,22560.0,1.0,1.0,1.0,1.0,0.0,2.0,0.0,0.0,0.0,0.0,10.0,450.0,100.0,50.0,100.0,0.0,250.0,5.0,1.0,0.0,3.3333333333333335,21.0,8.0,20016.666666666668,4.333333333333333,1.6666666666666667,1.6666666666666667,1.0,0.0,2.6666666666666665,20.0,36.666666666666664,3.3333333333333335,0.0,256.6666666666667,491.6666666666667,166.66666666666666,100.0,100.0,0.0,200.0,276.6666666666667,1.0,0.3333333333333333,2.3094010767585034,4.358898943540674,1.0,5596.644828228189,3.5118845842842465,1.1547005383792517,1.1547005383792517,1.0,0.0,1.1547005383792515,34.64101615137755,63.50852961085884,5.773502691896258,0.0,313.9001964531614,488.8336458687488,57.735026918962575,86.60254037844386,100.0,0.0,50.0,235.6020656389356,0.0,0.5773502691896258,2.0,6.0,2.0,-4.0,4.0,3.0,1
LRL_2026-01-23_1,21006724,LRL_2026-01-23_1_21006724,2.0,34.0,11.0,23070.0,6.0,7.0,7.0,0.0,0.0,5.0,660.0,910.0,0.0,0.0,510.0,250.0,10.0,150.0,0.0,0.0,50.0,25.0,1.0,0.0,3.6666666666666665,25.333333333333332,8.666666666666666,22423.333333333332,3.3333333333333335,4.666666666666667,5.0,0.0,0.0,4.666666666666667,540.0,623.3333333333334,0.0,0.0,556.6666666666666,210.0,40.0,183.33333333333334,0.0,0.0,83.33333333333333,66.66666666666667,1.0,0.0,2.8867513459481287,10.96965511460289,2.5166114784235836,3465.5494994781616,2.516611478423583,2.516611478423583,2.0,0.0,0.0,2.516611478423583,345.9768778401239,331.7127271199182,0.0,0.0,282.9016319029166,168.59715300087365,51.96152422706632,57.735026918962575,0.0,0.0,28.867513459481287,38.18813079129867,0.0,0.0,2.0,2.0,7.0,0.0,-5.0,3.0,1
LRL_2026-01-23_1,20006008,LRL_2026-01-23_1_20006008,1.0,56.0,9.0,25520.0,8.0,7.0,8.0,0.0,0.0,5.0,920.0,1150.0,0.0,0.0,800.0,0.0,150.0,50.0,0.0,0.0,10.0,5.0,1.0,0.0,2.0,43.0,8.0,24080.0,7.0,6.0,6.0,0.0,0.0,4.333333333333333,733.3333333333334,670.0,0.0,0.0,436.6666666666667,83.33333333333333,250.0,133.33333333333334,0.0,0.0,120.0,210.0,1.0,0.0,1.0,20.808652046684813,1.0,4362.063731767338,1.0,1.7320508075688772,2.0,0.0,0.0,0.5773502691896257,450.0370355130045,449.1102314577124,0.0,0.0,317.8574103797697,87.79711460710615,173.20508075688772,144.33756729740645,0.0,0.0,121.2435565298214,188.2153022471871,0.0,0.0,1.0,2.0,3.0,-1.0,-1.0,3.0,1
LRL_2026-01-23_1,19002257,LRL_2026-01-23_1_19002257,7.0,235.0,7.0,36200.0,2.0,1.0,1.0,0.0,0.0,7.0,0.0,0.0,0.0,0.0,760.0,1825.0,50.0,10.0,0.0,0.0,0.0,0.0,1.0,1.0,7.0,163.66666666666666,7.333333333333333,41060.0,2.0,2.6666666666666665,4.0,0.0,0.0,7.333333333333333,133.33333333333334,243.33333333333334,0.0,0.0,593.3333333333334,1086.6666666666667,133.33333333333334,6.666666666666667,0.0,0.0,0.0,50.0,1.0,0.6666666666666666,1.0,63.57148207595394,0.5773502691896258,11321.431004956927,1.0,2.0816659994661326,3.0,0.0,0.0,0.5773502691896258,189.29694486000912,287.1120571019847,0.0,0.0,223.00971578236974,683.8554915574879,76.37626158259734,5.773502691896258,0.0,0.0,0.0,86.60254037844386,0.0,0.5773502691896258,7.0,6.0,8.0,1.0,-2.0,3.0,1
LRL_2026-01-23_1,21007295,LRL_2026-01-23_1_21007295,4.0,644.0,10.0,39055.0,10.0,5.0,5.0,5.0,0.0,4.0,560.0,600.0,460.0,0.0,510.0,425.0,150.0,200.0,150.0,0.0,250.0,250.0,1.0,0.0,4.333333333333333,451.6666666666667,8.666666666666666,37955.0,6.0,5.333333333333333,5.333333333333333,1.6666666666666667,0.0,4.333333333333333,376.6666666666667,573.3333333333334,153.33333333333334,0.0,623.3333333333334,741.6666666666666,70.0,170.0,50.0,0.0,90.0,150.0,1.0,0.0,1.5275252316519468,168.50618188462207,1.5275252316519468,4526.381004732147,3.4641016151377544,1.5275252316519468,2.5166114784235836,2.886751345948129,0.0,1.5275252316519468,159.47831618540914,310.85902485424697,265.5811238272278,0.0,627.7207447052657,845.6999073745563,72.11102550927978,147.30919862656236,86.60254037844386,0.0,138.5640646055102,90.13878188659973,0.0,0.0,4.0,3.0,6.0,1.0,-3.0,3.0,1
LRL_2026-01-23_1,22015796,LRL_2026-01-23_1_22015796,7.0,99.0,7.0,44100.0,1.0,1.0,1.0,3.0,0.0,6.0,0.0,0.0,210.0,0.0,1310.0,2400.0,50.0,50.0,250.0,0.0,100.0,0.0,1.0,0.0,7.0,325.3333333333333,7.666666666666667,66131.66666666667,1.6666666666666667,4.333333333333333,4.333333333333333,3.0,0.0,6.333333333333333,436.6666666666667,456.6666666666667,286.6666666666667,0.0,943.3333333333334,1525.0,183.33333333333334,70.0,100.0,0.0,86.66666666666667,125.0,1.0,0.3333333333333333,1.0,212.6648380276658,1.1547005383792517,29770.497280585245,1.1547005383792517,3.0550504633038935,3.0550504633038935,3.0,0.0,0.5773502691896257,479.61790347456105,436.6157731156003,331.71272711991827,0.0,321.45502536643187,840.0148808205721,189.29694486000912,72.11102550927978,132.28756555322954,0.0,70.94598884597588,108.97247358851683,0.0,0.5773502691896258,7.0,8.0,6.0,-1.0,2.0,3.0,1
LRL_2026-01-23_1,22004627,LRL_2026-01-23_1_22004627,3.0,186.0,7.0,27760.0,5.0,5.0,3.0,0.0,0.0,3.0,220.0,200.0,0.0,0.0,260.0,575.0,100.0,150.0,0.0,0.0,300.0,50.0,1.0,0.0,4.333333333333333,305.6666666666667,7.333333333333333,35903.333333333336,4.0,5.0,4.666666666666667,0.0,0.0,4.666666666666667,326.6666666666667,356.6666666666667,0.0,0.0,530.0,816.6666666666666,66.66666666666667,166.66666666666666,0.0,0.0,250.0,100.0,1.0,0.0,1.5275252316519468,212.48607797531895,1.5275252316519468,11851.625767519548,1.0,2.0,2.8867513459481287,0.0,0.0,2.0816659994661326,202.31987873991358,229.41955743426354,0.0,0.0,280.53520278211073,298.25883613622136,28.867513459481287,28.867513459481287,0.0,0.0,180.27756377319946,86.60254037844386,0.0,0.0,3.0,4.0,6.0,-1.0,-2.0,3.0,1
LRL_2026-01-23_1,19002805,LRL_2026-01-23_1_19002805,5.0,78.0,10.0,39055.0,6.0,9.0,9.0,6.0,0.0,5.0,1410.0,960.0,610.0,0.0,760.0,675.0,0.0,0.0,200.0,0.0,100.0,50.0,1.0,0.0,6.0,103.33333333333333,9.333333333333334,50518.333333333336,6.333333333333333,8.333333333333334,8.333333333333334,4.666666666666667,0.0,6.666666666666667,1160.0,920.0,523.3333333333334,0.0,840.0,670.0,20.0,6.666666666666667,70.0,0.0,83.33333333333333,308.3333333333333,0.6666666666666666,0.3333333333333333,1.7320508075688772,50.96403960964371,0.5773502691896258,20337.613142483886,1.5275252316519465,0.5773502691896258,0.5773502691896258,4.163331998932265,0.0,2.081665999466133,278.3882181415011,105.83005244258362,485.8326186386967,0.0,230.65125189341592,32.78719262151,26.457513110645905,5.773502691896258,112.69427669584645,0.0,76.37626158259734,240.22558842332626,0.5773502691896258,0.5773502691896258,5.0,8.0,5.0,-3.0,3.0,3.0,1
LRL_2026-01-23_1,20001085,LRL_2026-01-23_1_20001085,5.0,69.0,9.0,33110.0,9.0,5.0,5.0,5.0,0.0,5.0,350.0,400.0,260.0,0.0,520.0,685.0,250.0,100.0,250.0,0.0,300.0,450.0,1.0,0.0,5.333333333333333,203.66666666666666,8.666666666666666,37680.0,3.6666666666666665,5.0,6.0,1.6666666666666667,0.0,5.666666666666667,276.6666666666667,556.6666666666666,86.66666666666667,0.0,613.3333333333334,623.3333333333334,200.0,70.0,83.33333333333333,0.0,200.0,216.66666666666666,1.0,0.3333333333333333,3.5118845842842465,228.9330324206914,0.5773502691896258,15460.164940905384,4.618802153517007,0.0,1.7320508075688772,2.886751345948129,0.0,3.055050463303893,70.23769168568492,262.7419519858474,150.1110699893027,0.0,320.36437588054844,495.3870540631167,132.28756555322954,51.96152422706632,144.33756729740642,0.0,173.20508075688772,225.46248764114472,0.0,0.5773502691896258,5.0,2.0,9.0,3.0,-7.0,3.0,1
LRL_2026-01-23_1,19007054,LRL_2026-01-23_1_19007054,2.0,35.0,9.0,38000.0,2.0,8.0,7.0,6.0,0.0,3.0,490.0,410.0,550.0,0.0,450.0,25.0,400.0,200.0,250.0,0.0,100.0,100.0,1.0,0.0,1.6666666666666667,25.333333333333332,7.333333333333333,31333.333333333332,4.666666666666667,4.666666666666667,4.333333333333333,3.6666666666666665,0.0,2.3333333333333335,350.0,273.3333333333333,236.66666666666666,0.0,266.6666666666667,150.0,183.33333333333334,150.0,103.33333333333333,0.0,170.0,58.333333333333336,1.0,0.0,0.5773502691896257,15.044378795195678,2.081665999466133,5773.502691896258,2.516611478423583,3.0550504633038935,2.516611478423583,2.0816659994661326,0.0,0.5773502691896258,260.0,195.02136635080097,273.00793639257694,0.0,175.5942292142123,238.4848003542364,189.29694486000912,50.0,128.58201014657274,0.0,204.20577856662138,38.18813079129867,0.0,0.0,2.0,1.0,2.0,1.0,-1.0,3.0,1
LRL_2026-01-23_2,23017181,LRL_2026-01-23_2_23017181,6.0,293.0,11.0,24890.0,11.0,8.0,6.0,0.0,0.0,8.0,1020.0,520.0,0.0,0.0,880.0,355.0,350.0,150.0,0.0,0.0,50.0,300.0,1.0,0.0,6.0,293.0,11.0,24890.0,11.0,8.0,6.0,0.0,0.0,8.0,1020.0,520.0,0.0,0.0,880.0,355.0,350.0,150.0,0.0,0.0,50.0,300.0,1.0,0.0,,,,,,,,,,,,,,,,,,,,,,,,,6.0,,,,,1.0,1
LRL_2026-01-23_2,23006969,LRL_2026-01-23_2_23006969,,,,,,,,,,,,,,,,,,,,,,,,,,,,,,,,,,,,,,,,,,,,,,,,,,,,,,,,,,,,,,,,,,,,,,,,,,,,,,0.0,0
LRL_2026-01-23_2,23006295,LRL_2026-01-23_2_23006295,2.0,52.0,11.0,26000.0,3.0,3.0,4.0,0.0,0.0,3.0,150.0,160.0,0.0,0.0,260.0,250.0,50.0,200.0,0.0,0.0,200.0,475.0,1.0,0.0,4.666666666666667,44.0,8.666666666666666,34616.666666666664,3.3333333333333335,2.6666666666666665,3.0,0.6666666666666666,0.0,3.6666666666666665,90.0,223.33333333333334,3.3333333333333335,0.0,593.3333333333334,1416.6666666666667,150.0,136.66666666666666,83.33333333333333,0.0,250.0,800.0,1.0,0.0,2.309401076758503,13.0,2.0816659994661326,10283.036192357458,1.5275252316519465,1.5275252316519465,1.7320508075688772,1.1547005383792517,0.0,1.1547005383792515,79.37253933193772,260.83200212652844,5.773502691896257,0.0,288.84828774519906,1010.6722185423587,86.60254037844386,109.6965511460289,144.33756729740645,0.0,86.60254037844386,288.3140648667699,0.0,0.0,2.0,6.0,6.0,-4.0,0.0,3.0,1
LRL_2026-01-23_2,23006203,LRL_2026-01-23_2_23006203,2.0,18.0,10.0,30600.0,8.0,3.0,1.0,0.0,0.0,1.0,150.0,0.0,0.0,0.0,0.0,100.0,200.0,100.0,0.0,0.0,100.0,350.0,1.0,0.0,2.6666666666666665,31.333333333333332,8.0,31133.333333333332,5.666666666666667,2.0,1.6666666666666667,0.0,0.0,2.0,53.333333333333336,70.0,0.0,0.0,136.66666666666666,566.6666666666666,73.33333333333333,186.66666666666666,0.0,0.0,366.6666666666667,225.0,1.0,0.3333333333333333,0.5773502691896258,15.275252316519467,1.7320508075688772,644.8514040717706,2.516611478423583,1.0,0.5773502691896257,0.0,0.0,1.0,83.86497083606082,112.69427669584645,0.0,0.0,126.62279942148386,411.04541517128416,109.6965511460289,232.4507116214819,0.0,0.0,251.6611478423583,156.12494995995996,0.0,0.5773502691896258,2.0,3.0,3.0,-1.0,0.0,3.0,1
LRL_2026-01-23_2,23017137,LRL_2026-01-23_2_23017137,6.0,59.0,7.0,27400.0,6.0,1.0,1.0,0.0,0.0,3.0,0.0,0.0,0.0,0.0,400.0,1610.0,100.0,100.0,0.0,0.0,400.0,200.0,1.0,1.0,7.666666666666667,101.0,8.333333333333334,34731.666666666664,3.3333333333333335,1.3333333333333333,1.3333333333333333,1.0,0.0,6.333333333333333,3.3333333333333335,33.333333333333336,216.66666666666666,0.0,1490.0,2740.0,150.0,116.66666666666667,3.3333333333333335,0.0,166.66666666666666,91.66666666666667,1.0,0.6666666666666666,2.081665999466133,62.6418390534633,2.3094010767585034,10720.140313136455,2.3094010767585034,0.5773502691896257,0.5773502691896257,1.7320508075688772,0.0,3.0550504633038935,5.773502691896258,57.735026918962575,375.27767497325675,0.0,1052.2832318344715,2066.4159794194393,50.0,28.867513459481287,5.773502691896257,0.0,208.16659994661327,101.0362971081845,0.0,0.5773502691896258,6.0,10.0,7.0,-4.0,3.0,3.0,1
LRL_2026-01-23_2,23000349,LRL_2026-01-23_2_23000349,3.0,40.0,11.0,24890.0,1.0,1.0,1.0,0.0,0.0,3.0,0.0,0.0,0.0,0.0,20.0,250.0,10.0,10.0,0.0,0.0,200.0,5.0,1.0,0.0,2.3333333333333335,63.0,9.0,26896.666666666668,3.0,2.3333333333333335,3.0,0.0,0.0,3.0,200.0,236.66666666666666,0.0,0.0,340.0,391.6666666666667,23.333333333333332,220.0,0.0,0.0,216.66666666666666,110.0,1.0,0.3333333333333333,0.5773502691896258,40.70626487409524,2.0,1808.3233486667514,3.4641016151377544,1.5275252316519465,2.0,0.0,0.0,1.0,173.20508075688772,359.21210076128193,0.0,0.0,408.41155713324275,128.2900359861721,23.094010767585033,196.72315572906,0.0,0.0,76.37626158259734,98.36157786453,0.0,0.5773502691896258,3.0,2.0,2.0,1.0,0.0,3.0,1
LRL_2026-01-23_2,23008075,LRL_2026-01-23_2_23008075,,,,,,,,,,,,,,,,,,,,,,,,,,,,,,,,,,,,,,,,,,,,,,,,,,,,,,,,,,,,,,,,,,,,,,,,,,,,,,0.0,0
LRL_2026-01-23_3,23009056,LRL_2026-01-23_3_23009056,6.0,256.0,9.0,32400.0,5.0,4.0,4.0,4.0,0.0,6.0,250.0,320.0,660.0,0.0,720.0,1100.0,150.0,250.0,300.0,0.0,800.0,1125.0,1.0,0.0,4.666666666666667,128.0,7.666666666666667,35731.666666666664,5.0,5.0,5.0,4.333333333333333,0.0,4.666666666666667,390.0,346.6666666666667,590.0,0.0,990.0,1316.6666666666667,283.3333333333333,220.0,150.0,0.0,403.3333333333333,1266.6666666666667,1.0,0.6666666666666666,2.309401076758503,111.61093136427094,1.1547005383792517,10060.139578223225,2.0,1.0,1.0,2.5166114784235836,0.0,2.309401076758503,131.14877048604,102.63202878893767,508.6255990411808,0.0,1002.6464980241042,1387.7439725444076,189.29694486000912,196.72315572906,150.0,0.0,395.01054838236075,995.0921230385322,0.0,0.5773502691896258,6.0,2.0,6.0,4.0,-4.0,3.0,1
LRL_2026-01-23_3,23005429,LRL_2026-01-23_3_23005429,5.0,99.0,6.0,30450.0,1.0,2.0,2.0,4.0,0.0,5.0,200.0,150.0,250.0,0.0,470.0,850.0,100.0,10.0,10.0,0.0,150.0,10.0,1.0,1.0,5.0,375.6666666666667,7.666666666666667,36283.333333333336,1.3333333333333333,1.6666666666666667,2.3333333333333335,3.6666666666666665,0.0,4.666666666666667,133.33333333333334,170.0,453.3333333333333,0.0,693.3333333333334,975.0,116.66666666666667,10.0,10.0,0.0,170.0,353.3333333333333,1.0,0.3333333333333333,0.0,324.60642836107445,1.5275252316519465,8471.176620359967,0.5773502691896257,0.5773502691896257,1.5275252316519465,1.5275252316519468,0.0,1.5275252316519465,115.47005383792515,180.83141320025123,352.18366420567173,0.0,485.21472909767834,745.4025757937787,76.37626158259734,0.0,0.0,0.0,170.88007490635061,405.010287935175,0.0,0.5773502691896258,5.0,5.0,5.0,0.0,0.0,3.0,1
LRL_2026-01-23_3,23015196,LRL_2026-01-23_3_23015196,7.0,424.0,10.0,44230.0,2.0,6.0,6.0,0.0,0.0,7.0,450.0,400.0,0.0,0.0,910.0,2075.0,100.0,150.0,0.0,0.0,400.0,375.0,1.0,0.0,4.0,188.66666666666666,10.0,34130.0,5.333333333333333,6.333333333333333,5.333333333333333,0.0,0.0,3.6666666666666665,476.6666666666667,473.3333333333333,0.0,0.0,720.0,1225.0,116.66666666666667,283.3333333333333,0.0,0.0,316.6666666666667,258.3333333333333,1.0,0.0,2.6457513110645907,209.15385086900346,1.0,8773.249113070939,2.886751345948129,2.5166114784235836,3.0550504633038935,0.0,0.0,2.886751345948129,132.03534880225573,64.29100507328637,0.0,0.0,409.5119045888654,1033.1989159885911,76.37626158259734,125.83057392117917,0.0,0.0,144.33756729740645,125.83057392117917,0.0,0.0,7.0,2.0,3.0,5.0,-1.0,3.0,1
LRL_2026-01-23_3,23004415,LRL_2026-01-23_3_23004415,6.0,17.0,6.0,30450.0,4.0,3.0,3.0,5.0,0.0,6.0,300.0,160.0,260.0,0.0,620.0,860.0,100.0,100.0,10.0,0.0,0.0,0.0,1.0,1.0,4.333333333333333,28.0,7.666666666666667,32483.333333333332,5.0,4.333333333333333,4.0,2.0,0.0,4.333333333333333,570.0,573.3333333333334,86.66666666666667,0.0,640.0,513.3333333333334,70.0,170.0,86.66666666666667,0.0,233.33333333333334,150.0,1.0,0.3333333333333333,2.081665999466133,13.45362404707371,1.5275252316519465,2076.2546407734612,2.6457513110645907,2.3094010767585034,2.6457513110645907,2.6457513110645907,0.0,2.886751345948129,602.2457969965419,849.1368166163409,150.1110699893027,0.0,650.2307282803544,435.15322971722657,51.96152422706632,204.20577856662138,141.53915830374763,0.0,202.07259421636903,198.4313483298443,0.0,0.5773502691896258,6.0,2.0,5.0,4.0,-3.0,3.0,1
LRL_2026-01-23_3,23014465,LRL_2026-01-23_3_23014465,4.0,128.0,6.0,30450.0,6.0,4.0,4.0,2.0,0.0,4.0,400.0,260.0,100.0,0.0,460.0,700.0,100.0,10.0,50.0,0.0,10.0,150.0,1.0,1.0,4.0,172.5,6.5,31150.0,4.5,5.5,5.5,1.0,0.0,4.0,835.0,615.0,50.0,0.0,610.0,812.5,50.0,5.0,25.0,0.0,10.0,400.0,1.0,0.5,0.0,62.932503525602726,0.7071067811865476,989.9494936611666,2.1213203435596424,2.1213203435596424,2.1213203435596424,1.4142135623730951,0.0,0.0,615.1828996322963,502.04581464244876,70.71067811865476,0.0,212.13203435596427,159.0990257669732,70.71067811865476,7.0710678118654755,35.35533905932738,0.0,0.0,353.5533905932738,0.0,0.7071067811865476,4.0,4.0,,0.0,,2.0,1
LRL_2026-01-23_3,23007473,LRL_2026-01-23_3_23007473,7.0,363.0,7.0,47500.0,2.0,7.0,7.0,0.0,0.0,7.0,1300.0,1460.0,0.0,0.0,1560.0,2850.0,0.0,0.0,0.0,0.0,0.0,0.0,1.0,0.0,7.0,363.0,7.0,47500.0,2.0,7.0,7.0,0.0,0.0,7.0,1300.0,1460.0,0.0,0.0,1560.0,2850.0,0.0,0.0,0.0,0.0,0.0,0.0,1.0,0.0,,,,,,,,,,,,,,,,,,,,,,,,,7.0,,,,,1.0,1
LRL_2026-01-23_4,22007066,LRL_2026-01-23_4_22007066,2.0,47.0,9.0,28760.0,8.0,5.0,4.0,0.0,0.0,1.0,710.0,360.0,0.0,0.0,0.0,5.0,200.0,50.0,0.0,0.0,10.0,125.0,1.0,1.0,3.0,59.666666666666664,8.666666666666666,26446.666666666668,7.0,6.0,5.333333333333333,1.3333333333333333,0.0,3.0,590.0,510.0,36.666666666666664,0.0,353.3333333333333,221.66666666666666,103.33333333333333,116.66666666666667,66.66666666666667,0.0,120.0,400.0,1.0,0.6666666666666666,1.0,31.942656954820357,0.5773502691896258,2135.704411507673,1.0,1.0,1.1547005383792517,2.3094010767585034,0.0,2.0,105.83005244258362,217.94494717703367,63.50852961085884,0.0,376.8730997740928,194.1863366288507,95.04384952922169,76.37626158259734,115.47005383792515,0.0,121.2435565298214,253.7222891273055,0.0,0.5773502691896258,2.0,3.0,4.0,-1.0,-1.0,3.0,1
LRL_2026-01-23_4,19008389,LRL_2026-01-23_4_19008389,1.0,33.0,8.0,21300.0,1.0,8.0,8.0,7.0,0.0,5.0,1470.0,1910.0,860.0,0.0,550.0,0.0,0.0,0.0,500.0,0.0,350.0,50.0,1.0,0.0,2.6666666666666665,57.666666666666664,7.666666666666667,22643.333333333332,1.6666666666666667,6.666666666666667,7.0,6.333333333333333,0.0,5.0,1046.6666666666667,1146.6666666666667,726.6666666666666,0.0,736.6666666666666,508.3333333333333,16.666666666666668,3.3333333333333335,383.3333333333333,0.0,286.6666666666667,43.333333333333336,1.0,0.0,1.5275252316519468,27.300793639257694,1.5275252316519465,2130.6415309322524,1.1547005383792517,3.214550253664318,2.6457513110645907,2.081665999466133,0.0,0.0,733.2348418708247,831.8854087753514,239.65252624024922,0.0,273.00793639257694,570.2704036975208,28.867513459481287,5.773502691896258,202.07259421636903,0.0,251.06440076867395,35.47299442298794,0.0,0.0,1.0,4.0,3.0,-3.0,1.0,3.0,1
LRL_2026-01-23_4,19004949,LRL_2026-01-23_4_19004949,4.0,47.0,10.0,26380.0,1.0,3.0,4.0,0.0,0.0,3.0,110.0,210.0,0.0,0.0,210.0,325.0,100.0,10.0,0.0,0.0,10.0,5.0,0.0,0.0,5.666666666666667,54.0,9.333333333333334,31793.333333333332,5.333333333333333,3.0,5.0,0.0,0.0,5.0,186.66666666666666,350.0,0.0,0.0,530.0,705.0,70.0,120.0,0.0,0.0,173.33333333333334,68.33333333333333,0.3333333333333333,0.0,1.5275252316519465,26.210684844162312,1.1547005383792515,7226.903440155634,4.509249752822894,1.0,1.7320508075688772,0.0,0.0,2.0,70.94598884597588,127.67145334803705,0.0,0.0,386.91084244306205,787.0991043064399,51.96152422706632,121.2435565298214,0.0,0.0,282.9016319029166,60.277137733417085,0.5773502691896258,0.0,4.0,6.0,7.0,-2.0,-1.0,3.0,1
LRL_2026-01-23_4,21007744,LRL_2026-01-23_4_21007744,1.0,75.0,7.0,20260.0,3.0,3.0,3.0,0.0,0.0,2.0,450.0,310.0,0.0,0.0,10.0,0.0,100.0,50.0,0.0,0.0,100.0,25.0,1.0,1.0,3.0,112.33333333333333,7.666666666666667,20413.333333333332,4.0,4.333333333333333,5.333333333333333,2.3333333333333335,0.0,4.333333333333333,620.0,740.0,206.66666666666666,0.0,756.6666666666666,801.6666666666666,166.66666666666666,116.66666666666667,83.33333333333333,0.0,100.0,25.0,1.0,0.6666666666666666,2.0,78.92612579705995,1.1547005383792515,1048.4432904708458,1.0,1.5275252316519465,2.081665999466133,4.041451884327381,0.0,2.081665999466133,564.5352070508977,701.9259220174163,357.957166897568,0.0,650.4101270224298,802.5012980259492,76.37626158259734,160.7275126832159,144.33756729740645,0.0,0.0,0.0,0.0,0.5773502691896258,1.0,3.0,5.0,-2.0,-2.0,3.0,1
LRL_2026-01-23_4,21016779,LRL_2026-01-23_4_21016779,2.0,5.0,7.0,19450.0,5.0,1.0,2.0,0.0,0.0,2.0,0.0,50.0,0.0,0.0,250.0,350.0,150.0,350.0,0.0,0.0,350.0,450.0,1.0,1.0,1.6666666666666667,14.333333333333334,7.0,20530.0,4.0,1.0,1.6666666666666667,0.0,0.0,1.6666666666666667,0.0,20.0,0.0,0.0,216.66666666666666,325.0,70.0,316.6666666666667,0.0,0.0,316.6666666666667,275.0,1.0,0.6666666666666666,0.5773502691896257,9.018499505645789,0.0,935.3074360871938,1.0,0.0,0.5773502691896257,0.0,0.0,0.5773502691896257,0.0,26.457513110645905,0.0,0.0,202.072594216369,313.2491021535417,72.11102550927978,202.07259421636903,0.0,0.0,104.08329997330665,222.20486043288972,0.0,0.5773502691896258,2.0,1.0,2.0,1.0,-1.0,3.0,1
LRL_2026-01-23_4,22008315,LRL_2026-01-23_4_22008315,1.0,13.0,6.0,24700.0,5.0,2.0,2.0,0.0,0.0,1.0,10.0,10.0,0.0,0.0,0.0,0.0,100.0,150.0,0.0,0.0,150.0,475.0,1.0,0.0,1.6666666666666667,15.0,7.666666666666667,26410.0,3.6666666666666665,4.0,3.6666666666666665,0.0,0.0,3.0,240.0,276.6666666666667,0.0,0.0,240.0,41.666666666666664,50.0,153.33333333333334,0.0,0.0,56.666666666666664,233.33333333333334,1.0,0.3333333333333333,1.1547005383792517,3.4641016151377544,1.5275252316519465,1653.2694880145825,2.3094010767585034,4.358898943540674,3.7859388972001824,0.0,0.0,3.4641016151377544,407.0626487409524,470.5670338361298,0.0,0.0,415.69219381653056,72.16878364870321,50.0,145.0287327853806,0.0,0.0,80.82903768654761,212.62251370288456,0.0,0.5773502691896258,1.0,3.0,1.0,-2.0,2.0,3.0,1
LRL_2026-01-23_5,20016074,LRL_2026-01-23_5_20016074,2.0,44.0,8.0,21300.0,8.0,6.0,5.0,4.0,0.0,3.0,720.0,1010.0,350.0,0.0,200.0,50.0,250.0,50.0,300.0,0.0,50.0,300.0,1.0,0.0,2.3333333333333335,89.0,7.333333333333333,20533.333333333332,5.666666666666667,6.333333333333333,6.0,5.666666666666667,0.0,4.333333333333333,956.6666666666666,1156.6666666666667,836.6666666666666,0.0,683.3333333333334,466.6666666666667,166.66666666666666,33.333333333333336,200.0,0.0,233.33333333333334,141.66666666666666,1.0,0.3333333333333333,0.5773502691896257,71.12664760833313,1.1547005383792515,1327.9056191361387,2.081665999466133,1.5275252316519465,1.7320508075688772,2.081665999466133,0.0,1.1547005383792517,471.84036848634867,344.2867022313429,567.479808745063,0.0,419.3248541803041,364.29154990657327,144.33756729740642,28.867513459481287,173.20508075688772,0.0,236.2907813126304,142.15601757693318,0.0,0.5773502691896258,2.0,2.0,3.0,0.0,-1.0,3.0,1
LRL_2026-01-23_5,21011111,LRL_2026-01-23_5_21011111,6.0,719.0,8.0,50735.0,7.0,6.0,6.0,6.0,0.0,7.0,470.0,610.0,860.0,0.0,960.0,1725.0,10.0,100.0,50.0,0.0,2000.0,10.0,1.0,1.0,3.6666666666666665,385.3333333333333,7.0,43711.666666666664,3.6666666666666665,4.666666666666667,5.0,5.0,0.0,5.0,313.3333333333333,390.0,703.3333333333334,0.0,823.3333333333334,1095.0,153.33333333333334,36.666666666666664,83.33333333333333,0.0,786.6666666666666,195.0,1.0,0.6666666666666666,2.5166114784235836,340.70564030161484,1.0,11112.398855932652,3.0550504633038935,2.3094010767585034,2.6457513110645907,2.6457513110645907,0.0,2.6457513110645907,191.3983629327412,262.10684844162313,493.9973009372959,0.0,567.479808745063,951.8797192923064,176.16280348965083,55.075705472861024,104.08329997330664,0.0,1064.44038505373,307.5304862936356,0.0,0.5773502691896258,6.0,4.0,1.0,2.0,3.0,3.0,1
LRL_2026-01-23_5,21005927,LRL_2026-01-23_5_21005927,6.0,462.0,6.0,55615.0,5.0,4.0,2.0,5.0,0.0,6.0,70.0,300.0,760.0,0.0,1460.0,2060.0,150.0,10.0,150.0,0.0,0.0,0.0,1.0,1.0,6.666666666666667,447.0,8.333333333333334,43450.0,7.666666666666667,3.0,2.0,3.3333333333333335,0.0,6.333333333333333,93.33333333333333,136.66666666666666,373.3333333333333,0.0,976.6666666666666,1456.6666666666667,116.66666666666667,40.0,56.666666666666664,0.0,83.33333333333333,158.33333333333334,0.6666666666666666,0.3333333333333333,3.055050463303893,327.75753233144775,2.0816659994661326,19021.483249210614,2.516611478423583,1.0,1.0,1.5275252316519468,0.0,3.5118845842842465,97.1253485622231,151.7673658377628,336.204302966713,0.0,457.6388678131845,523.0997355508157,57.735026918962575,51.96152422706632,80.82903768654761,0.0,144.33756729740642,274.24137786507225,0.5773502691896258,0.5773502691896258,6.0,4.0,10.0,2.0,-6.0,3.0,1
LRL_2026-01-23_5,20019678,LRL_2026-01-23_5_20019678,9.0,241.0,10.0,21000.0,8.0,5.0,5.0,4.0,0.0,9.0,220.0,170.0,420.0,0.0,1660.0,2235.0,50.0,100.0,50.0,0.0,50.0,10.0,1.0,0.0,4.666666666666667,103.66666666666667,9.0,17666.666666666668,7.0,3.0,2.6666666666666665,2.0,0.0,4.333333333333333,140.0,90.0,140.0,0.0,653.3333333333334,1205.0,66.66666666666667,86.66666666666667,66.66666666666667,0.0,250.0,113.33333333333333,1.0,0.0,3.7859388972001824,119.2741939118992,1.7320508075688772,2886.7513459481293,1.0,1.7320508075688772,2.0816659994661326,1.7320508075688772,0.0,4.041451884327381,85.44003745317531,85.44003745317531,242.4871130596428,0.0,873.2315462312005,892.9025702729274,28.867513459481287,70.94598884597588,28.867513459481287,0.0,304.138126514911,183.3257574192272,0.0,0.0,9.0,3.0,2.0,6.0,1.0,3.0,1
LRL_2026-01-23_5,21005461,LRL_2026-01-23_5_21005461,12.0,535.0,12.0,21000.0,6.0,4.0,11.0,0.0,0.0,12.0,70.0,540.0,0.0,0.0,1300.0,1750.0,100.0,200.0,0.0,0.0,0.0,0.0,1.0,0.0,8.0,236.33333333333334,9.0,19333.333333333332,5.333333333333333,4.666666666666667,6.333333333333333,0.0,0.0,7.666666666666667,150.0,303.3333333333333,0.0,0.0,953.3333333333334,1128.3333333333333,283.3333333333333,100.0,0.0,0.0,166.66666666666666,250.0,1.0,0.0,3.4641016151377544,262.8884427534488,2.6457513110645907,2886.7513459481283,2.081665999466133,1.1547005383792515,4.163331998932265,0.0,0.0,3.7859388972001824,75.49834435270749,207.9262689833426,0.0,0.0,308.27476921300797,576.9820909987877,275.3785273643051,86.60254037844386,0.0,0.0,152.75252316519467,350.0,0.0,0.0,12.0,6.0,6.0,6.0,0.0,3.0,1
LRL_2026-01-23_5,21010309,LRL_2026-01-23_5_21010309,4.0,157.0,8.0,21300.0,5.0,7.0,7.0,5.0,0.0,6.0,970.0,1660.0,650.0,0.0,900.0,550.0,500.0,250.0,10.0,0.0,350.0,10.0,1.0,0.0,4.333333333333333,154.0,8.666666666666666,19533.333333333332,4.333333333333333,6.0,6.666666666666667,5.666666666666667,0.0,7.0,823.3333333333334,1086.6666666666667,753.3333333333334,0.0,906.6666666666666,903.3333333333334,186.66666666666666,166.66666666666666,73.33333333333333,0.0,250.0,136.66666666666666,1.0,0.3333333333333333,0.5773502691896257,111.53026495081951,1.1547005383792517,3059.956426705016,2.081665999466133,1.0,0.5773502691896257,0.5773502691896257,0.0,1.0,236.9247419188915,499.0323970779185,223.68132093076824,0.0,290.0574655707612,461.1489274988432,272.0906711619003,104.08329997330664,109.6965511460289,0.0,86.60254037844386,166.30794729456957,0.0,0.5773502691896258,4.0,5.0,4.0,-1.0,1.0,3.0,1
LRL_2026-01-23_5,21000753,LRL_2026-01-23_5_21000753,3.0,209.0,5.0,48000.0,2.0,2.0,3.0,4.0,0.0,3.0,50.0,300.0,350.0,0.0,700.0,875.0,10.0,100.0,300.0,0.0,100.0,325.0,1.0,0.0,2.3333333333333335,128.0,6.0,30963.333333333332,1.6666666666666667,1.6666666666666667,2.0,2.0,0.0,2.3333333333333335,50.0,150.0,120.0,0.0,353.3333333333333,608.3333333333334,86.66666666666667,66.66666666666667,183.33333333333334,0.0,153.33333333333334,175.0,1.0,0.3333333333333333,1.1547005383792515,98.7471518576612,1.0,14754.634300223552,0.5773502691896258,0.5773502691896258,1.0,2.0,0.0,1.1547005383792515,50.0,150.0,199.24858845171275,0.0,350.0476158086687,528.1650625830274,100.16652800877813,28.867513459481287,160.7275126832159,0.0,176.16280348965083,129.9038105676658,0.0,0.5773502691896258,3.0,1.0,3.0,2.0,-2.0,3.0,1
LRL_2026-01-23_5,20009517,LRL_2026-01-23_5_20009517,4.0,24.0,9.0,20000.0,9.0,6.0,7.0,6.0,0.0,4.0,1060.0,770.0,1000.0,0.0,1300.0,1225.0,10.0,150.0,100.0,0.0,50.0,175.0,1.0,0.0,3.3333333333333335,21.333333333333332,7.666666666666667,24666.666666666668,7.333333333333333,3.6666666666666665,4.333333333333333,4.666666666666667,0.0,3.6666666666666665,556.6666666666666,440.0,570.0,0.0,766.6666666666666,793.3333333333334,23.333333333333332,83.33333333333333,36.666666666666664,0.0,150.0,308.3333333333333,1.0,0.0,1.1547005383792517,3.0550504633038935,1.1547005383792517,4163.331998932265,1.5275252316519465,2.5166114784235836,3.055050463303893,3.2145502536643185,0.0,1.5275252316519465,532.0087718575074,396.6106403010388,514.4900387762624,0.0,525.1983752196244,437.61665111525787,23.094010767585033,57.735026918962575,55.075705472861024,0.0,132.28756555322954,344.90336810958127,0.0,0.0,4.0,4.0,2.0,0.0,2.0,3.0,1
LRL_2026-01-23_5,21007664,LRL_2026-01-23_5_21007664,6.0,57.0,6.0,24000.0,2.0,1.0,1.0,2.0,0.0,5.0,0.0,0.0,100.0,0.0,750.0,3100.0,200.0,400.0,150.0,0.0,600.0,0.0,1.0,1.0,2.6666666666666665,74.33333333333333,6.666666666666667,19100.0,3.3333333333333335,1.0,1.0,1.3333333333333333,0.0,2.3333333333333335,0.0,0.0,33.333333333333336,0.0,250.0,1033.3333333333333,183.33333333333334,266.6666666666667,150.0,0.0,483.3333333333333,500.0,1.0,1.0,2.886751345948129,19.857828011475306,1.1547005383792517,6295.236294214857,2.3094010767585034,0.0,0.0,0.5773502691896257,0.0,2.3094010767585034,0.0,0.0,57.735026918962575,0.0,433.0127018922193,1789.78583448784,28.867513459481295,125.83057392117917,50.0,0.0,125.83057392117917,450.6939094329987,0.0,0.0,6.0,1.0,1.0,5.0,0.0,3.0,1
LRL_2026-01-23_6,21010127,LRL_2026-01-23_6_21010127,6.0,106.0,9.0,24550.0,9.0,6.0,6.0,0.0,0.0,6.0,560.0,650.0,0.0,0.0,710.0,1150.0,100.0,50.0,0.0,0.0,200.0,575.0,1.0,0.0,3.6666666666666665,61.666666666666664,8.0,23940.0,7.0,4.333333333333333,4.333333333333333,0.0,0.0,4.0,420.0,450.0,0.0,0.0,473.3333333333333,675.0,53.333333333333336,83.33333333333333,0.0,0.0,316.6666666666667,333.3333333333333,1.0,0.3333333333333333,2.0816659994661326,38.552993831002716,1.0,671.7886572427374,2.0,1.5275252316519465,1.5275252316519465,0.0,0.0,1.7320508075688772,157.1623364550171,200.0,0.0,0.0,251.06440076867398,413.06779104645767,45.09249752822894,57.735026918962575,0.0,0.0,104.08329997330664,280.9952550014561,0.0,0.5773502691896258,6.0,3.0,2.0,3.0,1.0,3.0,1
LRL_2026-01-23_6,20004544,LRL_2026-01-23_6_20004544,6.0,44.0,6.0,23520.0,3.0,6.0,6.0,0.0,0.0,6.0,420.0,420.0,0.0,0.0,910.0,1775.0,0.0,0.0,0.0,0.0,0.0,0.0,1.0,0.0,6.0,44.333333333333336,6.333333333333333,27120.0,4.333333333333333,3.0,3.6666666666666665,0.0,0.0,5.0,173.33333333333334,176.66666666666666,0.0,0.0,560.0,1136.6666666666667,6.666666666666667,103.33333333333333,0.0,0.0,66.66666666666667,300.0,1.0,0.3333333333333333,2.0,3.511884584284247,1.5275252316519465,3299.4545003682047,1.5275252316519465,2.6457513110645907,2.5166114784235836,0.0,0.0,3.605551275463989,219.3931022920578,217.7919496522618,0.0,0.0,490.0,701.8962411448956,5.773502691896258,170.39170558842744,0.0,0.0,115.47005383792515,519.6152422706632,0.0,0.5773502691896258,6.0,8.0,4.0,-2.0,4.0,3.0,1
LRL_2026-01-23_6,21003826,LRL_2026-01-23_6_21003826,6.0,56.0,8.0,26000.0,4.0,1.0,1.0,3.0,0.0,4.0,0.0,0.0,20.0,0.0,160.0,800.0,250.0,50.0,50.0,0.0,50.0,100.0,1.0,0.0,6.0,64.66666666666667,7.333333333333333,31666.666666666668,3.3333333333333335,3.0,3.3333333333333335,3.0,0.0,5.333333333333333,206.66666666666666,186.66666666666666,93.33333333333333,0.0,376.6666666666667,801.6666666666666,183.33333333333334,133.33333333333334,33.333333333333336,0.0,36.666666666666664,525.0,0.6666666666666666,0.0,1.0,38.7341365378568,1.1547005383792517,8144.527815247077,1.1547005383792517,2.0,2.5166114784235836,3.0,0.0,1.5275252316519468,233.5237318418266,162.89055630494155,144.68356276140472,0.0,205.993527406405,202.5051439675875,115.47005383792515,104.08329997330664,28.867513459481287,0.0,23.094010767585033,651.4407110397691,0.5773502691896258,0.0,6.0,5.0,7.0,1.0,-2.0,3.0,1
LRL_2026-01-23_6,21005837,LRL_2026-01-23_6_21005837,3.0,58.0,8.0,23390.0,6.0,1.0,1.0,0.0,0.0,1.0,0.0,0.0,0.0,0.0,0.0,200.0,100.0,400.0,0.0,0.0,150.0,425.0,1.0,1.0,3.6666666666666665,41.0,9.666666666666666,26390.0,5.0,6.333333333333333,5.333333333333333,0.0,0.0,5.0,410.0,443.3333333333333,0.0,0.0,380.0,291.6666666666667,100.0,186.66666666666666,0.0,0.0,136.66666666666666,233.33333333333334,0.3333333333333333,0.3333333333333333,2.0816659994661326,14.933184523068078,2.081665999466133,2602.402735934621,2.6457513110645907,4.725815626252609,3.7859388972001824,0.0,0.0,3.605551275463989,405.09258201058185,395.5165398985652,0.0,0.0,341.1744421846396,158.7713240271471,0.0,197.56855350316593,0.0,0.0,120.55427546683416,177.3649721149397,0.5773502691896258,0.5773502691896258,3.0,6.0,2.0,-3.0,4.0,3.0,1
LRL_2026-01-23_6,22010064,LRL_2026-01-23_6_22010064,2.0,45.0,9.0,24550.0,3.0,2.0,1.0,0.0,0.0,1.0,50.0,0.0,0.0,0.0,0.0,50.0,250.0,100.0,0.0,0.0,300.0,475.0,1.0,0.0,4.333333333333333,50.333333333333336,8.666666666666666,26830.0,2.6666666666666665,4.0,3.3333333333333335,0.0,0.0,3.6666666666666665,190.0,240.0,0.0,0.0,356.6666666666667,525.0,116.66666666666667,166.66666666666666,0.0,0.0,166.66666666666666,175.0,0.6666666666666666,0.0,4.041451884327381,10.115993936995677,0.5773502691896258,1975.7783276471073,1.5275252316519468,4.358898943540674,4.041451884327381,0.0,0.0,4.618802153517007,286.87976575562107,415.69219381653056,0.0,0.0,617.7647880328996,452.0785330006281,125.83057392117915,160.7275126832159,0.0,0.0,152.75252316519467,261.00766272276377,0.5773502691896258,0.0,2.0,2.0,9.0,0.0,-7.0,3.0,1
LRL_2026-01-23_6,22005591,LRL_2026-01-23_6_22005591,7.0,49.0,7.0,31850.0,5.0,2.0,5.0,0.0,0.0,7.0,250.0,310.0,0.0,0.0,1050.0,1505.0,10.0,50.0,0.0,0.0,0.0,0.0,1.0,1.0,4.333333333333333,270.0,7.666666666666667,55215.0,4.333333333333333,4.666666666666667,5.666666666666667,0.0,0.0,5.666666666666667,523.3333333333334,446.6666666666667,0.0,0.0,633.3333333333334,643.3333333333334,53.333333333333336,83.33333333333333,0.0,0.0,86.66666666666667,101.66666666666667,1.0,0.3333333333333333,3.055050463303893,339.57473404244905,1.1547005383792517,38797.13810321581,2.081665999466133,3.7859388972001824,3.0550504633038935,0.0,0.0,3.2145502536643185,553.2027958473577,374.21027956662726,0.0,0.0,520.4164998665332,775.8919598328966,83.86497083606082,104.08329997330664,0.0,0.0,141.53915830374763,171.7798979314324,0.0,0.5773502691896258,7.0,5.0,1.0,2.0,4.0,3.0,1
LRL_2026-01-23_6,22000564,LRL_2026-01-23_6_22000564,7.0,442.0,9.0,24550.0,6.0,5.0,5.0,0.0,0.0,9.0,360.0,550.0,0.0,0.0,1270.0,1725.0,200.0,100.0,0.0,0.0,0.0,500.0,1.0,0.0,5.0,213.0,8.0,23940.0,3.3333333333333335,5.666666666666667,5.666666666666667,0.0,0.0,6.666666666666667,523.3333333333334,800.0,0.0,0.0,1010.0,1066.6666666666667,83.33333333333333,36.666666666666664,0.0,0.0,33.333333333333336,416.6666666666667,1.0,0.3333333333333333,1.7320508075688772,199.1808223700264,1.0,671.7886572427374,2.516611478423583,1.1547005383792515,1.1547005383792515,0.0,0.0,2.081665999466133,249.06491790963523,217.94494717703367,0.0,0.0,282.1347195933177,573.5488935856588,104.08329997330664,55.075705472861024,0.0,0.0,28.867513459481287,76.37626158259734,0.0,0.5773502691896258,7.0,4.0,4.0,3.0,0.0,3.0,1
LRL_2026-01-23_6,22004844,LRL_2026-01-23_6_22004844,6.0,35.0,8.0,27900.0,5.0,2.0,2.0,0.0,0.0,3.0,100.0,350.0,0.0,0.0,350.0,900.0,50.0,10.0,0.0,0.0,100.0,300.0,1.0,0.0,3.3333333333333335,25.0,8.0,29440.0,7.0,2.6666666666666665,2.3333333333333335,0.0,0.0,2.3333333333333335,170.0,253.33333333333334,0.0,0.0,183.33333333333334,408.3333333333333,116.66666666666667,73.33333333333333,0.0,0.0,86.66666666666667,166.66666666666666,1.0,0.6666666666666666,2.516611478423583,10.0,2.0,4065.0092250817834,2.6457513110645907,1.1547005383792517,0.5773502691896257,0.0,0.0,1.1547005383792515,81.8535277187245,83.86497083606083,0.0,0.0,175.5942292142123,455.7502971291772,57.735026918962575,109.6965511460289,0.0,0.0,70.94598884597588,118.14539065631521,0.0,0.5773502691896258,6.0,1.0,3.0,5.0,-2.0,3.0,1
LRL_2026-01-23_6,22002328,LRL_2026-01-23_6_22002328,5.0,114.0,7.0,31850.0,3.0,7.0,6.0,0.0,0.0,6.0,630.0,360.0,0.0,0.0,550.0,355.0,0.0,10.0,0.0,0.0,500.0,550.0,1.0,1.0,3.3333333333333335,64.33333333333333,7.0,26760.0,3.6666666666666665,3.6666666666666665,4.0,0.0,0.0,3.6666666666666665,326.6666666666667,256.6666666666667,0.0,0.0,286.6666666666667,326.6666666666667,33.333333333333336,23.333333333333332,0.0,0.0,236.66666666666666,433.3333333333333,1.0,1.0,1.5275252316519468,51.05226080530943,1.0,4411.156310991484,3.0550504633038935,2.886751345948129,2.0,0.0,0.0,2.0816659994661326,263.8812864401971,89.62886439832502,0.0,0.0,232.4507116214819,27.537852736430512,28.867513459481287,23.094010767585033,0.0,0.0,247.04925284917041,292.97326385411577,0.0,0.0,5.0,2.0,3.0,3.0,-1.0,3.0,1
LRL_2026-01-23_6,21013073,LRL_2026-01-23_6_21013073,1.0,11.0,10.0,24720.0,5.0,1.0,1.0,0.0,0.0,1.0,0.0,0.0,0.0,0.0,0.0,0.0,150.0,250.0,0.0,0.0,300.0,400.0,1.0,0.0,2.3333333333333335,31.333333333333332,9.666666666666666,28756.666666666668,3.6666666666666665,4.333333333333333,4.0,0.0,0.0,3.3333333333333335,373.3333333333333,393.3333333333333,0.0,0.0,323.3333333333333,258.3333333333333,233.33333333333334,183.33333333333334,0.0,0.0,250.0,258.3333333333333,0.6666666666666666,0.0,1.5275252316519468,18.175074506954115,2.516611478423583,4401.889745703921,2.3094010767585034,3.0550504633038935,2.6457513110645907,0.0,0.0,2.516611478423583,380.17539811688675,380.7011076071796,0.0,0.0,399.5414037785488,226.84429314693665,144.33756729740642,115.47005383792515,0.0,0.0,86.60254037844386,184.27786989579985,0.5773502691896258,0.0,1.0,4.0,2.0,-3.0,2.0,3.0,1
LRL_2026-01-23_6,21003092,LRL_2026-01-23_6_21003092,9.0,961.0,9.0,19910.0,7.0,6.0,9.0,0.0,0.0,9.0,510.0,870.0,0.0,0.0,1460.0,3325.0,10.0,0.0,0.0,0.0,0.0,0.0,1.0,1.0,7.0,799.0,8.666666666666666,22616.666666666668,6.666666666666667,5.0,5.666666666666667,0.0,0.0,6.0,423.3333333333333,710.0,0.0,0.0,953.3333333333334,2058.3333333333335,10.0,50.0,0.0,0.0,116.66666666666667,125.0,1.0,0.6666666666666666,2.6457513110645907,179.51880124376945,0.5773502691896255,2414.732559380714,1.5275252316519465,1.7320508075688772,3.5118845842842465,0.0,0.0,2.6457513110645907,109.6965511460289,547.8138369920935,0.0,0.0,463.7168676394394,1357.6941236277535,0.0,50.0,0.0,0.0,104.08329997330664,139.19410907075056,0.0,0.5773502691896258,9.0,8.0,4.0,1.0,4.0,3.0,1
LRL_2026-01-23_7,21019098,LRL_2026-01-23_7_21019098,4.0,191.0,6.0,40885.0,3.0,2.0,2.0,3.0,0.0,5.0,200.0,200.0,410.0,0.0,1150.0,3350.0,10.0,50.0,150.0,0.0,1500.0,1850.0,1.0,0.0,6.0,169.66666666666666,8.0,45343.333333333336,5.666666666666667,5.333333333333333,5.333333333333333,1.0,0.0,7.333333333333333,410.0,576.6666666666666,136.66666666666666,0.0,1096.6666666666667,2111.6666666666665,120.0,53.333333333333336,50.0,0.0,600.0,658.3333333333334,0.6666666666666666,0.0,2.0,118.44970803397251,2.0,8898.755999201987,3.785938897200183,2.886751345948129,2.886751345948129,1.7320508075688772,0.0,2.081665999466133,210.0,356.97805721547275,236.71361036774658,0.0,147.4222959166399,1404.8695075818725,121.2435565298214,45.09249752822895,86.60254037844386,0.0,793.7253933193772,1033.9044120871781,0.5773502691896258,0.0,4.0,8.0,6.0,-4.0,2.0,3.0,1
LRL_2026-01-23_7,20020171,LRL_2026-01-23_7_20020171,1.0,10.0,8.0,32610.0,3.0,3.0,2.0,0.0,0.0,2.0,650.0,350.0,0.0,0.0,50.0,0.0,10.0,100.0,0.0,0.0,250.0,225.0,1.0,0.0,1.0,22.333333333333332,8.0,30195.0,2.6666666666666665,3.3333333333333335,2.6666666666666665,0.0,0.0,2.0,470.0,300.0,0.0,0.0,36.666666666666664,0.0,136.66666666666666,216.66666666666666,0.0,0.0,233.33333333333334,133.33333333333334,1.0,0.0,0.0,15.69500982265807,0.0,2543.5064379710147,0.5773502691896258,1.5275252316519465,1.1547005383792517,0.0,0.0,0.0,320.4684071792413,50.0,0.0,0.0,23.094010767585033,0.0,148.43629385474878,160.7275126832159,0.0,0.0,76.37626158259734,80.36375634160797,0.0,0.0,1.0,1.0,1.0,0.0,0.0,3.0,1
LRL_2026-01-23_7,21002408,LRL_2026-01-23_7_21002408,6.0,18.0,10.0,32000.0,2.0,5.0,6.0,0.0,0.0,6.0,160.0,470.0,0.0,0.0,1000.0,1060.0,50.0,10.0,0.0,0.0,100.0,550.0,1.0,1.0,4.0,31.666666666666668,9.333333333333334,42776.666666666664,4.333333333333333,4.666666666666667,5.333333333333333,0.0,0.0,4.666666666666667,243.33333333333334,506.6666666666667,0.0,0.0,653.3333333333334,531.6666666666666,133.33333333333334,120.0,0.0,0.0,183.33333333333334,335.0,0.6666666666666666,0.3333333333333333,1.7320508075688772,15.176736583776282,2.0816659994661326,11870.325746723775,3.2145502536643185,2.516611478423583,2.081665999466133,0.0,0.0,1.5275252316519465,284.31203515386636,128.97028081435403,0.0,0.0,310.6981386061612,502.4025610338121,76.37626158259734,98.48857801796105,0.0,0.0,76.37626158259734,290.1292815280802,0.5773502691896258,0.5773502691896258,6.0,3.0,3.0,3.0,0.0,3.0,1
LRL_2026-01-23_7,21013533,LRL_2026-01-23_7_21013533,9.0,323.0,9.0,34000.0,4.0,3.0,2.0,0.0,0.0,7.0,150.0,100.0,0.0,0.0,560.0,1775.0,500.0,50.0,0.0,0.0,10.0,0.0,1.0,0.0,4.666666666666667,159.66666666666666,8.333333333333334,33900.0,4.333333333333333,1.6666666666666667,1.3333333333333333,0.3333333333333333,0.0,4.0,50.0,33.333333333333336,0.0,0.0,273.3333333333333,770.0,250.0,100.0,16.666666666666668,0.0,120.0,233.33333333333334,1.0,0.0,4.041451884327381,159.177050272121,0.5773502691896258,2151.7434791350015,3.511884584284246,1.1547005383792517,0.5773502691896257,0.5773502691896258,0.0,3.0,86.60254037844386,57.735026918962575,0.0,0.0,280.2379940931161,910.5355566917747,217.94494717703367,50.0,28.867513459481287,0.0,157.1623364550171,215.5419526062927,0.0,0.0,9.0,4.0,1.0,5.0,3.0,3.0,1
LRL_2026-01-23_7,21019628,LRL_2026-01-23_7_21019628,4.0,14.0,8.0,25020.0,5.0,3.0,2.0,0.0,0.0,2.0,60.0,10.0,0.0,0.0,150.0,350.0,100.0,100.0,0.0,0.0,200.0,350.0,1.0,1.0,5.0,62.666666666666664,8.333333333333334,34985.0,6.666666666666667,2.3333333333333335,2.3333333333333335,0.0,0.0,3.6666666666666665,56.666666666666664,56.666666666666664,0.0,0.0,340.0,578.3333333333334,83.33333333333333,150.0,0.0,0.0,120.0,333.3333333333333,1.0,0.3333333333333333,3.605551275463989,47.54296302643887,0.5773502691896255,12858.634258738368,1.5275252316519465,1.1547005383792515,1.5275252316519465,0.0,0.0,3.785938897200183,55.07570547286102,89.62886439832502,0.0,0.0,465.0806381693394,624.6265550977907,28.867513459481287,86.60254037844386,0.0,0.0,98.48857801796105,325.3203549323856,0.0,0.5773502691896258,4.0,2.0,9.0,2.0,-7.0,3.0,1
LRL_2026-01-23_7,19000681,LRL_2026-01-23_7_19000681,4.0,150.0,6.0,40885.0,6.0,6.0,6.0,0.0,0.0,6.0,850.0,800.0,0.0,0.0,660.0,775.0,0.0,0.0,0.0,0.0,0.0,50.0,1.0,0.0,7.333333333333333,501.0,8.0,56595.0,5.333333333333333,5.0,6.0,2.6666666666666665,0.0,7.333333333333333,503.3333333333333,590.0,290.0,0.0,1143.3333333333333,1498.3333333333333,133.33333333333334,100.0,233.33333333333334,0.0,100.0,16.666666666666668,1.0,0.0,2.886751345948129,416.34240716026034,1.7320508075688772,17216.43328334879,1.1547005383792515,2.6457513110645907,1.0,4.618802153517007,0.0,1.1547005383792517,410.52811515575075,220.68076490713912,502.2947341949744,0.0,439.8105652816146,626.744232788251,189.29694486000912,100.0,404.145188432738,0.0,132.28756555322954,28.867513459481287,0.0,0.0,4.0,9.0,9.0,-5.0,0.0,3.0,1
LRL_2026-01-23_7,20007029,LRL_2026-01-23_7_20007029,5.0,31.0,6.0,40885.0,5.0,5.0,5.0,0.0,0.0,5.0,300.0,400.0,0.0,0.0,650.0,825.0,550.0,400.0,0.0,0.0,10.0,75.0,1.0,0.0,4.0,75.0,6.666666666666667,50090.0,3.0,3.0,3.3333333333333335,0.0,0.0,4.0,216.66666666666666,300.0,0.0,0.0,503.3333333333333,858.3333333333334,220.0,200.0,0.0,0.0,186.66666666666666,183.33333333333334,1.0,0.0,1.0,40.26164427839479,1.1547005383792515,8022.12721165652,1.7320508075688772,1.7320508075688772,1.5275252316519468,0.0,0.0,1.0,104.08329997330664,100.0,0.0,0.0,145.0287327853806,104.08329997330662,289.30952282978865,173.20508075688772,0.0,0.0,155.0268793897798,187.63883748662838,0.0,0.0,5.0,4.0,3.0,1.0,1.0,3.0,1
LRL_2026-01-23_7,22008533,LRL_2026-01-23_7_22008533,1.0,74.0,7.0,32800.0,6.0,3.0,1.0,0.0,0.0,1.0,150.0,0.0,0.0,0.0,0.0,0.0,100.0,10.0,0.0,0.0,100.0,150.0,1.0,0.0,1.0,36.0,8.0,34744.666666666664,4.333333333333333,3.3333333333333335,2.3333333333333335,0.0,0.0,1.0,253.33333333333334,116.66666666666667,0.0,0.0,0.0,0.0,116.66666666666667,70.0,0.0,0.0,100.0,250.0,1.0,0.0,0.0,33.8673884437522,2.6457513110645907,11010.561172498583,2.886751345948129,0.5773502691896257,1.1547005383792515,0.0,0.0,0.0,137.96134724383253,104.08329997330664,0.0,0.0,0.0,0.0,76.37626158259734,51.96152422706632,0.0,0.0,50.0,132.28756555322954,0.0,0.0,1.0,1.0,1.0,0.0,0.0,3.0,1
LRL_2026-01-23_7,22011173,LRL_2026-01-23_7_22011173,7.0,13.0,7.0,43000.0,4.0,3.0,3.0,0.0,0.0,5.0,20.0,20.0,0.0,0.0,260.0,1250.0,150.0,50.0,0.0,0.0,150.0,0.0,1.0,0.0,5.0,21.0,8.0,48970.0,5.333333333333333,2.6666666666666665,2.3333333333333335,0.0,0.0,3.6666666666666665,190.0,60.0,0.0,0.0,273.3333333333333,826.6666666666666,70.0,83.33333333333333,0.0,0.0,70.0,100.0,1.0,0.0,3.4641016151377544,13.0,1.0,5955.05667479328,1.5275252316519465,1.5275252316519465,1.1547005383792517,0.0,0.0,2.3094010767585034,311.92947920964446,87.17797887081348,0.0,0.0,280.2379940931161,715.9841711471933,72.11102550927978,57.735026918962575,0.0,0.0,72.11102550927978,100.0,0.0,0.0,7.0,7.0,1.0,0.0,6.0,3.0,1
LRL_2026-01-23_8,21014801,LRL_2026-01-23_8_21014801,1.0,34.0,7.0,44100.0,6.0,2.0,2.0,1.0,0.0,1.0,50.0,50.0,0.0,0.0,0.0,0.0,150.0,300.0,200.0,0.0,300.0,275.0,1.0,1.0,2.3333333333333335,44.0,7.0,36016.666666666664,5.0,3.3333333333333335,3.0,0.3333333333333333,0.0,2.3333333333333335,173.33333333333334,303.3333333333333,0.0,0.0,270.0,225.0,66.66666666666667,250.0,66.66666666666667,0.0,383.3333333333333,508.3333333333333,1.0,0.3333333333333333,2.3094010767585034,22.715633383201094,0.0,7154.078091084366,1.7320508075688772,3.214550253664318,2.6457513110645907,0.5773502691896258,0.0,2.3094010767585034,258.1343319539912,482.7352621606726,0.0,0.0,467.6537180435969,389.7114317029974,76.37626158259734,50.0,115.47005383792515,0.0,144.33756729740645,361.7089069035118,0.0,0.5773502691896258,1.0,5.0,1.0,-4.0,4.0,3.0,1
LRL_2026-01-23_8,21008169,LRL_2026-01-23_8_21008169,4.0,95.0,7.0,53910.0,4.0,5.0,5.0,0.0,0.0,4.0,650.0,610.0,0.0,0.0,510.0,525.0,150.0,50.0,0.0,0.0,100.0,5.0,1.0,0.0,2.3333333333333335,57.333333333333336,6.333333333333333,50136.666666666664,4.0,2.6666666666666665,2.6666666666666665,1.3333333333333333,0.0,2.3333333333333335,283.3333333333333,253.33333333333334,50.0,0.0,270.0,383.3333333333333,200.0,150.0,166.66666666666666,0.0,216.66666666666666,293.3333333333333,0.6666666666666666,0.6666666666666666,1.5275252316519468,36.555893277737496,1.1547005383792515,3277.3515730439008,1.0,2.0816659994661326,2.0816659994661326,1.1547005383792517,0.0,1.5275252316519468,332.91640592396965,317.8574103797697,50.0,0.0,256.3201123595259,335.7206179747281,86.60254037844386,86.60254037844386,144.33756729740642,0.0,246.6441431158124,285.0584735336477,0.5773502691896258,0.5773502691896258,4.0,1.0,2.0,3.0,-1.0,3.0,1
LRL_2026-01-23_8,22018268,LRL_2026-01-23_8_22018268,1.0,43.0,8.0,49410.0,5.0,2.0,1.0,0.0,0.0,1.0,100.0,0.0,0.0,0.0,0.0,0.0,200.0,300.0,0.0,0.0,550.0,850.0,1.0,0.0,3.3333333333333335,48.0,7.333333333333333,74803.33333333333,2.6666666666666665,4.333333333333333,4.0,2.3333333333333335,0.0,3.3333333333333335,256.6666666666667,213.33333333333334,153.33333333333334,0.0,353.3333333333333,325.0,133.33333333333334,150.0,3.3333333333333335,0.0,236.66666666666666,395.0,0.3333333333333333,0.3333333333333333,3.2145502536643185,11.357816691600547,1.1547005383792517,21991.271753432848,2.0816659994661326,3.2145502536643185,3.605551275463989,4.041451884327381,0.0,3.2145502536643185,191.3983629327412,318.9566323708183,265.5811238272278,0.0,414.76901202155074,303.10889132455355,115.47005383792515,150.0,5.773502691896257,0.0,280.237994093116,424.35244785437493,0.5773502691896258,0.5773502691896258,1.0,2.0,7.0,-1.0,-5.0,3.0,1
LRL_2026-01-23_8,22004800,LRL_2026-01-23_8_22004800,5.0,10.0,5.0,100000.0,2.0,1.0,1.0,3.0,0.0,4.0,0.0,0.0,20.0,0.0,500.0,1375.0,10.0,10.0,200.0,0.0,150.0,0.0,1.0,0.0,4.0,12.333333333333334,6.666666666666667,100000.0,4.0,1.6666666666666667,3.0,1.0,0.0,3.6666666666666665,50.0,223.33333333333334,6.666666666666667,0.0,286.6666666666667,736.6666666666666,53.333333333333336,86.66666666666667,66.66666666666667,0.0,300.0,316.6666666666667,1.0,0.0,2.6457513110645907,7.76745346515403,1.5275252316519465,0.0,2.0,0.5773502691896257,2.6457513110645907,1.7320508075688772,0.0,2.5166114784235836,50.0,378.1974792794544,11.547005383792516,0.0,257.94056162870805,692.7541651504763,45.09249752822895,70.94598884597588,115.47005383792515,0.0,150.0,291.9046648022832,0.0,0.0,5.0,6.0,1.0,-1.0,5.0,3.0,1
LRL_2026-01-23_8,22000284,LRL_2026-01-23_8_22000284,2.0,27.0,6.0,48000.0,5.0,3.0,2.0,3.0,0.0,4.0,150.0,100.0,110.0,0.0,210.0,400.0,100.0,100.0,50.0,0.0,50.0,100.0,1.0,1.0,3.0,65.33333333333333,8.0,52606.666666666664,5.666666666666667,6.333333333333333,5.333333333333333,1.0,0.0,5.0,610.0,413.3333333333333,36.666666666666664,0.0,363.3333333333333,251.66666666666666,36.666666666666664,283.3333333333333,16.666666666666668,0.0,70.0,133.33333333333334,1.0,0.3333333333333333,1.0,33.23151115031234,1.7320508075688772,3989.490360100315,2.081665999466133,3.0550504633038935,3.0550504633038935,1.7320508075688772,0.0,1.0,616.1168720299745,277.90885796126275,63.50852961085884,0.0,185.8314648635514,161.27099346545035,55.075705472861024,202.07259421636903,28.867513459481287,0.0,72.11102550927978,57.735026918962575,0.0,0.5773502691896258,2.0,3.0,4.0,-1.0,-1.0,3.0,1
LRL_2026-01-23_8,22007040,LRL_2026-01-23_8_22007040,3.0,14.0,7.0,49300.0,4.0,2.0,1.0,1.0,0.0,3.0,50.0,0.0,0.0,0.0,60.0,275.0,10.0,10.0,50.0,0.0,150.0,10.0,1.0,0.0,2.3333333333333335,139.0,9.0,59833.333333333336,6.333333333333333,2.3333333333333335,2.0,1.0,0.0,2.3333333333333335,136.66666666666666,70.0,0.0,0.0,73.33333333333333,191.66666666666666,53.333333333333336,53.333333333333336,83.33333333333333,0.0,133.33333333333334,170.0,1.0,0.3333333333333333,1.1547005383792517,201.9628678742704,1.7320508075688772,17470.64204124546,3.214550253664318,1.5275252316519468,1.7320508075688772,0.0,0.0,0.5773502691896258,195.021366350801,121.2435565298214,0.0,0.0,70.94598884597588,166.45820296198482,45.09249752822894,45.09249752822895,28.867513459481287,0.0,28.867513459481287,186.61457606521523,0.0,0.5773502691896258,3.0,3.0,1.0,0.0,2.0,3.0,1
LRL_2026-01-23_8,20011779,LRL_2026-01-23_8_20011779,3.0,134.0,7.0,53910.0,3.0,3.0,3.0,0.0,0.0,3.0,300.0,60.0,0.0,0.0,160.0,300.0,200.0,200.0,0.0,0.0,350.0,225.0,1.0,0.0,6.333333333333333,172.0,8.666666666666666,47988.333333333336,2.3333333333333335,6.666666666666667,6.666666666666667,3.3333333333333335,0.0,5.666666666666667,485.0,245.0,0.0,0.0,210.0,355.0,200.0,250.0,0.0,0.0,225.0,350.0,1.0,0.3333333333333333,3.5118845842842465,110.99099062536563,1.5275252316519468,7872.125401270824,0.5773502691896258,3.5118845842842465,3.5118845842842465,5.773502691896258,0.0,3.7859388972001824,261.6295090390226,261.6295090390226,0.0,0.0,70.71067811865476,77.78174593052023,0.0,70.71067811865476,0.0,0.0,176.7766952966369,176.7766952966369,0.0,0.5773502691896258,3.0,10.0,6.0,-7.0,4.0,3.0,1
LRL_2026-01-23_8,22013858,LRL_2026-01-23_8_22013858,4.0,86.0,9.0,54910.0,3.0,6.0,4.0,0.0,0.0,3.0,750.0,310.0,0.0,0.0,300.0,180.0,50.0,150.0,0.0,0.0,10.0,125.0,1.0,0.0,2.6666666666666665,52.333333333333336,8.0,52743.333333333336,4.666666666666667,4.0,3.0,0.0,0.0,2.3333333333333335,293.3333333333333,190.0,0.0,0.0,120.0,126.66666666666667,70.0,216.66666666666666,0.0,0.0,70.0,183.33333333333334,1.0,0.0,1.5275252316519465,38.7341365378568,1.7320508075688772,3752.7767497325685,3.7859388972001824,2.0,1.0,0.0,0.0,1.1547005383792517,399.2910383834495,108.16653826391968,0.0,0.0,158.74507866387543,110.15141094572203,72.11102550927978,160.7275126832159,0.0,0.0,51.96152422706632,146.48663192705789,0.0,0.0,4.0,3.0,1.0,1.0,2.0,3.0,1
LRL_2026-01-23_8,21014434,LRL_2026-01-23_8_21014434,2.0,20.0,6.0,49000.0,1.0,4.0,4.0,3.0,0.0,2.0,210.0,160.0,300.0,0.0,200.0,300.0,150.0,100.0,100.0,0.0,250.0,750.0,1.0,0.0,3.0,19.0,6.333333333333333,36333.333333333336,2.6666666666666665,4.0,3.6666666666666665,4.0,0.0,3.0,243.33333333333334,190.0,340.0,0.0,336.6666666666667,391.6666666666667,133.33333333333334,203.33333333333334,166.66666666666666,0.0,216.66666666666666,416.6666666666667,1.0,0.6666666666666666,1.0,2.6457513110645907,0.5773502691896257,10969.65511460289,2.886751345948129,0.0,1.5275252316519468,1.0,0.0,1.0,104.08329997330664,60.8276253029822,202.9778313018444,0.0,236.71361036774658,101.0362971081845,28.867513459481295,260.83200212652844,115.47005383792515,0.0,104.08329997330664,289.75564417856185,0.0,0.5773502691896258,2.0,4.0,3.0,-2.0,1.0,3.0,1
LRL_2026-01-23_9,20019950,LRL_2026-01-23_9_20019950,5.0,9.0,8.0,50000.0,6.0,1.0,1.0,1.0,0.0,5.0,0.0,0.0,0.0,0.0,950.0,1450.0,50.0,50.0,50.0,0.0,100.0,25.0,1.0,0.0,2.3333333333333335,22.333333333333332,6.666666666666667,44000.0,4.666666666666667,2.0,1.6666666666666667,0.6666666666666666,0.0,2.3333333333333335,86.66666666666667,100.0,0.0,0.0,316.6666666666667,483.3333333333333,83.33333333333333,66.66666666666667,50.0,0.0,183.33333333333334,116.66666666666667,1.0,0.3333333333333333,2.3094010767585034,11.930353445448855,1.5275252316519468,10392.304845413264,3.2145502536643185,1.0,0.5773502691896257,0.5773502691896258,0.0,2.3094010767585034,102.63202878893769,100.0,0.0,0.0,548.4827557301445,837.1578903249574,57.735026918962575,28.867513459481287,50.0,0.0,189.29694486000912,87.79711460710617,0.0,0.5773502691896258,5.0,1.0,1.0,4.0,0.0,3.0,1
LRL_2026-01-23_9,22016308,LRL_2026-01-23_9_22016308,1.0,43.0,6.0,33150.0,1.0,4.0,3.0,0.0,0.0,1.0,820.0,510.0,0.0,0.0,0.0,0.0,10.0,50.0,0.0,0.0,10.0,225.0,1.0,0.0,1.3333333333333333,34.333333333333336,7.0,28523.333333333332,3.0,3.6666666666666665,3.0,1.0,0.0,1.3333333333333333,443.3333333333333,340.0,120.0,0.0,100.0,200.0,70.0,116.66666666666667,66.66666666666667,0.0,86.66666666666667,333.3333333333333,1.0,0.0,0.5773502691896257,7.76745346515403,1.7320508075688772,4006.9231753720123,3.4641016151377544,0.5773502691896257,0.0,1.7320508075688772,0.0,0.5773502691896257,329.292170167062,180.83141320025123,207.84609690826528,0.0,173.20508075688772,346.41016151377545,72.11102550927978,115.47005383792515,115.47005383792515,0.0,100.16652800877813,302.4207885270676,0.0,0.0,1.0,2.0,1.0,-1.0,1.0,3.0,1
LRL_2026-01-23_9,20019378,LRL_2026-01-23_9_20019378,5.0,20.0,8.0,49000.0,8.0,8.0,8.0,0.0,0.0,6.0,1170.0,1120.0,0.0,0.0,700.0,185.0,0.0,0.0,0.0,0.0,250.0,150.0,1.0,0.0,3.6666666666666665,22.666666666666668,7.666666666666667,48833.333333333336,6.0,7.0,5.666666666666667,0.0,0.0,3.6666666666666665,696.6666666666666,593.3333333333334,0.0,0.0,370.0,220.0,100.0,53.333333333333336,0.0,0.0,216.66666666666666,375.0,1.0,0.6666666666666666,1.5275252316519465,2.309401076758503,1.5275252316519465,763.7626158259725,2.6457513110645907,1.7320508075688772,2.516611478423583,0.0,0.0,2.0816659994661326,436.5012409298894,456.54499595695205,0.0,0.0,289.30952282978865,48.218253804964775,100.0,83.86497083606082,0.0,0.0,28.867513459481287,307.2051431861127,0.0,0.5773502691896258,5.0,4.0,2.0,1.0,2.0,3.0,1
LRL_2026-01-23_9,22017700,LRL_2026-01-23_9_22017700,5.0,44.0,6.0,48000.0,2.0,4.0,5.0,0.0,0.0,5.0,210.0,510.0,0.0,0.0,710.0,925.0,100.0,100.0,0.0,0.0,200.0,475.0,1.0,1.0,3.0,50.0,7.666666666666667,51126.666666666664,3.0,3.0,5.333333333333333,0.0,0.0,4.333333333333333,220.0,333.3333333333333,0.0,0.0,446.6666666666667,483.3333333333333,40.0,250.0,0.0,0.0,183.33333333333334,200.0,1.0,1.0,2.0,18.734993995195193,1.5275252316519465,4184.272139014543,1.0,1.0,1.5275252316519465,0.0,0.0,2.0816659994661326,125.29964086141668,170.39170558842744,0.0,0.0,380.83242158898884,463.90552199055935,51.96152422706632,132.28756555322954,0.0,0.0,28.867513459481295,241.09126902482387,0.0,0.0,5.0,3.0,1.0,2.0,2.0,3.0,1
LRL_2026-01-23_9,22006485,LRL_2026-01-23_9_22006485,3.0,94.0,8.0,49000.0,1.0,5.0,5.0,0.0,0.0,3.0,620.0,420.0,0.0,0.0,350.0,60.0,300.0,400.0,0.0,0.0,50.0,100.0,1.0,0.0,1.6666666666666667,50.333333333333336,7.333333333333333,33876.666666666664,3.6666666666666665,4.0,3.6666666666666665,0.0,0.0,2.0,343.3333333333333,226.66666666666666,0.0,0.0,120.0,20.0,166.66666666666666,250.0,0.0,0.0,70.0,91.66666666666667,1.0,0.6666666666666666,1.1547005383792517,41.66933324800546,0.5773502691896257,13176.66245045889,3.0550504633038935,1.0,1.5275252316519468,0.0,0.0,1.0,257.7466456296441,185.56220879622373,0.0,0.0,199.24858845171275,34.64101615137755,115.47005383792515,132.28756555322954,0.0,0.0,72.11102550927978,14.433756729740647,0.0,0.5773502691896258,3.0,1.0,1.0,2.0,0.0,3.0,1
LRL_2026-01-23_9,21009515,LRL_2026-01-23_9_21009515,2.0,39.0,8.0,49000.0,7.0,2.0,1.0,0.0,0.0,1.0,10.0,0.0,0.0,0.0,0.0,50.0,350.0,10.0,0.0,0.0,150.0,10.0,1.0,0.0,3.0,47.666666666666664,8.333333333333334,49166.666666666664,5.333333333333333,2.6666666666666665,2.6666666666666665,0.0,0.0,2.3333333333333335,60.0,103.33333333333333,0.0,0.0,170.0,258.3333333333333,283.3333333333333,136.66666666666666,0.0,0.0,136.66666666666666,311.6666666666667,1.0,0.6666666666666666,1.7320508075688772,8.504900548115382,0.5773502691896258,288.67513459481233,2.886751345948129,1.1547005383792515,2.0816659994661326,0.0,0.0,1.5275252316519468,86.60254037844386,137.9613472438325,0.0,0.0,252.38858928247924,318.5252475602732,57.735026918962575,185.83146486355136,0.0,0.0,120.55427546683417,268.62303202319293,0.0,0.5773502691896258,2.0,5.0,2.0,-3.0,3.0,3.0,1
LRL_2026-01-23_9,21010862,LRL_2026-01-23_9_21010862,6.0,56.0,7.0,53910.0,6.0,7.0,7.0,0.0,0.0,6.0,950.0,1010.0,0.0,0.0,810.0,630.0,0.0,0.0,0.0,0.0,600.0,2625.0,1.0,0.0,4.333333333333333,186.0,6.333333333333333,67303.33333333333,5.0,6.0,5.666666666666667,2.3333333333333335,0.0,5.333333333333333,806.6666666666666,873.3333333333334,383.3333333333333,0.0,673.3333333333334,860.0,50.0,83.33333333333333,70.0,0.0,1066.6666666666667,900.0,1.0,0.0,1.5275252316519465,235.63531144546226,0.5773502691896257,28469.914529786238,1.7320508075688772,1.0,1.5275252316519465,2.5166114784235836,0.0,0.5773502691896257,490.9514572066503,567.479808745063,579.5112883571237,0.0,364.7373484212075,515.0728103870365,86.60254037844386,144.33756729740642,112.69427669584645,0.0,808.290376865476,1493.9461168328662,0.0,0.0,6.0,3.0,4.0,3.0,-1.0,3.0,1
LRL_2026-01-23_10,22002577,LRL_2026-01-23_10_22002577,6.0,634.0,7.0,27760.0,1.0,4.0,4.0,0.0,0.0,5.0,210.0,350.0,0.0,0.0,760.0,1075.0,10.0,150.0,0.0,0.0,50.0,600.0,1.0,0.0,4.0,262.0,7.0,24106.666666666668,4.666666666666667,2.6666666666666665,2.6666666666666665,0.0,0.0,4.0,103.33333333333333,136.66666666666666,0.0,0.0,440.0,708.3333333333334,170.0,120.0,0.0,0.0,83.33333333333333,208.33333333333334,1.0,0.3333333333333333,2.6457513110645907,322.1754180566854,2.0,3412.9947748763598,3.511884584284246,1.1547005383792515,1.1547005383792515,0.0,0.0,1.7320508075688772,92.37604307034013,185.8314648635514,0.0,0.0,306.10455730027934,613.5620044733322,147.30919862656236,98.48857801796105,0.0,0.0,104.08329997330664,339.42353090693837,0.0,0.5773502691896258,6.0,5.0,1.0,1.0,4.0,3.0,1
LRL_2026-01-23_10,22011518,LRL_2026-01-23_10_22011518,3.0,164.0,8.0,24050.0,2.0,3.0,4.0,0.0,0.0,4.0,200.0,360.0,0.0,0.0,510.0,1000.0,100.0,150.0,0.0,0.0,50.0,100.0,1.0,0.0,1.6666666666666667,59.0,6.666666666666667,22553.333333333332,3.0,1.6666666666666667,2.0,0.0,0.0,2.3333333333333335,66.66666666666667,120.0,0.0,0.0,173.33333333333334,333.3333333333333,40.0,56.666666666666664,0.0,0.0,283.3333333333333,266.6666666666667,1.0,0.3333333333333333,1.1547005383792517,91.09884741312592,1.5275252316519465,3089.9892124946546,1.0,1.1547005383792517,1.7320508075688772,0.0,0.0,1.5275252316519468,115.47005383792515,207.84609690826528,0.0,0.0,291.6047553338822,577.3502691896257,51.96152422706632,80.82903768654761,0.0,0.0,202.07259421636903,332.91640592396965,0.0,0.5773502691896258,3.0,1.0,1.0,2.0,0.0,3.0,1
LRL_2026-01-23_10,22004906,LRL_2026-01-23_10_22004906,6.0,84.0,7.0,22560.0,2.0,3.0,4.0,5.0,0.0,6.0,250.0,210.0,550.0,0.0,810.0,1430.0,10.0,10.0,250.0,0.0,800.0,2275.0,1.0,0.0,6.0,59.666666666666664,8.333333333333334,24106.666666666668,4.0,6.333333333333333,5.333333333333333,1.6666666666666667,0.0,6.0,646.6666666666666,596.6666666666666,183.33333333333334,0.0,806.6666666666666,853.3333333333334,86.66666666666667,70.0,83.33333333333333,0.0,316.6666666666667,975.0,1.0,0.3333333333333333,0.0,23.544284515213736,1.1547005383792515,1665.6029939134155,2.0,2.886751345948129,2.309401076758503,2.886751345948129,0.0,1.0,619.058424814115,626.9237061503842,317.54264805429415,0.0,155.0268793897798,499.8082965831333,70.94598884597588,51.96152422706632,144.33756729740642,0.0,419.3248541803041,1139.352886510584,0.0,0.5773502691896258,6.0,6.0,6.0,0.0,0.0,3.0,1
LRL_2026-01-23_10,22018661,LRL_2026-01-23_10_22018661,5.0,7.0,5.0,22000.0,1.0,3.0,3.0,0.0,0.0,4.0,300.0,300.0,0.0,0.0,800.0,1360.0,200.0,300.0,0.0,0.0,200.0,0.0,1.0,0.0,4.666666666666667,32.666666666666664,7.666666666666667,17666.666666666668,4.0,3.6666666666666665,3.6666666666666665,0.0,0.0,3.6666666666666665,290.0,353.3333333333333,0.0,0.0,486.6666666666667,881.6666666666666,150.0,216.66666666666666,0.0,0.0,183.33333333333334,225.0,0.6666666666666666,0.0,3.511884584284246,23.79775899813538,2.516611478423583,3785.9388972001825,2.6457513110645907,3.055050463303893,3.055050463303893,0.0,0.0,2.516611478423583,285.13154858766507,382.7967258654824,0.0,0.0,427.23919920032307,764.4660445914739,50.0,76.37626158259734,0.0,0.0,125.83057392117915,389.7114317029974,0.5773502691896258,0.0,5.0,1.0,8.0,4.0,-7.0,3.0,1
LRL_2026-01-23_10,22018608,LRL_2026-01-23_10_22018608,6.0,383.0,8.0,26000.0,5.0,5.0,7.0,0.0,0.0,7.0,220.0,610.0,0.0,0.0,950.0,2050.0,100.0,250.0,0.0,0.0,200.0,2500.0,1.0,0.0,5.666666666666667,240.33333333333334,8.666666666666666,25253.333333333332,3.3333333333333335,3.6666666666666665,5.333333333333333,0.0,0.0,5.666666666666667,310.0,593.3333333333334,0.0,0.0,700.0,1073.3333333333333,136.66666666666666,133.33333333333334,0.0,0.0,103.33333333333333,908.3333333333334,1.0,0.3333333333333333,3.511884584284246,123.69855833166906,0.5773502691896258,1182.4691680265207,1.5275252316519468,2.3094010767585034,1.5275252316519465,0.0,0.0,2.309401076758503,363.45563690772497,225.46248764114475,0.0,0.0,278.3882181415011,975.004273494908,148.43629385474878,104.08329997330664,0.0,0.0,95.04384952922169,1383.0069896183943,0.0,0.5773502691896258,6.0,2.0,9.0,4.0,-7.0,3.0,1
LRL_2026-01-23_10,22006685,LRL_2026-01-23_10_22006685,4.0,139.0,8.0,24050.0,3.0,6.0,6.0,0.0,0.0,3.0,510.0,520.0,0.0,0.0,460.0,1100.0,100.0,10.0,0.0,0.0,50.0,675.0,1.0,0.0,4.333333333333333,84.66666666666667,8.666666666666666,24603.333333333332,5.333333333333333,5.666666666666667,5.0,0.0,0.0,3.6666666666666665,560.0,546.6666666666666,0.0,0.0,440.0,711.6666666666666,136.66666666666666,73.33333333333333,0.0,0.0,133.33333333333334,253.33333333333334,1.0,0.3333333333333333,0.5773502691896258,52.15681483117363,0.5773502691896258,1099.8787811996979,3.2145502536643185,1.5275252316519468,1.7320508075688772,0.0,0.0,1.1547005383792515,476.9696007084728,500.53304919189236,0.0,0.0,131.14877048604,336.76153778799227,148.43629385474878,109.6965511460289,0.0,0.0,76.37626158259734,366.6174209354124,0.0,0.5773502691896258,4.0,4.0,5.0,0.0,-1.0,3.0,1
LRL_2026-01-23_10,21002183,LRL_2026-01-23_10_21002183,10.0,109.0,10.0,21000.0,4.0,1.0,2.0,0.0,0.0,10.0,0.0,10.0,0.0,0.0,1780.0,5675.0,10.0,100.0,0.0,0.0,0.0,0.0,1.0,0.0,6.666666666666667,140.0,10.0,30666.666666666668,5.333333333333333,4.333333333333333,4.666666666666667,0.0,0.0,7.0,326.6666666666667,310.0,0.0,0.0,786.6666666666666,2216.6666666666665,20.0,50.0,0.0,0.0,250.0,75.0,1.0,0.0,4.932882862316247,146.972786596703,1.0,19399.31270260195,3.214550253664318,5.773502691896258,5.507570547286102,0.0,0.0,5.196152422706632,565.8032638058332,528.2991576748916,0.0,0.0,907.8178965703053,3034.4205926887153,26.457513110645905,50.0,0.0,0.0,312.2498999199199,108.97247358851683,0.0,0.0,10.0,9.0,1.0,1.0,8.0,3.0,1
LRL_2026-01-23_10,21016438,LRL_2026-01-23_10_21016438,5.0,40.0,5.0,26000.0,5.0,3.0,4.0,0.0,0.0,4.0,350.0,400.0,0.0,0.0,800.0,1450.0,150.0,350.0,0.0,0.0,200.0,0.0,1.0,0.0,4.0,57.666666666666664,6.333333333333333,26453.333333333332,5.333333333333333,4.333333333333333,4.333333333333333,0.0,0.0,3.6666666666666665,343.3333333333333,390.0,0.0,0.0,506.6666666666667,1058.3333333333333,253.33333333333334,220.0,0.0,0.0,183.33333333333334,58.333333333333336,1.0,0.0,1.7320508075688772,22.501851775650227,1.1547005383792517,1149.1446094088126,1.5275252316519468,1.5275252316519465,1.5275252316519465,0.0,0.0,0.5773502691896257,20.816659994661332,125.29964086141668,0.0,0.0,323.31615074619043,387.56719847444947,308.27476921300797,183.5755975068582,0.0,0.0,28.867513459481295,80.36375634160795,0.0,0.0,5.0,5.0,2.0,0.0,3.0,3.0,1
LRL_2026-01-30_1,22002372,LRL_2026-01-30_1_22002372,5.0,28.0,6.0,30900.0,5.0,6.0,6.0,4.0,0.0,5.0,770.0,700.0,400.0,0.0,1000.0,1725.0,0.0,0.0,100.0,0.0,600.0,1550.0,1.0,0.0,2.6666666666666665,30.666666666666668,8.666666666666666,28943.333333333332,5.0,6.666666666666667,6.333333333333333,4.666666666666667,0.0,4.0,930.0,926.6666666666666,673.3333333333334,0.0,520.0,683.3333333333334,103.33333333333333,103.33333333333333,183.33333333333334,0.0,436.6666666666667,941.6666666666666,0.6666666666666666,0.6666666666666666,2.0816659994661326,29.091808698211484,3.055050463303893,2572.0873494757775,3.0,2.081665999466133,1.5275252316519465,4.041451884327381,0.0,2.6457513110645907,567.1860364994893,746.2796616104001,843.8799282678391,0.0,501.1985634456667,916.628787096136,170.39170558842744,170.39170558842744,104.08329997330664,0.0,372.8717384481336,807.9036658744243,0.5773502691896258,0.5773502691896258,5.0,2.0,1.0,3.0,1.0,3.0,1
LRL_2026-01-30_1,21010116,LRL_2026-01-30_1_21010116,7.0,210.0,8.0,24050.0,4.0,8.0,8.0,0.0,0.0,8.0,600.0,1310.0,0.0,0.0,1120.0,1455.0,0.0,0.0,0.0,0.0,0.0,125.0,1.0,0.0,7.666666666666667,171.33333333333334,8.333333333333334,21096.666666666668,6.333333333333333,8.0,8.333333333333334,0.0,0.0,8.333333333333334,773.3333333333334,1166.6666666666667,0.0,0.0,1366.6666666666667,1246.6666666666667,50.0,0.0,0.0,0.0,0.0,116.66666666666667,1.0,0.0,0.5773502691896257,60.17751518078271,0.5773502691896258,6174.628193934703,2.081665999466133,1.0,0.5773502691896258,0.0,0.0,0.5773502691896258,150.44378795195678,176.1628034896508,0.0,0.0,655.7692683660415,562.2351228208117,86.60254037844386,0.0,0.0,0.0,0.0,112.73124382057235,0.0,0.0,7.0,8.0,8.0,-1.0,0.0,3.0,1
LRL_2026-01-30_1,22011846,LRL_2026-01-30_1_22011846,4.0,67.0,8.0,27900.0,2.0,4.0,6.0,0.0,0.0,6.0,400.0,860.0,0.0,0.0,800.0,650.0,10.0,150.0,0.0,0.0,10.0,100.0,1.0,0.0,5.666666666666667,499.6666666666667,9.666666666666666,33300.0,4.0,3.6666666666666665,4.666666666666667,2.6666666666666665,0.0,6.666666666666667,566.6666666666666,840.0,436.6666666666667,0.0,550.0,653.3333333333334,103.33333333333333,116.66666666666667,116.66666666666667,0.0,70.0,36.666666666666664,0.3333333333333333,0.3333333333333333,2.8867513459481287,752.8674075382287,2.0816659994661326,7686.351540230254,1.7320508075688772,1.5275252316519465,2.3094010767585034,3.0550504633038935,0.0,0.5773502691896257,425.2450274057691,680.2205524680948,671.5901527965798,0.0,260.57628441590765,130.03204733193016,95.04384952922167,57.735026918962575,104.08329997330664,0.0,72.11102550927978,55.075705472861024,0.5773502691896258,0.5773502691896258,4.0,4.0,9.0,0.0,-5.0,3.0,1
LRL_2026-01-30_1,22004783,LRL_2026-01-30_1_22004783,4.0,151.0,8.0,41000.0,2.0,2.0,2.0,0.0,0.0,5.0,100.0,350.0,0.0,0.0,750.0,300.0,100.0,100.0,0.0,0.0,50.0,5.0,1.0,0.0,5.333333333333333,84.66666666666667,7.333333333333333,38000.0,4.0,4.666666666666667,5.0,0.0,0.0,6.0,360.0,380.0,0.0,0.0,876.6666666666666,1058.3333333333333,116.66666666666667,66.66666666666667,0.0,0.0,20.0,85.0,1.0,0.0,2.309401076758503,59.76899976855338,3.055050463303893,3000.0,3.4641016151377544,3.7859388972001824,3.605551275463989,0.0,0.0,2.6457513110645907,242.4871130596428,26.457513110645905,0.0,0.0,254.82019804821854,662.539307010032,76.37626158259734,57.735026918962575,0.0,0.0,26.457513110645905,142.9160592795645,0.0,0.0,4.0,8.0,4.0,-4.0,4.0,3.0,1
LRL_2026-01-30_1,22010120,LRL_2026-01-30_1_22010120,1.0,72.0,9.0,26200.0,7.0,7.0,7.0,6.0,0.0,4.0,1100.0,1120.0,720.0,0.0,210.0,0.0,100.0,300.0,600.0,0.0,100.0,25.0,1.0,0.0,4.0,123.33333333333333,10.666666666666666,26286.666666666668,6.666666666666667,6.333333333333333,6.666666666666667,3.6666666666666665,0.0,5.0,726.6666666666666,896.6666666666666,510.0,0.0,593.3333333333334,333.3333333333333,233.33333333333334,300.0,250.0,0.0,150.0,45.0,0.6666666666666666,0.3333333333333333,2.6457513110645907,44.467216388406115,1.5275252316519468,1771.590622388065,0.5773502691896257,0.5773502691896257,0.5773502691896257,3.2145502536643185,0.0,1.7320508075688772,324.70499431535285,195.02136635080097,443.9594576084623,0.0,358.3759664560855,289.75564417856185,125.83057392117917,100.0,312.2498999199199,0.0,86.60254037844386,48.218253804964775,0.5773502691896258,0.5773502691896258,1.0,5.0,6.0,-4.0,-1.0,3.0,1
LRL_2026-01-30_1,22009137,LRL_2026-01-30_1_22009137,1.0,27.0,8.0,19100.0,7.0,4.0,1.0,0.0,0.0,1.0,120.0,0.0,0.0,0.0,0.0,0.0,150.0,10.0,0.0,0.0,100.0,50.0,1.0,0.0,5.333333333333333,263.6666666666667,9.0,29528.333333333332,5.666666666666667,5.0,4.333333333333333,2.0,0.0,6.0,396.6666666666667,470.0,206.66666666666666,0.0,646.6666666666666,718.3333333333334,116.66666666666667,120.0,3.3333333333333335,0.0,100.0,33.333333333333336,0.6666666666666666,0.3333333333333333,4.041451884327381,357.5714380838231,1.0,12315.086614934275,3.2145502536643185,1.7320508075688772,3.5118845842842465,3.4641016151377544,0.0,4.358898943540674,296.7041174863155,540.0925846556311,357.957166897568,0.0,561.456439390745,629.6890767143204,57.735026918962575,157.1623364550171,5.773502691896257,0.0,100.0,28.867513459481287,0.5773502691896258,0.5773502691896258,1.0,6.0,9.0,-5.0,-3.0,3.0,1
LRL_2026-01-30_1,21003278,LRL_2026-01-30_1_21003278,4.0,72.0,9.0,24550.0,7.0,9.0,9.0,0.0,0.0,7.0,860.0,900.0,0.0,0.0,910.0,775.0,0.0,0.0,0.0,0.0,10.0,150.0,1.0,0.0,5.333333333333333,129.66666666666666,8.0,33650.0,6.333333333333333,7.0,6.666666666666667,0.0,0.0,6.0,660.0,740.0,0.0,0.0,806.6666666666666,850.0,233.33333333333334,250.0,0.0,0.0,170.0,100.0,1.0,0.0,1.5275252316519468,147.2288468111237,1.0,12969.09788690023,2.0816659994661326,1.7320508075688772,2.081665999466133,0.0,0.0,1.0,180.27756377319946,204.20577856662138,0.0,0.0,178.978583448784,152.0690632574555,321.4550253664318,390.51248379533274,0.0,0.0,147.30919862656236,86.60254037844386,0.0,0.0,4.0,5.0,7.0,-1.0,-2.0,3.0,1
LRL_2026-02-04_1,18022195,LRL_2026-02-04_1_18022195,2.0,20.0,9.0,19910.0,8.0,1.0,1.0,0.0,0.0,1.0,0.0,0.0,0.0,0.0,0.0,200.0,100.0,10.0,0.0,0.0,10.0,200.0,1.0,0.0,2.0,28.0,8.333333333333334,19516.666666666668,6.666666666666667,1.0,1.0,0.0,0.0,1.6666666666666667,0.0,0.0,0.0,0.0,20.0,118.33333333333333,116.66666666666667,53.333333333333336,0.0,0.0,136.66666666666666,235.0,1.0,0.3333333333333333,0.0,21.166010488516726,1.1547005383792515,760.5480480109937,1.1547005383792517,0.0,0.0,0.0,0.0,0.5773502691896257,0.0,0.0,0.0,0.0,26.457513110645905,101.28343069492331,76.37626158259734,45.09249752822895,0.0,0.0,185.8314648635514,249.34915279583365,0.0,0.5773502691896258,2.0,2.0,2.0,0.0,0.0,3.0,1
LRL_2026-02-04_1,21017703,LRL_2026-02-04_1_21017703,5.0,66.0,9.0,19910.0,6.0,7.0,6.0,0.0,0.0,6.0,520.0,660.0,0.0,0.0,760.0,875.0,10.0,10.0,0.0,0.0,100.0,50.0,1.0,0.0,4.666666666666667,123.0,8.333333333333334,19516.666666666668,6.0,7.0,5.666666666666667,0.0,0.0,5.666666666666667,830.0,806.6666666666666,0.0,0.0,823.3333333333334,718.3333333333334,203.33333333333334,153.33333333333334,0.0,0.0,316.6666666666667,100.0,1.0,0.3333333333333333,1.5275252316519468,99.5941765365827,1.1547005383792517,760.5480480109946,1.0,1.0,0.5773502691896257,0.0,0.0,0.5773502691896257,494.2671342502959,438.7862045841156,0.0,0.0,398.7898360456712,136.04533558095014,195.021366350801,214.55380055672128,0.0,0.0,419.32485418030416,108.97247358851683,0.0,0.5773502691896258,5.0,6.0,3.0,-1.0,3.0,3.0,1
LRL_2026-02-04_1,22010143,LRL_2026-02-04_1_22010143,1.0,68.0,8.0,23390.0,1.0,3.0,2.0,0.0,0.0,1.0,60.0,10.0,0.0,0.0,0.0,0.0,200.0,50.0,0.0,0.0,10.0,125.0,1.0,0.0,2.6666666666666665,72.0,7.0,23770.0,1.6666666666666667,3.6666666666666665,3.0,0.0,0.0,2.6666666666666665,293.3333333333333,306.6666666666667,0.0,0.0,320.0,350.0,150.0,66.66666666666667,0.0,0.0,103.33333333333333,200.0,1.0,0.6666666666666666,2.886751345948129,34.17601498127012,1.0,809.8765338000602,0.5773502691896257,2.0816659994661326,2.6457513110645907,0.0,0.0,2.886751345948129,412.83572196859774,522.5259164226529,0.0,0.0,554.2562584220408,606.2177826491071,132.28756555322954,76.37626158259734,0.0,0.0,170.39170558842744,246.22144504490262,0.0,0.5773502691896258,1.0,6.0,1.0,-5.0,5.0,3.0,1
LRL_2026-02-04_1,20019117,LRL_2026-02-04_1_20019117,9.0,195.0,10.0,15800.0,1.0,5.0,0.0,0.0,0.0,7.0,500.0,0.0,0.0,0.0,850.0,1100.0,10.0,0.0,0.0,0.0,50.0,600.0,1.0,0.0,6.666666666666667,350.0,8.0,21000.0,4.0,4.333333333333333,0.6666666666666666,0.0,0.0,5.666666666666667,286.6666666666667,3.3333333333333335,0.0,0.0,573.3333333333334,1025.0,70.0,33.333333333333336,0.0,0.0,53.333333333333336,211.66666666666666,1.0,0.3333333333333333,2.5166114784235836,134.56968455042167,2.0,4592.385001282014,2.6457513110645907,3.055050463303893,1.1547005383792517,0.0,0.0,2.3094010767585034,257.94056162870805,5.773502691896257,0.0,0.0,240.90108620206206,75.0,72.11102550927978,57.735026918962575,0.0,0.0,45.09249752822895,336.3901504701547,0.0,0.5773502691896258,9.0,7.0,4.0,2.0,3.0,3.0,1
LRL_2026-02-04_1,19004949,LRL_2026-02-04_1_19004949,3.0,43.0,6.0,27260.0,3.0,2.0,3.0,0.0,0.0,4.0,150.0,550.0,0.0,0.0,1000.0,1325.0,10.0,250.0,0.0,0.0,250.0,125.0,1.0,0.0,4.333333333333333,57.666666666666664,8.0,31213.333333333332,3.0,2.3333333333333335,3.6666666666666665,0.0,0.0,4.666666666666667,153.33333333333334,406.6666666666667,0.0,0.0,723.3333333333334,1086.6666666666667,70.0,170.0,0.0,0.0,253.33333333333334,85.0,0.6666666666666666,0.3333333333333333,1.5275252316519468,22.03028218914441,2.0,7622.1869127785985,2.0,0.5773502691896258,0.5773502691896258,0.0,0.0,2.0816659994661326,45.09249752822894,176.16280348965083,0.0,0.0,445.00936319737514,674.8394870881025,51.96152422706632,138.5640646055102,0.0,0.0,245.01700621249404,69.2820323027551,0.5773502691896258,0.5773502691896258,3.0,4.0,6.0,-1.0,-2.0,3.0,1
LRL_2026-02-04_1,19001706,LRL_2026-02-04_1_19001706,7.0,533.0,9.0,19910.0,9.0,3.0,3.0,0.0,0.0,5.0,110.0,110.0,0.0,0.0,560.0,1025.0,100.0,300.0,0.0,0.0,200.0,150.0,1.0,0.0,5.666666666666667,396.6666666666667,7.666666666666667,18116.666666666668,5.0,3.0,3.6666666666666665,0.0,0.0,5.0,253.33333333333334,340.0,0.0,0.0,673.3333333333334,1025.0,120.0,170.0,0.0,0.0,183.33333333333334,466.6666666666667,1.0,0.3333333333333333,1.5275252316519465,131.32529586234838,1.1547005383792517,2104.384312176209,3.605551275463989,1.0,0.5773502691896258,0.0,0.0,1.0,256.96951829610714,204.20577856662138,0.0,0.0,250.06665778014735,350.0,121.2435565298214,147.30919862656236,0.0,0.0,28.867513459481287,592.3118547972286,0.0,0.5773502691896258,7.0,4.0,6.0,3.0,-2.0,3.0,1
LRL_2026-02-04_2,23016365,LRL_2026-02-04_2_23016365,5.0,84.0,7.0,45300.0,2.0,7.0,7.0,7.0,0.0,5.0,1260.0,910.0,280.0,0.0,800.0,1225.0,0.0,0.0,0.0,0.0,250.0,925.0,1.0,1.0,4.333333333333333,422.6666666666667,7.0,50060.0,2.3333333333333335,6.333333333333333,7.0,4.0,0.0,5.0,1010.0,893.3333333333334,510.0,0.0,790.0,826.6666666666666,33.333333333333336,0.0,266.6666666666667,0.0,200.0,541.6666666666666,1.0,0.3333333333333333,2.0816659994661326,293.6278824180928,0.0,4376.539729055364,1.5275252316519468,1.1547005383792517,0.0,3.605551275463989,0.0,1.0,614.4102863722254,285.3652630109932,655.972560401729,0.0,125.29964086141668,511.3788549923954,57.735026918962575,0.0,461.8802153517006,0.0,132.28756555322954,340.34296427770227,0.0,0.5773502691896258,5.0,6.0,2.0,-1.0,4.0,3.0,1
LRL_2026-02-04_2,23004092,LRL_2026-02-04_2_23004092,1.0,20.0,6.0,24700.0,2.0,3.0,1.0,1.0,0.0,1.0,20.0,0.0,0.0,0.0,0.0,0.0,50.0,100.0,250.0,0.0,200.0,375.0,1.0,0.0,2.6666666666666665,88.0,7.0,27430.0,4.0,4.0,3.3333333333333335,1.3333333333333333,0.0,3.0,233.33333333333334,326.6666666666667,70.0,0.0,406.6666666666667,541.6666666666666,166.66666666666666,166.66666666666666,150.0,0.0,200.0,366.6666666666667,1.0,0.0,2.0816659994661326,63.592452382338585,1.0,3862.9910691069426,1.7320508075688772,1.0,2.5166114784235836,1.5275252316519468,0.0,2.6457513110645907,185.8314648635514,364.6002377033418,121.2435565298214,0.0,503.6202272877186,895.2420529294485,104.08329997330664,76.37626158259734,132.28756555322954,0.0,50.0,38.18813079129866,0.0,0.0,1.0,2.0,5.0,-1.0,-3.0,3.0,1
LRL_2026-02-04_2,23017670,LRL_2026-02-04_2_23017670,4.0,113.0,4.0,49000.0,3.0,3.0,4.0,4.0,0.0,4.0,700.0,750.0,710.0,0.0,1050.0,2000.0,100.0,0.0,0.0,0.0,0.0,0.0,1.0,0.0,2.3333333333333335,49.333333333333336,6.0,34840.0,3.3333333333333335,4.0,4.0,1.6666666666666667,0.0,3.0,736.6666666666666,603.3333333333334,236.66666666666666,0.0,533.3333333333334,691.6666666666666,50.0,333.3333333333333,100.0,0.0,150.0,158.33333333333334,1.0,0.3333333333333333,1.5275252316519468,55.15735067362584,2.0,12273.108815617989,2.5166114784235836,3.605551275463989,3.0,2.0816659994661326,0.0,1.7320508075688772,755.6674753708362,545.0076452063157,409.9186911246343,0.0,525.1983752196244,1133.6702930452634,50.0,416.33319989322655,173.20508075688772,0.0,217.94494717703367,137.68926368215256,0.0,0.5773502691896258,4.0,2.0,1.0,2.0,1.0,3.0,1
LRL_2026-02-04_2,23000400,LRL_2026-02-04_2_23000400,1.0,93.0,12.0,29180.0,10.0,6.0,6.0,1.0,0.0,1.0,510.0,360.0,0.0,0.0,0.0,25.0,10.0,50.0,10.0,0.0,10.0,100.0,1.0,1.0,2.0,249.33333333333334,8.666666666666666,25646.666666666668,7.333333333333333,5.333333333333333,5.0,2.6666666666666665,0.0,2.3333333333333335,613.3333333333334,593.3333333333334,303.3333333333333,0.0,366.6666666666667,533.3333333333334,203.33333333333334,266.6666666666667,40.0,0.0,103.33333333333333,136.66666666666666,1.0,0.6666666666666666,1.0,246.9257648228174,2.8867513459481287,4941.43029226694,2.309401076758503,1.1547005383792515,1.0,1.5275252316519468,0.0,1.5275252316519465,562.1684207898318,284.31203515386636,327.1594921950658,0.0,351.1884584284246,656.8548799646185,195.021366350801,375.27767497325675,51.96152422706632,0.0,95.04384952922169,148.43629385474878,0.0,0.5773502691896258,1.0,2.0,3.0,-1.0,-1.0,3.0,1
LRL_2026-02-04_2,23015815,LRL_2026-02-04_2_23015815,10.0,439.0,11.0,65000.0,5.0,7.0,7.0,9.0,0.0,10.0,430.0,520.0,1170.0,0.0,1560.0,1780.0,100.0,100.0,50.0,0.0,10.0,50.0,1.0,1.0,6.0,182.33333333333334,9.0,38166.666666666664,5.333333333333333,6.666666666666667,6.333333333333333,4.333333333333333,0.0,7.666666666666667,566.6666666666666,606.6666666666666,490.0,0.0,906.6666666666666,743.3333333333334,100.0,50.0,20.0,0.0,173.33333333333334,116.66666666666667,0.6666666666666666,0.3333333333333333,4.58257569495584,223.79529336724966,2.6457513110645907,23623.787446837,2.5166114784235836,3.511884584284246,4.041451884327381,4.509249752822894,0.0,3.214550253664318,441.17267972227535,555.097589017763,607.7005841695399,0.0,650.0256405199208,925.5448845590004,100.0,50.0,26.457513110645905,0.0,282.9016319029166,76.37626158259734,0.5773502691896258,0.5773502691896258,10.0,1.0,7.0,9.0,-6.0,3.0,1
LRL_2026-02-04_2,23015047,LRL_2026-02-04_2_23015047,7.0,400.0,7.0,44700.0,2.0,5.0,6.0,0.0,0.0,7.0,600.0,950.0,0.0,0.0,1210.0,2055.0,100.0,10.0,0.0,0.0,0.0,0.0,1.0,0.0,3.6666666666666665,141.0,7.333333333333333,33573.333333333336,4.666666666666667,2.3333333333333335,2.6666666666666665,0.3333333333333333,0.0,3.0,200.0,316.6666666666667,0.0,0.0,403.3333333333333,793.3333333333334,233.33333333333334,220.0,100.0,0.0,250.0,428.3333333333333,1.0,0.0,3.0550504633038935,224.34571535913048,0.5773502691896257,9639.21850220926,3.0550504633038935,2.3094010767585034,2.886751345948129,0.5773502691896258,0.0,3.4641016151377544,346.41016151377545,548.4827557301445,0.0,0.0,698.5938257194472,1104.6530375341088,115.47005383792515,196.72315572906,173.20508075688772,0.0,390.51248379533274,733.2518894168179,0.0,0.0,7.0,3.0,1.0,4.0,2.0,3.0,1
LRL_2026-02-04_2,23002915,LRL_2026-02-04_2_23002915,7.0,326.0,8.0,28260.0,6.0,6.0,8.0,0.0,0.0,8.0,1200.0,1860.0,0.0,0.0,1600.0,1585.0,10.0,0.0,0.0,0.0,0.0,100.0,1.0,0.0,3.6666666666666665,140.66666666666666,7.0,27760.0,5.0,5.0,5.0,1.3333333333333333,0.0,4.0,590.0,756.6666666666666,233.33333333333334,0.0,900.0,1011.6666666666666,23.333333333333332,33.333333333333336,50.0,0.0,183.33333333333334,258.3333333333333,1.0,0.6666666666666666,3.0550504633038935,161.20277086121482,1.0,500.0,1.0,1.0,2.6457513110645907,1.5275252316519465,0.0,3.605551275463989,533.572862878164,955.5277773740193,404.145188432738,0.0,818.535277187245,878.7254026903589,23.094010767585033,28.867513459481287,50.0,0.0,202.07259421636903,318.5252475602732,0.0,0.5773502691896258,7.0,1.0,3.0,6.0,-2.0,3.0,1
LRL_2026-02-04_3,21009540,LRL_2026-02-04_3_21009540,7.0,1087.0,8.0,49410.0,8.0,1.0,3.0,0.0,0.0,7.0,0.0,310.0,0.0,0.0,1220.0,3475.0,100.0,10.0,0.0,0.0,1200.0,1000.0,1.0,0.0,6.5,900.5,7.0,47972.5,5.0,3.5,4.5,0.0,0.0,6.5,455.0,810.0,0.0,0.0,1265.0,2640.0,50.0,5.0,0.0,0.0,600.0,500.0,1.0,0.0,0.7071067811865476,263.75082938258225,1.4142135623730951,2032.931995911324,4.242640687119285,3.5355339059327378,2.1213203435596424,0.0,0.0,0.7071067811865476,643.4671708797582,707.1067811865476,0.0,0.0,63.63961030678928,1180.8683245815344,70.71067811865476,7.0710678118654755,0.0,0.0,848.5281374238571,707.1067811865476,0.0,0.0,7.0,6.0,,1.0,,2.0,1
LRL_2026-02-04_3,22003704,LRL_2026-02-04_3_22003704,6.0,116.0,7.0,40000.0,7.0,6.0,6.0,0.0,0.0,5.0,320.0,360.0,0.0,0.0,500.0,1500.0,150.0,450.0,0.0,0.0,50.0,650.0,1.0,0.0,4.333333333333333,285.0,7.666666666666667,40170.0,3.3333333333333335,6.333333333333333,6.0,0.0,0.0,5.666666666666667,693.3333333333334,643.3333333333334,0.0,0.0,640.0,845.0,200.0,283.3333333333333,0.0,0.0,183.33333333333334,283.3333333333333,1.0,0.0,2.0816659994661326,186.44302078651268,1.1547005383792515,8456.28168878024,3.214550253664318,0.5773502691896258,0.0,0.0,0.0,0.5773502691896257,530.0314456080256,253.83721817994564,0.0,0.0,192.8730152198591,719.4268552118415,50.0,208.16659994661327,0.0,0.0,125.83057392117917,326.27953250753154,0.0,0.0,6.0,5.0,2.0,1.0,3.0,3.0,1
LRL_2026-02-04_3,22017349,LRL_2026-02-04_3_22017349,8.0,74.0,10.0,43615.0,4.0,3.0,5.0,0.0,0.0,8.0,150.0,400.0,0.0,0.0,770.0,735.0,100.0,100.0,0.0,0.0,10.0,50.0,0.0,0.0,7.0,187.5,10.0,43922.5,6.0,5.5,6.5,0.0,0.0,7.5,515.0,660.0,0.0,0.0,740.0,460.0,125.0,55.0,0.0,0.0,30.0,75.0,0.0,0.5,1.4142135623730951,160.51323932934628,0.0,434.8706704297267,2.8284271247461903,3.5355339059327378,2.1213203435596424,0.0,0.0,0.7071067811865476,516.1879502661797,367.6955262170047,0.0,0.0,42.42640687119285,388.90872965260115,35.35533905932738,63.63961030678928,0.0,0.0,28.284271247461902,35.35533905932738,0.0,0.7071067811865476,8.0,6.0,,2.0,,2.0,1
LRL_2026-02-04_3,22009594,LRL_2026-02-04_3_22009594,3.0,24.0,8.0,30600.0,7.0,4.0,0.0,0.0,0.0,3.0,160.0,0.0,0.0,0.0,250.0,475.0,10.0,0.0,0.0,0.0,10.0,250.0,1.0,0.0,4.0,128.0,7.666666666666667,38481.666666666664,5.666666666666667,3.3333333333333335,2.3333333333333335,0.0,0.0,3.3333333333333335,160.0,93.33333333333333,0.0,0.0,353.3333333333333,808.3333333333334,120.0,166.66666666666666,0.0,0.0,56.666666666666664,175.0,1.0,0.0,1.7320508075688772,94.62029380635002,0.5773502691896257,13738.140643236018,2.309401076758503,0.5773502691896258,2.0816659994661326,0.0,0.0,1.5275252316519465,0.0,86.21678104251708,0.0,0.0,178.978583448784,416.33319989322655,121.2435565298214,175.5942292142123,0.0,0.0,80.82903768654761,90.13878188659973,0.0,0.0,3.0,3.0,6.0,0.0,-3.0,3.0,1
LRL_2026-02-04_3,22000676,LRL_2026-02-04_3_22000676,5.0,10.0,8.0,49410.0,7.0,3.0,4.0,0.0,0.0,5.0,300.0,320.0,0.0,0.0,910.0,1700.0,10.0,100.0,0.0,0.0,300.0,425.0,1.0,0.0,5.5,9.0,8.5,74705.0,4.5,4.0,4.0,0.0,0.0,5.5,260.0,410.0,0.0,0.0,830.0,1492.5,10.0,55.0,0.0,0.0,325.0,325.0,1.0,0.0,0.7071067811865476,1.4142135623730951,0.7071067811865476,35772.53206022744,3.5355339059327378,1.4142135623730951,0.0,0.0,0.0,0.7071067811865476,56.568542494923804,127.27922061357856,0.0,0.0,113.13708498984761,293.4493141924172,0.0,63.63961030678928,0.0,0.0,35.35533905932738,141.4213562373095,0.0,0.0,5.0,6.0,,-1.0,,2.0,1
LRL_2026-02-04_3,22019251,LRL_2026-02-04_3_22019251,6.0,41.0,7.0,30500.0,4.0,1.0,2.0,0.0,0.0,3.0,0.0,10.0,0.0,0.0,260.0,1025.0,10.0,100.0,0.0,0.0,100.0,25.0,1.0,0.0,6.333333333333333,71.0,8.333333333333334,57428.333333333336,3.0,2.3333333333333335,2.6666666666666665,0.0,0.0,4.666666666666667,123.33333333333333,253.33333333333334,0.0,0.0,473.3333333333333,875.0,36.666666666666664,40.0,0.0,0.0,250.0,250.0,1.0,0.0,3.511884584284246,64.4670458451448,2.3094010767585034,32654.504411081383,1.7320508075688772,2.3094010767585034,2.0816659994661326,0.0,0.0,2.886751345948129,213.61959960016154,430.15501081974315,0.0,0.0,468.0099714037441,350.0,23.094010767585033,51.96152422706632,0.0,0.0,217.94494717703367,288.3140648667699,0.0,0.0,6.0,10.0,3.0,-4.0,7.0,3.0,1
LRL_2026-02-04_4,20013475,LRL_2026-02-04_4_20013475,4.0,44.0,6.0,24000.0,3.0,4.0,5.0,5.0,0.0,4.0,760.0,760.0,350.0,0.0,600.0,1375.0,150.0,10.0,800.0,0.0,150.0,600.0,1.0,0.0,4.0,58.333333333333336,6.333333333333333,23390.0,3.6666666666666665,4.333333333333333,5.0,3.3333333333333335,0.0,3.6666666666666665,536.6666666666666,563.3333333333334,316.6666666666667,0.0,620.0,908.3333333333334,86.66666666666667,123.33333333333333,316.6666666666667,0.0,116.66666666666667,366.6666666666667,1.0,0.0,2.0,47.16283847833306,0.5773502691896258,2083.098653448751,3.055050463303893,0.5773502691896258,0.0,2.8867513459481287,0.0,1.5275252316519468,260.83200212652844,258.90796305508513,301.3856886670854,0.0,280.53520278211073,765.397500213669,70.94598884597588,196.29909152447277,425.2450274057691,0.0,57.735026918962575,225.46248764114472,0.0,0.0,4.0,2.0,6.0,2.0,-4.0,3.0,1
LRL_2026-02-04_4,22012128,LRL_2026-02-04_4_22012128,1.0,22.0,6.0,24700.0,2.0,1.0,1.0,1.0,0.0,1.0,0.0,0.0,0.0,0.0,0.0,0.0,100.0,100.0,50.0,0.0,50.0,200.0,1.0,0.0,2.6666666666666665,144.0,7.666666666666667,25753.333333333332,3.6666666666666665,1.6666666666666667,1.6666666666666667,0.6666666666666666,0.0,2.0,36.666666666666664,83.33333333333333,0.0,0.0,56.666666666666664,95.0,66.66666666666667,100.0,20.0,0.0,86.66666666666667,216.66666666666666,1.0,0.3333333333333333,2.0816659994661326,136.864896887405,1.5275252316519465,945.8505872141403,2.8867513459481287,1.1547005383792517,1.1547005383792517,0.5773502691896258,0.0,1.7320508075688772,63.50852961085884,144.33756729740645,0.0,0.0,98.14954576223639,160.23420358962065,28.867513459481287,0.0,26.457513110645905,0.0,100.16652800877813,52.04164998665332,0.0,0.5773502691896258,1.0,2.0,5.0,-1.0,-3.0,3.0,1
LRL_2026-02-04_4,19018657,LRL_2026-02-04_4_19018657,7.0,43.0,8.0,22000.0,4.0,6.0,3.0,4.0,0.0,4.0,410.0,250.0,210.0,0.0,400.0,895.0,10.0,10.0,10.0,0.0,150.0,50.0,1.0,1.0,3.6666666666666665,33.0,7.333333333333333,20000.0,2.6666666666666665,4.666666666666667,3.6666666666666665,2.6666666666666665,0.0,3.0,393.3333333333333,303.3333333333333,170.0,0.0,303.3333333333333,448.3333333333333,103.33333333333333,173.33333333333334,70.0,0.0,133.33333333333334,175.0,1.0,0.3333333333333333,3.0550504633038935,9.539392014169456,2.081665999466133,2000.0,1.1547005383792515,1.1547005383792517,0.5773502691896258,2.3094010767585034,0.0,1.0,76.37626158259734,92.37604307034013,153.94804318340653,0.0,258.90796305508513,447.5023277406871,95.04384952922169,282.9016319029166,112.69427669584645,0.0,76.37626158259734,156.12494995995996,0.0,0.5773502691896258,7.0,1.0,3.0,6.0,-2.0,3.0,1
LRL_2026-02-04_4,20009044,LRL_2026-02-04_4_20009044,4.0,27.0,7.0,29935.0,3.0,3.0,5.0,5.0,0.0,4.0,200.0,650.0,1250.0,0.0,910.0,1500.0,50.0,50.0,10.0,0.0,200.0,550.0,1.0,0.0,2.3333333333333335,41.333333333333336,6.333333333333333,44605.0,3.0,1.6666666666666667,2.3333333333333335,2.3333333333333335,0.0,2.3333333333333335,66.66666666666667,216.66666666666666,416.6666666666667,0.0,370.0,566.6666666666666,100.0,53.333333333333336,23.333333333333332,0.0,150.0,250.0,1.0,0.3333333333333333,1.5275252316519468,12.662279942148386,0.5773502691896257,12789.35397117462,2.0,1.1547005383792517,2.3094010767585034,2.3094010767585034,0.0,1.5275252316519468,115.47005383792515,375.27767497325675,721.6878364870322,0.0,478.22588804873374,814.4527815247078,50.0,45.09249752822894,23.094010767585033,0.0,50.0,264.5751311064591,0.0,0.5773502691896258,4.0,1.0,2.0,3.0,-1.0,3.0,1
LRL_2026-02-04_4,22018737,LRL_2026-02-04_4_22018737,2.0,12.0,6.0,24700.0,3.0,4.0,5.0,4.0,0.0,2.0,310.0,310.0,210.0,0.0,50.0,200.0,150.0,150.0,10.0,0.0,250.0,425.0,1.0,0.0,1.6666666666666667,49.0,7.333333333333333,25490.0,3.0,3.0,4.333333333333333,3.3333333333333335,0.0,2.3333333333333335,186.66666666666666,226.66666666666666,163.33333333333334,0.0,156.66666666666666,208.33333333333334,103.33333333333333,133.33333333333334,53.333333333333336,0.0,283.3333333333333,151.66666666666666,1.0,0.6666666666666666,0.5773502691896257,59.80802621722272,1.1547005383792517,699.3568473962345,2.0,1.0,0.5773502691896257,1.1547005383792515,0.0,0.5773502691896257,130.51181300301263,76.37626158259734,136.13718571108092,0.0,220.30282189144407,212.62251370288456,80.82903768654761,76.37626158259734,45.09249752822895,0.0,28.867513459481295,236.92474191889147,0.0,0.5773502691896258,2.0,1.0,2.0,1.0,-1.0,3.0,1
LRL_2026-02-04_4,19008389,LRL_2026-02-04_4_19008389,2.0,320.0,6.0,27260.0,2.0,6.0,6.0,0.0,0.0,3.0,1410.0,1100.0,0.0,0.0,950.0,900.0,0.0,0.0,0.0,0.0,50.0,425.0,1.0,0.0,2.3333333333333335,146.66666666666666,6.666666666666667,24553.333333333332,2.0,5.666666666666667,6.0,3.6666666666666665,0.0,4.333333333333333,1026.6666666666667,1090.0,436.6666666666667,0.0,703.3333333333334,433.3333333333333,16.666666666666668,3.3333333333333335,216.66666666666666,0.0,300.0,183.33333333333334,1.0,0.3333333333333333,1.5275252316519465,152.51994405104315,1.1547005383792517,3017.3719249262817,1.0,2.5166114784235836,2.0,3.5118845842842465,0.0,1.1547005383792517,716.5426249242493,825.0454532933322,430.15501081974315,0.0,215.71586249817915,450.92497528228944,28.867513459481287,5.773502691896257,256.5800719723442,0.0,229.128784747792,209.66242709015208,0.0,0.5773502691896258,2.0,1.0,4.0,1.0,-3.0,3.0,1
LRL_2026-02-04_4,20014281,LRL_2026-02-04_4_20014281,3.0,38.0,7.0,29935.0,4.0,5.0,4.0,3.0,0.0,3.0,350.0,450.0,400.0,0.0,210.0,525.0,200.0,200.0,700.0,0.0,700.0,975.0,1.0,0.0,4.333333333333333,92.66666666666667,8.333333333333334,62993.333333333336,5.0,4.666666666666667,5.0,4.333333333333333,0.0,4.333333333333333,403.3333333333333,536.6666666666666,443.3333333333333,0.0,326.6666666666667,433.3333333333333,150.0,103.33333333333333,240.0,0.0,333.3333333333333,383.3333333333333,0.3333333333333333,0.3333333333333333,1.1547005383792517,49.09514572066502,1.5275252316519468,53738.65515932952,2.6457513110645907,0.5773502691896258,1.0,1.5275252316519468,0.0,1.5275252316519468,55.075705472861024,77.6745346515403,111.50485789118488,0.0,106.92676621563626,180.8544534517559,86.60254037844386,95.04384952922169,398.37168574084177,0.0,317.54264805429415,513.7687547266117,0.5773502691896258,0.5773502691896258,3.0,5.0,5.0,-2.0,0.0,3.0,1
LRL_2026-02-04_5,23016735,LRL_2026-02-04_5_23016735,6.0,32.0,6.0,24700.0,5.0,4.0,3.0,6.0,0.0,6.0,70.0,300.0,950.0,0.0,1400.0,3200.0,200.0,10.0,0.0,0.0,0.0,0.0,1.0,0.0,5.333333333333333,149.0,8.666666666666666,26540.0,8.333333333333334,4.666666666666667,4.333333333333333,5.0,0.0,5.0,263.3333333333333,326.6666666666667,496.6666666666667,0.0,726.6666666666666,1393.3333333333333,136.66666666666666,70.0,250.0,0.0,66.66666666666667,145.0,1.0,0.0,0.5773502691896257,101.38540328863914,3.0550504633038935,2344.6961423604553,3.511884584284246,2.081665999466133,2.309401076758503,1.7320508075688772,0.0,1.0,343.5597958628648,280.9507667427397,423.9496825489239,0.0,604.6762219017161,1565.9688162071855,109.6965511460289,72.11102550927978,390.51248379533274,0.0,57.735026918962575,242.53865671269807,0.0,0.0,6.0,5.0,5.0,1.0,0.0,3.0,1
LRL_2026-02-04_5,23008262,LRL_2026-02-04_5_23008262,5.0,57.0,11.0,24890.0,4.0,7.0,7.0,0.0,0.0,4.0,920.0,670.0,0.0,0.0,220.0,280.0,100.0,350.0,0.0,0.0,10.0,75.0,1.0,0.0,4.5,70.0,9.0,26145.0,4.0,7.0,7.0,0.0,0.0,5.5,1615.0,1460.0,0.0,0.0,835.0,777.5,50.0,175.0,0.0,0.0,5.0,42.5,1.0,0.0,0.7071067811865476,18.384776310850235,2.8284271247461903,1774.8380207782343,0.0,0.0,0.0,0.0,0.0,2.1213203435596424,982.878425849301,1117.228714274745,0.0,0.0,869.7413408594534,703.5712472806148,70.71067811865476,247.48737341529164,0.0,0.0,7.0710678118654755,45.96194077712559,0.0,0.0,5.0,4.0,,1.0,,2.0,1
LRL_2026-02-04_5,23013020,LRL_2026-02-04_5_23013020,9.0,43.0,12.0,29180.0,7.0,7.0,8.0,8.0,0.0,8.0,520.0,810.0,980.0,0.0,1630.0,2260.0,50.0,500.0,200.0,0.0,300.0,850.0,1.0,0.0,7.0,149.33333333333334,10.0,36743.333333333336,4.0,5.666666666666667,6.333333333333333,3.6666666666666665,0.0,6.333333333333333,550.0,623.3333333333334,543.3333333333334,0.0,1003.3333333333334,1343.3333333333333,103.33333333333333,250.0,150.0,0.0,136.66666666666666,450.0,0.3333333333333333,0.0,2.0,111.85854161991087,2.0,7932.756981865341,3.0,2.309401076758503,2.886751345948129,4.041451884327381,0.0,2.081665999466133,137.4772708486752,176.16280348965086,498.6314604327863,0.0,548.5739087245522,809.8199388341419,128.58201014657274,250.0,132.28756555322954,0.0,148.43629385474878,360.5551275463989,0.5773502691896258,0.0,9.0,5.0,7.0,4.0,-2.0,3.0,1
LRL_2026-02-04_5,23001371,LRL_2026-02-04_5_23001371,2.0,50.0,6.0,24700.0,4.0,5.0,4.0,2.0,0.0,2.0,270.0,310.0,250.0,0.0,200.0,375.0,300.0,100.0,150.0,0.0,350.0,425.0,1.0,0.0,4.333333333333333,76.33333333333333,10.0,30310.0,4.666666666666667,7.333333333333333,5.333333333333333,2.3333333333333335,0.0,4.333333333333333,470.0,483.3333333333333,140.0,0.0,333.3333333333333,475.0,250.0,250.0,53.333333333333336,0.0,253.33333333333334,216.66666666666666,0.6666666666666666,0.0,2.5166114784235836,40.525712002793156,3.4641016151377544,6252.063659304822,4.041451884327381,2.516611478423583,1.5275252316519468,2.516611478423583,0.0,2.5166114784235836,183.3030277982336,300.2221399786054,127.67145334803705,0.0,213.85353243127253,152.0690632574555,50.0,304.138126514911,83.86497083606082,0.0,212.21058723196006,200.5201569252661,0.5773502691896258,0.0,2.0,4.0,7.0,-2.0,-3.0,3.0,1
LRL_2026-02-04_5,23004968,LRL_2026-02-04_5_23004968,4.0,60.0,11.0,24890.0,3.0,4.0,5.0,0.0,0.0,6.0,420.0,320.0,0.0,0.0,330.0,255.0,50.0,200.0,0.0,0.0,150.0,25.0,1.0,0.0,4.0,51.0,9.666666666666666,27230.0,3.3333333333333335,4.333333333333333,5.333333333333333,0.0,0.0,5.333333333333333,460.0,676.6666666666666,0.0,0.0,860.0,960.0,133.33333333333334,233.33333333333334,0.0,0.0,250.0,216.66666666666666,1.0,0.0,0.0,8.18535277187245,1.1547005383792515,2026.4994448555865,1.5275252316519468,1.5275252316519468,1.5275252316519468,0.0,0.0,1.1547005383792517,134.5362404707371,626.4449962553243,0.0,0.0,775.4353615872828,751.1158366057795,76.37626158259734,57.735026918962575,0.0,0.0,100.0,187.63883748662838,0.0,0.0,4.0,4.0,4.0,0.0,0.0,3.0,1
LRL_2026-02-04_5,23018283,LRL_2026-02-04_5_23018283,6.0,28.0,8.0,25740.0,1.0,6.0,8.0,4.0,0.0,6.0,610.0,670.0,410.0,0.0,660.0,980.0,50.0,0.0,10.0,0.0,800.0,1000.0,1.0,0.0,5.333333333333333,284.3333333333333,10.333333333333334,35511.666666666664,6.666666666666667,8.666666666666666,8.0,6.333333333333333,0.0,5.666666666666667,750.0,550.0,373.3333333333333,0.0,503.3333333333333,623.3333333333334,350.0,136.66666666666666,170.0,0.0,336.6666666666667,450.0,0.6666666666666666,0.0,3.0550504633038935,438.7964600282611,2.0816659994661326,14051.56248725861,5.131601439446884,2.5166114784235836,1.0,2.5166114784235836,0.0,2.516611478423583,135.27749258468683,131.14877048604,177.85762095938802,0.0,427.1221527073178,444.7564876798689,396.8626966596886,228.10816147900832,147.30919862656236,0.0,412.3509831846328,486.69805834829464,0.5773502691896258,0.0,6.0,2.0,8.0,4.0,-6.0,3.0,1
LRL_2026-02-04_5,23014027,LRL_2026-02-04_5_23014027,8.0,937.0,11.0,24890.0,5.0,10.0,10.0,0.0,0.0,7.0,1620.0,1620.0,0.0,0.0,480.0,855.0,800.0,300.0,0.0,0.0,400.0,175.0,1.0,0.0,7.0,689.6666666666666,8.666666666666666,27096.666666666668,5.0,7.0,7.0,0.0,0.0,6.0,880.0,980.0,0.0,0.0,826.6666666666666,1826.6666666666667,483.3333333333333,333.3333333333333,0.0,0.0,283.3333333333333,225.0,1.0,0.0,1.0,424.93450475730174,2.516611478423583,1921.4664538662475,4.0,2.6457513110645907,2.6457513110645907,0.0,0.0,1.0,703.420215802759,554.2562584220408,0.0,0.0,316.43851430148845,926.4223298978351,388.3726732577015,57.73502691896259,0.0,0.0,104.08329997330664,253.7222891273055,0.0,0.0,8.0,7.0,6.0,1.0,1.0,3.0,1
LRL_2026-02-04_5,23008991,LRL_2026-02-04_5_23008991,7.0,550.0,11.0,24890.0,6.0,9.0,9.0,0.0,0.0,9.0,1370.0,1320.0,0.0,0.0,930.0,655.0,250.0,300.0,0.0,0.0,700.0,200.0,1.0,0.0,7.0,236.0,9.333333333333334,26343.333333333332,6.666666666666667,8.0,6.666666666666667,2.3333333333333335,0.0,7.666666666666667,950.0,1010.0,376.6666666666667,0.0,1463.3333333333333,1703.3333333333333,86.66666666666667,136.66666666666666,50.0,0.0,750.0,1116.6666666666667,1.0,0.0,0.0,273.9269975741712,1.5275252316519468,1831.128977798488,1.1547005383792515,1.0,2.081665999466133,4.041451884327381,0.0,1.1547005383792517,370.4051835490427,363.45563690772497,652.4058041842771,0.0,535.0077881053073,941.0145234444224,141.53915830374763,148.43629385474878,86.60254037844386,0.0,726.2919523166975,1218.9476335484364,0.0,0.0,7.0,7.0,7.0,0.0,0.0,3.0,1
LRL_2026-02-04_5,23017976,LRL_2026-02-04_5_23017976,5.0,145.0,6.0,24700.0,1.0,2.0,5.0,5.0,0.0,5.0,10.0,410.0,850.0,0.0,1050.0,2025.0,10.0,450.0,100.0,0.0,350.0,1175.0,1.0,0.0,5.333333333333333,134.0,8.666666666666666,26540.0,1.6666666666666667,1.6666666666666667,3.3333333333333335,5.0,0.0,5.0,103.33333333333333,273.3333333333333,713.3333333333334,0.0,856.6666666666666,1551.6666666666667,23.333333333333332,200.0,66.66666666666667,0.0,120.0,400.0,1.0,0.0,2.516611478423583,55.326304774492215,3.0550504633038935,2344.6961423604553,1.1547005383792517,0.5773502691896258,2.0816659994661326,3.0,0.0,3.0,170.39170558842744,236.71361036774658,645.936013342911,0.0,768.4616667949895,1377.4100091597031,23.094010767585033,217.94494717703367,57.735026918962575,0.0,199.24858845171275,671.2860791048776,0.0,0.0,5.0,8.0,3.0,-3.0,5.0,3.0,1
LRL_2026-02-04_6,20005817,LRL_2026-02-04_6_20005817,3.0,71.0,7.0,55885.0,3.0,1.0,2.0,0.0,0.0,2.0,0.0,10.0,0.0,0.0,200.0,550.0,50.0,200.0,0.0,0.0,100.0,10.0,1.0,0.0,5.0,93.33333333333333,8.0,57111.666666666664,4.0,1.6666666666666667,1.6666666666666667,0.0,0.0,4.333333333333333,33.333333333333336,20.0,0.0,0.0,376.6666666666667,1025.0,133.33333333333334,73.33333333333333,0.0,0.0,66.66666666666667,28.333333333333332,1.0,0.3333333333333333,3.4641016151377544,41.30778780488412,1.0,3210.8306298111283,2.6457513110645907,1.1547005383792517,0.5773502691896258,0.0,0.0,4.041451884327381,57.735026918962575,26.457513110645905,0.0,0.0,350.1904243884081,801.1710179481032,104.08329997330664,109.6965511460289,0.0,0.0,57.735026918962575,40.72263907623539,0.0,0.5773502691896258,3.0,3.0,9.0,0.0,-6.0,3.0,1
LRL_2026-02-04_6,21009228,LRL_2026-02-04_6_21009228,3.0,83.0,6.0,50000.0,3.0,6.0,6.0,0.0,0.0,5.0,750.0,760.0,0.0,0.0,960.0,660.0,0.0,0.0,0.0,0.0,300.0,125.0,1.0,0.0,3.0,58.0,6.666666666666667,46863.333333333336,2.0,6.0,6.0,2.3333333333333335,0.0,3.3333333333333335,700.0,640.0,156.66666666666666,0.0,503.3333333333333,365.0,50.0,66.66666666666667,100.0,0.0,366.6666666666667,366.6666666666667,1.0,0.0,2.0,35.0,1.1547005383792517,10647.348652755452,1.0,0.0,0.0,3.2145502536643185,0.0,2.0816659994661326,50.0,105.83005244258362,271.3546265191241,0.0,481.6983841921554,335.52198139615234,86.60254037844386,115.47005383792515,132.28756555322954,0.0,208.16659994661327,250.41632002194535,0.0,0.0,3.0,5.0,1.0,-2.0,4.0,3.0,1
LRL_2026-02-04_6,21007462,LRL_2026-02-04_6_21007462,2.0,11.0,8.0,55590.0,8.0,2.0,3.0,1.0,0.0,2.0,50.0,110.0,0.0,0.0,50.0,5.0,50.0,200.0,10.0,0.0,300.0,5.0,1.0,0.0,3.0,51.333333333333336,10.333333333333334,85873.33333333333,7.666666666666667,4.666666666666667,4.666666666666667,1.0,0.0,3.6666666666666665,323.3333333333333,443.3333333333333,16.666666666666668,0.0,283.3333333333333,285.0,70.0,133.33333333333334,136.66666666666666,0.0,153.33333333333334,53.333333333333336,1.0,0.3333333333333333,2.6457513110645907,53.48208422764892,2.0816659994661326,26245.76981788367,1.5275252316519468,4.618802153517007,3.785938897200183,1.0,0.0,3.785938897200183,430.85186936270026,543.0776494511014,28.867513459481287,0.0,448.14432199162513,489.3107397145499,72.11102550927978,76.37626158259734,228.10816147900832,0.0,145.0287327853806,83.71578903249574,0.0,0.5773502691896258,2.0,1.0,6.0,1.0,-5.0,3.0,1
LRL_2026-02-04_6,22003776,LRL_2026-02-04_6_22003776,1.0,17.0,6.0,49735.0,1.0,1.0,1.0,0.0,0.0,1.0,0.0,0.0,0.0,0.0,0.0,0.0,10.0,10.0,0.0,0.0,250.0,25.0,1.0,1.0,1.3333333333333333,35.0,7.0,48411.666666666664,3.0,3.0,2.6666666666666665,0.3333333333333333,0.0,1.3333333333333333,140.0,140.0,0.0,0.0,100.0,166.66666666666666,240.0,303.3333333333333,50.0,0.0,283.3333333333333,250.0,1.0,0.6666666666666666,0.5773502691896258,24.576411454889016,1.0,1172.9911906460902,1.7320508075688772,3.4641016151377544,2.0816659994661326,0.5773502691896258,0.0,0.5773502691896258,242.4871130596428,233.88031127053,0.0,0.0,173.20508075688772,288.6751345948129,398.37168574084177,273.00793639257694,86.60254037844386,0.0,152.75252316519467,253.7222891273055,0.0,0.5773502691896258,1.0,1.0,2.0,0.0,-1.0,3.0,1
LRL_2026-02-04_6,21012026,LRL_2026-02-04_6_21012026,1.0,77.0,8.0,55590.0,5.0,3.0,1.0,2.0,0.0,1.0,100.0,0.0,10.0,0.0,0.0,0.0,100.0,10.0,150.0,0.0,50.0,5.0,1.0,0.0,2.3333333333333335,53.666666666666664,7.666666666666667,56173.333333333336,5.666666666666667,5.0,3.0,0.6666666666666666,0.0,3.0,406.6666666666667,300.0,3.3333333333333335,0.0,336.6666666666667,316.6666666666667,66.66666666666667,70.0,50.0,0.0,216.66666666666666,51.666666666666664,1.0,0.3333333333333333,2.3094010767585034,25.774664562964407,0.5773502691896257,1010.3629710818457,1.1547005383792517,2.0,2.0,1.1547005383792517,0.0,2.6457513110645907,283.7839553839035,327.8719262151,5.773502691896258,0.0,459.3836450433704,548.4827557301445,57.735026918962575,72.11102550927978,86.60254037844386,0.0,288.67513459481285,47.521924764610844,0.0,0.5773502691896258,1.0,5.0,1.0,-4.0,4.0,3.0,1
LRL_2026-02-04_6,19007218,LRL_2026-02-04_6_19007218,6.0,23.0,8.0,60000.0,3.0,1.0,2.0,3.0,0.0,4.0,0.0,50.0,160.0,0.0,600.0,975.0,10.0,50.0,250.0,0.0,10.0,400.0,1.0,0.0,4.666666666666667,47.666666666666664,7.333333333333333,80000.0,3.0,3.6666666666666665,3.6666666666666665,4.0,0.0,3.6666666666666665,210.0,273.3333333333333,380.0,0.0,553.3333333333334,966.6666666666666,70.0,53.333333333333336,133.33333333333334,0.0,20.0,233.33333333333334,1.0,0.0,2.309401076758503,21.571586249817916,1.1547005383792515,18027.756377319947,2.0,2.516611478423583,1.5275252316519468,1.7320508075688772,0.0,2.516611478423583,181.93405398660252,260.83200212652844,507.14889332423866,0.0,531.5386470740706,737.535309889183,51.96152422706632,45.09249752822895,125.83057392117915,0.0,26.457513110645905,208.16659994661327,0.0,0.0,6.0,2.0,6.0,4.0,-4.0,3.0,1
LRL_2026-02-04_6,22009436,LRL_2026-02-04_6_22009436,2.0,27.0,7.0,55885.0,4.0,4.0,4.0,0.0,0.0,3.0,400.0,220.0,0.0,0.0,300.0,200.0,50.0,250.0,0.0,0.0,300.0,350.0,1.0,0.0,1.6666666666666667,195.33333333333334,7.0,66895.0,4.666666666666667,4.0,3.0,0.0,0.0,2.3333333333333335,306.6666666666667,130.0,0.0,0.0,120.0,100.0,150.0,103.33333333333333,0.0,0.0,200.0,300.0,1.0,0.0,0.5773502691896258,302.889969020655,1.0,29200.60059313849,3.0550504633038935,2.0,1.7320508075688772,0.0,0.0,1.1547005383792517,262.7419519858474,115.32562594670796,0.0,0.0,158.74507866387543,100.0,132.28756555322954,128.58201014657274,0.0,0.0,86.60254037844386,43.30127018922193,0.0,0.0,2.0,2.0,1.0,0.0,1.0,3.0,1
LRL_2026-02-04_6,22018747,LRL_2026-02-04_6_22018747,1.0,48.0,6.0,39000.0,6.0,3.0,2.0,0.0,0.0,1.0,20.0,10.0,0.0,0.0,0.0,0.0,500.0,100.0,0.0,0.0,50.0,175.0,1.0,0.0,2.6666666666666665,28.0,6.666666666666667,59333.333333333336,6.0,3.3333333333333335,2.3333333333333335,0.0,0.0,2.3333333333333335,113.33333333333333,90.0,0.0,0.0,383.3333333333333,691.6666666666666,300.0,86.66666666666667,0.0,0.0,150.0,316.6666666666667,1.0,0.3333333333333333,1.5275252316519468,17.578395831246947,1.1547005383792515,35218.366420567174,1.0,0.5773502691896258,0.5773502691896258,0.0,0.0,1.5275252316519468,90.18499505645788,72.11102550927978,0.0,0.0,539.2896562454479,874.7618723591771,200.0,70.94598884597588,0.0,0.0,86.60254037844386,128.2900359861721,0.0,0.5773502691896258,1.0,4.0,3.0,-3.0,1.0,3.0,1
LRL_2026-02-04_6,22005832,LRL_2026-02-04_6_22005832,2.0,43.0,7.0,100000.0,6.0,3.0,3.0,0.0,0.0,2.0,60.0,160.0,0.0,0.0,50.0,225.0,50.0,350.0,0.0,0.0,50.0,50.0,1.0,1.0,1.3333333333333333,23.666666666666668,7.0,48666.666666666664,5.666666666666667,4.0,2.3333333333333335,0.0,0.0,1.6666666666666667,116.66666666666667,140.0,0.0,0.0,133.33333333333334,75.0,116.66666666666667,186.66666666666666,0.0,0.0,283.3333333333333,1016.6666666666666,1.0,0.3333333333333333,0.5773502691896257,19.008769905844336,1.0,45170.049073842434,1.5275252316519468,1.7320508075688772,1.1547005383792517,0.0,0.0,0.5773502691896258,60.277137733417085,131.14877048604,0.0,0.0,189.29694486000912,129.9038105676658,57.735026918962575,170.39170558842744,0.0,0.0,361.7089069035118,1609.8007123036484,0.0,0.5773502691896258,2.0,1.0,1.0,1.0,0.0,3.0,1
LRL_2026-02-04_6,21005178,LRL_2026-02-04_6_21005178,3.0,54.0,7.0,100000.0,1.0,7.0,7.0,7.0,0.0,4.0,600.0,560.0,710.0,0.0,510.0,350.0,0.0,0.0,0.0,0.0,10.0,125.0,1.0,0.0,3.0,74.33333333333333,7.333333333333333,73156.66666666667,2.6666666666666665,6.666666666666667,6.666666666666667,6.0,0.0,3.6666666666666665,623.3333333333334,656.6666666666666,590.0,0.0,346.6666666666667,261.6666666666667,133.33333333333334,216.66666666666666,150.0,0.0,103.33333333333333,158.33333333333334,1.0,0.0,2.0,18.448125469362285,1.5275252316519465,25025.25990541024,2.8867513459481287,1.5275252316519468,1.5275252316519468,2.6457513110645907,0.0,2.5166114784235836,215.94752448994024,306.648550189518,384.3175770115127,0.0,300.3886371574886,230.56091024571649,152.75252316519467,225.4624876411447,150.0,0.0,95.04384952922167,38.18813079129866,0.0,0.0,3.0,5.0,1.0,-2.0,4.0,3.0,1
LRL_2026-02-04_6,22003495,LRL_2026-02-04_6_22003495,2.0,27.0,11.0,52000.0,6.0,6.0,5.0,0.0,0.0,4.0,410.0,220.0,0.0,0.0,160.0,5.0,50.0,50.0,0.0,0.0,200.0,50.0,1.0,0.0,2.3333333333333335,76.33333333333333,8.333333333333334,64666.666666666664,3.3333333333333335,4.0,3.3333333333333335,0.0,0.0,3.3333333333333335,176.66666666666666,243.33333333333334,0.0,0.0,220.0,226.66666666666666,133.33333333333334,36.666666666666664,0.0,0.0,283.3333333333333,391.6666666666667,1.0,0.3333333333333333,1.5275252316519468,42.73562136360408,2.3094010767585034,31005.375877955958,2.516611478423583,2.0,2.0816659994661326,0.0,0.0,2.0816659994661326,208.16659994661327,255.79940057266228,0.0,0.0,255.3429066960741,388.27610450983633,144.33756729740642,23.094010767585033,0.0,0.0,76.37626158259734,316.55699855370966,0.0,0.5773502691896258,2.0,4.0,1.0,-2.0,3.0,3.0,1
LRL_2026-02-04_7,23009795,LRL_2026-02-04_7_23009795,2.0,87.0,3.0,75000.0,3.0,2.0,3.0,0.0,0.0,2.0,10.0,210.0,0.0,0.0,1200.0,1900.0,50.0,0.0,0.0,0.0,500.0,800.0,1.0,0.0,3.0,229.33333333333334,6.0,58333.333333333336,2.6666666666666665,3.3333333333333335,4.0,2.0,0.0,2.6666666666666665,130.0,213.33333333333334,150.0,0.0,586.6666666666666,1008.3333333333334,70.0,83.33333333333333,133.33333333333334,0.0,433.3333333333333,716.6666666666666,1.0,0.6666666666666666,1.7320508075688772,312.8103791969399,2.6457513110645907,14433.756729740644,1.5275252316519465,2.3094010767585034,1.7320508075688772,2.0,0.0,1.1547005383792515,174.35595774162695,105.03967504392487,217.94494717703367,0.0,578.8206400374241,833.0416156071276,72.11102550927978,76.37626158259734,125.83057392117917,0.0,115.47005383792515,189.29694486000912,0.0,0.5773502691896258,2.0,5.0,2.0,-3.0,3.0,3.0,1
LRL_2026-02-04_7,23004204,LRL_2026-02-04_7_23004204,4.0,54.0,10.0,53935.0,10.0,7.0,7.0,7.0,0.0,5.0,720.0,610.0,610.0,0.0,800.0,750.0,50.0,150.0,200.0,0.0,10.0,10.0,0.0,1.0,4.666666666666667,80.33333333333333,8.666666666666666,63311.666666666664,6.0,5.666666666666667,6.0,6.0,0.0,5.666666666666667,563.3333333333334,476.6666666666667,526.6666666666666,0.0,530.0,610.0,23.333333333333332,136.66666666666666,316.6666666666667,0.0,303.3333333333333,623.3333333333334,0.0,1.0,3.0550504633038935,58.15783122962318,1.5275252316519465,21123.24331946525,3.4641016151377544,1.1547005383792517,1.0,1.0,0.0,1.1547005383792517,155.02687938977982,122.20201853215573,111.50485789118486,0.0,235.15952032609695,337.5277766347534,23.094010767585033,120.55427546683417,160.7275126832159,0.0,258.90796305508513,1062.3244953089113,0.0,0.0,4.0,8.0,2.0,-4.0,6.0,3.0,1
LRL_2026-02-04_7,23017237,LRL_2026-02-04_7_23017237,5.0,66.0,7.0,51730.0,7.0,7.0,6.0,5.0,0.0,5.0,820.0,330.0,180.0,0.0,320.0,710.0,0.0,10.0,100.0,0.0,500.0,1000.0,1.0,1.0,5.0,66.0,7.0,51730.0,7.0,7.0,6.0,5.0,0.0,5.0,820.0,330.0,180.0,0.0,320.0,710.0,0.0,10.0,100.0,0.0,500.0,1000.0,1.0,1.0,,,,,,,,,,,,,,,,,,,,,,,,,5.0,,,,,1.0,1
LRL_2026-02-04_7,23008615,LRL_2026-02-04_7_23008615,3.0,13.0,10.0,30600.0,10.0,6.0,4.0,0.0,0.0,3.0,900.0,450.0,0.0,0.0,200.0,450.0,50.0,100.0,0.0,0.0,600.0,1450.0,1.0,0.0,4.333333333333333,75.0,8.0,43276.666666666664,5.666666666666667,6.0,5.666666666666667,2.3333333333333335,0.0,5.0,723.3333333333334,616.6666666666666,176.66666666666666,0.0,526.6666666666666,936.6666666666666,300.0,166.66666666666666,0.0,0.0,666.6666666666666,841.6666666666666,1.0,0.3333333333333333,1.5275252316519468,88.22131261775694,1.7320508075688772,11180.189324574667,4.041451884327381,0.0,1.5275252316519465,4.041451884327381,0.0,1.7320508075688772,350.1904243884081,387.8573620976316,305.9956426705017,0.0,311.3411847689498,677.1508940652249,229.128784747792,208.16659994661327,0.0,0.0,305.50504633038935,588.6071128803434,0.0,0.5773502691896258,3.0,4.0,6.0,-1.0,-2.0,3.0,1
LRL_2026-02-04_7,23006308,LRL_2026-02-04_7_23006308,2.0,235.0,11.0,51615.0,2.0,1.0,1.0,1.0,0.0,3.0,0.0,0.0,0.0,0.0,160.0,200.0,100.0,50.0,10.0,0.0,200.0,75.0,0.0,0.0,3.5,187.5,10.5,51012.5,6.0,2.5,2.0,0.5,0.0,3.5,80.0,80.0,0.0,0.0,255.0,267.5,125.0,50.0,5.0,0.0,125.0,40.0,0.0,0.0,2.1213203435596424,67.17514421272202,0.7071067811865476,852.0636713297897,5.656854249492381,2.1213203435596424,1.4142135623730951,0.7071067811865476,0.0,0.7071067811865476,113.13708498984761,113.13708498984761,0.0,0.0,134.35028842544403,95.45941546018392,35.35533905932738,0.0,7.0710678118654755,0.0,106.06601717798213,49.49747468305833,0.0,0.0,2.0,5.0,,-3.0,,2.0,1
LRL_2026-02-04_7,23015322,LRL_2026-02-04_7_23015322,2.0,43.0,7.0,51730.0,1.0,3.0,5.0,3.0,0.0,3.0,110.0,180.0,160.0,0.0,60.0,300.0,100.0,150.0,10.0,0.0,250.0,100.0,1.0,1.0,3.5,157.5,7.0,49615.0,3.5,4.5,5.5,1.5,0.0,4.0,310.0,355.0,80.0,0.0,360.0,705.0,125.0,275.0,5.0,0.0,150.0,162.5,1.0,0.5,2.1213203435596424,161.92745289171938,0.0,2991.061684419096,3.5355339059327378,2.1213203435596424,0.7071067811865476,2.1213203435596424,0.0,1.4142135623730951,282.842712474619,247.48737341529164,113.13708498984761,0.0,424.26406871192853,572.7564927611035,35.35533905932738,176.7766952966369,7.0710678118654755,0.0,141.4213562373095,88.38834764831844,0.0,0.7071067811865476,2.0,5.0,,-3.0,,2.0,1
LRL_2026-02-04_7,23015374,LRL_2026-02-04_7_23015374,3.0,65.0,7.0,45500.0,5.0,7.0,4.0,0.0,0.0,4.0,550.0,650.0,0.0,0.0,700.0,1100.0,0.0,10.0,0.0,0.0,50.0,25.0,1.0,0.0,3.0,65.0,7.0,45500.0,5.0,7.0,4.0,0.0,0.0,4.0,550.0,650.0,0.0,0.0,700.0,1100.0,0.0,10.0,0.0,0.0,50.0,25.0,1.0,0.0,,,,,,,,,,,,,,,,,,,,,,,,,3.0,,,,,1.0,1
LRL_2026-02-04_8,23013965,LRL_2026-02-04_8_23013965,3.0,6.0,3.0,83000.0,2.0,1.0,1.0,0.0,0.0,1.0,0.0,0.0,0.0,0.0,0.0,650.0,10.0,50.0,0.0,0.0,50.0,0.0,1.0,1.0,2.0,12.333333333333334,5.333333333333333,84333.33333333333,1.3333333333333333,1.0,1.0,0.0,0.0,1.0,0.0,0.0,0.0,0.0,0.0,218.33333333333334,53.333333333333336,116.66666666666667,0.0,0.0,266.6666666666667,300.0,1.0,1.0,1.0,6.027713773341707,3.2145502536643185,1154.7005383792525,0.5773502691896257,0.0,0.0,0.0,0.0,0.0,0.0,0.0,0.0,0.0,0.0,373.84265852539266,45.09249752822894,115.47005383792515,0.0,0.0,292.97326385411577,378.3186487605389,0.0,0.0,3.0,1.0,2.0,2.0,-1.0,3.0,1
LRL_2026-02-04_8,23012845,LRL_2026-02-04_8_23012845,1.0,46.0,7.0,49500.0,2.0,3.0,3.0,0.0,0.0,2.0,260.0,250.0,0.0,0.0,150.0,0.0,10.0,10.0,0.0,0.0,10.0,50.0,1.0,0.0,1.0,30.5,7.5,40050.0,4.0,3.5,1.5,0.0,0.0,2.0,260.0,125.0,0.0,0.0,80.0,0.0,105.0,5.0,0.0,0.0,10.0,225.0,1.0,0.0,0.0,21.920310216782973,0.7071067811865476,13364.318164425747,2.8284271247461903,0.7071067811865476,2.1213203435596424,0.0,0.0,0.0,0.0,176.7766952966369,0.0,0.0,98.99494936611666,0.0,134.35028842544403,7.0710678118654755,0.0,0.0,0.0,247.48737341529164,0.0,0.0,1.0,1.0,,0.0,,2.0,1
LRL_2026-02-04_8,23007499,LRL_2026-02-04_8_23007499,3.0,182.0,6.0,55000.0,4.0,3.0,2.0,0.0,0.0,1.0,150.0,50.0,0.0,0.0,0.0,75.0,100.0,100.0,0.0,0.0,50.0,200.0,1.0,1.0,2.0,68.0,5.666666666666667,31100.0,3.3333333333333335,2.0,1.6666666666666667,0.0,0.0,1.3333333333333333,53.333333333333336,20.0,0.0,0.0,33.333333333333336,125.0,83.33333333333333,200.0,0.0,0.0,450.0,925.0,1.0,0.6666666666666666,1.0,98.77246579892596,1.5275252316519468,21329.088119279735,1.1547005383792517,1.0,0.5773502691896257,0.0,0.0,0.5773502691896258,83.86497083606082,26.457513110645905,0.0,0.0,57.735026918962575,156.12494995995996,28.867513459481287,100.0,0.0,0.0,350.0,633.9361166552983,0.0,0.5773502691896258,3.0,1.0,2.0,2.0,-1.0,3.0,1
LRL_2026-02-04_8,23006388,LRL_2026-02-04_8_23006388,3.0,7.0,7.0,49500.0,1.0,2.0,2.0,0.0,0.0,3.0,10.0,150.0,0.0,0.0,160.0,425.0,250.0,100.0,0.0,0.0,200.0,275.0,1.0,0.0,2.3333333333333335,40.333333333333336,5.333333333333333,49166.666666666664,2.3333333333333335,1.6666666666666667,1.3333333333333333,0.0,0.0,2.3333333333333335,70.0,50.0,0.0,0.0,106.66666666666667,366.6666666666667,166.66666666666666,40.0,0.0,0.0,500.0,358.3333333333333,1.0,0.6666666666666666,0.5773502691896258,30.550504633038933,1.5275252316519465,288.67513459481233,1.5275252316519468,0.5773502691896258,0.5773502691896257,0.0,0.0,0.5773502691896258,112.69427669584645,86.60254037844386,0.0,0.0,83.86497083606082,101.0362971081845,104.08329997330664,51.96152422706632,0.0,0.0,435.88989435406734,87.79711460710615,0.0,0.5773502691896258,3.0,2.0,2.0,1.0,0.0,3.0,1
LRL_2026-02-04_8,23013382,LRL_2026-02-04_8_23013382,1.0,151.0,12.0,48000.0,4.0,1.0,1.0,0.0,0.0,1.0,0.0,0.0,0.0,0.0,0.0,0.0,200.0,200.0,0.0,0.0,250.0,175.0,1.0,1.0,1.0,151.0,12.0,48000.0,4.0,1.0,1.0,0.0,0.0,1.0,0.0,0.0,0.0,0.0,0.0,0.0,200.0,200.0,0.0,0.0,250.0,175.0,1.0,1.0,,,,,,,,,,,,,,,,,,,,,,,,,1.0,,,,,1.0,1
LRL_2026-02-04_8,23002961,LRL_2026-02-04_8_23002961,2.0,33.0,5.0,50000.0,3.0,3.0,3.0,0.0,0.0,2.0,110.0,110.0,0.0,0.0,200.0,50.0,100.0,100.0,0.0,0.0,10.0,325.0,1.0,1.0,1.3333333333333333,80.33333333333333,7.666666666666667,52000.0,4.333333333333333,6.0,5.333333333333333,0.0,0.0,3.6666666666666665,563.3333333333334,473.3333333333333,0.0,0.0,260.0,16.666666666666668,50.0,100.0,0.0,0.0,70.0,168.33333333333334,0.6666666666666666,0.6666666666666666,0.5773502691896257,81.98373822492685,2.516611478423583,2645.7513110645905,2.3094010767585034,3.605551275463989,4.041451884327381,0.0,0.0,2.886751345948129,431.89504897988047,512.867754234299,0.0,0.0,284.7806173179628,28.867513459481287,50.0,100.0,0.0,0.0,72.11102550927978,160.10413278030438,0.5773502691896258,0.5773502691896258,2.0,1.0,1.0,1.0,0.0,3.0,1
LRL_2026-02-04_8,23015509,LRL_2026-02-04_8_23015509,3.0,70.0,9.0,135000.0,2.0,7.0,6.0,0.0,0.0,3.0,470.0,180.0,0.0,0.0,300.0,500.0,300.0,250.0,0.0,0.0,10.0,250.0,1.0,1.0,3.0,60.0,7.333333333333333,97666.66666666667,4.0,3.6666666666666665,3.6666666666666665,0.0,0.0,2.0,206.66666666666666,83.33333333333333,0.0,0.0,166.66666666666666,338.3333333333333,216.66666666666666,216.66666666666666,0.0,0.0,53.333333333333336,425.0,1.0,1.0,1.0,23.643180835073778,1.5275252316519465,32578.11126098831,1.7320508075688772,2.886751345948129,2.0816659994661326,0.0,0.0,1.0,229.4195574342635,87.36894948054105,0.0,0.0,152.75252316519467,284.3559975336081,76.37626158259734,57.735026918962575,0.0,0.0,45.09249752822894,156.12494995995996,0.0,0.0,3.0,2.0,4.0,1.0,-2.0,3.0,1
LRL_2026-02-04_9,23015288,LRL_2026-02-04_9_23015288,3.0,24.0,7.0,55615.0,4.0,7.0,7.0,7.0,0.0,4.0,670.0,770.0,480.0,0.0,450.0,650.0,0.0,0.0,0.0,0.0,100.0,125.0,1.0,0.0,1.6666666666666667,20.0,7.333333333333333,75205.0,4.0,7.333333333333333,6.666666666666667,2.3333333333333335,0.0,4.333333333333333,890.0,780.0,160.0,0.0,410.0,216.66666666666666,0.0,283.3333333333333,0.0,0.0,100.0,141.66666666666666,1.0,0.3333333333333333,1.1547005383792517,3.605551275463989,1.5275252316519465,43449.12053195093,0.0,1.5275252316519465,1.5275252316519468,4.041451884327381,0.0,1.5275252316519465,191.57244060668017,65.57438524302,277.1281292110204,0.0,45.8257569495584,375.27767497325675,0.0,448.1443219916251,0.0,0.0,50.0,125.83057392117915,0.0,0.5773502691896258,3.0,1.0,1.0,2.0,0.0,3.0,1
LRL_2026-02-04_9,23013139,LRL_2026-02-04_9_23013139,1.0,15.0,4.0,49000.0,4.0,2.0,2.0,1.0,0.0,1.0,200.0,50.0,0.0,0.0,0.0,0.0,500.0,450.0,10.0,0.0,50.0,275.0,1.0,0.0,2.3333333333333335,43.333333333333336,6.0,49823.333333333336,4.333333333333333,3.3333333333333335,3.0,2.3333333333333335,0.0,2.3333333333333335,320.0,256.6666666666667,333.3333333333333,0.0,366.6666666666667,368.3333333333333,483.3333333333333,200.0,203.33333333333334,0.0,170.0,108.33333333333333,1.0,0.0,1.1547005383792515,55.24792605458899,1.7320508075688772,1024.027994409006,0.5773502691896258,2.3094010767585034,1.7320508075688772,1.5275252316519465,0.0,1.1547005383792515,298.66369046136157,240.0694344004112,351.1884584284246,0.0,332.91640592396965,320.1692260872886,325.32035493238556,217.94494717703367,300.88757590391356,0.0,243.3105012119288,144.33756729740642,0.0,0.0,1.0,3.0,3.0,-2.0,0.0,3.0,1
LRL_2026-02-04_9,23006925,LRL_2026-02-04_9_23006925,1.0,28.0,7.0,50235.0,1.0,4.0,2.0,0.0,0.0,1.0,250.0,50.0,0.0,0.0,0.0,0.0,150.0,100.0,0.0,0.0,10.0,75.0,1.0,0.0,1.3333333333333333,17.0,7.666666666666667,48745.0,3.3333333333333335,4.0,3.3333333333333335,0.0,0.0,2.0,520.0,603.3333333333334,0.0,0.0,266.6666666666667,83.33333333333333,83.33333333333333,86.66666666666667,0.0,0.0,86.66666666666667,133.33333333333334,1.0,0.6666666666666666,0.5773502691896258,9.643650760992955,1.1547005383792515,1383.8623486459917,2.5166114784235836,1.0,1.1547005383792515,0.0,0.0,1.0,338.67388443752196,531.5386470740706,0.0,0.0,340.3429642777023,144.33756729740645,57.735026918962575,70.94598884597588,0.0,0.0,70.94598884597588,101.03629710818451,0.0,0.5773502691896258,1.0,1.0,2.0,0.0,-1.0,3.0,1
LRL_2026-02-04_9,23013491,LRL_2026-02-04_9_23013491,1.0,96.0,6.0,100000.0,6.0,1.0,1.0,0.0,0.0,1.0,0.0,0.0,0.0,0.0,0.0,0.0,200.0,250.0,0.0,0.0,400.0,175.0,1.0,1.0,2.3333333333333335,56.333333333333336,7.666666666666667,83166.66666666667,5.333333333333333,6.0,5.0,1.3333333333333333,0.0,4.333333333333333,606.6666666666666,586.6666666666666,300.0,0.0,543.3333333333334,376.6666666666667,66.66666666666667,116.66666666666667,33.333333333333336,0.0,333.3333333333333,408.3333333333333,1.0,0.3333333333333333,1.5275252316519468,43.385865593915874,2.0816659994661326,29156.1885940761,3.0550504633038935,4.58257569495584,3.4641016151377544,2.3094010767585034,0.0,3.5118845842842465,565.8032638058332,535.7549190939205,519.6152422706632,0.0,478.1561809004808,328.6462130214394,115.47005383792515,125.83057392117917,57.735026918962575,0.0,208.16659994661327,361.7089069035118,0.0,0.5773502691896258,1.0,4.0,2.0,-3.0,2.0,3.0,1
LRL_2026-02-04_9,23014262,LRL_2026-02-04_9_23014262,8.0,249.0,10.0,102000.0,9.0,5.0,5.0,6.0,0.0,8.0,360.0,510.0,370.0,0.0,460.0,905.0,150.0,10.0,150.0,0.0,50.0,50.0,1.0,0.0,4.0,97.66666666666667,8.333333333333334,63666.666666666664,5.666666666666667,4.666666666666667,4.666666666666667,4.0,0.0,4.0,340.0,470.0,273.3333333333333,0.0,320.0,560.0,216.66666666666666,140.0,216.66666666666666,0.0,100.0,125.0,1.0,0.0,3.605551275463989,131.701683107443,1.5275252316519468,35472.99442298794,4.163331998932265,0.5773502691896258,0.5773502691896258,2.0,0.0,3.605551275463989,121.2435565298214,60.8276253029822,112.39810200058244,0.0,277.8488797889961,489.3107397145499,76.37626158259734,225.16660498395404,208.16659994661327,0.0,50.0,75.0,0.0,0.0,8.0,1.0,3.0,7.0,-2.0,3.0,1
LRL_2026-02-04_9,23012682,LRL_2026-02-04_9_23012682,2.0,47.0,5.0,125000.0,4.0,5.0,5.0,0.0,0.0,4.0,400.0,510.0,0.0,0.0,350.0,125.0,0.0,0.0,0.0,0.0,200.0,25.0,1.0,0.0,4.666666666666667,301.6666666666667,7.666666666666667,475000.0,5.666666666666667,7.333333333333333,7.666666666666667,0.0,0.0,6.666666666666667,523.3333333333334,613.3333333333334,0.0,0.0,613.3333333333334,436.6666666666667,3.3333333333333335,0.0,0.0,0.0,116.66666666666667,83.33333333333333,0.3333333333333333,0.0,2.516611478423583,263.39577318805505,2.516611478423583,463006.4794363034,3.785938897200183,2.081665999466133,2.516611478423583,0.0,0.0,2.516611478423583,136.50396819628844,137.9613472438325,0.0,0.0,260.0640946638604,359.5251497925192,5.773502691896257,0.0,0.0,0.0,76.37626158259734,52.04164998665332,0.5773502691896258,0.0,2.0,5.0,7.0,-3.0,-2.0,3.0,1
LRL_2026-02-04_9,23017289,LRL_2026-02-04_9_23017289,1.0,54.0,10.0,44230.0,9.0,5.0,2.0,0.0,0.0,1.0,250.0,100.0,0.0,0.0,0.0,0.0,200.0,50.0,0.0,0.0,350.0,975.0,1.0,1.0,1.5,94.5,8.5,37590.0,6.5,6.0,4.5,0.0,0.0,4.0,840.0,835.0,0.0,0.0,530.0,325.0,100.0,25.0,0.0,0.0,175.0,525.0,1.0,0.5,0.7071067811865476,57.27564927611035,2.1213203435596424,9390.37805415735,3.5355339059327378,1.4142135623730951,3.5355339059327378,0.0,0.0,4.242640687119285,834.3860018001261,1039.4469683442248,0.0,0.0,749.5331880577404,459.6194077712559,141.4213562373095,35.35533905932738,0.0,0.0,247.48737341529164,636.3961030678928,0.0,0.7071067811865476,1.0,2.0,,-1.0,,2.0,1
LRL_2026-02-04_10,19019286,LRL_2026-02-04_10_19019286,6.0,25.0,9.0,25870.0,2.0,7.0,6.0,6.0,0.0,6.0,420.0,550.0,380.0,0.0,710.0,1110.0,50.0,50.0,50.0,0.0,400.0,275.0,1.0,0.0,4.666666666666667,129.33333333333334,7.333333333333333,24413.333333333332,2.6666666666666665,4.666666666666667,4.333333333333333,5.0,0.0,4.666666666666667,390.0,370.0,460.0,0.0,640.0,1080.0,120.0,183.33333333333334,183.33333333333334,0.0,350.0,675.0,1.0,0.0,2.309401076758503,155.45524543524846,2.081665999466133,2104.9069654816894,1.1547005383792515,2.081665999466133,1.5275252316519465,1.7320508075688772,0.0,2.309401076758503,36.05551275463989,175.2141546793523,165.22711641858305,0.0,262.10684844162313,142.3903086589814,157.1623364550171,230.9401076758503,189.29694486000912,0.0,278.3882181415011,400.0,0.0,0.0,6.0,2.0,6.0,4.0,-4.0,3.0,1
LRL_2026-02-04_10,22000626,LRL_2026-02-04_10_22000626,3.0,20.0,6.0,24370.0,1.0,2.0,4.0,0.0,0.0,4.0,150.0,350.0,0.0,0.0,410.0,775.0,10.0,200.0,0.0,0.0,450.0,150.0,1.0,1.0,3.3333333333333335,14.666666666666666,7.0,25593.333333333332,3.3333333333333335,1.3333333333333333,2.0,0.0,0.0,3.3333333333333335,50.0,116.66666666666667,0.0,0.0,273.3333333333333,866.6666666666666,336.6666666666667,283.3333333333333,0.0,0.0,216.66666666666666,816.6666666666666,1.0,0.6666666666666666,2.516611478423583,5.033222956847166,1.0,1348.9378537698958,4.041451884327381,0.5773502691896257,1.7320508075688772,0.0,0.0,2.0816659994661326,86.60254037844386,202.07259421636903,0.0,0.0,236.71361036774658,915.9466869492642,346.4582706955245,189.29694486000912,0.0,0.0,208.16659994661327,1198.262631201246,0.0,0.5773502691896258,3.0,6.0,1.0,-3.0,5.0,3.0,1
LRL_2026-02-04_10,19017987,LRL_2026-02-04_10_19017987,4.0,238.0,6.0,24370.0,6.0,1.0,1.0,0.0,0.0,3.0,0.0,0.0,0.0,0.0,310.0,925.0,150.0,50.0,0.0,0.0,100.0,1100.0,1.0,1.0,3.6666666666666665,139.33333333333334,7.333333333333333,20106.666666666668,4.666666666666667,2.3333333333333335,1.0,0.0,0.0,3.3333333333333335,116.66666666666667,3.3333333333333335,0.0,0.0,393.3333333333333,775.0,116.66666666666667,66.66666666666667,0.0,0.0,70.0,443.3333333333333,1.0,0.3333333333333333,0.5773502691896258,94.77517255765528,1.5275252316519465,6686.750581062025,1.5275252316519465,2.3094010767585034,1.0,0.0,0.0,1.5275252316519468,202.07259421636903,5.773502691896257,0.0,0.0,97.12534856222311,238.4848003542364,57.735026918962575,76.37626158259734,0.0,0.0,51.96152422706632,579.2308117955513,0.0,0.5773502691896258,4.0,3.0,4.0,1.0,-1.0,3.0,1
LRL_2026-02-04_10,22006616,LRL_2026-02-04_10_22006616,9.0,90.0,9.0,25870.0,4.0,8.0,7.0,9.0,0.0,9.0,470.0,600.0,780.0,0.0,1710.0,2585.0,10.0,10.0,0.0,0.0,0.0,0.0,1.0,0.0,5.333333333333333,67.66666666666667,8.0,25323.333333333332,5.666666666666667,6.666666666666667,5.666666666666667,6.666666666666667,0.0,6.333333333333333,626.6666666666666,586.6666666666666,600.0,0.0,870.0,1178.3333333333333,6.666666666666667,106.66666666666667,200.0,0.0,200.0,316.6666666666667,1.0,0.0,4.041451884327381,34.44318994131254,1.0,7564.828704824276,2.0816659994661326,2.309401076758503,2.309401076758503,2.081665999466133,0.0,2.516611478423583,474.79820274863437,380.17539811688675,286.18176042508367,0.0,729.1776189653657,1307.5390370208202,5.773502691896257,167.43157806499147,264.5751311064591,0.0,200.0,406.45827994190665,0.0,0.0,9.0,6.0,1.0,3.0,5.0,3.0,1
LRL_2026-02-04_10,22013102,LRL_2026-02-04_10_22013102,6.0,12.0,6.0,24370.0,3.0,5.0,6.0,0.0,0.0,6.0,510.0,700.0,0.0,0.0,1060.0,2125.0,150.0,0.0,0.0,0.0,0.0,0.0,1.0,1.0,3.6666666666666665,50.333333333333336,6.666666666666667,24986.666666666668,3.0,5.333333333333333,5.0,0.0,0.0,3.6666666666666665,756.6666666666666,626.6666666666666,0.0,0.0,573.3333333333334,983.3333333333334,100.0,66.66666666666667,0.0,0.0,20.0,291.6666666666667,1.0,0.3333333333333333,2.0816659994661326,61.27261487266014,0.5773502691896257,1824.892690909066,2.0,0.5773502691896257,1.7320508075688772,0.0,0.0,2.5166114784235836,245.01700621249404,102.14368964029707,0.0,0.0,535.2880844305553,998.2275959586237,50.0,76.37626158259734,0.0,0.0,26.457513110645905,255.3592241007427,0.0,0.5773502691896258,6.0,2.0,3.0,4.0,-1.0,3.0,1
LRL_2026-02-04_10,22001373,LRL_2026-02-04_10_22001373,2.0,53.0,6.0,24370.0,4.0,4.0,3.0,0.0,0.0,2.0,310.0,250.0,0.0,0.0,300.0,525.0,200.0,100.0,0.0,0.0,10.0,250.0,1.0,1.0,2.6666666666666665,90.66666666666667,7.0,23530.0,2.6666666666666665,2.3333333333333335,1.6666666666666667,0.0,0.0,1.6666666666666667,106.66666666666667,83.33333333333333,0.0,0.0,103.33333333333333,425.0,133.33333333333334,83.33333333333333,0.0,0.0,136.66666666666666,283.3333333333333,1.0,0.6666666666666666,1.1547005383792515,81.32855177201506,1.7320508075688772,855.3946457629952,1.5275252316519468,1.5275252316519468,1.1547005383792517,0.0,0.0,0.5773502691896258,176.16280348965083,144.33756729740642,0.0,0.0,170.39170558842744,360.5551275463989,76.37626158259734,28.867513459481287,0.0,0.0,120.55427546683417,104.08329997330665,0.0,0.5773502691896258,2.0,4.0,2.0,-2.0,2.0,3.0,1
LRL_2026-02-04_10,22007775,LRL_2026-02-04_10_22007775,3.0,22.0,7.0,23550.0,3.0,3.0,3.0,0.0,0.0,3.0,250.0,160.0,0.0,0.0,510.0,675.0,300.0,350.0,0.0,0.0,150.0,225.0,1.0,0.0,4.333333333333333,23.333333333333332,7.333333333333333,24430.0,2.6666666666666665,4.0,3.6666666666666665,0.0,0.0,4.0,550.0,390.0,0.0,0.0,570.0,766.6666666666666,603.3333333333334,236.66666666666666,0.0,0.0,200.0,275.0,1.0,0.0,1.5275252316519465,9.073771725877465,1.5275252316519465,1515.552704461313,0.5773502691896258,3.605551275463989,2.0816659994661326,0.0,0.0,1.7320508075688772,746.6592261534039,533.572862878164,0.0,0.0,304.4667469527666,158.7713240271471,789.9578047803144,196.29909152447277,0.0,0.0,180.27756377319946,180.27756377319946,0.0,0.0,3.0,6.0,4.0,-3.0,2.0,3.0,1
LRL_2026-02-05_1,22004675,LRL_2026-02-05_1_22004675,3.0,34.0,6.0,33150.0,6.0,2.0,2.0,0.0,0.0,2.0,10.0,10.0,0.0,0.0,10.0,725.0,800.0,500.0,0.0,0.0,150.0,400.0,1.0,0.0,3.3333333333333335,77.0,6.666666666666667,45200.0,3.6666666666666665,3.3333333333333335,3.6666666666666665,0.6666666666666666,0.0,3.3333333333333335,156.66666666666666,340.0,33.333333333333336,0.0,313.3333333333333,608.3333333333334,270.0,170.0,3.3333333333333335,0.0,53.333333333333336,175.0,1.0,0.0,1.5275252316519468,80.61637550770935,1.1547005383792515,23248.70964161237,2.516611478423583,2.3094010767585034,2.0816659994661326,1.1547005383792517,0.0,2.3094010767585034,181.75074506954115,383.01436004411113,57.735026918962575,0.0,525.3887449625594,388.3726732577015,459.02069670114,285.832118559129,5.773502691896257,0.0,83.86497083606082,198.4313483298443,0.0,0.0,3.0,5.0,2.0,-2.0,3.0,3.0,1
LRL_2026-02-05_1,21008653,LRL_2026-02-05_1_21008653,2.0,35.0,3.0,30000.0,2.0,2.0,2.0,1.0,0.0,1.0,200.0,10.0,0.0,0.0,0.0,150.0,300.0,350.0,250.0,0.0,200.0,525.0,1.0,1.0,3.0,43.666666666666664,5.666666666666667,29330.0,3.3333333333333335,3.6666666666666665,3.3333333333333335,0.3333333333333333,0.0,2.6666666666666665,656.6666666666666,456.6666666666667,0.0,0.0,270.0,635.0,150.0,303.3333333333333,83.33333333333333,0.0,150.0,408.3333333333333,1.0,0.3333333333333333,1.0,16.77299416721217,2.309401076758503,2039.2890918160672,3.214550253664318,2.0816659994661326,2.3094010767585034,0.5773502691896258,0.0,1.5275252316519468,417.8915329763614,426.65364563464516,0.0,0.0,275.13632984395207,445.1685074216279,132.28756555322954,273.00793639257694,144.33756729740642,0.0,50.0,269.64482812272394,0.0,0.5773502691896258,2.0,4.0,3.0,-2.0,1.0,3.0,1
LRL_2026-02-05_1,21004295,LRL_2026-02-05_1_21004295,5.0,39.0,9.0,43000.0,3.0,1.0,1.0,2.0,0.0,4.0,0.0,0.0,150.0,0.0,650.0,1200.0,50.0,10.0,10.0,0.0,50.0,100.0,1.0,1.0,5.333333333333333,102.0,9.0,50333.333333333336,4.333333333333333,2.3333333333333335,2.3333333333333335,2.3333333333333335,0.0,4.0,120.0,103.33333333333333,86.66666666666667,0.0,323.3333333333333,801.6666666666666,166.66666666666666,203.33333333333334,36.666666666666664,0.0,150.0,266.6666666666667,1.0,0.6666666666666666,0.5773502691896258,106.53168542738823,0.0,12701.705922171766,3.2145502536643185,2.3094010767585034,2.3094010767585034,1.5275252316519465,0.0,0.0,207.84609690826528,178.978583448784,77.67453465154028,0.0,296.87258770949757,424.56840830817043,202.072594216369,300.88757590391356,23.094010767585033,0.0,100.0,190.94065395649335,0.0,0.5773502691896258,5.0,5.0,6.0,0.0,-1.0,3.0,1
LRL_2026-02-05_1,21013454,LRL_2026-02-05_1_21013454,5.0,148.0,7.0,27280.0,1.0,4.0,4.0,5.0,0.0,6.0,210.0,310.0,320.0,0.0,280.0,850.0,200.0,10.0,10.0,0.0,300.0,50.0,1.0,0.0,3.0,97.0,7.0,25626.666666666668,3.0,5.666666666666667,4.666666666666667,1.6666666666666667,0.0,4.333333333333333,620.0,523.3333333333334,106.66666666666667,0.0,280.0,500.0,70.0,270.0,3.3333333333333335,0.0,233.33333333333334,183.33333333333334,1.0,0.0,1.7320508075688772,72.50517222929686,0.0,2658.5208920249875,1.7320508075688772,1.5275252316519465,1.1547005383792517,2.886751345948129,0.0,1.5275252316519465,449.1102314577124,201.32891827388667,184.75208614068026,0.0,170.0,307.2051431861127,112.69427669584645,301.16440692751195,5.773502691896258,0.0,76.37626158259734,118.14539065631521,0.0,0.0,5.0,2.0,2.0,3.0,0.0,3.0,1
LRL_2026-02-05_1,21009715,LRL_2026-02-05_1_21009715,3.0,45.0,5.0,26000.0,3.0,4.0,3.0,0.0,0.0,3.0,500.0,350.0,0.0,0.0,650.0,1000.0,250.0,50.0,0.0,0.0,150.0,50.0,1.0,0.0,4.333333333333333,68.0,6.333333333333333,39666.666666666664,5.333333333333333,5.666666666666667,5.0,0.0,0.0,4.333333333333333,786.6666666666666,603.3333333333334,0.0,0.0,753.3333333333334,783.3333333333334,133.33333333333334,70.0,0.0,0.0,283.3333333333333,925.0,1.0,0.0,1.1547005383792517,48.75448697299562,1.5275252316519465,12096.831541082704,2.516611478423583,1.5275252316519465,2.0,0.0,0.0,1.1547005383792517,250.06665778014735,283.7839553839035,0.0,0.0,100.16652800877813,225.46248764114475,125.83057392117915,72.11102550927978,0.0,0.0,275.3785273643051,1325.4716141811564,0.0,0.0,3.0,5.0,5.0,-2.0,0.0,3.0,1
LRL_2026-02-05_1,22002300,LRL_2026-02-05_1_22002300,6.0,202.0,7.0,27280.0,3.0,2.0,2.0,1.0,0.0,3.0,100.0,100.0,0.0,0.0,110.0,900.0,100.0,10.0,10.0,0.0,10.0,250.0,1.0,0.0,5.0,202.66666666666666,9.666666666666666,27013.333333333332,7.666666666666667,6.0,5.666666666666667,0.3333333333333333,0.0,4.666666666666667,430.0,336.6666666666667,0.0,0.0,250.0,543.3333333333334,233.33333333333334,56.666666666666664,3.3333333333333335,0.0,23.333333333333332,150.0,0.3333333333333333,0.0,3.605551275463989,31.005375877955963,2.5166114784235836,550.7570547286097,4.163331998932265,3.4641016151377544,3.214550253664318,0.5773502691896258,0.0,3.7859388972001824,308.05843601498725,289.88503468329185,0.0,0.0,332.86633954186476,478.1561809004808,152.75252316519467,80.82903768654761,5.773502691896258,0.0,23.094010767585033,86.60254037844386,0.5773502691896258,0.0,6.0,8.0,1.0,-2.0,7.0,3.0,1
LRL_2026-02-05_1,21011618,LRL_2026-02-05_1_21011618,3.0,35.0,7.0,27280.0,5.0,6.0,5.0,4.0,0.0,4.0,660.0,320.0,220.0,0.0,120.0,100.0,50.0,50.0,100.0,0.0,10.0,375.0,1.0,0.0,4.0,165.33333333333334,6.666666666666667,73793.33333333333,4.333333333333333,6.0,5.333333333333333,5.333333333333333,0.0,5.0,693.3333333333334,460.0,463.3333333333333,0.0,630.0,825.0,216.66666666666666,100.0,233.33333333333334,0.0,203.33333333333334,141.66666666666666,1.0,0.3333333333333333,1.7320508075688772,211.19264507395454,0.5773502691896258,66530.59546805013,3.055050463303893,0.0,0.5773502691896258,1.1547005383792517,0.0,1.0,49.32882862316248,140.0,220.52966542697456,0.0,475.0789408087881,1026.8276388956424,332.91640592396965,132.28756555322954,321.4550253664318,0.0,343.5597958628648,203.61319538117695,0.0,0.5773502691896258,3.0,3.0,6.0,0.0,-3.0,3.0,1
LRL_2026-02-05_1,22013966,LRL_2026-02-05_1_22013966,7.0,72.0,7.0,27280.0,6.0,7.0,7.0,7.0,0.0,7.0,710.0,570.0,580.0,0.0,580.0,1150.0,0.0,0.0,0.0,0.0,0.0,0.0,1.0,0.0,4.666666666666667,48.666666666666664,7.333333333333333,25940.0,5.333333333333333,6.333333333333333,6.333333333333333,5.333333333333333,0.0,5.333333333333333,796.6666666666666,800.0,616.6666666666666,0.0,553.3333333333334,706.6666666666666,86.66666666666667,116.66666666666667,100.0,0.0,150.0,358.3333333333333,0.6666666666666666,0.0,3.214550253664318,36.17089069035117,2.5166114784235836,3469.8126750589863,0.5773502691896257,2.081665999466133,2.081665999466133,3.7859388972001824,0.0,3.7859388972001824,158.85003409925142,331.5116890850155,635.793467513888,0.0,540.4936015655813,618.5736280616345,141.53915830374763,160.7275126832159,100.0,0.0,180.27756377319946,496.4457002868827,0.5773502691896258,0.0,7.0,1.0,6.0,6.0,-5.0,3.0,1
LRL_2026-02-05_2,19002713,LRL_2026-02-05_2_19002713,5.0,70.0,11.0,23070.0,11.0,1.0,1.0,0.0,0.0,1.0,0.0,0.0,0.0,0.0,0.0,375.0,150.0,300.0,0.0,0.0,10.0,10.0,1.0,1.0,4.333333333333333,49.333333333333336,8.0,21383.333333333332,6.666666666666667,2.3333333333333335,1.3333333333333333,0.3333333333333333,0.0,2.6666666666666665,103.33333333333333,83.33333333333333,0.0,0.0,336.6666666666667,741.6666666666666,416.6666666666667,436.6666666666667,100.0,0.0,220.0,320.0,1.0,0.6666666666666666,0.5773502691896257,20.033305601755625,2.6457513110645907,2365.001761803431,4.041451884327381,2.3094010767585034,0.5773502691896258,0.5773502691896258,0.0,1.5275252316519468,178.978583448784,144.33756729740645,0.0,0.0,306.648550189518,550.7570547286102,340.34296427770227,508.9531740085067,173.20508075688772,0.0,252.38858928247924,350.2855977627399,0.0,0.5773502691896258,5.0,4.0,4.0,1.0,0.0,3.0,1
LRL_2026-02-05_2,20010035,LRL_2026-02-05_2_20010035,4.0,17.0,11.0,21180.0,7.0,2.0,3.0,0.0,0.0,3.0,100.0,110.0,0.0,0.0,300.0,585.0,10.0,50.0,0.0,0.0,50.0,125.0,1.0,1.0,5.333333333333333,67.33333333333333,9.0,36460.0,4.666666666666667,5.0,5.666666666666667,0.0,0.0,4.666666666666667,576.6666666666666,530.0,0.0,0.0,653.3333333333334,1153.3333333333333,36.666666666666664,66.66666666666667,0.0,0.0,83.33333333333333,391.6666666666667,1.0,1.0,1.5275252316519468,43.592812863284394,1.7320508075688772,17525.0934376967,3.214550253664318,3.0,2.516611478423583,0.0,0.0,2.0816659994661326,416.4532786920201,405.8324777540605,0.0,0.0,382.7967258654824,728.8061013282843,55.075705472861024,76.37626158259734,0.0,0.0,57.735026918962575,251.66114784235833,0.0,0.0,4.0,5.0,7.0,-1.0,-2.0,3.0,1
LRL_2026-02-05_2,19017159,LRL_2026-02-05_2_19017159,5.0,39.0,7.0,20600.0,2.0,4.0,5.0,0.0,0.0,5.0,200.0,460.0,0.0,0.0,800.0,1000.0,100.0,350.0,0.0,0.0,50.0,350.0,1.0,0.0,2.3333333333333335,23.666666666666668,6.666666666666667,20070.0,4.333333333333333,3.6666666666666665,3.6666666666666665,0.0,0.0,3.3333333333333335,283.3333333333333,276.6666666666667,0.0,0.0,353.3333333333333,333.3333333333333,40.0,266.6666666666667,0.0,0.0,70.0,175.0,1.0,0.6666666666666666,2.3094010767585034,15.01110699893027,0.5773502691896257,1005.8329881247681,2.081665999466133,1.5275252316519465,1.5275252316519465,0.0,0.0,2.0816659994661326,236.2907813126304,236.2907813126304,0.0,0.0,408.08495847474376,577.3502691896257,51.96152422706632,76.37626158259734,0.0,0.0,72.11102550927978,152.0690632574555,0.0,0.5773502691896258,5.0,1.0,1.0,4.0,0.0,3.0,1
LRL_2026-02-05_2,21012519,LRL_2026-02-05_2_21012519,7.0,98.0,11.0,23070.0,2.0,4.0,6.0,0.0,0.0,8.0,400.0,810.0,0.0,0.0,670.0,685.0,50.0,100.0,0.0,0.0,200.0,100.0,1.0,1.0,5.333333333333333,58.0,9.0,21620.0,4.333333333333333,4.0,4.0,1.0,0.0,5.0,450.0,473.3333333333333,53.333333333333336,0.0,773.3333333333334,1070.0,100.0,133.33333333333334,116.66666666666667,0.0,183.33333333333334,258.3333333333333,1.0,0.6666666666666666,1.5275252316519465,37.36308338453881,1.7320508075688772,1262.9726837901128,2.516611478423583,0.0,2.0,1.7320508075688772,0.0,2.6457513110645907,86.60254037844386,387.341365378568,92.37604307034013,0.0,92.91573243177568,335.52198139615234,86.60254037844386,104.08329997330664,202.07259421636903,0.0,28.867513459481287,137.68926368215256,0.0,0.5773502691896258,7.0,5.0,4.0,2.0,1.0,3.0,1
LRL_2026-02-05_2,21017501,LRL_2026-02-05_2_21017501,1.0,122.0,10.0,21000.0,1.0,2.0,2.0,0.0,0.0,1.0,50.0,10.0,0.0,0.0,0.0,0.0,100.0,50.0,0.0,0.0,100.0,300.0,1.0,1.0,3.3333333333333335,94.0,8.333333333333334,18000.0,3.3333333333333335,2.6666666666666665,3.0,0.0,0.0,3.3333333333333335,103.33333333333333,76.66666666666667,0.0,0.0,0.0,0.0,116.66666666666667,66.66666666666667,0.0,0.0,100.0,212.5,1.0,1.0,4.041451884327381,24.576411454889016,1.5275252316519468,5196.152422706632,2.0816659994661326,1.1547005383792517,1.7320508075688772,0.0,0.0,4.041451884327381,55.075705472861024,115.47005383792515,0.0,0.0,0.0,0.0,28.867513459481287,28.867513459481287,0.0,0.0,0.0,123.74368670764582,0.0,0.0,1.0,1.0,8.0,0.0,-7.0,3.0,1
LRL_2026-02-05_2,21000672,LRL_2026-02-05_2_21000672,4.0,17.0,6.0,24000.0,4.0,3.0,3.0,0.0,0.0,3.0,210.0,550.0,0.0,0.0,650.0,450.0,50.0,400.0,0.0,0.0,150.0,425.0,1.0,1.0,4.666666666666667,42.333333333333336,7.0,29863.333333333332,4.333333333333333,4.0,4.333333333333333,0.0,0.0,3.6666666666666665,390.0,553.3333333333334,0.0,0.0,633.3333333333334,716.6666666666666,83.33333333333333,183.33333333333334,0.0,0.0,566.6666666666666,191.66666666666666,1.0,1.0,1.1547005383792517,46.5008960487143,1.0,5081.164564677406,0.5773502691896258,2.6457513110645907,3.214550253664318,0.0,0.0,3.0550504633038935,457.38386504117085,455.00915741700555,0.0,0.0,625.1666444503684,713.4131575274831,28.867513459481287,202.07259421636903,0.0,0.0,809.8353742170895,208.16659994661327,0.0,0.0,4.0,6.0,4.0,-2.0,2.0,3.0,1
LRL_2026-02-05_3,22006914,LRL_2026-02-05_3_22006914,5.0,56.0,7.0,50000.0,2.0,1.0,2.0,0.0,0.0,4.0,0.0,10.0,0.0,0.0,410.0,1000.0,100.0,200.0,0.0,0.0,400.0,850.0,1.0,0.0,6.333333333333333,74.0,8.0,50000.0,3.0,1.6666666666666667,3.0,0.0,0.0,5.0,20.0,160.0,0.0,0.0,1023.3333333333334,2108.3333333333335,100.0,133.33333333333334,0.0,0.0,336.6666666666667,1008.3333333333334,1.0,0.3333333333333333,2.309401076758503,46.67976006793523,1.7320508075688772,0.0,1.7320508075688772,1.1547005383792517,1.7320508075688772,0.0,0.0,1.0,34.64101615137755,187.34993995195194,0.0,0.0,537.152988759565,959.9262124420467,0.0,57.735026918962575,0.0,0.0,300.05555041247504,177.3649721149397,0.0,0.5773502691896258,5.0,9.0,5.0,-4.0,4.0,3.0,1
LRL_2026-02-05_3,22005862,LRL_2026-02-05_3_22005862,2.0,112.0,7.0,50000.0,4.0,7.0,5.0,0.0,0.0,3.0,720.0,510.0,0.0,0.0,400.0,325.0,0.0,400.0,0.0,0.0,10.0,250.0,1.0,0.0,4.0,256.3333333333333,9.0,50000.0,3.0,7.333333333333333,6.666666666666667,0.0,0.0,4.333333333333333,496.6666666666667,403.3333333333333,0.0,0.0,566.6666666666666,786.6666666666666,100.0,216.66666666666666,0.0,0.0,120.0,391.6666666666667,1.0,0.3333333333333333,2.6457513110645907,157.30331634562995,2.6457513110645907,0.0,1.0,0.5773502691896258,1.5275252316519465,0.0,0.0,2.309401076758503,241.72987679087856,94.51631252505216,0.0,0.0,246.64414311581237,481.0492005328908,100.0,175.5942292142123,0.0,0.0,157.1623364550171,359.10769044025403,0.0,0.5773502691896258,2.0,7.0,3.0,-5.0,4.0,3.0,1
LRL_2026-02-05_3,22005925,LRL_2026-02-05_3_22005925,3.0,39.0,6.0,75000.0,1.0,6.0,6.0,0.0,0.0,6.0,460.0,670.0,0.0,0.0,600.0,425.0,0.0,0.0,0.0,0.0,0.0,150.0,1.0,0.0,5.0,167.5,8.5,83500.0,3.5,8.0,8.0,0.0,0.0,7.0,590.0,820.0,0.0,0.0,775.0,702.5,75.0,225.0,0.0,0.0,125.0,87.5,1.0,0.0,2.8284271247461903,181.7264427649427,3.5355339059327378,12020.815280171308,3.5355339059327378,2.8284271247461903,2.8284271247461903,0.0,0.0,1.4142135623730951,183.84776310850236,212.13203435596427,0.0,0.0,247.48737341529164,392.44426355853386,106.06601717798213,318.1980515339464,0.0,0.0,176.7766952966369,88.38834764831844,0.0,0.0,3.0,7.0,,-4.0,,2.0,1
LRL_2026-02-05_3,22003519,LRL_2026-02-05_3_22003519,2.0,97.0,7.0,34000.0,7.0,7.0,4.0,0.0,0.0,3.0,480.0,600.0,0.0,0.0,400.0,125.0,0.0,10.0,0.0,0.0,100.0,400.0,1.0,0.0,3.3333333333333335,73.66666666666667,6.333333333333333,34000.0,5.666666666666667,5.0,3.6666666666666665,0.0,0.0,3.3333333333333335,393.3333333333333,516.6666666666666,0.0,0.0,566.6666666666666,508.3333333333333,150.0,86.66666666666667,0.0,0.0,83.33333333333333,516.6666666666666,1.0,0.0,1.1547005383792515,33.724372986511305,1.1547005383792515,0.0,1.1547005383792517,2.0,0.5773502691896257,0.0,0.0,0.5773502691896258,167.72994167212164,104.08329997330662,0.0,0.0,208.16659994661327,431.0839052125854,217.94494717703367,70.94598884597588,0.0,0.0,28.867513459481287,142.15601757693318,0.0,0.0,2.0,4.0,4.0,-2.0,0.0,3.0,1
LRL_2026-02-05_3,21010483,LRL_2026-02-05_3_21010483,2.0,63.0,7.0,85000.0,1.0,4.0,3.0,4.0,0.0,2.0,120.0,150.0,210.0,0.0,100.0,150.0,150.0,10.0,150.0,0.0,250.0,25.0,1.0,0.0,2.6666666666666665,37.0,6.0,95000.0,1.3333333333333333,4.333333333333333,3.6666666666666665,2.6666666666666665,0.0,3.0,193.33333333333334,236.66666666666666,223.33333333333334,0.0,336.6666666666667,516.6666666666666,316.6666666666667,340.0,53.333333333333336,0.0,250.0,208.33333333333334,1.0,0.3333333333333333,0.5773502691896258,22.538855339169288,1.0,8660.254037844386,0.5773502691896257,0.5773502691896257,1.1547005383792515,2.3094010767585034,0.0,1.0,94.51631252505217,80.82903768654761,230.28967265887832,0.0,230.28967265887835,375.27767497325675,378.59388972001824,571.5767664977295,83.86497083606082,0.0,200.0,218.42237370135263,0.0,0.5773502691896258,2.0,3.0,3.0,-1.0,0.0,3.0,1
LRL_2026-02-05_3,22012331,LRL_2026-02-05_3_22012331,,,,,,,,,,,,,,,,,,,,,,,,,,,,,,,,,,,,,,,,,,,,,,,,,,,,,,,,,,,,,,,,,,,,,,,,,,,,,,0.0,0
LRL_2026-02-05_4,21005601,LRL_2026-02-05_4_21005601,1.0,11.0,11.0,27200.0,6.0,2.0,2.0,0.0,0.0,2.0,200.0,150.0,0.0,0.0,50.0,0.0,100.0,50.0,0.0,0.0,350.0,425.0,1.0,0.0,2.0,31.0,10.333333333333334,26930.0,6.666666666666667,1.6666666666666667,1.6666666666666667,0.0,0.0,1.3333333333333333,150.0,83.33333333333333,0.0,0.0,16.666666666666668,103.33333333333333,83.33333333333333,150.0,0.0,0.0,266.6666666666667,200.0,0.6666666666666666,0.3333333333333333,1.0,22.9128784747792,0.5773502691896258,1760.5964898295124,0.5773502691896257,0.5773502691896258,0.5773502691896258,0.0,0.0,0.5773502691896257,132.28756555322954,76.37626158259734,0.0,0.0,28.867513459481287,113.61484644769509,28.867513459481287,100.0,0.0,0.0,76.37626158259734,195.25624189766637,0.5773502691896258,0.5773502691896258,1.0,2.0,3.0,-1.0,-1.0,3.0,1
LRL_2026-02-05_4,20014269,LRL_2026-02-05_4_20014269,1.0,42.0,12.0,35000.0,7.0,12.0,10.0,0.0,0.0,4.0,960.0,1060.0,0.0,0.0,750.0,0.0,0.0,550.0,0.0,0.0,10.0,75.0,1.0,0.0,2.6666666666666665,92.0,8.666666666666666,37666.666666666664,5.666666666666667,8.0,7.333333333333333,1.3333333333333333,0.0,4.666666666666667,756.6666666666666,726.6666666666666,206.66666666666666,0.0,660.0,443.3333333333333,50.0,416.6666666666667,116.66666666666667,0.0,236.66666666666666,425.0,1.0,0.0,1.5275252316519468,43.40506882842141,3.5118845842842465,4618.8021535170055,1.5275252316519465,3.605551275463989,3.0550504633038935,2.3094010767585034,0.0,1.1547005383792515,200.08331597945224,294.84459183327976,357.957166897568,0.0,257.0992026436488,638.3637938772322,86.60254037844386,321.4550253664318,202.07259421636903,0.0,247.04925284917041,563.4713834792323,0.0,0.0,1.0,4.0,3.0,-3.0,1.0,3.0,1
LRL_2026-02-05_4,22013748,LRL_2026-02-05_4_22013748,9.0,456.0,9.0,44000.0,9.0,7.0,8.0,9.0,0.0,9.0,400.0,570.0,350.0,0.0,710.0,1820.0,100.0,200.0,0.0,0.0,0.0,0.0,0.0,0.0,6.333333333333333,205.0,6.666666666666667,47000.0,4.333333333333333,4.0,4.666666666666667,5.666666666666667,0.0,6.333333333333333,283.3333333333333,323.3333333333333,403.3333333333333,0.0,830.0,1503.3333333333333,153.33333333333334,133.33333333333334,20.0,0.0,233.33333333333334,391.6666666666667,0.3333333333333333,0.0,2.309401076758503,221.48814866714653,2.081665999466133,2645.7513110645905,4.163331998932265,2.6457513110645907,3.0550504633038935,2.886751345948129,0.0,2.309401076758503,125.83057392117915,235.8671942711265,92.37604307034013,0.0,105.83005244258362,295.47983574743864,176.16280348965083,57.735026918962575,26.457513110645905,0.0,404.145188432738,678.3865662978103,0.5773502691896258,0.0,9.0,5.0,5.0,4.0,0.0,3.0,1
LRL_2026-02-05_4,22002704,LRL_2026-02-05_4_22002704,8.0,548.0,8.0,54410.0,4.0,6.0,6.0,0.0,0.0,7.0,950.0,660.0,0.0,0.0,710.0,1210.0,50.0,250.0,0.0,0.0,200.0,0.0,1.0,0.0,5.333333333333333,311.3333333333333,8.666666666666666,50273.333333333336,4.333333333333333,3.0,4.0,0.0,0.0,5.0,433.3333333333333,373.3333333333333,0.0,0.0,476.6666666666667,780.0,66.66666666666667,90.0,0.0,0.0,266.6666666666667,150.0,0.6666666666666666,0.3333333333333333,3.055050463303893,243.78747575159255,0.5773502691896258,7602.041392503289,1.5275252316519465,2.6457513110645907,2.6457513110645907,0.0,0.0,3.4641016151377544,480.4511768466525,338.4277372399215,0.0,0.0,412.83572196859774,655.95350444982,28.867513459481287,138.5640646055102,0.0,0.0,115.47005383792515,163.93596310755,0.5773502691896258,0.5773502691896258,8.0,6.0,2.0,2.0,4.0,3.0,1
LRL_2026-02-05_4,22004324,LRL_2026-02-05_4_22004324,3.0,48.0,3.0,30000.0,3.0,1.0,1.0,2.0,0.0,3.0,0.0,0.0,250.0,0.0,450.0,675.0,200.0,10.0,50.0,0.0,0.0,0.0,1.0,0.0,3.6666666666666665,33.333333333333336,6.666666666666667,27926.666666666668,3.3333333333333335,1.3333333333333333,2.0,1.0,0.0,3.6666666666666665,233.33333333333334,186.66666666666666,83.33333333333333,0.0,306.6666666666667,666.6666666666666,150.0,120.0,83.33333333333333,0.0,566.6666666666666,258.3333333333333,0.6666666666666666,0.0,1.1547005383792515,13.316656236958787,3.511884584284246,1801.8139008602789,2.516611478423583,0.5773502691896257,1.7320508075688772,1.0,0.0,2.0816659994661326,404.14518843273805,323.31615074619043,144.33756729740642,0.0,256.96951829610714,462.5563028792639,86.60254037844386,121.2435565298214,104.08329997330664,0.0,814.4527815247078,384.32841858667354,0.5773502691896258,0.0,3.0,5.0,3.0,-2.0,2.0,3.0,1
LRL_2026-02-05_4,22014529,LRL_2026-02-05_4_22014529,2.0,21.0,9.0,28040.0,3.0,4.0,4.0,4.0,0.0,2.0,450.0,450.0,310.0,0.0,300.0,300.0,300.0,250.0,250.0,0.0,150.0,5.0,0.0,0.0,4.0,201.66666666666666,8.666666666666666,46013.333333333336,3.3333333333333335,3.3333333333333335,4.0,4.0,0.0,3.0,253.33333333333334,300.0,210.0,0.0,316.6666666666667,433.3333333333333,166.66666666666666,183.33333333333334,250.0,0.0,150.0,85.0,0.0,0.0,2.0,299.17441958384967,1.5275252316519465,38305.09800709735,0.5773502691896257,1.1547005383792515,0.0,1.0,0.0,1.7320508075688772,200.08331597945227,150.0,132.28756555322954,0.0,275.3785273643051,275.3785273643051,125.83057392117917,115.47005383792515,100.0,0.0,0.0,121.6552506059644,0.0,0.0,2.0,6.0,4.0,-4.0,2.0,3.0,1
LRL_2026-02-05_5,18003394,LRL_2026-02-05_5_18003394,1.0,47.0,5.0,24000.0,2.0,3.0,3.0,3.0,0.0,1.0,300.0,150.0,300.0,0.0,0.0,0.0,550.0,50.0,450.0,0.0,10.0,50.0,1.0,0.0,3.0,147.66666666666666,7.666666666666667,31018.333333333332,5.0,4.666666666666667,5.333333333333333,5.333333333333333,0.0,4.666666666666667,473.3333333333333,473.3333333333333,753.3333333333334,0.0,593.3333333333334,633.3333333333334,216.66666666666666,100.0,250.0,0.0,353.3333333333333,50.0,1.0,0.3333333333333333,3.4641016151377544,89.01872462203295,2.516611478423583,7578.984650554013,3.0,1.5275252316519465,2.081665999466133,2.516611478423583,0.0,3.5118845842842465,212.21058723196006,330.2019584032374,512.867754234299,0.0,884.5526176171395,1096.965511460289,288.67513459481285,86.60254037844386,173.20508075688772,0.0,560.3867711976553,0.0,0.0,0.5773502691896258,1.0,7.0,1.0,-6.0,6.0,3.0,1
LRL_2026-02-05_5,19012602,LRL_2026-02-05_5_19012602,4.0,28.0,4.0,36000.0,3.0,4.0,4.0,4.0,0.0,4.0,250.0,510.0,800.0,0.0,1000.0,1150.0,0.0,0.0,0.0,0.0,0.0,0.0,1.0,0.0,5.666666666666667,245.66666666666666,5.666666666666667,50288.333333333336,5.0,4.666666666666667,5.0,3.0,0.0,4.666666666666667,603.3333333333334,683.3333333333334,420.0,0.0,736.6666666666666,1275.0,3.3333333333333335,200.0,150.0,0.0,50.0,0.0,1.0,0.0,1.5275252316519465,208.24584829795126,1.5275252316519465,12425.775965038694,2.0,1.1547005383792517,1.0,2.6457513110645907,0.0,1.1547005383792517,306.648550189518,158.21925715074423,401.4971979976946,0.0,234.5918441321721,139.19410907075056,5.773502691896257,346.41016151377545,259.8076211353316,0.0,86.60254037844386,0.0,0.0,0.0,4.0,6.0,7.0,-2.0,-1.0,3.0,1
LRL_2026-02-05_5,19007141,LRL_2026-02-05_5_19007141,1.0,69.0,11.0,34500.0,9.0,8.0,8.0,7.0,0.0,4.0,370.0,340.0,190.0,0.0,110.0,0.0,10.0,10.0,150.0,0.0,100.0,50.0,1.0,0.0,4.333333333333333,107.0,9.666666666666666,59166.666666666664,5.0,6.666666666666667,7.333333333333333,7.0,0.0,5.333333333333333,493.3333333333333,553.3333333333334,536.6666666666666,0.0,786.6666666666666,926.6666666666666,23.333333333333332,236.66666666666666,433.3333333333333,0.0,166.66666666666666,225.0,1.0,0.6666666666666666,2.886751345948129,43.2087954009366,1.1547005383792515,22328.979675151604,3.605551275463989,1.1547005383792517,0.5773502691896257,1.0,0.0,1.1547005383792517,106.92676621563626,210.07935008784975,304.3572462310259,0.0,590.7904309764448,810.02057587035,23.094010767585033,202.56686138984662,490.7477288111819,0.0,76.37626158259734,303.10889132455355,0.0,0.5773502691896258,1.0,6.0,6.0,-5.0,0.0,3.0,1
LRL_2026-02-05_5,16011638,LRL_2026-02-05_5_16011638,1.0,18.0,9.0,31370.0,3.0,7.0,8.0,7.0,0.0,6.0,660.0,880.0,860.0,0.0,420.0,0.0,50.0,100.0,150.0,0.0,200.0,50.0,1.0,1.0,1.0,20.0,7.333333333333333,30391.666666666668,2.6666666666666665,6.333333333333333,7.0,6.666666666666667,0.0,3.3333333333333335,906.6666666666666,883.3333333333334,776.6666666666666,0.0,273.3333333333333,0.0,66.66666666666667,33.333333333333336,50.0,0.0,103.33333333333333,133.33333333333334,1.0,0.6666666666666666,0.0,2.6457513110645907,1.5275252316519465,967.6819381043202,1.5275252316519465,0.5773502691896257,1.0,0.5773502691896257,0.0,2.3094010767585034,250.06665778014738,35.11884584284245,73.71114795831993,0.0,136.50396819628847,0.0,76.37626158259734,57.735026918962575,86.60254037844386,0.0,95.04384952922169,87.79711460710615,0.0,0.5773502691896258,1.0,1.0,1.0,0.0,0.0,3.0,1
LRL_2026-02-05_5,21002490,LRL_2026-02-05_5_21002490,1.0,56.0,8.0,25020.0,3.0,8.0,7.0,4.0,0.0,3.0,810.0,650.0,510.0,0.0,100.0,0.0,0.0,10.0,10.0,0.0,150.0,200.0,1.0,1.0,1.3333333333333333,35.0,8.0,23823.333333333332,5.666666666666667,6.666666666666667,5.0,3.0,0.0,2.0,640.0,450.0,273.3333333333333,0.0,166.66666666666666,91.66666666666667,136.66666666666666,40.0,53.333333333333336,0.0,56.666666666666664,291.6666666666667,1.0,0.6666666666666666,0.5773502691896258,18.193405398660254,1.0,1231.354268004677,2.309401076758503,1.5275252316519465,2.0,1.0,0.0,1.0,285.832118559129,229.128784747792,212.21058723196006,0.0,208.16659994661327,158.77132402714707,228.10816147900832,51.96152422706632,45.09249752822894,0.0,80.82903768654761,137.68926368215256,0.0,0.5773502691896258,1.0,1.0,2.0,0.0,-1.0,3.0,1
LRL_2026-02-05_5,21008863,LRL_2026-02-05_5_21008863,3.0,36.0,6.0,49000.0,4.0,3.0,3.0,2.0,0.0,3.0,110.0,60.0,50.0,0.0,450.0,1050.0,100.0,100.0,250.0,0.0,400.0,800.0,1.0,0.0,3.0,20.666666666666668,6.666666666666667,36145.0,4.333333333333333,2.6666666666666665,2.6666666666666665,2.0,0.0,2.0,156.66666666666666,106.66666666666667,50.0,0.0,153.33333333333334,458.3333333333333,83.33333333333333,100.0,250.0,0.0,220.0,450.0,1.0,0.3333333333333333,1.0,13.613718571108091,1.1547005383792517,11136.340287545096,0.5773502691896258,0.5773502691896257,0.5773502691896257,0.0,0.0,1.0,50.33222956847167,89.62886439832502,0.0,0.0,256.96951829610714,513.7687547266117,28.867513459481287,50.0,50.0,0.0,196.72315572906,319.1786333700926,0.0,0.5773502691896258,3.0,4.0,2.0,-1.0,2.0,3.0,1
LRL_2026-02-05_5,19003051,LRL_2026-02-05_5_19003051,6.0,89.0,7.0,40830.0,5.0,5.0,6.0,0.0,0.0,6.0,310.0,900.0,0.0,0.0,1250.0,1625.0,150.0,10.0,0.0,0.0,300.0,1125.0,1.0,0.0,6.333333333333333,80.33333333333333,7.0,53663.333333333336,4.0,2.6666666666666665,3.6666666666666665,3.3333333333333335,0.0,6.333333333333333,120.0,356.6666666666667,440.0,0.0,1060.0,1791.6666666666667,200.0,220.0,33.333333333333336,0.0,300.0,750.0,1.0,0.3333333333333333,1.5275252316519465,46.608296829355744,1.0,11222.942276129434,2.6457513110645907,2.0816659994661326,2.5166114784235836,4.163331998932265,0.0,1.5275252316519465,166.43316977093238,478.1561809004808,753.4586916347837,0.0,483.83881613611777,288.6751345948129,132.28756555322954,329.69683043669073,57.735026918962575,0.0,300.0,649.519052838329,0.0,0.5773502691896258,6.0,8.0,5.0,-2.0,3.0,3.0,1
LRL_2026-02-05_6,21012195,LRL_2026-02-05_6_21012195,11.0,263.0,11.0,21180.0,3.0,8.0,11.0,0.0,0.0,11.0,520.0,1370.0,0.0,0.0,2670.0,4570.0,10.0,0.0,0.0,0.0,0.0,0.0,1.0,0.0,5.666666666666667,250.0,9.666666666666666,21233.333333333332,4.666666666666667,6.333333333333333,7.0,0.0,0.0,6.666666666666667,626.6666666666666,1060.0,0.0,0.0,1226.6666666666667,1765.0,120.0,86.66666666666667,0.0,0.0,70.0,28.333333333333332,1.0,0.3333333333333333,4.618802153517007,114.0570032922135,2.309401076758503,1810.589222693356,3.7859388972001824,1.5275252316519465,3.4641016151377544,0.0,0.0,3.7859388972001824,238.60706890897708,437.1498598878879,0.0,0.0,1265.0823425110846,2430.7766248670405,98.48857801796105,141.53915830374763,0.0,0.0,112.69427669584645,40.72263907623539,0.0,0.5773502691896258,11.0,3.0,3.0,8.0,0.0,3.0,1
LRL_2026-02-05_6,21016215,LRL_2026-02-05_6_21016215,3.0,83.0,7.0,20600.0,3.0,2.0,4.0,0.0,0.0,3.0,50.0,310.0,0.0,0.0,550.0,500.0,100.0,150.0,0.0,0.0,100.0,400.0,1.0,0.0,3.3333333333333335,113.66666666666667,7.666666666666667,20616.666666666668,3.0,2.0,2.6666666666666665,0.0,0.0,2.6666666666666665,83.33333333333333,220.0,0.0,0.0,336.6666666666667,368.3333333333333,133.33333333333334,120.0,0.0,0.0,53.333333333333336,200.0,1.0,0.0,0.5773502691896258,94.79627278186275,3.0550504633038935,2445.0426035824685,1.0,1.0,1.5275252316519465,0.0,0.0,0.5773502691896257,104.08329997330664,191.57244060668017,0.0,0.0,187.17193521821943,123.5246264245852,57.735026918962575,98.48857801796105,0.0,0.0,45.09249752822894,188.74586088176875,0.0,0.0,3.0,4.0,3.0,-1.0,1.0,3.0,1
LRL_2026-02-05_6,21007295,LRL_2026-02-05_6_21007295,9.0,185.0,9.0,30935.0,4.0,4.0,5.0,0.0,0.0,9.0,210.0,560.0,0.0,0.0,1100.0,1095.0,50.0,10.0,0.0,0.0,0.0,0.0,1.0,0.0,5.333333333333333,403.3333333333333,8.666666666666666,34323.333333333336,6.0,4.333333333333333,4.333333333333333,1.6666666666666667,0.0,5.333333333333333,356.6666666666667,470.0,153.33333333333334,0.0,556.6666666666666,540.0,83.33333333333333,73.33333333333333,50.0,0.0,86.66666666666667,108.33333333333333,1.0,0.0,3.214550253664318,230.31355438474162,1.5275252316519465,4223.388252734211,3.4641016151377544,0.5773502691896257,1.1547005383792515,2.886751345948129,0.0,3.214550253664318,181.75074506954115,191.57244060668017,265.5811238272278,0.0,521.5681483117363,507.37067317691907,57.735026918962575,109.6965511460289,86.60254037844386,0.0,141.53915830374763,128.2900359861721,0.0,0.0,9.0,4.0,3.0,5.0,1.0,3.0,1
LRL_2026-02-05_6,19008473,LRL_2026-02-05_6_19008473,6.0,69.0,8.0,25020.0,3.0,2.0,4.0,0.0,0.0,5.0,10.0,310.0,0.0,0.0,800.0,900.0,50.0,100.0,0.0,0.0,250.0,850.0,1.0,0.0,6.0,80.33333333333333,7.333333333333333,36023.333333333336,2.6666666666666665,2.0,3.3333333333333335,1.3333333333333333,0.0,5.666666666666667,73.33333333333333,290.0,283.3333333333333,0.0,976.6666666666666,1516.6666666666667,36.666666666666664,216.66666666666666,3.3333333333333335,0.0,283.3333333333333,625.0,1.0,0.0,1.0,33.47138081007913,1.1547005383792517,16544.806838803932,0.5773502691896257,1.0,2.0816659994661326,2.3094010767585034,0.0,1.1547005383792515,118.46237095944574,280.53520278211073,490.74772881118196,0.0,386.56607887052553,1068.0979980008078,23.094010767585033,246.64414311581237,5.773502691896257,0.0,104.08329997330665,456.20718977236646,0.0,0.0,6.0,5.0,7.0,1.0,-2.0,3.0,1
LRL_2026-02-05_6,19004608,LRL_2026-02-05_6_19004608,6.0,80.0,7.0,20600.0,7.0,5.0,3.0,0.0,0.0,6.0,300.0,300.0,0.0,0.0,850.0,1350.0,50.0,10.0,0.0,0.0,800.0,775.0,1.0,0.0,3.3333333333333335,121.33333333333333,8.333333333333334,23453.333333333332,5.666666666666667,3.3333333333333335,2.6666666666666665,0.0,0.0,3.0,256.6666666666667,220.0,0.0,0.0,333.3333333333333,553.3333333333334,100.0,173.33333333333334,0.0,0.0,333.3333333333333,358.3333333333333,1.0,0.3333333333333333,2.516611478423583,60.682232435312834,1.1547005383792515,2661.9979964931103,1.1547005383792517,1.5275252316519468,0.5773502691896257,0.0,0.0,2.6457513110645907,228.10816147900832,147.30919862656236,0.0,0.0,453.6885862938733,707.1303510197631,86.60254037844386,282.9016319029166,0.0,0.0,407.2263907623539,364.29154990657327,0.0,0.5773502691896258,6.0,1.0,3.0,5.0,-2.0,3.0,1
LRL_2026-02-05_6,19005959,LRL_2026-02-05_6_19005959,3.0,94.0,11.0,21180.0,6.0,1.0,1.0,0.0,0.0,2.0,0.0,0.0,0.0,0.0,150.0,575.0,100.0,100.0,0.0,0.0,150.0,10.0,1.0,0.0,5.333333333333333,227.33333333333334,8.666666666666666,22466.666666666668,3.6666666666666665,3.3333333333333335,4.0,0.0,0.0,4.333333333333333,356.6666666666667,403.3333333333333,0.0,0.0,520.0,468.3333333333333,53.333333333333336,66.66666666666667,0.0,0.0,53.333333333333336,103.33333333333333,1.0,0.0,3.2145502536643185,260.93932883590645,2.5166114784235836,2655.1333927570063,2.516611478423583,4.041451884327381,4.358898943540674,0.0,0.0,4.041451884327381,617.7647880328996,689.9516891299951,0.0,0.0,640.8587988004846,147.50706197783663,45.09249752822894,57.735026918962575,0.0,0.0,83.86497083606082,170.39170558842744,0.0,0.0,3.0,4.0,9.0,-1.0,-5.0,3.0,1
LRL_2026-02-05_6,18015442,LRL_2026-02-05_6_18015442,6.0,111.0,11.0,21180.0,8.0,9.0,8.0,0.0,0.0,6.0,530.0,320.0,0.0,0.0,750.0,885.0,10.0,100.0,0.0,0.0,300.0,10.0,1.0,0.0,5.333333333333333,97.66666666666667,9.0,25545.0,6.333333333333333,7.666666666666667,7.666666666666667,0.0,0.0,5.666666666666667,683.3333333333334,810.0,0.0,0.0,903.3333333333334,895.0,73.33333333333333,116.66666666666667,0.0,0.0,183.33333333333334,303.3333333333333,1.0,0.0,0.5773502691896257,16.653327995729065,1.7320508075688772,4649.782252966261,1.5275252316519465,1.1547005383792517,0.5773502691896258,0.0,0.0,0.5773502691896258,200.33305601755626,434.856298103178,0.0,0.0,150.1110699893027,200.18741219167603,109.6965511460289,125.83057392117915,0.0,0.0,104.08329997330664,356.41735835019784,0.0,0.0,6.0,5.0,5.0,1.0,0.0,3.0,1
LRL_2026-02-05_7,19002312,LRL_2026-02-05_7_19002312,3.0,56.0,6.0,57770.0,4.0,2.0,3.0,0.0,0.0,4.0,200.0,250.0,0.0,0.0,360.0,425.0,150.0,10.0,0.0,0.0,350.0,50.0,1.0,0.0,4.666666666666667,84.66666666666667,6.666666666666667,58603.333333333336,4.0,3.6666666666666665,4.333333333333333,0.0,0.0,5.333333333333333,290.0,276.6666666666667,0.0,0.0,436.6666666666667,508.3333333333333,100.0,136.66666666666666,0.0,0.0,366.6666666666667,443.3333333333333,1.0,0.0,1.5275252316519465,55.82412859448263,1.1547005383792517,2145.048561998849,3.0,1.5275252316519468,1.1547005383792517,0.0,0.0,1.5275252316519465,81.8535277187245,112.39810200058244,0.0,0.0,215.4839514519198,391.7056718166503,50.0,109.6965511460289,0.0,0.0,125.83057392117915,720.5958182874317,0.0,0.0,3.0,6.0,5.0,-3.0,1.0,3.0,1
LRL_2026-02-05_7,18005570,LRL_2026-02-05_7_18005570,2.0,119.0,6.0,57770.0,2.0,1.0,1.0,0.0,0.0,1.0,0.0,0.0,0.0,0.0,0.0,50.0,200.0,200.0,0.0,0.0,200.0,375.0,1.0,0.0,3.3333333333333335,121.0,6.666666666666667,55718.333333333336,4.333333333333333,3.3333333333333335,3.0,0.0,0.0,2.6666666666666665,240.0,303.3333333333333,0.0,0.0,386.6666666666667,775.0,150.0,133.33333333333334,0.0,0.0,116.66666666666667,258.3333333333333,1.0,0.0,2.3094010767585034,27.055498516937366,1.1547005383792515,1990.6050169065015,2.5166114784235836,2.5166114784235836,2.6457513110645907,0.0,0.0,2.0816659994661326,262.29754097208,402.5336424863558,0.0,0.0,470.1418225741391,987.7373132569205,50.0,76.37626158259734,0.0,0.0,76.37626158259734,160.7275126832159,0.0,0.0,2.0,2.0,6.0,0.0,-4.0,3.0,1
LRL_2026-02-05_7,21007720,LRL_2026-02-05_7_21007720,4.0,7.0,6.0,57770.0,5.0,3.0,5.0,0.0,0.0,5.0,350.0,460.0,0.0,0.0,710.0,475.0,10.0,400.0,0.0,0.0,300.0,5.0,1.0,0.0,2.0,9.666666666666666,6.333333333333333,53226.666666666664,5.0,3.3333333333333335,3.3333333333333335,0.0,0.0,2.6666666666666665,320.0,240.0,0.0,0.0,286.6666666666667,158.33333333333334,86.66666666666667,350.0,0.0,0.0,153.33333333333334,85.0,1.0,0.3333333333333333,1.7320508075688772,4.618802153517007,0.5773502691896257,4920.714717734948,0.0,0.5773502691896258,2.0816659994661326,0.0,0.0,2.0816659994661326,196.72315572906,230.65125189341592,0.0,0.0,374.21027956662726,274.24137786507225,70.94598884597588,50.0,0.0,0.0,145.0287327853806,69.2820323027551,0.0,0.5773502691896258,4.0,1.0,1.0,3.0,0.0,3.0,1
LRL_2026-02-05_7,20017325,LRL_2026-02-05_7_20017325,2.0,82.0,9.0,42000.0,7.0,6.0,4.0,0.0,0.0,3.0,180.0,300.0,0.0,0.0,700.0,325.0,250.0,10.0,0.0,0.0,50.0,125.0,1.0,0.0,4.333333333333333,56.0,8.666666666666666,39666.666666666664,5.666666666666667,5.0,5.0,0.0,0.0,5.0,233.33333333333334,376.6666666666667,0.0,0.0,766.6666666666666,783.3333333333334,103.33333333333333,36.666666666666664,0.0,0.0,116.66666666666667,108.33333333333333,1.0,0.0,4.041451884327381,31.480152477394387,1.5275252316519465,4041.4518843273795,3.2145502536643185,1.7320508075688772,1.7320508075688772,0.0,0.0,3.4641016151377544,119.30353445448854,205.993527406405,0.0,0.0,503.3222956847166,793.8566201357354,128.58201014657274,23.094010767585033,0.0,0.0,76.37626158259734,52.04164998665332,0.0,0.0,2.0,9.0,2.0,-7.0,7.0,3.0,1
LRL_2026-02-05_7,19016067,LRL_2026-02-05_7_19016067,5.0,289.0,6.0,62000.0,5.0,3.0,3.0,4.0,0.0,4.0,60.0,110.0,320.0,0.0,900.0,1800.0,150.0,100.0,50.0,0.0,10.0,625.0,1.0,0.0,7.0,264.3333333333333,8.0,75000.0,6.333333333333333,1.6666666666666667,2.3333333333333335,3.3333333333333335,0.0,6.666666666666667,20.0,56.666666666666664,230.0,0.0,963.3333333333334,1935.0,70.0,66.66666666666667,50.0,0.0,20.0,325.0,1.0,0.3333333333333333,2.6457513110645907,212.0786017808806,2.6457513110645907,14106.735979665884,3.214550253664318,1.1547005383792517,1.1547005383792517,3.055050463303893,0.0,2.516611478423583,34.64101615137755,55.075705472861024,200.7485989988473,0.0,92.9157324317757,273.72431386341987,72.11102550927978,28.867513459481287,50.0,0.0,26.457513110645905,264.5751311064591,0.0,0.5773502691896258,5.0,10.0,6.0,-5.0,4.0,3.0,1
LRL_2026-02-05_7,19007915,LRL_2026-02-05_7_19007915,6.0,151.0,7.0,36200.0,5.0,5.0,5.0,0.0,0.0,6.0,700.0,1120.0,0.0,0.0,610.0,925.0,150.0,10.0,0.0,0.0,150.0,900.0,1.0,1.0,4.333333333333333,91.0,6.333333333333333,35733.333333333336,3.3333333333333335,5.0,5.0,0.0,0.0,5.0,726.6666666666666,680.0,0.0,0.0,443.3333333333333,525.0,83.33333333333333,120.0,0.0,0.0,183.33333333333334,366.6666666666667,1.0,0.3333333333333333,1.5275252316519465,52.73518749374084,0.5773502691896257,642.9100507328633,1.5275252316519468,1.0,1.0,0.0,0.0,1.0,330.8070938376826,409.5119045888654,0.0,0.0,201.08041509140895,350.0,76.37626158259734,199.24858845171275,0.0,0.0,104.08329997330664,461.8802153517006,0.0,0.5773502691896258,6.0,3.0,4.0,3.0,-1.0,3.0,1
LRL_2026-02-05_7,17007087,LRL_2026-02-05_7_17007087,6.0,625.0,6.0,57770.0,1.0,6.0,6.0,0.0,0.0,6.0,820.0,860.0,0.0,0.0,1010.0,755.0,0.0,0.0,0.0,0.0,0.0,0.0,1.0,0.0,6.0,556.3333333333334,6.666666666666667,55188.333333333336,3.0,4.666666666666667,4.0,0.3333333333333333,0.0,5.666666666666667,523.3333333333334,520.0,0.0,0.0,823.3333333333334,993.3333333333334,3.3333333333333335,36.666666666666664,16.666666666666668,0.0,233.33333333333334,400.0,1.0,0.0,1.0,247.25762543010345,1.1547005383792517,2238.1372463129546,2.6457513110645907,2.309401076758503,2.6457513110645907,0.5773502691896258,0.0,0.5773502691896258,376.34204300520736,457.38386504117085,0.0,0.0,176.16280348965083,333.92863509039375,5.773502691896258,55.07570547286102,28.867513459481287,0.0,225.46248764114472,377.4917217635375,0.0,0.0,6.0,7.0,5.0,-1.0,2.0,3.0,1
LRL_2026-02-05_7,22019160,LRL_2026-02-05_7_22019160,1.0,102.0,8.0,49000.0,4.0,6.0,6.0,0.0,0.0,5.0,920.0,820.0,0.0,0.0,500.0,0.0,50.0,250.0,0.0,0.0,200.0,50.0,1.0,0.0,3.0,53.0,6.666666666666667,48333.333333333336,4.333333333333333,3.3333333333333335,3.6666666666666665,1.3333333333333333,0.0,3.3333333333333335,343.3333333333333,440.0,53.333333333333336,0.0,283.3333333333333,375.0,66.66666666666667,116.66666666666667,50.0,0.0,73.33333333333333,225.0,1.0,0.0,2.0,42.790185790669334,1.1547005383792517,577.3502691896263,1.5275252316519468,2.3094010767585034,2.0816659994661326,2.3094010767585034,0.0,1.5275252316519468,501.43128475727696,332.86633954186476,92.37604307034013,0.0,189.29694486000912,525.0,28.867513459481287,115.47005383792515,86.60254037844386,0.0,109.6965511460289,303.10889132455355,0.0,0.0,1.0,5.0,3.0,-4.0,2.0,3.0,1
LRL_2026-02-05_7,21000715,LRL_2026-02-05_7_21000715,3.0,79.0,4.0,56000.0,3.0,2.0,2.0,2.0,0.0,3.0,10.0,50.0,10.0,0.0,160.0,900.0,450.0,200.0,200.0,0.0,500.0,225.0,1.0,0.0,2.6666666666666665,150.0,6.0,50375.0,3.6666666666666665,1.3333333333333333,1.3333333333333333,1.0,0.0,1.6666666666666667,3.3333333333333335,16.666666666666668,3.3333333333333335,0.0,53.333333333333336,516.6666666666666,203.33333333333334,200.0,166.66666666666666,0.0,250.0,216.66666666666666,1.0,0.0,1.5275252316519468,61.587336360651285,1.7320508075688772,8310.055655649967,0.5773502691896258,0.5773502691896257,0.5773502691896257,1.0,0.0,1.1547005383792517,5.773502691896258,28.867513459481287,5.773502691896258,0.0,92.37604307034013,464.5786621588785,224.79620400116488,100.0,152.75252316519467,0.0,217.94494717703367,38.18813079129866,0.0,0.0,3.0,1.0,4.0,2.0,-3.0,3.0,1
LRL_2026-02-05_8,21013518,LRL_2026-02-05_8_21013518,1.0,14.0,6.0,53000.0,1.0,1.0,1.0,1.0,0.0,1.0,0.0,0.0,0.0,0.0,0.0,0.0,100.0,250.0,200.0,0.0,550.0,900.0,1.0,1.0,4.333333333333333,167.0,8.0,92666.66666666667,5.666666666666667,3.6666666666666665,3.6666666666666665,4.666666666666667,0.0,4.666666666666667,173.33333333333334,126.66666666666667,343.3333333333333,0.0,246.66666666666666,361.6666666666667,83.33333333333333,183.33333333333334,266.6666666666667,0.0,300.0,450.0,0.6666666666666666,0.6666666666666666,3.5118845842842465,154.52184311611094,2.6457513110645907,34443.189941312536,4.509249752822894,3.0550504633038935,3.0550504633038935,3.214550253664318,0.0,3.5118845842842465,161.65807537309522,141.89197769195175,312.14312956291917,0.0,217.3323108360405,344.1051195976795,28.867513459481287,76.37626158259734,208.16659994661327,0.0,250.0,417.58232721225164,0.5773502691896258,0.5773502691896258,1.0,8.0,4.0,-7.0,4.0,3.0,1
LRL_2026-02-05_8,21004312,LRL_2026-02-05_8_21004312,5.0,62.0,6.0,100000.0,6.0,2.0,2.0,2.0,0.0,4.0,200.0,250.0,250.0,0.0,700.0,1475.0,250.0,300.0,50.0,0.0,250.0,4500.0,1.0,0.0,4.333333333333333,59.333333333333336,6.333333333333333,70106.66666666667,4.333333333333333,2.0,1.6666666666666667,2.3333333333333335,0.0,3.0,120.0,150.0,283.3333333333333,0.0,370.0,920.0,203.33333333333334,283.3333333333333,200.0,0.0,150.0,1505.0,1.0,0.3333333333333333,1.1547005383792517,2.5166114784235836,0.5773502691896258,26105.519212100215,1.5275252316519465,1.0,0.5773502691896257,1.5275252316519465,0.0,1.7320508075688772,105.83005244258362,132.28756555322954,301.3856886670854,0.0,351.7101079013795,492.5190351651396,174.7378989610821,225.4624876411447,259.8076211353316,0.0,100.0,2593.7472891552097,0.0,0.5773502691896258,5.0,3.0,5.0,2.0,-2.0,3.0,1
LRL_2026-02-05_8,21012937,LRL_2026-02-05_8_21012937,6.0,129.0,7.0,100000.0,5.0,4.0,4.0,6.0,0.0,6.0,450.0,850.0,1400.0,0.0,1800.0,2205.0,10.0,100.0,100.0,0.0,200.0,625.0,1.0,0.0,4.666666666666667,110.33333333333333,6.0,100000.0,3.3333333333333335,2.3333333333333335,2.3333333333333335,3.0,0.0,4.333333333333333,183.33333333333334,316.6666666666667,500.0,0.0,866.6666666666666,1576.6666666666667,103.33333333333333,216.66666666666666,150.0,0.0,166.66666666666666,508.3333333333333,1.0,0.3333333333333333,1.5275252316519468,66.01010023726168,1.0,0.0,2.0816659994661326,1.5275252316519468,1.5275252316519468,2.6457513110645907,0.0,2.0816659994661326,236.2907813126304,464.57866215887844,781.0249675906655,0.0,880.8140174482542,896.5257014348965,95.04384952922167,104.08329997330664,86.60254037844386,0.0,152.75252316519467,461.203136734057,0.0,0.5773502691896258,6.0,5.0,3.0,1.0,2.0,3.0,1
LRL_2026-02-05_8,20016574,LRL_2026-02-05_8_20016574,3.0,69.0,6.0,62000.0,2.0,4.0,4.0,3.0,0.0,3.0,210.0,210.0,310.0,0.0,750.0,1375.0,250.0,150.0,10.0,0.0,150.0,125.0,1.0,0.0,3.6666666666666665,47.0,6.666666666666667,51628.333333333336,2.3333333333333335,2.3333333333333335,2.6666666666666665,3.0,0.0,3.6666666666666665,120.0,153.33333333333334,306.6666666666667,0.0,736.6666666666666,1058.3333333333333,153.33333333333334,166.66666666666666,153.33333333333334,0.0,366.6666666666667,450.0,1.0,0.6666666666666666,3.055050463303893,20.29778313018444,1.1547005383792515,10562.405423639699,0.5773502691896257,1.5275252316519468,1.5275252316519468,2.0,0.0,3.055050463303893,108.16653826391968,134.28824718989125,305.0136608962512,0.0,730.0913184892238,940.8551075130184,126.62279942148386,28.867513459481287,214.55380055672128,0.0,202.07259421636903,562.9165124598851,0.0,0.5773502691896258,3.0,1.0,7.0,2.0,-6.0,3.0,1
LRL_2026-02-05_8,21001063,LRL_2026-02-05_8_21001063,2.0,7.0,4.0,56000.0,2.0,1.0,1.0,1.0,0.0,2.0,0.0,0.0,0.0,0.0,150.0,475.0,10.0,50.0,10.0,0.0,10.0,425.0,1.0,0.0,2.0,22.666666666666668,7.0,61000.0,3.3333333333333335,1.0,1.0,0.6666666666666666,0.0,1.6666666666666667,0.0,0.0,0.0,0.0,66.66666666666667,210.0,70.0,53.333333333333336,53.333333333333336,0.0,203.33333333333334,191.66666666666666,1.0,0.3333333333333333,1.0,13.79613472438325,2.6457513110645907,12288.205727444507,1.5275252316519468,0.0,0.0,0.5773502691896258,0.0,0.5773502691896257,0.0,0.0,0.0,0.0,76.37626158259734,242.2292302757865,72.11102550927978,45.09249752822894,83.86497083606082,0.0,260.83200212652844,208.16659994661327,0.0,0.5773502691896258,2.0,1.0,3.0,1.0,-2.0,3.0,1
LRL_2026-02-05_8,22009309,LRL_2026-02-05_8_22009309,3.0,101.0,5.0,100000.0,5.0,3.0,3.0,4.0,0.0,4.0,200.0,400.0,250.0,0.0,650.0,1650.0,200.0,10.0,150.0,0.0,100.0,200.0,1.0,1.0,5.333333333333333,105.33333333333333,7.666666666666667,733333.3333333334,5.333333333333333,5.0,5.333333333333333,4.0,0.0,6.0,503.3333333333333,593.3333333333334,470.0,0.0,880.0,1200.0,150.0,120.0,183.33333333333334,0.0,83.33333333333333,166.66666666666666,1.0,0.3333333333333333,2.081665999466133,65.60741827974435,2.309401076758503,1096965.511460289,0.5773502691896257,2.0,2.081665999466133,4.0,0.0,2.0,300.055550412475,170.09801096230765,610.4916051838878,0.0,308.05843601498725,694.6221994724903,86.60254037844386,98.48857801796105,202.07259421636903,0.0,28.867513459481287,38.18813079129867,0.0,0.5773502691896258,3.0,6.0,7.0,-3.0,-1.0,3.0,1
LRL_2026-02-05_9,20018653,LRL_2026-02-05_9_20018653,5.0,201.0,9.0,25870.0,7.0,4.0,5.0,5.0,0.0,5.0,170.0,350.0,370.0,0.0,610.0,685.0,100.0,200.0,10.0,0.0,100.0,425.0,1.0,0.0,5.333333333333333,431.6666666666667,10.0,26350.0,7.666666666666667,7.666666666666667,8.0,5.0,0.0,5.0,506.6666666666667,426.6666666666667,253.33333333333334,0.0,383.3333333333333,481.6666666666667,66.66666666666667,200.0,1003.3333333333334,0.0,133.33333333333334,341.6666666666667,0.6666666666666666,0.3333333333333333,2.5166114784235836,204.99105671549023,1.0,465.72524088780074,0.5773502691896257,3.214550253664318,2.6457513110645907,5.0,0.0,3.0,291.6047553338822,92.9157324317757,219.62088546705507,0.0,208.40665376454115,178.62903832617286,28.867513459481287,100.0,1729.1712851343946,0.0,57.735026918962575,260.2082499332666,0.5773502691896258,0.5773502691896258,5.0,3.0,8.0,2.0,-5.0,3.0,1
LRL_2026-02-05_9,22000551,LRL_2026-02-05_9_22000551,4.0,205.0,5.0,22000.0,2.0,5.0,5.0,5.0,0.0,4.0,710.0,950.0,1250.0,0.0,800.0,1950.0,0.0,0.0,0.0,0.0,1500.0,0.0,1.0,1.0,6.333333333333333,411.0,7.333333333333333,24646.666666666668,2.3333333333333335,5.666666666666667,6.666666666666667,7.0,0.0,6.666666666666667,710.0,890.0,1123.3333333333333,0.0,966.6666666666666,1243.3333333333333,50.0,66.66666666666667,50.0,0.0,700.0,166.66666666666666,0.6666666666666666,0.6666666666666666,3.2145502536643185,347.31973741784384,2.5166114784235836,2417.960573155264,0.5773502691896258,1.1547005383792515,2.0816659994661326,2.6457513110645907,0.0,3.055050463303893,140.0,72.11102550927978,125.03332889007365,0.0,165.0252505931542,614.9254697386776,50.0,57.735026918962575,86.60254037844386,0.0,754.983443527075,288.67513459481285,0.5773502691896258,0.5773502691896258,4.0,5.0,10.0,-1.0,-5.0,3.0,1
LRL_2026-02-05_9,21002201,LRL_2026-02-05_9_21002201,2.0,14.0,9.0,25870.0,1.0,3.0,3.0,4.0,0.0,3.0,160.0,200.0,220.0,0.0,210.0,175.0,10.0,100.0,150.0,0.0,200.0,275.0,1.0,0.0,1.6666666666666667,25.333333333333332,8.333333333333334,25096.666666666668,5.0,4.0,4.0,3.6666666666666665,0.0,2.3333333333333335,340.0,373.3333333333333,290.0,0.0,156.66666666666666,116.66666666666667,53.333333333333336,133.33333333333334,100.0,0.0,233.33333333333334,233.33333333333334,1.0,0.3333333333333333,0.5773502691896257,25.006665778014735,1.1547005383792515,1339.4526245199315,3.4641016151377544,1.0,1.0,0.5773502691896258,0.0,0.5773502691896258,158.74507866387543,150.44378795195678,65.57438524302,0.0,128.58201014657274,101.03629710818451,45.09249752822894,57.735026918962575,50.0,0.0,104.08329997330664,52.041649986653326,0.0,0.5773502691896258,2.0,1.0,2.0,1.0,-1.0,3.0,1
LRL_2026-02-05_9,22014043,LRL_2026-02-05_9_22014043,4.0,107.0,9.0,25870.0,8.0,6.0,8.0,7.0,0.0,4.0,370.0,610.0,430.0,0.0,410.0,460.0,50.0,50.0,300.0,0.0,200.0,225.0,1.0,0.0,3.3333333333333335,286.6666666666667,8.666666666666666,26536.666666666668,5.666666666666667,6.0,6.666666666666667,5.666666666666667,0.0,5.0,570.0,746.6666666666666,783.3333333333334,0.0,746.6666666666666,653.3333333333334,83.33333333333333,116.66666666666667,170.0,0.0,73.33333333333333,186.66666666666666,0.6666666666666666,0.3333333333333333,1.1547005383792517,365.29485807130294,1.5275252316519468,1766.9842481848364,2.5166114784235836,1.0,1.5275252316519468,1.1547005383792517,0.0,1.7320508075688772,229.128784747792,228.10816147900832,340.7834111768549,0.0,330.2019584032374,208.94576648818068,104.08329997330664,160.7275126832159,147.30919862656236,0.0,109.6965511460289,160.9606577190008,0.5773502691896258,0.5773502691896258,4.0,4.0,2.0,0.0,2.0,3.0,1
LRL_2026-02-05_9,21008045,LRL_2026-02-05_9_21008045,3.0,140.0,9.0,25870.0,5.0,1.0,1.0,1.0,0.0,2.0,0.0,0.0,0.0,0.0,10.0,450.0,10.0,50.0,200.0,0.0,200.0,10.0,1.0,0.0,4.666666666666667,182.0,8.0,25480.0,4.666666666666667,2.3333333333333335,2.3333333333333335,2.3333333333333335,0.0,3.3333333333333335,40.0,140.0,303.3333333333333,0.0,326.6666666666667,926.6666666666666,203.33333333333334,166.66666666666666,233.33333333333334,0.0,136.66666666666666,336.6666666666667,1.0,0.0,1.5275252316519465,86.97125962063559,1.0,348.28149534536,0.5773502691896257,1.5275252316519468,1.5275252316519468,1.5275252316519468,0.0,1.5275252316519468,36.05551275463989,233.88031127053,402.53364248635586,0.0,395.5165398985652,501.6306742348731,260.83200212652844,202.07259421636903,104.08329997330664,0.0,109.6965511460289,332.6534733522759,0.0,0.0,3.0,6.0,5.0,-3.0,1.0,3.0,1
LRL_2026-02-05_9,21019874,LRL_2026-02-05_9_21019874,7.0,563.0,9.0,25870.0,3.0,9.0,9.0,8.0,0.0,8.0,480.0,660.0,730.0,0.0,1310.0,1385.0,0.0,0.0,50.0,0.0,400.0,275.0,1.0,0.0,6.333333333333333,396.3333333333333,7.666666666666667,24873.333333333332,4.666666666666667,6.333333333333333,6.333333333333333,5.0,0.0,7.0,566.6666666666666,663.3333333333334,666.6666666666666,0.0,1263.3333333333333,1545.0,53.333333333333336,83.33333333333333,16.666666666666668,0.0,216.66666666666666,125.0,1.0,0.0,1.1547005383792517,144.34103135745335,1.1547005383792517,1193.998883304894,1.5275252316519465,2.516611478423583,2.309401076758503,4.358898943540674,0.0,1.0,96.09023536933051,145.02873278538058,637.3643646559897,0.0,332.4655370611116,518.8448708429139,83.86497083606082,76.37626158259734,28.867513459481287,0.0,202.07259421636903,139.19410907075056,0.0,0.0,7.0,5.0,7.0,2.0,-2.0,3.0,1
LRL_2026-02-05_9,22008736,LRL_2026-02-05_9_22008736,1.0,47.0,10.0,24390.0,6.0,5.0,4.0,0.0,0.0,2.0,1400.0,1200.0,0.0,0.0,250.0,0.0,100.0,10.0,0.0,0.0,10.0,250.0,1.0,0.0,4.0,53.0,8.5,27445.0,5.5,5.0,5.0,0.0,0.0,4.0,1005.0,1005.0,0.0,0.0,605.0,525.0,250.0,205.0,0.0,0.0,80.0,125.0,1.0,0.0,4.242640687119285,8.48528137423857,2.1213203435596424,4320.4224330498055,0.7071067811865476,0.0,1.4142135623730951,0.0,0.0,2.8284271247461903,558.6143571373725,275.77164466275354,0.0,0.0,502.04581464244876,742.4621202458749,212.13203435596427,275.77164466275354,0.0,0.0,98.99494936611666,176.7766952966369,0.0,0.0,1.0,7.0,,-6.0,,2.0,1
