gps_data_flag,registration_number,horse_name,pp_track,pp_race_date,pp_race_number,pp_country,race_type,grade,distance_id,distance_unit,about_distance_indicator,distance,surface,post_position,position_at_point_of_call_1,position_at_point_of_call_2,position_at_point_of_call_3,position_at_point_of_call_4,position_at_point_of_call_5,official_position,length_behind_at_poc_1,length_behind_at_poc_2,length_behind_at_poc_3,length_behind_at_poc_4,length_behind_at_poc_5,length_behind_at_finish,length_ahead_at_poc_1,length_ahead_at_poc_2,length_ahead_at_poc_3,length_ahead_at_poc_4,length_ahead_at_poc_5,length_ahead_at_finish,post_time_odds,field_size,purse,is_about_distance,is_graded_race,has_gps_data,distance_furlongs,distance_meters_expected,distance_label,is_nonstandard_distance,pp_race_key
X,15000089,Bode's Maker,LRL,2025-11-22,2,USA,SOC,,8.0,F,,1M,T,7,10.0,8.0,7.0,,9.0,4,1080.0,810.0,410.0,0.0,520.0,200.0,500.0,200.0,100.0,0.0,800.0,50.0,50,11,26520,0,0,1,8.0,1609.344,1M,0,15000089|LRL|2025-11-22|2
X,15000089,Bode's Maker,LRL,2025-11-01,6,USA,SOC,,8.5,F,,1 1/16M,T,6,12.0,9.0,7.0,,4.0,2,920.0,730.0,560.0,0.0,360.0,100.0,0.0,50.0,10.0,0.0,50.0,5.0,39,12,27020,0,0,1,8.5,1709.928,1 1/16M,0,15000089|LRL|2025-11-01|6
X,15000089,Bode's Maker,LRL,2025-10-04,9,USA,SOC,,8.0,F,,1M,T,9,7.0,7.0,7.0,,3.0,1,1000.0,1150.0,720.0,0.0,300.0,0.0,250.0,200.0,10.0,0.0,50.0,100.0,36,9,25520,0,0,1,8.0,1609.344,1M,0,15000089|LRL|2025-10-04|9
X,16009053,Tiberius Mercurius,AQU,2025-12-31,8,USA,CLM,,6.5,F,,6 1/2F,D,4,11.0,11.0,,,11.0,10,800.0,1140.0,0.0,0.0,1040.0,700.0,0.0,0.0,0.0,0.0,0.0,450.0,404,11,28000,0,0,1,6.5,1307.592,6 1/2F,0,16009053|AQU|2025-12-31|8
X,16009053,Tiberius Mercurius,AQU,2025-12-10,6,USA,CLM,,8.0,F,,1M,D,1,4.0,2.0,2.0,,2.0,4,120.0,200.0,50.0,0.0,350.0,725.0,100.0,10.0,150.0,0.0,50.0,75.0,50,7,28000,0,0,1,8.0,1609.344,1M,0,16009053|AQU|2025-12-10|6
X,16009053,Tiberius Mercurius,BAQ,2025-09-18,6,USA,CLM,,9.0,F,,1 1/8M,D,7,8.0,8.0,8.0,,7.0,7,1550.0,1720.0,1360.0,0.0,1200.0,1605.0,0.0,0.0,0.0,0.0,200.0,150.0,299,8,32000,0,0,1,9.0,1810.5120000000002,1 1/8M,0,16009053|BAQ|2025-09-18|6
X,16011638,Armando R,LRL,2025-11-29,5,USA,SOC,,8.5,F,,1 1/16M,D,3,7.0,8.0,7.0,,6.0,1,660.0,880.0,860.0,0.0,420.0,0.0,50.0,100.0,150.0,0.0,200.0,50.0,18,9,31370,0,0,1,8.5,1709.928,1 1/16M,0,16011638|LRL|2025-11-29|5
X,16011638,Armando R,LRL,2025-10-18,2,USA,SOC,,9.0,F,,1 1/8M,D,4,6.0,6.0,6.0,,2.0,1,900.0,850.0,750.0,0.0,250.0,0.0,0.0,0.0,0.0,0.0,100.0,125.0,23,6,29435,0,0,1,9.0,1810.5120000000002,1 1/8M,0,16011638|LRL|2025-10-18|2
X,16011638,Armando R,LRL,2025-09-21,4,USA,SOC,,8.5,F,,1 1/16M,D,1,6.0,7.0,7.0,,2.0,1,1160.0,920.0,720.0,0.0,150.0,0.0,150.0,0.0,0.0,0.0,10.0,225.0,19,7,30370,0,0,1,8.5,1709.928,1 1/16M,0,16011638|LRL|2025-09-21|4
,16012148,Bold Endeavor,PRX,2025-11-17,10,USA,CLM,,8.32,F,,1M 70Y,D,5,5.0,5.0,5.0,,2.0,1,260.0,130.0,210.0,0.0,150.0,0.0,100.0,100.0,400.0,0.0,150.0,225.0,23,9,26000,0,0,0,8.32,1673.71776,1M 70Y,1,16012148|PRX|2025-11-17|10
X,16012148,Bold Endeavor,BAQ,2025-09-18,6,USA,CLM,,9.0,F,,1 1/8M,D,2,3.0,4.0,4.0,,4.0,4,200.0,310.0,300.0,0.0,400.0,280.0,150.0,450.0,350.0,0.0,200.0,25.0,32,8,32000,0,0,1,9.0,1810.5120000000002,1 1/8M,0,16012148|BAQ|2025-09-18|6
X,16012148,Bold Endeavor,SAR,2025-08-22,4,USA,CLM,,8.0,F,,1M,D,4,3.0,4.0,4.0,,6.0,5,300.0,260.0,750.0,0.0,950.0,925.0,10.0,10.0,100.0,0.0,450.0,5.0,27,8,34000,0,0,1,8.0,1609.344,1M,0,16012148|SAR|2025-08-22|4
,16013161,Gun It,PRX,2025-11-25,4,USA,CLM,,6.0,F,,6F,D,4,1.0,1.0,,,1.0,1,0.0,0.0,0.0,0.0,0.0,0.0,10.0,100.0,0.0,0.0,200.0,150.0,14,8,28000,0,0,0,6.0,1207.008,6F,0,16013161|PRX|2025-11-25|4
,16013161,Gun It,PRX,2025-10-28,3,USA,CLM,,6.0,F,,6F,D,3,2.0,3.0,,,3.0,3,50.0,250.0,0.0,0.0,400.0,575.0,10.0,300.0,0.0,0.0,500.0,550.0,18,5,32000,0,0,0,6.0,1207.008,6F,0,16013161|PRX|2025-10-28|3
X,16013161,Gun It,SAR,2025-07-06,1,USA,AOC,,6.0,F,,6F,D,2,2.0,3.0,,,3.0,4,150.0,400.0,0.0,0.0,750.0,925.0,10.0,250.0,0.0,0.0,50.0,200.0,47,5,110000,0,0,1,6.0,1207.008,6F,0,16013161|SAR|2025-07-06|1
,16022898,Black Candy,MNR,2025-11-25,7,USA,AOC,,6.0,F,,6F,D,1,6.0,5.0,,,6.0,5,560.0,260.0,0.0,0.0,410.0,580.0,500.0,10.0,0.0,0.0,200.0,350.0,64,7,20000,0,0,0,6.0,1207.008,6F,0,16022898|MNR|2025-11-25|7
,16022898,Black Candy,MNR,2025-11-04,5,USA,AOC,,5.0,F,,5F,D,6,4.0,3.0,,,2.0,1,610.0,450.0,0.0,0.0,400.0,0.0,10.0,10.0,0.0,0.0,50.0,50.0,31,6,20000,0,0,0,5.0,1005.84,5F,0,16022898|MNR|2025-11-04|5
,16022898,Black Candy,MNR,2025-10-19,6,USA,AOC,,6.0,F,,6F,D,5,4.0,2.0,,,2.0,3,500.0,250.0,0.0,0.0,100.0,150.0,100.0,10.0,0.0,0.0,10.0,150.0,71,5,20000,0,0,0,6.0,1207.008,6F,0,16022898|MNR|2025-10-19|6
,17000068,Genghis,PEN,2025-12-19,3,USA,CLM,,6.0,F,,6F,D,7,8.0,6.0,,,4.0,3,500.0,310.0,0.0,0.0,400.0,500.0,600.0,100.0,0.0,0.0,10.0,10.0,162,10,14000,0,0,0,6.0,1207.008,6F,0,17000068|PEN|2025-12-19|3
,17000068,Genghis,CT,2025-12-06,8,USA,CLM,,6.5,F,,6 1/2F,D,7,7.0,7.0,,,7.0,6,600.0,660.0,0.0,0.0,620.0,1525.0,100.0,150.0,0.0,0.0,50.0,25.0,33,8,14600,0,0,0,6.5,1307.592,6 1/2F,0,17000068|CT|2025-12-06|8
,17000068,Genghis,CT,2025-11-14,5,USA,CLM,,7.0,F,,7F,D,4,3.0,3.0,,,3.0,3,300.0,400.0,0.0,0.0,400.0,175.0,50.0,200.0,0.0,0.0,400.0,575.0,10,7,14600,0,0,0,7.0,1408.176,7F,0,17000068|CT|2025-11-14|5
X,17001959,Monday Morning Qb,LRL,2025-11-29,9,USA,SOC,,6.0,F,,6F,D,4,5.0,3.0,,,3.0,4,350.0,650.0,0.0,0.0,310.0,875.0,10.0,100.0,0.0,0.0,50.0,225.0,38,8,30435,0,0,1,6.0,1207.008,6F,0,17001959|LRL|2025-11-29|9
X,17001959,Monday Morning Qb,LRL,2025-11-09,8,USA,SOC,,6.0,F,,6F,D,1,6.0,6.0,,,4.0,2,550.0,460.0,0.0,0.0,70.0,50.0,50.0,100.0,0.0,0.0,10.0,50.0,57,7,32980,0,0,1,6.0,1207.008,6F,0,17001959|LRL|2025-11-09|8
,17001959,Monday Morning Qb,CT,2025-10-16,7,USA,AOC,,6.5,F,,6 1/2F,D,1,4.0,4.0,,,4.0,4,400.0,70.0,0.0,0.0,260.0,650.0,0.0,0.0,0.0,0.0,0.0,0.0,51,4,34000,0,0,0,6.5,1307.592,6 1/2F,0,17001959|CT|2025-10-16|7
,17003226,Rob the Rich,PEN,2025-12-05,2,USA,CLM,,8.5,F,,1 1/16M,D,4,7.0,6.0,6.0,,3.0,1,770.0,660.0,310.0,0.0,110.0,0.0,0.0,100.0,300.0,0.0,100.0,100.0,20,7,18000,0,0,0,8.5,1709.928,1 1/16M,0,17003226|PEN|2025-12-05|2
,17003226,Rob the Rich,PRX,2025-11-12,5,USA,CLM,,8.32,F,,1M 70Y,D,2,1.0,1.0,1.0,,1.0,1,0.0,0.0,0.0,0.0,0.0,0.0,100.0,100.0,150.0,0.0,150.0,150.0,7,3,20000,0,0,0,8.32,1673.71776,1M 70Y,1,17003226|PRX|2025-11-12|5
,17003226,Rob the Rich,PEN,2025-10-22,4,USA,CLM,,8.5,F,,1 1/16M,D,5,2.0,2.0,1.0,,1.0,1,200.0,50.0,0.0,0.0,0.0,0.0,10.0,100.0,50.0,0.0,500.0,625.0,17,7,12000,0,0,0,8.5,1709.928,1 1/16M,0,17003226|PEN|2025-10-22|4
X,17004170,Mr. Hustle,LRL,2025-11-29,2,USA,CLM,,8.5,F,,1 1/16M,D,6,5.0,4.0,2.0,,2.0,3,270.0,160.0,450.0,0.0,450.0,830.0,200.0,100.0,100.0,0.0,100.0,500.0,34,8,19140,0,0,1,8.5,1709.928,1 1/16M,0,17004170|LRL|2025-11-29|2
X,17004170,Mr. Hustle,LRL,2025-11-08,4,USA,CLM,,8.5,F,,1 1/16M,D,7,5.0,4.0,4.0,,5.0,6,610.0,400.0,500.0,0.0,610.0,645.0,10.0,10.0,200.0,0.0,100.0,375.0,50,9,19640,0,0,1,8.5,1709.928,1 1/16M,0,17004170|LRL|2025-11-08|4
,17004170,Mr. Hustle,PRX,2025-10-21,6,USA,CLM,,8.32,F,,1M 70Y,D,6,4.0,4.0,4.0,,2.0,2,160.0,600.0,560.0,0.0,500.0,650.0,100.0,10.0,10.0,0.0,10.0,10.0,41,6,20000,0,0,0,8.32,1673.71776,1M 70Y,1,17004170|PRX|2025-10-21|6
X,17007087,Magic Mule,LRL,2026-01-09,9,USA,AOC,,6.0,F,,6F,D,1,6.0,6.0,,,6.0,6,820.0,860.0,0.0,0.0,1010.0,755.0,0.0,0.0,0.0,0.0,0.0,0.0,625,6,57770,0,0,1,6.0,1207.008,6F,0,17007087|LRL|2026-01-09|9
X,17007087,Magic Mule,LRL,2025-12-21,7,USA,AOC,,8.0,F,,1M,D,2,2.0,1.0,1.0,,6.0,7,100.0,0.0,0.0,0.0,660.0,1375.0,10.0,10.0,50.0,0.0,450.0,450.0,762,8,54000,0,0,1,8.0,1609.344,1M,0,17007087|LRL|2025-12-21|7
X,17007087,Magic Mule,LRL,2025-12-13,7,USA,AOC,,6.0,F,,6F,D,6,6.0,5.0,,,5.0,5,650.0,700.0,0.0,0.0,800.0,850.0,0.0,100.0,0.0,0.0,250.0,750.0,282,6,53795,0,0,1,6.0,1207.008,6F,0,17007087|LRL|2025-12-13|7
X,17007087,Magic Mule,LRL,2025-10-26,10,USA,AOC,,7.0,F,,7F,D,3,8.0,8.0,,,5.0,4,880.0,380.0,0.0,0.0,610.0,455.0,0.0,0.0,0.0,0.0,10.0,125.0,600,8,54000,0,0,1,7.0,1408.176,7F,0,17007087|LRL|2025-10-26|10
,17007087,Magic Mule,DEL,2025-07-18,7,USA,AOC,,5.5,F,,5 1/2F,D,1,5.0,4.0,,,4.0,4,300.0,300.0,0.0,0.0,450.0,460.0,0.0,10.0,0.0,0.0,10.0,50.0,311,5,47000,0,0,0,5.5,1106.424,5 1/2F,0,17007087|DEL|2025-07-18|7
X,17007087,Magic Mule,LRL,2025-06-13,8,USA,AOC,,8.0,F,,1M,D,3,6.0,6.0,6.0,,5.0,5,270.0,660.0,810.0,0.0,1310.0,1650.0,0.0,0.0,0.0,0.0,50.0,50.0,343,6,53795,0,0,1,8.0,1609.344,1M,0,17007087|LRL|2025-06-13|8
,17011271,Gangly,PEN,2025-12-19,3,USA,CLM,,6.0,F,,6F,D,2,7.0,5.0,,,5.0,4,450.0,300.0,0.0,0.0,410.0,510.0,50.0,10.0,0.0,0.0,50.0,225.0,57,10,14000,0,0,0,6.0,1207.008,6F,0,17011271|PEN|2025-12-19|3
,17011271,Gangly,PEN,2025-11-28,1,USA,CLM,,8.32,F,,1M 70Y,D,4,2.0,1.0,1.0,,1.0,1,10.0,0.0,0.0,0.0,0.0,0.0,100.0,10.0,10.0,0.0,150.0,225.0,20,6,13000,0,0,0,8.32,1673.71776,1M 70Y,1,17011271|PEN|2025-11-28|1
,17011271,Gangly,PEN,2025-11-05,2,USA,CLM,,8.0,F,,1M,D,7,4.0,5.0,3.0,,3.0,2,200.0,300.0,350.0,0.0,500.0,425.0,50.0,50.0,100.0,0.0,250.0,50.0,91,9,13000,0,0,0,8.0,1609.344,1M,0,17011271|PEN|2025-11-05|2
X,17011275,Prince Khozan,LRL,2025-12-28,8,USA,CLM,,9.0,F,,1 1/8M,D,1,1.0,1.0,1.0,,2.0,2,0.0,0.0,0.0,0.0,200.0,450.0,100.0,50.0,10.0,0.0,450.0,650.0,59,6,18410,0,0,1,9.0,1810.5120000000002,1 1/8M,0,17011275|LRL|2025-12-28|8
X,17011275,Prince Khozan,LRL,2025-12-14,1,USA,CLM,,8.5,F,,1 1/16M,D,1,3.0,3.0,3.0,,2.0,2,810.0,1050.0,450.0,0.0,500.0,600.0,10.0,200.0,300.0,0.0,100.0,750.0,427,7,22400,0,0,1,8.5,1709.928,1 1/16M,0,17011275|LRL|2025-12-14|1
X,17011275,Prince Khozan,LRL,2025-06-27,1,USA,SOC,,8.5,F,,1 1/16M,T,7,7.0,7.0,7.0,,5.0,5,660.0,430.0,480.0,0.0,660.0,430.0,0.0,0.0,0.0,0.0,100.0,225.0,49,7,24660,0,0,1,8.5,1709.928,1 1/16M,0,17011275|LRL|2025-06-27|1
X,17011275,Prince Khozan,LRL,2025-05-25,8,USA,SOC,,8.5,F,,1 1/16M,T,1,5.0,5.0,5.0,,3.0,4,560.0,600.0,410.0,0.0,460.0,230.0,100.0,150.0,200.0,0.0,10.0,25.0,160,10,30635,0,0,1,8.5,1709.928,1 1/16M,0,17011275|LRL|2025-05-25|8
X,17011275,Prince Khozan,PIM,2025-05-10,7,USA,SOC,,9.0,F,,1 1/8M,T,1,9.0,9.0,8.0,,7.0,3,1180.0,1360.0,760.0,0.0,470.0,335.0,250.0,200.0,100.0,0.0,10.0,10.0,118,10,82950,0,0,1,9.0,1810.5120000000002,1 1/8M,0,17011275|PIM|2025-05-10|7
X,17017015,Karan's Notion,LRL,2025-12-21,8,USA,AOC,,5.5,F,,5 1/2F,D,5,7.0,6.0,,,6.0,7,760.0,600.0,0.0,0.0,630.0,940.0,200.0,50.0,0.0,0.0,50.0,700.0,219,8,57000,0,0,1,5.5,1106.424,5 1/2F,0,17017015|LRL|2025-12-21|8
X,17017015,Karan's Notion,LRL,2025-11-28,8,USA,AOC,,6.0,F,,6F,D,2,3.0,3.0,,,4.0,4,300.0,160.0,0.0,0.0,260.0,40.0,10.0,10.0,0.0,0.0,10.0,125.0,97,6,61040,0,0,1,6.0,1207.008,6F,0,17017015|LRL|2025-11-28|8
X,17017015,Karan's Notion,LRL,2025-10-19,10,USA,AOC,,6.0,F,,6F,D,2,7.0,7.0,,,7.0,4,1260.0,960.0,0.0,0.0,860.0,675.0,0.0,0.0,0.0,0.0,0.0,75.0,304,7,56500,0,0,1,6.0,1207.008,6F,0,17017015|LRL|2025-10-19|10
,17017015,Karan's Notion,DEL,2025-10-08,5,USA,SOC,,6.0,F,,6F,D,3,6.0,4.0,,,4.0,4,410.0,310.0,0.0,0.0,160.0,250.0,500.0,10.0,0.0,0.0,50.0,50.0,131,7,32000,0,0,0,6.0,1207.008,6F,0,17017015|DEL|2025-10-08|5
X,17020018,Self Taught,LRL,2025-12-12,6,USA,SOC,,7.0,F,,7F,D,4,8.0,7.0,,,4.0,3,920.0,910.0,0.0,0.0,650.0,300.0,0.0,50.0,0.0,0.0,150.0,50.0,70,8,25020,0,0,1,7.0,1408.176,7F,0,17020018|LRL|2025-12-12|6
X,17020018,Self Taught,LRL,2025-11-29,5,USA,SOC,,8.5,F,,1 1/16M,D,9,5.0,5.0,2.0,,2.0,5,410.0,470.0,150.0,0.0,250.0,525.0,50.0,350.0,10.0,0.0,100.0,25.0,393,9,31370,0,0,1,8.5,1709.928,1 1/16M,0,17020018|LRL|2025-11-29|5
X,17020018,Self Taught,LRL,2025-11-01,7,USA,SOC,,8.0,F,,1M,D,10,8.0,6.0,3.0,,4.0,6,510.0,810.0,450.0,0.0,500.0,550.0,150.0,100.0,10.0,0.0,10.0,200.0,94,10,26020,0,0,1,8.0,1609.344,1M,0,17020018|LRL|2025-11-01|7
X,17020018,Self Taught,LRL,2025-10-12,8,USA,SOC,,7.0,F,,7F,D,4,6.0,6.0,,,6.0,6,1010.0,660.0,0.0,0.0,1010.0,1475.0,10.0,200.0,0.0,0.0,200.0,950.0,52,7,29500,0,0,1,7.0,1408.176,7F,0,17020018|LRL|2025-10-12|8
,18001544,It's Sizzling Time,CT,2025-12-04,6,USA,SOC,,4.5,F,,4 1/2F,D,7,7.0,,,,5.0,3,470.0,0.0,0.0,0.0,270.0,500.0,0.0,0.0,0.0,0.0,10.0,100.0,143,7,22700,0,0,0,4.5,905.2560000000001,4 1/2F,0,18001544|CT|2025-12-04|6
X,18001544,It's Sizzling Time,LRL,2025-11-07,4,USA,CLM,,6.0,F,,6F,D,5,3.0,3.0,,,3.0,2,450.0,550.0,0.0,0.0,500.0,725.0,100.0,10.0,0.0,0.0,300.0,475.0,38,8,20760,0,0,1,6.0,1207.008,6F,0,18001544|LRL|2025-11-07|4
X,18001544,It's Sizzling Time,LRL,2025-09-21,4,USA,SOC,,8.5,F,,1 1/16M,D,2,7.0,6.0,4.0,,4.0,6,1310.0,910.0,500.0,0.0,210.0,1130.0,0.0,10.0,10.0,0.0,200.0,950.0,137,7,30370,0,0,1,8.5,1709.928,1 1/16M,0,18001544|LRL|2025-09-21|4
X,18001931,The Wolfman,LRL,2025-12-12,8,USA,CLM,,6.0,F,,6F,D,5,4.0,3.0,,,1.0,2,350.0,110.0,0.0,0.0,0.0,100.0,200.0,250.0,0.0,0.0,150.0,125.0,29,6,20700,0,0,1,6.0,1207.008,6F,0,18001931|LRL|2025-12-12|8
X,18001931,The Wolfman,LRL,2025-11-21,2,USA,SOC,,6.0,F,,6F,D,5,4.0,4.0,,,6.0,6,510.0,650.0,0.0,0.0,810.0,305.0,300.0,50.0,0.0,0.0,50.0,50.0,310,9,25520,0,0,1,6.0,1207.008,6F,0,18001931|LRL|2025-11-21|2
X,18001931,The Wolfman,LRL,2025-10-26,2,USA,CLM,,6.0,F,,6F,D,3,2.0,2.0,,,3.0,5,150.0,200.0,0.0,0.0,510.0,825.0,150.0,100.0,0.0,0.0,250.0,925.0,36,6,20300,0,0,1,6.0,1207.008,6F,0,18001931|LRL|2025-10-26|2
X,18001931,The Wolfman,LRL,2025-10-11,3,USA,SHP,,7.0,F,,7F,D,11,4.0,4.0,,,7.0,8,600.0,500.0,0.0,0.0,520.0,950.0,100.0,250.0,0.0,0.0,400.0,50.0,163,11,40800,0,0,1,7.0,1408.176,7F,0,18001931|LRL|2025-10-11|3
,18001954,Spotted Bull,PRX,2025-12-31,10,USA,SOC,,6.5,F,,6 1/2F,D,12,13.0,12.0,,,11.0,11,850.0,980.0,0.0,0.0,1620.0,2705.0,0.0,100.0,0.0,0.0,50.0,100.0,650,13,50000,0,0,0,6.5,1307.592,6 1/2F,0,18001954|PRX|2025-12-31|10
,18001954,Spotted Bull,PEN,2025-12-11,6,USA,SOC,,6.0,F,,6F,D,2,7.0,5.0,,,3.0,3,460.0,120.0,0.0,0.0,150.0,150.0,100.0,50.0,0.0,0.0,10.0,75.0,276,8,23000,0,0,0,6.0,1207.008,6F,0,18001954|PEN|2025-12-11|6
X,18001954,Spotted Bull,CD,2025-11-15,4,USA,STR,,6.0,F,,6F,D,3,8.0,8.0,,,7.0,6,650.0,870.0,0.0,0.0,950.0,1085.0,0.0,0.0,0.0,0.0,10.0,275.0,860,8,100000,0,0,1,6.0,1207.008,6F,0,18001954|CD|2025-11-15|4
X,18003394,Fan Club,LRL,2025-12-13,2,USA,SOC,,9.0,F,,1 1/8M,D,2,3.0,3.0,3.0,,1.0,1,300.0,150.0,300.0,0.0,0.0,0.0,550.0,50.0,450.0,0.0,10.0,50.0,47,5,24000,0,0,1,9.0,1810.5120000000002,1 1/8M,0,18003394|LRL|2025-12-13|2
X,18003394,Fan Club,LRL,2025-11-23,7,USA,SOC,,8.0,F,,1M,D,8,6.0,7.0,8.0,,8.0,7,710.0,810.0,1310.0,0.0,1610.0,1900.0,50.0,50.0,150.0,0.0,1000.0,50.0,216,10,39055,0,0,1,8.0,1609.344,1M,0,18003394|LRL|2025-11-23|7
X,18003394,Fan Club,LRL,2025-11-09,4,USA,SOC,,8.5,F,,1 1/16M,D,5,5.0,6.0,5.0,,5.0,1,410.0,460.0,650.0,0.0,170.0,0.0,50.0,200.0,150.0,0.0,50.0,50.0,180,8,30000,0,0,1,8.5,1709.928,1 1/16M,0,18003394|LRL|2025-11-09|4
X,18003394,Fan Club,LRL,2025-05-25,6,USA,SOC,,8.0,F,,1M,D,6,7.0,6.0,6.0,,6.0,6,330.0,560.0,1060.0,0.0,1160.0,725.0,100.0,100.0,300.0,0.0,250.0,75.0,64,8,32645,0,0,1,8.0,1609.344,1M,0,18003394|LRL|2025-05-25|6
,18003479,What Does It Take,PEN,2025-11-13,1,USA,CLM,,8.32,F,,1M 70Y,D,4,2.0,2.0,1.0,,2.0,2,50.0,50.0,0.0,0.0,300.0,900.0,150.0,100.0,50.0,0.0,500.0,375.0,15,7,18000,0,0,0,8.32,1673.71776,1M 70Y,1,18003479|PEN|2025-11-13|1
,18003479,What Does It Take,PEN,2025-11-05,2,USA,CLM,,8.0,F,,1M,D,6,1.0,1.0,1.0,,1.0,1,0.0,0.0,0.0,0.0,0.0,0.0,50.0,150.0,150.0,0.0,300.0,425.0,31,9,13000,0,0,0,8.0,1609.344,1M,0,18003479|PEN|2025-11-05|2
,18003479,What Does It Take,PRX,2025-06-02,5,USA,CLM,,8.5,F,,1 1/16M,D,3,2.0,3.0,4.0,,4.0,5,100.0,310.0,360.0,0.0,900.0,1050.0,10.0,200.0,300.0,0.0,250.0,350.0,41,6,26000,0,0,0,8.5,1709.928,1 1/16M,0,18003479|PRX|2025-06-02|5
X,18005570,Tenebris,LRL,2026-01-09,9,USA,AOC,,6.0,F,,6F,D,2,1.0,1.0,,,1.0,2,0.0,0.0,0.0,0.0,0.0,50.0,200.0,200.0,0.0,0.0,200.0,375.0,119,6,57770,0,0,1,6.0,1207.008,6F,0,18005570|LRL|2026-01-09|9
X,18005570,Tenebris,LRL,2025-12-13,7,USA,AOC,,6.0,F,,6F,D,4,3.0,2.0,,,2.0,2,200.0,150.0,0.0,0.0,250.0,375.0,150.0,50.0,0.0,0.0,100.0,325.0,149,6,53795,0,0,1,6.0,1207.008,6F,0,18005570|LRL|2025-12-13|7
X,18005570,Tenebris,LRL,2025-11-27,7,USA,AOC,,6.0,F,,6F,D,7,6.0,6.0,,,5.0,6,520.0,760.0,0.0,0.0,910.0,1900.0,100.0,150.0,0.0,0.0,50.0,75.0,95,8,55590,0,0,1,6.0,1207.008,6F,0,18005570|LRL|2025-11-27|7
X,18005570,Tenebris,CNL,2025-09-05,3,USA,AOC,,6.5,F,,6 1/2F,D,4,1.0,2.0,,,1.0,4,0.0,10.0,0.0,0.0,0.0,230.0,10.0,50.0,0.0,0.0,50.0,475.0,57,6,74000,0,0,1,6.5,1307.592,6 1/2F,0,18005570|CNL|2025-09-05|3
X,18005570,Tenebris,LRL,2025-03-29,8,USA,AOC,,5.5,F,,5 1/2F,D,2,7.0,6.0,,,7.0,7,480.0,500.0,0.0,0.0,820.0,1075.0,0.0,10.0,0.0,0.0,0.0,0.0,49,7,58865,0,0,1,5.5,1106.424,5 1/2F,0,18005570|LRL|2025-03-29|8
,18006157,Ocala Dream,PEN,2025-11-28,8,USA,CLM,,8.0,F,,1M,D,2,3.0,3.0,4.0,,7.0,8,110.0,150.0,250.0,0.0,800.0,1060.0,10.0,10.0,150.0,0.0,150.0,0.0,80,9,22000,0,0,0,8.0,1609.344,1M,0,18006157|PEN|2025-11-28|8
,18006157,Ocala Dream,PEN,2025-11-05,5,USA,CLM,,8.32,F,,1M 70Y,D,10,1.0,1.0,1.0,,2.0,5,0.0,0.0,0.0,0.0,10.0,425.0,50.0,100.0,50.0,0.0,100.0,275.0,20,10,22000,0,0,0,8.32,1673.71776,1M 70Y,1,18006157|PEN|2025-11-05|5
,18006157,Ocala Dream,PEN,2025-10-22,7,USA,CLM,,8.0,F,,1M,D,5,4.0,2.0,1.0,,1.0,2,170.0,50.0,0.0,0.0,0.0,10.0,250.0,100.0,10.0,0.0,150.0,475.0,24,8,18000,0,0,0,8.0,1609.344,1M,0,18006157|PEN|2025-10-22|7
X,18006720,Talklessworkmore,LRL,2025-12-26,5,USA,SOC,,8.0,F,,1M,D,5,1.0,1.0,1.0,,3.0,4,0.0,0.0,0.0,0.0,160.0,460.0,200.0,200.0,10.0,0.0,10.0,225.0,104,9,33110,0,0,1,8.0,1609.344,1M,0,18006720|LRL|2025-12-26|5
X,18006720,Talklessworkmore,LRL,2025-12-07,4,USA,SOC,,6.0,F,,6F,D,2,7.0,4.0,,,4.0,4,560.0,550.0,0.0,0.0,650.0,925.0,0.0,200.0,0.0,0.0,300.0,550.0,81,7,40830,0,0,1,6.0,1207.008,6F,0,18006720|LRL|2025-12-07|4
X,18006720,Talklessworkmore,LRL,2025-11-09,4,USA,SOC,,8.5,F,,1 1/16M,D,6,1.0,1.0,1.0,,3.0,3,0.0,0.0,0.0,0.0,20.0,150.0,200.0,200.0,50.0,0.0,100.0,50.0,32,8,30000,0,0,1,8.5,1709.928,1 1/16M,0,18006720|LRL|2025-11-09|4
,18006720,Talklessworkmore,MED,2025-10-03,5,USA,SOC,,8.5,F,,1 1/16M,T,2,1.0,1.0,1.0,,1.0,3,0.0,0.0,0.0,0.0,0.0,125.0,50.0,100.0,50.0,0.0,50.0,75.0,29,7,23000,0,0,0,8.5,1709.928,1 1/16M,0,18006720|MED|2025-10-03|5
X,18007223,Excellent Timing,LRL,2025-11-21,2,USA,SOC,,6.0,F,,6F,D,6,1.0,1.0,,,1.0,2,0.0,0.0,0.0,0.0,0.0,5.0,200.0,200.0,0.0,0.0,400.0,100.0,71,9,25520,0,0,1,6.0,1207.008,6F,0,18007223|LRL|2025-11-21|2
,18007223,Excellent Timing,DEL,2025-05-22,4,USA,CLM,,6.0,F,,6F,D,6,2.0,4.0,,,6.0,6,50.0,370.0,0.0,0.0,750.0,875.0,200.0,50.0,0.0,0.0,0.0,0.0,26,6,21000,0,0,0,6.0,1207.008,6F,0,18007223|DEL|2025-05-22|4
X,18007223,Excellent Timing,AQU,2025-04-06,7,USA,CLM,,6.0,F,,6F,D,8,1.0,1.0,,,1.0,6,0.0,0.0,0.0,0.0,0.0,590.0,250.0,300.0,0.0,0.0,100.0,50.0,53,8,40000,0,0,1,6.0,1207.008,6F,0,18007223|AQU|2025-04-06|7
X,18007346,Manor House,LRL,2025-11-14,4,USA,AOC,,8.5,F,,1 1/16M,D,6,3.0,4.0,4.0,,7.0,7,200.0,400.0,500.0,0.0,720.0,1625.0,10.0,100.0,50.0,0.0,0.0,0.0,47,7,54295,0,0,1,8.5,1709.928,1 1/16M,0,18007346|LRL|2025-11-14|4
X,18007346,Manor House,LRL,2025-10-26,10,USA,AOC,,7.0,F,,7F,D,8,1.0,1.0,,,2.0,2,0.0,0.0,0.0,0.0,10.0,5.0,50.0,10.0,0.0,0.0,150.0,200.0,41,8,54000,0,0,1,7.0,1408.176,7F,0,18007346|LRL|2025-10-26|10
X,18007346,Manor House,CNL,2025-09-05,3,USA,AOC,,6.5,F,,6 1/2F,D,6,3.0,3.0,,,4.0,3,60.0,60.0,0.0,0.0,110.0,225.0,150.0,50.0,0.0,0.0,100.0,5.0,399,6,74000,0,0,1,6.5,1307.592,6 1/2F,0,18007346|CNL|2025-09-05|3
X,18007504,Gold Time Vixen,LRL,2025-12-19,5,USA,CLM,,5.5,F,,5 1/2F,D,1,5.0,5.0,,,5.0,6,800.0,700.0,0.0,0.0,650.0,875.0,600.0,600.0,0.0,0.0,600.0,825.0,833,7,18640,0,0,1,5.5,1106.424,5 1/2F,0,18007504|LRL|2025-12-19|5
,18007504,Gold Time Vixen,CT,2025-11-22,6,USA,CLM,,6.5,F,,6 1/2F,D,1,6.0,8.0,,,7.0,9,700.0,660.0,0.0,0.0,860.0,1250.0,100.0,150.0,0.0,0.0,100.0,1125.0,1259,10,14600,0,0,0,6.5,1307.592,6 1/2F,0,18007504|CT|2025-11-22|6
X,18007504,Gold Time Vixen,LRL,2025-11-02,2,USA,CLM,,6.0,F,,6F,D,2,4.0,7.0,,,7.0,7,500.0,1160.0,0.0,0.0,1160.0,1475.0,100.0,0.0,0.0,0.0,0.0,0.0,1031,7,21070,0,0,1,6.0,1207.008,6F,0,18007504|LRL|2025-11-02|2
X,18007504,Gold Time Vixen,LRL,2025-10-10,4,USA,CLM,,5.5,F,,5 1/2F,D,6,7.0,7.0,,,7.0,6,580.0,620.0,0.0,0.0,1650.0,2375.0,0.0,0.0,0.0,0.0,0.0,150.0,692,7,21070,0,0,1,5.5,1106.424,5 1/2F,0,18007504|LRL|2025-10-10|4
X,18010641,Caerus,LRL,2025-10-17,4,USA,CLM,,8.0,F,,1M,D,5,4.0,5.0,6.0,,6.0,6,170.0,360.0,570.0,0.0,860.0,1200.0,100.0,10.0,300.0,0.0,250.0,450.0,95,9,21260,0,0,1,8.0,1609.344,1M,0,18010641|LRL|2025-10-17|4
,18010641,Caerus,TIM,2025-08-31,1,USA,CLM,,8.0,F,,1M,D,1,4.0,3.0,2.0,,2.0,1,350.0,200.0,10.0,0.0,50.0,0.0,200.0,200.0,350.0,0.0,250.0,300.0,45,5,15000,0,0,0,8.0,1609.344,1M,0,18010641|TIM|2025-08-31|1
,18010641,Caerus,PEN,2025-08-14,5,USA,CLM,,8.32,F,,1M 70Y,D,3,2.0,2.0,2.0,,1.0,1,50.0,10.0,150.0,0.0,0.0,0.0,200.0,300.0,250.0,0.0,10.0,225.0,54,4,13000,0,0,0,8.32,1673.71776,1M 70Y,1,18010641|PEN|2025-08-14|5
X,18011492,Swill,LRL,2025-11-23,8,USA,AOC,,5.5,F,,5 1/2F,T,1,2.0,3.0,,,2.0,2,150.0,250.0,0.0,0.0,250.0,10.0,50.0,50.0,0.0,0.0,250.0,50.0,35,11,55500,0,0,1,5.5,1106.424,5 1/2F,0,18011492|LRL|2025-11-23|8
X,18011492,Swill,LRL,2025-10-25,12,USA,SOC,,5.5,F,,5 1/2F,T,9,5.0,5.0,,,1.0,3,210.0,120.0,0.0,0.0,0.0,175.0,150.0,150.0,0.0,0.0,10.0,325.0,53,10,40110,0,0,1,5.5,1106.424,5 1/2F,0,18011492|LRL|2025-10-25|12
X,18011492,Swill,LRL,2025-09-28,7,USA,AOC,,5.5,F,,5 1/2F,T,6,2.0,2.0,,,2.0,3,200.0,150.0,0.0,0.0,250.0,150.0,50.0,100.0,0.0,0.0,10.0,25.0,25,8,58770,0,0,1,5.5,1106.424,5 1/2F,0,18011492|LRL|2025-09-28|7
,18012283,River Dog,PEN,2025-12-18,5,USA,CLM,,6.0,F,,6F,D,3,3.0,2.0,,,4.0,6,20.0,10.0,0.0,0.0,400.0,650.0,500.0,300.0,0.0,0.0,10.0,0.0,43,6,28000,0,0,0,6.0,1207.008,6F,0,18012283|PEN|2025-12-18|5
,18012283,River Dog,PRX,2025-11-11,7,USA,CLM,,6.0,F,,6F,D,7,2.0,2.0,,,6.0,6,50.0,10.0,0.0,0.0,650.0,1400.0,100.0,10.0,0.0,0.0,200.0,100.0,90,7,35000,0,0,0,6.0,1207.008,6F,0,18012283|PRX|2025-11-11|7
,18012283,River Dog,PRX,2025-10-29,9,USA,AOC,,6.0,F,,6F,D,4,3.0,3.0,,,5.0,6,110.0,300.0,0.0,0.0,600.0,1100.0,10.0,10.0,0.0,0.0,100.0,0.0,131,6,55000,0,0,0,6.0,1207.008,6F,0,18012283|PRX|2025-10-29|9
X,18013711,I Can Do It,LRL,2025-10-11,1,USA,SHP,,7.0,F,,7F,D,1,7.0,7.0,,,3.0,2,520.0,860.0,0.0,0.0,460.0,285.0,150.0,200.0,0.0,0.0,50.0,150.0,305,8,40000,0,0,1,7.0,1408.176,7F,0,18013711|LRL|2025-10-11|1
X,18013711,I Can Do It,LRL,2025-09-19,7,USA,ALW,,6.0,F,,6F,D,3,8.0,7.0,,,5.0,5,560.0,910.0,0.0,0.0,950.0,875.0,0.0,100.0,0.0,0.0,50.0,325.0,364,8,49000,0,0,1,6.0,1207.008,6F,0,18013711|LRL|2025-09-19|7
X,18013711,I Can Do It,LRL,2025-06-22,2,USA,SOC,,7.0,F,,7F,D,2,2.0,3.0,,,2.0,2,10.0,300.0,0.0,0.0,350.0,450.0,150.0,10.0,0.0,0.0,10.0,25.0,141,7,32780,0,0,1,7.0,1408.176,7F,0,18013711|LRL|2025-06-22|2
X,18015442,Magic Spin,LRL,2026-01-10,6,USA,CLM,,6.0,F,,6F,D,8,9.0,8.0,,,6.0,6,530.0,320.0,0.0,0.0,750.0,885.0,10.0,100.0,0.0,0.0,300.0,10.0,111,11,21180,0,0,1,6.0,1207.008,6F,0,18015442|LRL|2026-01-10|6
X,18015442,Magic Spin,LRL,2025-12-12,6,USA,SOC,,7.0,F,,7F,D,6,7.0,8.0,,,6.0,5,910.0,960.0,0.0,0.0,1050.0,700.0,10.0,0.0,0.0,0.0,100.0,200.0,103,8,25020,0,0,1,7.0,1408.176,7F,0,18015442|LRL|2025-12-12|6
X,18015442,Magic Spin,LRL,2025-11-29,9,USA,SOC,,6.0,F,,6F,D,5,7.0,7.0,,,5.0,5,610.0,1150.0,0.0,0.0,910.0,1100.0,200.0,250.0,0.0,0.0,150.0,700.0,79,8,30435,0,0,1,6.0,1207.008,6F,0,18015442|LRL|2025-11-29|9
X,18015442,Magic Spin,LRL,2025-11-09,8,USA,SOC,,6.0,F,,6F,D,7,3.0,4.0,,,6.0,5,150.0,260.0,0.0,0.0,90.0,200.0,150.0,150.0,0.0,0.0,250.0,275.0,49,7,32980,0,0,1,6.0,1207.008,6F,0,18015442|LRL|2025-11-09|8
X,18015442,Magic Spin,LRL,2025-10-24,7,USA,SOC,,6.0,F,,6F,D,8,4.0,3.0,,,3.0,3,160.0,310.0,0.0,0.0,500.0,550.0,50.0,250.0,0.0,0.0,150.0,225.0,148,9,41830,0,0,1,6.0,1207.008,6F,0,18015442|LRL|2025-10-24|7
X,18016073,It'sfiftyshadetime,LRL,2025-10-31,10,USA,CLM,,8.5,F,,1 1/16M,D,2,6.0,6.0,3.0,,4.0,4,560.0,760.0,750.0,0.0,850.0,1175.0,600.0,800.0,10.0,0.0,1200.0,1925.0,306,7,19450,0,0,1,8.5,1709.928,1 1/16M,0,18016073|LRL|2025-10-31|10
,18016073,It'sfiftyshadetime,TDN,2025-09-24,2,USA,SOC,,6.0,F,,6F,D,1,3.0,4.0,,,4.0,4,200.0,750.0,0.0,0.0,1200.0,1100.0,50.0,0.0,0.0,0.0,0.0,0.0,155,4,20000,0,0,0,6.0,1207.008,6F,0,18016073|TDN|2025-09-24|2
,18016073,It'sfiftyshadetime,BTP,2025-07-31,8,USA,SOC,,8.32,F,,1M 70Y,D,3,3.0,4.0,4.0,,4.0,4,150.0,310.0,1600.0,0.0,1850.0,3525.0,10.0,100.0,300.0,0.0,900.0,2225.0,48,5,14000,0,0,0,8.32,1673.71776,1M 70Y,1,18016073|BTP|2025-07-31|8
X,18017084,My Flicker,LRL,2025-12-07,6,USA,AOC,,5.5,F,,5 1/2F,D,5,2.0,2.0,,,3.0,4,250.0,150.0,0.0,0.0,260.0,500.0,10.0,50.0,0.0,0.0,150.0,175.0,120,8,59565,0,0,1,5.5,1106.424,5 1/2F,0,18017084|LRL|2025-12-07|6
,18017084,My Flicker,CT,2025-10-31,7,USA,AOC,,6.5,F,,6 1/2F,D,6,4.0,3.0,,,1.0,1,350.0,60.0,0.0,0.0,0.0,0.0,250.0,100.0,0.0,0.0,200.0,175.0,77,7,34000,0,0,0,6.5,1307.592,6 1/2F,0,18017084|CT|2025-10-31|7
,18017084,My Flicker,DEL,2025-10-09,8,USA,AOC,,5.5,F,,5 1/2F,D,3,5.0,5.0,,,4.0,7,350.0,260.0,0.0,0.0,210.0,610.0,10.0,10.0,0.0,0.0,10.0,0.0,63,7,47000,0,0,0,5.5,1106.424,5 1/2F,0,18017084|DEL|2025-10-09|8
X,18019913,Shipman,TP,2025-12-10,4,USA,CLM,,6.5,F,,6 1/2F,D,2,5.0,3.0,,,7.0,6,80.0,110.0,0.0,0.0,330.0,505.0,10.0,10.0,0.0,0.0,150.0,225.0,37,10,30800,0,0,1,6.5,1307.592,6 1/2F,0,18019913|TP|2025-12-10|4
X,18019913,Shipman,CD,2025-11-23,5,USA,CLM,,6.0,F,,6F,D,7,6.0,6.0,,,4.0,2,610.0,710.0,0.0,0.0,410.0,25.0,10.0,350.0,0.0,0.0,100.0,25.0,42,11,45000,0,0,1,6.0,1207.008,6F,0,18019913|CD|2025-11-23|5
X,18019913,Shipman,CD,2025-11-06,4,USA,CLM,,6.5,F,,6 1/2F,D,4,2.0,2.0,,,3.0,4,100.0,100.0,0.0,0.0,300.0,385.0,10.0,50.0,0.0,0.0,10.0,10.0,12,10,45000,0,0,1,6.5,1307.592,6 1/2F,0,18019913|CD|2025-11-06|4
X,18022195,R Averie Lynn,LRL,2026-01-09,5,USA,CLM,,6.0,F,,6F,D,8,1.0,1.0,,,1.0,2,0.0,0.0,0.0,0.0,0.0,200.0,100.0,10.0,0.0,0.0,10.0,200.0,20,9,19910,0,0,1,6.0,1207.008,6F,0,18022195|LRL|2026-01-09|5
X,18022195,R Averie Lynn,LRL,2025-12-19,5,USA,CLM,,5.5,F,,5 1/2F,D,6,1.0,1.0,,,2.0,2,0.0,0.0,0.0,0.0,50.0,150.0,50.0,50.0,0.0,0.0,350.0,500.0,12,7,18640,0,0,1,5.5,1106.424,5 1/2F,0,18022195|LRL|2025-12-19|5
,18022195,R Averie Lynn,DEL,2025-10-15,2,USA,CLM,,6.0,F,,6F,D,6,1.0,1.0,,,2.0,2,0.0,0.0,0.0,0.0,10.0,5.0,200.0,100.0,0.0,0.0,50.0,5.0,52,9,20000,0,0,0,6.0,1207.008,6F,0,18022195|DEL|2025-10-15|2
,18022195,R Averie Lynn,DEL,2025-09-25,2,USA,CLM,,5.5,F,,5 1/2F,D,5,1.0,1.0,,,2.0,2,0.0,0.0,0.0,0.0,100.0,500.0,10.0,10.0,0.0,0.0,100.0,100.0,45,6,22000,0,0,0,5.5,1106.424,5 1/2F,0,18022195|DEL|2025-09-25|2
,18022195,R Averie Lynn,DEL,2025-08-14,3,USA,SOC,,5.5,F,,5 1/2F,D,3,2.0,3.0,,,2.0,2,100.0,150.0,0.0,0.0,200.0,550.0,10.0,100.0,0.0,0.0,10.0,10.0,25,5,20000,0,0,0,5.5,1106.424,5 1/2F,0,18022195|DEL|2025-08-14|3
X,19000681,Captain Quint,LRL,2026-01-09,4,USA,SOC,,5.5,F,,5 1/2F,D,6,6.0,6.0,,,6.0,4,850.0,800.0,0.0,0.0,660.0,775.0,0.0,0.0,0.0,0.0,0.0,50.0,150,6,40885,0,0,1,5.5,1106.424,5 1/2F,0,19000681|LRL|2026-01-09|4
X,19000681,Captain Quint,LRL,2025-02-15,5,USA,AOC,,6.0,F,,6F,D,6,2.0,5.0,,,8.0,9,50.0,360.0,0.0,0.0,1250.0,1840.0,50.0,100.0,0.0,0.0,50.0,0.0,392,9,53900,0,0,1,6.0,1207.008,6F,0,19000681|LRL|2025-02-15|5
X,19000681,Captain Quint,LRL,2025-01-18,6,USA,STK,,8.0,F,,1M,D,4,7.0,7.0,8.0,,8.0,9,610.0,610.0,870.0,0.0,1520.0,1880.0,350.0,200.0,700.0,0.0,250.0,0.0,961,9,75000,0,0,1,8.0,1609.344,1M,0,19000681|LRL|2025-01-18|6
,19000681,Captain Quint,DEL,2024-07-31,6,USA,SOC,,6.0,F,,6F,D,3,3.0,3.0,,,4.0,4,250.0,200.0,0.0,0.0,360.0,1000.0,100.0,10.0,0.0,0.0,300.0,75.0,281,6,28000,0,0,0,6.0,1207.008,6F,0,19000681|DEL|2024-07-31|6
,19001576,Golden Purchase,PRX,2025-11-18,2,USA,CLM,,8.32,F,,1M 70Y,D,5,5.0,5.0,3.0,,2.0,1,1060.0,700.0,110.0,0.0,10.0,0.0,400.0,500.0,150.0,0.0,300.0,575.0,13,7,21000,0,0,0,8.32,1673.71776,1M 70Y,1,19001576|PRX|2025-11-18|2
,19001576,Golden Purchase,PRX,2025-10-29,10,USA,CLM,,8.32,F,,1M 70Y,D,8,3.0,3.0,3.0,,2.0,3,350.0,400.0,400.0,0.0,500.0,875.0,200.0,300.0,150.0,0.0,10.0,350.0,48,11,21000,0,0,0,8.32,1673.71776,1M 70Y,1,19001576|PRX|2025-10-29|10
,19001576,Golden Purchase,PRX,2025-10-07,6,USA,CLM,,7.0,F,,7F,D,5,4.0,4.0,,,4.0,4,220.0,170.0,0.0,0.0,900.0,925.0,300.0,600.0,0.0,0.0,800.0,1325.0,37,5,21000,0,0,0,7.0,1408.176,7F,0,19001576|PRX|2025-10-07|6
X,19001706,Sapphire Beauty,LRL,2026-01-09,5,USA,CLM,,6.0,F,,6F,D,9,3.0,3.0,,,5.0,7,110.0,110.0,0.0,0.0,560.0,1025.0,100.0,300.0,0.0,0.0,200.0,150.0,533,9,19910,0,0,1,6.0,1207.008,6F,0,19001706|LRL|2026-01-09|5
X,19001706,Sapphire Beauty,LRL,2025-12-19,5,USA,CLM,,5.5,F,,5 1/2F,D,4,4.0,4.0,,,4.0,4,550.0,500.0,0.0,0.0,500.0,675.0,250.0,200.0,0.0,0.0,150.0,100.0,386,7,18640,0,0,1,5.5,1106.424,5 1/2F,0,19001706|LRL|2025-12-19|5
,19001706,Sapphire Beauty,CT,2025-11-13,2,USA,CLM,,7.0,F,,7F,D,2,2.0,4.0,,,6.0,6,100.0,410.0,0.0,0.0,960.0,1375.0,10.0,10.0,0.0,0.0,200.0,1150.0,271,7,15800,0,0,0,7.0,1408.176,7F,0,19001706|CT|2025-11-13|2
,19001706,Sapphire Beauty,CT,2025-10-30,4,USA,SOC,,6.5,F,,6 1/2F,D,8,5.0,6.0,,,7.0,8,310.0,760.0,0.0,0.0,610.0,1400.0,100.0,10.0,0.0,0.0,10.0,0.0,692,8,22700,0,0,0,6.5,1307.592,6 1/2F,0,19001706|CT|2025-10-30|4
,19001706,Sapphire Beauty,TIM,2025-08-30,4,USA,STR,,8.0,F,,1M,D,3,2.0,6.0,6.0,,6.0,6,150.0,520.0,1600.0,0.0,2360.0,3655.0,50.0,0.0,0.0,0.0,0.0,0.0,155,6,24310,0,0,0,8.0,1609.344,1M,0,19001706|TIM|2025-08-30|4
,19002257,Holy Synchronicity,CT,2026-01-10,7,USA,ALW,,7.0,F,,7F,D,2,1.0,1.0,,,7.0,7,0.0,0.0,0.0,0.0,760.0,1825.0,50.0,10.0,0.0,0.0,0.0,0.0,235,7,36200,0,0,0,7.0,1408.176,7F,0,19002257|CT|2026-01-10|7
X,19002257,Holy Synchronicity,LRL,2025-11-09,8,USA,SOC,,6.0,F,,6F,D,3,5.0,7.0,,,7.0,6,350.0,560.0,0.0,0.0,340.0,475.0,200.0,0.0,0.0,0.0,0.0,150.0,143,7,32980,0,0,1,6.0,1207.008,6F,0,19002257|LRL|2025-11-09|8
X,19002257,Holy Synchronicity,LRL,2025-10-26,10,USA,AOC,,7.0,F,,7F,D,1,2.0,4.0,,,8.0,8,50.0,170.0,0.0,0.0,680.0,960.0,150.0,10.0,0.0,0.0,0.0,0.0,113,8,54000,0,0,1,7.0,1408.176,7F,0,19002257|LRL|2025-10-26|10
X,19002312,Radical Right,LRL,2026-01-09,9,USA,AOC,,6.0,F,,6F,D,4,2.0,3.0,,,4.0,3,200.0,250.0,0.0,0.0,360.0,425.0,150.0,10.0,0.0,0.0,350.0,50.0,56,6,57770,0,0,1,6.0,1207.008,6F,0,19002312|LRL|2026-01-09|9
X,19002312,Radical Right,LRL,2025-12-21,8,USA,AOC,,5.5,F,,5 1/2F,D,7,5.0,5.0,,,7.0,6,360.0,400.0,0.0,0.0,680.0,935.0,50.0,200.0,0.0,0.0,250.0,5.0,149,8,57000,0,0,1,5.5,1106.424,5 1/2F,0,19002312|LRL|2025-12-21|8
X,19002312,Radical Right,LRL,2025-11-28,8,USA,AOC,,6.0,F,,6F,D,1,4.0,5.0,,,5.0,5,310.0,180.0,0.0,0.0,270.0,165.0,100.0,200.0,0.0,0.0,500.0,1275.0,49,6,61040,0,0,1,6.0,1207.008,6F,0,19002312|LRL|2025-11-28|8
X,19002312,Radical Right,LRL,2025-09-21,6,USA,AOC,,6.0,F,,6F,D,1,4.0,3.0,,,3.0,5,120.0,350.0,0.0,0.0,600.0,560.0,100.0,50.0,0.0,0.0,200.0,150.0,101,10,63880,0,0,1,6.0,1207.008,6F,0,19002312|LRL|2025-09-21|6
X,19002312,Radical Right,CNL,2025-08-16,7,USA,AOC,,6.0,F,,6F,D,4,5.0,4.0,,,2.0,2,170.0,110.0,0.0,0.0,50.0,125.0,250.0,100.0,0.0,0.0,100.0,50.0,46,7,80000,0,0,1,6.0,1207.008,6F,0,19002312|CNL|2025-08-16|7
X,19002713,Backnthewoods,LRL,2025-12-26,1,USA,CLM,,6.0,F,,6F,D,11,1.0,1.0,,,1.0,5,0.0,0.0,0.0,0.0,0.0,375.0,150.0,300.0,0.0,0.0,10.0,10.0,70,11,23070,0,0,1,6.0,1207.008,6F,0,19002713|LRL|2025-12-26|1
X,19002713,Backnthewoods,LRL,2025-12-14,1,USA,CLM,,8.5,F,,1 1/16M,D,3,1.0,1.0,1.0,,3.0,4,0.0,0.0,0.0,0.0,600.0,1375.0,800.0,1000.0,300.0,0.0,150.0,250.0,48,7,22400,0,0,1,8.5,1709.928,1 1/16M,0,19002713|LRL|2025-12-14|1
X,19002713,Backnthewoods,LRL,2025-12-06,1,USA,CLM,,6.0,F,,6F,D,6,5.0,2.0,,,4.0,4,310.0,250.0,0.0,0.0,410.0,475.0,300.0,10.0,0.0,0.0,500.0,700.0,30,6,18680,0,0,1,6.0,1207.008,6F,0,19002713|LRL|2025-12-06|1
X,19002713,Backnthewoods,LRL,2025-10-31,6,USA,SOC,,6.0,F,,6F,D,2,2.0,1.0,,,1.0,4,10.0,0.0,0.0,0.0,0.0,330.0,200.0,50.0,0.0,0.0,50.0,175.0,207,8,27540,0,0,1,6.0,1207.008,6F,0,19002713|LRL|2025-10-31|6
X,19002713,Backnthewoods,LRL,2025-10-12,4,USA,CLM,,5.5,F,,5 1/2F,D,6,1.0,1.0,,,1.0,1,0.0,0.0,0.0,0.0,0.0,0.0,100.0,200.0,0.0,0.0,100.0,25.0,8,7,18640,0,0,1,5.5,1106.424,5 1/2F,0,19002713|LRL|2025-10-12|4
X,19002714,Mischief Motion,LRL,2025-12-12,1,USA,SOC,,7.0,F,,7F,D,4,5.0,4.0,,,7.0,7,410.0,760.0,0.0,0.0,810.0,1200.0,100.0,50.0,0.0,0.0,600.0,575.0,100,8,27900,0,0,1,7.0,1408.176,7F,0,19002714|LRL|2025-12-12|1
X,19002714,Mischief Motion,LRL,2025-11-01,1,USA,SOC,,8.0,F,,1M,T,8,1.0,1.0,2.0,,4.0,8,0.0,0.0,10.0,0.0,310.0,1020.0,250.0,200.0,200.0,0.0,150.0,425.0,677,9,31950,0,0,1,8.0,1609.344,1M,0,19002714|LRL|2025-11-01|1
X,19002714,Mischief Motion,LRL,2025-09-26,1,USA,SOC,,5.5,F,,5 1/2F,T,6,8.0,8.0,,,6.0,7,870.0,760.0,0.0,0.0,960.0,950.0,200.0,200.0,0.0,0.0,50.0,275.0,347,9,31950,0,0,1,5.5,1106.424,5 1/2F,0,19002714|LRL|2025-09-26|1
X,19002714,Mischief Motion,LRL,2025-09-06,2,USA,ALW,,8.5,F,,1 1/16M,D,3,3.0,5.0,5.0,,5.0,5,250.0,360.0,1210.0,0.0,2400.0,3925.0,10.0,0.0,0.0,0.0,0.0,0.0,217,5,49000,0,0,1,8.5,1709.928,1 1/16M,0,19002714|LRL|2025-09-06|2
X,19002805,Murray,LRL,2025-11-23,7,USA,SOC,,8.0,F,,1M,D,6,9.0,9.0,6.0,,5.0,5,1410.0,960.0,610.0,0.0,760.0,675.0,0.0,0.0,200.0,0.0,100.0,50.0,78,10,39055,0,0,1,8.0,1609.344,1M,0,19002805|LRL|2025-11-23|7
X,19002805,Murray,LRL,2025-10-03,1,USA,SOC,,8.5,F,,1 1/16M,T,8,8.0,8.0,8.0,,9.0,8,1210.0,1000.0,960.0,0.0,1100.0,635.0,10.0,10.0,10.0,0.0,0.0,350.0,162,9,38500,0,0,1,8.5,1709.928,1 1/16M,0,19002805|LRL|2025-10-03|1
X,19002805,Murray,CNL,2025-08-09,4,USA,AOC,,7.0,F,,7F,D,5,8.0,8.0,,,6.0,5,860.0,800.0,0.0,0.0,660.0,700.0,50.0,10.0,0.0,0.0,150.0,525.0,70,9,74000,0,0,1,7.0,1408.176,7F,0,19002805|CNL|2025-08-09|4
X,19003051,Bob Marco,LRL,2025-12-07,4,USA,SOC,,6.0,F,,6F,D,5,5.0,6.0,,,6.0,6,310.0,900.0,0.0,0.0,1250.0,1625.0,150.0,10.0,0.0,0.0,300.0,1125.0,89,7,40830,0,0,1,6.0,1207.008,6F,0,19003051|LRL|2025-12-07|4
X,19003051,Bob Marco,LRL,2024-10-18,8,USA,AOC,,8.0,F,,1M,D,1,2.0,4.0,8.0,,8.0,8,50.0,170.0,1310.0,0.0,1420.0,2125.0,100.0,50.0,0.0,0.0,0.0,0.0,122,8,61640,0,0,1,8.0,1609.344,1M,0,19003051|LRL|2024-10-18|8
X,19003051,Bob Marco,LRL,2024-09-13,9,USA,AOC,,8.5,F,,1 1/16M,D,6,1.0,1.0,2.0,,5.0,5,0.0,0.0,10.0,0.0,510.0,1625.0,350.0,600.0,100.0,0.0,600.0,1125.0,30,6,58520,0,0,1,8.5,1709.928,1 1/16M,0,19003051|LRL|2024-09-13|9
X,19004530,Quincannon,LRL,2025-12-21,6,USA,CLM,,8.0,F,,1M,D,5,4.0,4.0,2.0,,3.0,2,310.0,410.0,50.0,0.0,20.0,300.0,200.0,100.0,50.0,0.0,250.0,10.0,600,11,21450,0,0,1,8.0,1609.344,1M,0,19004530|LRL|2025-12-21|6
X,19004530,Quincannon,LRL,2025-11-27,2,USA,CLM,,6.0,F,,6F,D,2,3.0,3.0,,,4.0,4,110.0,210.0,0.0,0.0,320.0,330.0,100.0,100.0,0.0,0.0,500.0,725.0,184,7,18910,0,0,1,6.0,1207.008,6F,0,19004530|LRL|2025-11-27|2
X,19004530,Quincannon,LRL,2025-11-07,4,USA,CLM,,6.0,F,,6F,D,2,7.0,7.0,,,7.0,5,800.0,960.0,0.0,0.0,1450.0,1550.0,250.0,500.0,0.0,0.0,600.0,10.0,188,8,20760,0,0,1,6.0,1207.008,6F,0,19004530|LRL|2025-11-07|4
X,19004530,Quincannon,LRL,2025-10-17,4,USA,CLM,,8.0,F,,1M,D,4,1.0,1.0,1.0,,5.0,5,0.0,0.0,0.0,0.0,360.0,1025.0,150.0,150.0,100.0,0.0,500.0,175.0,130,9,21260,0,0,1,8.0,1609.344,1M,0,19004530|LRL|2025-10-17|4
X,19004608,Find Faith,LRL,2026-01-16,10,USA,CLM,,7.0,F,,7F,D,7,5.0,3.0,,,6.0,6,300.0,300.0,0.0,0.0,850.0,1350.0,50.0,10.0,0.0,0.0,800.0,775.0,80,7,20600,0,0,1,7.0,1408.176,7F,0,19004608|LRL|2026-01-16|10
X,19004608,Find Faith,LRL,2025-12-05,6,USA,CLM,,5.5,F,,5 1/2F,D,5,3.0,3.0,,,1.0,1,460.0,310.0,0.0,0.0,0.0,0.0,200.0,500.0,0.0,0.0,50.0,100.0,93,9,25870,0,0,1,5.5,1106.424,5 1/2F,0,19004608|LRL|2025-12-05|6
X,19004608,Find Faith,LRL,2025-11-14,1,USA,CLM,,6.0,F,,6F,D,5,2.0,2.0,,,2.0,3,10.0,50.0,0.0,0.0,150.0,310.0,50.0,10.0,0.0,0.0,150.0,200.0,191,9,23890,0,0,1,6.0,1207.008,6F,0,19004608|LRL|2025-11-14|1
X,19004608,Find Faith,LRL,2025-10-17,8,USA,SOC,,6.0,F,,6F,D,7,4.0,5.0,,,6.0,6,360.0,760.0,0.0,0.0,1110.0,1600.0,10.0,100.0,0.0,0.0,350.0,10.0,423,7,30500,0,0,1,6.0,1207.008,6F,0,19004608|LRL|2025-10-17|8
X,19004932,Vodkatini,LRL,2025-11-30,3,USA,SOC,,8.5,F,,1 1/16M,D,7,7.0,7.0,7.0,,6.0,6,800.0,850.0,1660.0,0.0,1510.0,2175.0,0.0,0.0,0.0,0.0,300.0,1200.0,178,7,29935,0,0,1,8.5,1709.928,1 1/16M,0,19004932|LRL|2025-11-30|3
X,19004932,Vodkatini,LRL,2025-11-15,6,USA,SOC,,8.0,F,,1M,T,8,5.0,4.0,5.0,,10.0,10,450.0,350.0,400.0,0.0,1260.0,1150.0,10.0,50.0,50.0,0.0,0.0,0.0,691,10,26020,0,0,1,8.0,1609.344,1M,0,19004932|LRL|2025-11-15|6
,19004932,Vodkatini,DEL,2025-10-18,10,USA,SOC,,8.32,F,,1M 70Y,D,4,6.0,6.0,6.0,,6.0,4,570.0,520.0,510.0,0.0,760.0,800.0,100.0,300.0,10.0,0.0,100.0,150.0,46,9,20000,0,0,0,8.32,1673.71776,1M 70Y,1,19004932|DEL|2025-10-18|10
X,19004949,Lady Zeta,LRL,2026-01-23,4,USA,SOC,,6.0,F,,6F,D,3,2.0,3.0,,,4.0,3,150.0,550.0,0.0,0.0,1000.0,1325.0,10.0,250.0,0.0,0.0,250.0,125.0,43,6,27260,0,0,1,6.0,1207.008,6F,0,19004949|LRL|2026-01-23|4
X,19004949,Lady Zeta,LRL,2025-11-16,7,USA,SOC,,5.5,F,,5 1/2F,T,1,3.0,4.0,,,3.0,4,110.0,210.0,0.0,0.0,210.0,325.0,100.0,10.0,0.0,0.0,10.0,5.0,47,10,26380,0,0,1,5.5,1106.424,5 1/2F,0,19004949|LRL|2025-11-16|7
X,19004949,Lady Zeta,LRL,2025-10-11,1,USA,SHP,,7.0,F,,7F,D,5,2.0,4.0,,,7.0,6,200.0,460.0,0.0,0.0,960.0,1610.0,100.0,250.0,0.0,0.0,500.0,125.0,83,8,40000,0,0,1,7.0,1408.176,7F,0,19004949|LRL|2025-10-11|1
,19004949,Lady Zeta,DEL,2025-09-20,4,USA,SOC,,5.0,F,,5F,T,10,4.0,7.0,,,5.0,7,250.0,380.0,0.0,0.0,420.0,180.0,10.0,100.0,0.0,0.0,10.0,75.0,32,10,29000,0,0,0,5.0,1005.84,5F,0,19004949|DEL|2025-09-20|4
X,19005959,Woodline,LRL,2026-01-10,6,USA,CLM,,6.0,F,,6F,D,6,1.0,1.0,,,2.0,3,0.0,0.0,0.0,0.0,150.0,575.0,100.0,100.0,0.0,0.0,150.0,10.0,94,11,21180,0,0,1,6.0,1207.008,6F,0,19005959|LRL|2026-01-10|6
X,19005959,Woodline,LRL,2025-12-12,8,USA,CLM,,6.0,F,,6F,D,1,1.0,2.0,,,2.0,4,0.0,10.0,0.0,0.0,150.0,300.0,50.0,100.0,0.0,0.0,10.0,300.0,60,6,20700,0,0,1,6.0,1207.008,6F,0,19005959|LRL|2025-12-12|8
X,19005959,Woodline,LRL,2025-11-21,2,USA,SOC,,6.0,F,,6F,D,4,8.0,9.0,,,9.0,9,1070.0,1200.0,0.0,0.0,1260.0,530.0,10.0,0.0,0.0,0.0,0.0,0.0,528,9,25520,0,0,1,6.0,1207.008,6F,0,19005959|LRL|2025-11-21|2
X,19005959,Woodline,LRL,2025-10-31,6,USA,SOC,,6.0,F,,6F,D,5,3.0,3.0,,,3.0,5,210.0,200.0,0.0,0.0,200.0,505.0,100.0,100.0,0.0,0.0,100.0,200.0,255,8,27540,0,0,1,6.0,1207.008,6F,0,19005959|LRL|2025-10-31|6
X,19005959,Woodline,LRL,2025-09-12,4,USA,CLM,,6.0,F,,6F,D,4,2.0,2.0,,,3.0,4,100.0,10.0,0.0,0.0,210.0,430.0,50.0,50.0,0.0,0.0,250.0,625.0,17,5,18180,0,0,1,6.0,1207.008,6F,0,19005959|LRL|2025-09-12|4
,19006044,Margin of Air,PRX,2025-11-25,9,USA,AOC,,8.5,F,,1 1/16M,D,2,3.0,2.0,2.0,,2.0,4,160.0,100.0,150.0,0.0,500.0,875.0,10.0,150.0,400.0,0.0,100.0,75.0,40,8,52000,0,0,0,8.5,1709.928,1 1/16M,0,19006044|PRX|2025-11-25|9
,19006044,Margin of Air,PRX,2025-10-27,8,USA,CLM,,8.0,F,,1M,D,3,2.0,2.0,2.0,,1.0,1,100.0,50.0,50.0,0.0,0.0,0.0,200.0,200.0,200.0,0.0,400.0,475.0,50,5,35000,0,0,0,8.0,1609.344,1M,0,19006044|PRX|2025-10-27|8
X,19006044,Margin of Air,SAR,2025-08-22,7,USA,CLM,,9.0,F,,1 1/8M,D,1,2.0,2.0,2.0,,1.0,2,150.0,150.0,50.0,0.0,0.0,400.0,350.0,200.0,150.0,0.0,10.0,250.0,22,7,58000,0,0,1,9.0,1810.5120000000002,1 1/8M,0,19006044|SAR|2025-08-22|7
X,19007054,Aztec,AQU,2025-12-27,4,USA,CLM,,8.0,F,,1M,D,2,8.0,7.0,6.0,,3.0,2,490.0,410.0,550.0,0.0,450.0,25.0,400.0,200.0,250.0,0.0,100.0,100.0,35,9,38000,0,0,1,8.0,1609.344,1M,0,19007054|AQU|2025-12-27|4
,19007054,Aztec,PRX,2025-11-19,8,USA,CLM,,8.32,F,,1M 70Y,D,5,4.0,4.0,3.0,,2.0,1,510.0,360.0,110.0,0.0,100.0,0.0,100.0,100.0,10.0,0.0,400.0,50.0,8,5,28000,0,0,0,8.32,1673.71776,1M 70Y,1,19007054|PRX|2025-11-19|8
,19007054,Aztec,PRX,2025-10-21,8,USA,CLM,,8.32,F,,1M 70Y,D,7,2.0,2.0,2.0,,2.0,2,50.0,50.0,50.0,0.0,250.0,425.0,50.0,150.0,50.0,0.0,10.0,25.0,33,8,28000,0,0,0,8.32,1673.71776,1M 70Y,1,19007054|PRX|2025-10-21|8
X,19007141,Elusive Target,TP,2025-12-04,2,USA,CLM,,8.0,F,,1M,D,9,8.0,8.0,7.0,,4.0,1,370.0,340.0,190.0,0.0,110.0,0.0,10.0,10.0,150.0,0.0,100.0,50.0,69,11,34500,0,0,1,8.0,1609.344,1M,0,19007141|TP|2025-12-04|2
X,19007141,Elusive Target,CD,2025-11-16,6,USA,CLM,,8.5,F,,1 1/16M,D,2,6.0,7.0,8.0,,6.0,6,560.0,760.0,760.0,0.0,1050.0,1500.0,50.0,300.0,1000.0,0.0,150.0,575.0,154,9,78000,0,0,1,8.5,1709.928,1 1/16M,0,19007141|CD|2025-11-16|6
X,19007141,Elusive Target,OP,2025-03-23,7,USA,CLM,,8.5,F,,1 1/16M,D,4,6.0,7.0,6.0,,6.0,6,550.0,560.0,660.0,0.0,1200.0,1280.0,10.0,400.0,150.0,0.0,250.0,50.0,98,9,65000,0,0,1,8.5,1709.928,1 1/16M,0,19007141|OP|2025-03-23|7
X,19007218,Smokin' Hot Kitty,BAQ,2025-05-26,7,USA,SOC,,8.0,F,,1M,D,3,1.0,2.0,3.0,,4.0,6,0.0,50.0,160.0,0.0,600.0,975.0,10.0,50.0,250.0,0.0,10.0,400.0,23,8,60000,0,0,1,8.0,1609.344,1M,0,19007218|BAQ|2025-05-26|7
X,19007218,Smokin' Hot Kitty,AQU,2025-03-29,2,USA,STR,,8.0,F,,1M,D,5,6.0,5.0,3.0,,1.0,2,320.0,210.0,20.0,0.0,0.0,225.0,100.0,10.0,150.0,0.0,50.0,300.0,57,8,85000,0,0,1,8.0,1609.344,1M,0,19007218|AQU|2025-03-29|2
X,19007218,Smokin' Hot Kitty,AQU,2024-12-01,8,USA,AOC,,8.0,F,,1M,D,1,4.0,4.0,6.0,,6.0,6,310.0,560.0,960.0,0.0,1060.0,1700.0,100.0,100.0,0.0,0.0,0.0,0.0,63,6,95000,0,0,1,8.0,1609.344,1M,0,19007218|AQU|2024-12-01|8
,19007915,Debit Card,CT,2026-01-10,7,USA,ALW,,7.0,F,,7F,D,5,5.0,5.0,,,6.0,6,700.0,1120.0,0.0,0.0,610.0,925.0,150.0,10.0,0.0,0.0,150.0,900.0,151,7,36200,0,0,0,7.0,1408.176,7F,0,19007915|CT|2026-01-10|7
,19007915,Debit Card,PRX,2025-12-09,9,USA,CLM,,6.0,F,,6F,D,3,6.0,6.0,,,5.0,3,1070.0,610.0,0.0,0.0,500.0,375.0,0.0,0.0,0.0,0.0,100.0,100.0,52,6,35000,0,0,0,6.0,1207.008,6F,0,19007915|PRX|2025-12-09|9
,19007915,Debit Card,PEN,2025-10-29,4,USA,AOC,,6.0,F,,6F,D,2,4.0,4.0,,,4.0,4,410.0,310.0,0.0,0.0,220.0,275.0,100.0,350.0,0.0,0.0,300.0,100.0,70,6,36000,0,0,0,6.0,1207.008,6F,0,19007915|PEN|2025-10-29|4
X,19008389,Isabella's Glory,LRL,2026-01-23,4,USA,SOC,,6.0,F,,6F,D,2,6.0,6.0,,,3.0,2,1410.0,1100.0,0.0,0.0,950.0,900.0,0.0,0.0,0.0,0.0,50.0,425.0,320,6,27260,0,0,1,6.0,1207.008,6F,0,19008389|LRL|2026-01-23|4
X,19008389,Isabella's Glory,LRL,2025-12-21,9,USA,CLM,,8.0,F,,1M,D,1,8.0,8.0,7.0,,5.0,1,1470.0,1910.0,860.0,0.0,550.0,0.0,0.0,0.0,500.0,0.0,350.0,50.0,33,8,21300,0,0,1,8.0,1609.344,1M,0,19008389|LRL|2025-12-21|9
X,19008389,Isabella's Glory,LRL,2025-12-07,2,USA,SOC,,9.0,F,,1 1/8M,D,3,3.0,4.0,4.0,,5.0,4,200.0,260.0,450.0,0.0,610.0,400.0,50.0,10.0,150.0,0.0,500.0,75.0,87,6,25100,0,0,1,9.0,1810.5120000000002,1 1/8M,0,19008389|LRL|2025-12-07|2
X,19008389,Isabella's Glory,LRL,2025-11-27,5,USA,CLM,,8.0,F,,1M,D,1,9.0,9.0,8.0,,5.0,3,1470.0,1270.0,870.0,0.0,1050.0,1125.0,0.0,0.0,500.0,0.0,10.0,5.0,53,9,21530,0,0,1,8.0,1609.344,1M,0,19008389|LRL|2025-11-27|5
,19008389,Isabella's Glory,CT,2025-08-22,3,USA,SOC,,7.0,F,,7F,D,6,8.0,7.0,,,7.0,4,820.0,1260.0,0.0,0.0,950.0,1100.0,0.0,150.0,0.0,0.0,400.0,250.0,134,8,22700,0,0,0,7.0,1408.176,7F,0,19008389|CT|2025-08-22|3
X,19008473,Hatch,LRL,2025-12-12,6,USA,SOC,,7.0,F,,7F,D,3,2.0,4.0,,,5.0,6,10.0,310.0,0.0,0.0,800.0,900.0,50.0,100.0,0.0,0.0,250.0,850.0,69,8,25020,0,0,1,7.0,1408.176,7F,0,19008473|LRL|2025-12-12|6
,19008473,Hatch,PRX,2025-10-28,6,USA,CLM,,6.0,F,,6F,D,3,3.0,5.0,,,5.0,5,210.0,560.0,0.0,0.0,710.0,900.0,10.0,500.0,0.0,0.0,200.0,100.0,54,6,28000,0,0,0,6.0,1207.008,6F,0,19008473|PRX|2025-10-28|6
X,19008473,Hatch,MTH,2025-08-17,8,USA,AOC,,8.32,F,,1M 70Y,D,2,1.0,1.0,4.0,,7.0,7,0.0,0.0,850.0,0.0,1420.0,2750.0,50.0,50.0,10.0,0.0,400.0,925.0,118,8,55050,0,0,1,8.32,1673.71776,1M 70Y,1,19008473|MTH|2025-08-17|8
X,19008473,Hatch,MTH,2025-07-27,3,USA,CLM,,5.5,F,A,5 1/2F,T,1,5.0,5.0,,,5.0,5,650.0,700.0,0.0,0.0,700.0,1025.0,0.0,0.0,0.0,0.0,0.0,0.0,152,5,26000,1,0,1,5.5,1106.424,5 1/2F,0,19008473|MTH|2025-07-27|3
X,19009621,Brother Conway,LRL,2025-11-29,9,USA,SOC,,6.0,F,,6F,D,6,4.0,4.0,,,4.0,3,250.0,750.0,0.0,0.0,360.0,750.0,100.0,150.0,0.0,0.0,550.0,125.0,29,8,30435,0,0,1,6.0,1207.008,6F,0,19009621|LRL|2025-11-29|9
X,19009621,Brother Conway,LRL,2025-10-31,6,USA,SOC,,6.0,F,,6F,D,4,4.0,5.0,,,5.0,6,310.0,450.0,0.0,0.0,400.0,705.0,350.0,150.0,0.0,0.0,10.0,150.0,16,8,27540,0,0,1,6.0,1207.008,6F,0,19009621|LRL|2025-10-31|6
X,19009621,Brother Conway,LRL,2025-10-12,8,USA,SOC,,7.0,F,,7F,D,2,1.0,1.0,,,2.0,2,0.0,0.0,0.0,0.0,200.0,650.0,50.0,10.0,0.0,0.0,250.0,200.0,13,7,29500,0,0,1,7.0,1408.176,7F,0,19009621|LRL|2025-10-12|8
X,19010023,Golden Rocket,LRL,2025-11-21,7,USA,AOC,,5.5,F,,5 1/2F,T,6,5.0,4.0,,,4.0,5,550.0,450.0,0.0,0.0,410.0,185.0,200.0,50.0,0.0,0.0,50.0,50.0,57,9,54500,0,0,1,5.5,1106.424,5 1/2F,0,19010023|LRL|2025-11-21|7
X,19010023,Golden Rocket,AQU,2025-11-09,6,USA,AOC,,6.0,F,,6F,T,7,4.0,4.0,,,5.0,4,360.0,350.0,0.0,0.0,450.0,460.0,100.0,100.0,0.0,0.0,150.0,100.0,32,7,82000,0,0,1,6.0,1207.008,6F,0,19010023|AQU|2025-11-09|6
X,19010023,Golden Rocket,BAQ,2025-10-25,9,USA,STK,,8.5,F,,1 1/16M,T,8,2.0,2.0,2.0,,1.0,4,150.0,100.0,50.0,0.0,0.0,250.0,50.0,100.0,100.0,0.0,10.0,225.0,392,9,200000,0,0,1,8.5,1709.928,1 1/16M,0,19010023|BAQ|2025-10-25|9
,19010112,Fenwick,AIK,2025-11-22,3,USA,MSW,,17.0,F,,2 1/8M,T,5,7.0,7.0,8.0,9.0,9.0,9,960.0,1650.0,1380.0,,,,150.0,200.0,10.0,,,,0,10,30000,0,0,0,17.0,3419.856,2 1/8M,0,19010112|AIK|2025-11-22|3
,19010112,Fenwick,GRM,2025-10-25,7,USA,MOC,,20.0,F,A,2 1/2M,T,6,3.0,3.0,3.0,7.0,7.0,7,200.0,350.0,250.0,1710.0,,,1300.0,200.0,50.0,0.0,,,55,7,30000,1,0,0,20.0,4023.36,2 1/2M,0,19010112|GRM|2025-10-25|7
,19010112,Fenwick,FAI,2025-08-30,3,USA,STR,,13.0,F,A,1 5/8M,T,7,4.0,4.0,5.0,6.0,2.0,2,900.0,550.0,400.0,410.0,10.0,175.0,350.0,200.0,50.0,100.0,50.0,25.0,66,8,20000,1,0,0,13.0,2615.184,1 5/8M,0,19010112|FAI|2025-08-30|3
X,19010610,Carvellian Quest,LRL,2025-10-18,9,USA,ALW,,6.0,F,,6F,D,1,3.0,3.0,,,4.0,4,260.0,400.0,0.0,0.0,450.0,600.0,50.0,100.0,0.0,0.0,400.0,200.0,40,8,49000,0,0,1,6.0,1207.008,6F,0,19010610|LRL|2025-10-18|9
X,19010610,Carvellian Quest,LRL,2025-09-14,7,USA,ALW,,8.5,F,,1 1/16M,T,2,2.0,2.0,2.0,,7.0,8,200.0,100.0,300.0,0.0,1260.0,2850.0,100.0,100.0,10.0,0.0,250.0,0.0,80,8,49000,0,0,1,8.5,1709.928,1 1/16M,0,19010610|LRL|2025-09-14|7
,19010610,Carvellian Quest,DEL,2025-08-27,8,USA,SOC,,8.0,F,,1M,D,5,2.0,2.0,2.0,,1.0,3,100.0,200.0,10.0,0.0,0.0,475.0,10.0,100.0,100.0,0.0,10.0,250.0,67,7,27000,0,0,0,8.0,1609.344,1M,0,19010610|DEL|2025-08-27|8
X,19010669,Be Better,LRL,2025-12-21,6,USA,CLM,,8.0,F,,1M,D,1,6.0,7.0,5.0,,5.0,5,520.0,860.0,400.0,0.0,320.0,490.0,150.0,200.0,10.0,0.0,300.0,150.0,22,11,21450,0,0,1,8.0,1609.344,1M,0,19010669|LRL|2025-12-21|6
X,19010669,Be Better,LRL,2025-11-29,5,USA,SOC,,8.5,F,,1 1/16M,D,8,4.0,4.0,4.0,,5.0,6,400.0,460.0,210.0,0.0,410.0,550.0,10.0,10.0,350.0,0.0,10.0,5.0,51,9,31370,0,0,1,8.5,1709.928,1 1/16M,0,19010669|LRL|2025-11-29|5
X,19010669,Be Better,LRL,2025-11-14,4,USA,AOC,,8.5,F,,1 1/16M,D,7,7.0,7.0,7.0,,5.0,5,860.0,860.0,700.0,0.0,510.0,825.0,0.0,0.0,0.0,0.0,200.0,625.0,53,7,54295,0,0,1,8.5,1709.928,1 1/16M,0,19010669|LRL|2025-11-14|4
X,19010669,Be Better,LRL,2025-10-24,9,USA,AOC,,8.5,F,,1 1/16M,D,5,6.0,6.0,5.0,,5.0,4,450.0,350.0,560.0,0.0,610.0,775.0,0.0,0.0,200.0,0.0,200.0,50.0,74,6,54590,0,0,1,8.5,1709.928,1 1/16M,0,19010669|LRL|2025-10-24|9
X,19010909,Tops the Chart,LRL,2025-12-12,2,USA,SOC,,8.5,F,,1 1/16M,D,4,4.0,4.0,4.0,,2.0,2,410.0,450.0,560.0,0.0,550.0,1100.0,50.0,50.0,100.0,0.0,250.0,675.0,79,6,40885,0,0,1,8.5,1709.928,1 1/16M,0,19010909|LRL|2025-12-12|2
X,19010909,Tops the Chart,LRL,2025-11-23,7,USA,SOC,,8.0,F,,1M,D,3,2.0,2.0,1.0,,3.0,3,100.0,50.0,0.0,0.0,110.0,175.0,200.0,150.0,10.0,0.0,400.0,250.0,174,10,39055,0,0,1,8.0,1609.344,1M,0,19010909|LRL|2025-11-23|7
X,19010909,Tops the Chart,LRL,2025-11-09,4,USA,SOC,,8.5,F,,1 1/16M,D,7,6.0,5.0,4.0,,1.0,2,460.0,410.0,300.0,0.0,0.0,50.0,200.0,50.0,350.0,0.0,10.0,100.0,86,8,30000,0,0,1,8.5,1709.928,1 1/16M,0,19010909|LRL|2025-11-09|4
X,19010909,Tops the Chart,LRL,2025-10-24,7,USA,SOC,,6.0,F,,6F,D,1,5.0,7.0,,,5.0,5,210.0,820.0,0.0,0.0,700.0,975.0,10.0,50.0,0.0,0.0,600.0,725.0,178,9,41830,0,0,1,6.0,1207.008,6F,0,19010909|LRL|2025-10-24|7
,19011099,Twisted Ride,PRX,2025-12-08,9,USA,AOC,,6.5,F,,6 1/2F,D,3,1.0,2.0,,,1.0,1,0.0,10.0,0.0,0.0,0.0,0.0,10.0,150.0,0.0,0.0,50.0,50.0,30,7,55000,0,0,0,6.5,1307.592,6 1/2F,0,19011099|PRX|2025-12-08|9
X,19011099,Twisted Ride,LRL,2025-11-22,7,USA,STK,,6.0,F,,6F,D,3,1.0,5.0,,,5.0,4,0.0,220.0,0.0,0.0,360.0,430.0,10.0,200.0,0.0,0.0,200.0,75.0,47,6,100000,0,0,1,6.0,1207.008,6F,0,19011099|LRL|2025-11-22|7
,19011099,Twisted Ride,PRX,2025-10-29,9,USA,AOC,,6.0,F,,6F,D,1,1.0,2.0,,,1.0,1,0.0,50.0,0.0,0.0,0.0,0.0,10.0,250.0,0.0,0.0,100.0,250.0,9,6,55000,0,0,0,6.0,1207.008,6F,0,19011099|PRX|2025-10-29|9
X,19011495,Daufuskie Island,LRL,2025-12-12,8,USA,CLM,,6.0,F,,6F,D,4,2.0,1.0,,,3.0,5,50.0,0.0,0.0,0.0,160.0,600.0,150.0,10.0,0.0,0.0,100.0,1225.0,19,6,20700,0,0,1,6.0,1207.008,6F,0,19011495|LRL|2025-12-12|8
X,19011495,Daufuskie Island,LRL,2025-11-09,8,USA,SOC,,6.0,F,,6F,D,2,1.0,1.0,,,2.0,7,0.0,0.0,0.0,0.0,50.0,625.0,50.0,100.0,0.0,0.0,10.0,0.0,35,7,32980,0,0,1,6.0,1207.008,6F,0,19011495|LRL|2025-11-09|8
X,19011495,Daufuskie Island,LRL,2025-10-26,2,USA,CLM,,6.0,F,,6F,D,5,1.0,1.0,,,1.0,1,0.0,0.0,0.0,0.0,0.0,0.0,150.0,200.0,0.0,0.0,500.0,575.0,7,6,20300,0,0,1,6.0,1207.008,6F,0,19011495|LRL|2025-10-26|2
,19011495,Daufuskie Island,TIM,2025-08-29,4,USA,SOC,,6.5,F,A,6 1/2F,D,1,4.0,5.0,,,4.0,4,310.0,350.0,0.0,0.0,460.0,470.0,50.0,50.0,0.0,0.0,10.0,250.0,30,6,29430,1,0,0,6.5,1307.592,6 1/2F,0,19011495|TIM|2025-08-29|4
X,19012229,Crossland,LRL,2025-11-14,4,USA,AOC,,8.5,F,,1 1/16M,D,5,2.0,2.0,3.0,,4.0,3,150.0,300.0,400.0,0.0,210.0,250.0,50.0,50.0,100.0,0.0,300.0,400.0,59,7,54295,0,0,1,8.5,1709.928,1 1/16M,0,19012229|LRL|2025-11-14|4
X,19012229,Crossland,LRL,2025-10-24,9,USA,AOC,,8.5,F,,1 1/16M,D,1,1.0,2.0,2.0,,2.0,2,0.0,50.0,300.0,0.0,300.0,400.0,50.0,50.0,100.0,0.0,200.0,175.0,125,6,54590,0,0,1,8.5,1709.928,1 1/16M,0,19012229|LRL|2025-10-24|9
,19012229,Crossland,DEL,2025-10-02,8,USA,AOC,,8.0,F,,1M,D,1,3.0,3.0,4.0,,4.0,5,200.0,210.0,260.0,0.0,260.0,550.0,50.0,10.0,10.0,0.0,50.0,10.0,91,6,47000,0,0,0,8.0,1609.344,1M,0,19012229|DEL|2025-10-02|8
X,19012602,Union Fleet,CNL,2025-08-02,2,USA,CLM,,8.0,F,,1M,D,3,4.0,4.0,4.0,,4.0,4,250.0,510.0,800.0,0.0,1000.0,1150.0,0.0,0.0,0.0,0.0,0.0,0.0,28,4,36000,0,0,1,8.0,1609.344,1M,0,19012602|CNL|2025-08-02|2
X,19012602,Union Fleet,LRL,2025-06-15,8,USA,AOC,,7.0,F,,7F,D,5,6.0,6.0,,,6.0,6,800.0,720.0,0.0,0.0,660.0,1250.0,0.0,0.0,0.0,0.0,0.0,0.0,266,6,58565,0,0,1,7.0,1408.176,7F,0,19012602|LRL|2025-06-15|8
X,19012602,Union Fleet,LRL,2025-05-31,8,USA,AOC,,9.0,F,,1 1/8M,D,7,4.0,5.0,5.0,,4.0,7,760.0,820.0,460.0,0.0,550.0,1425.0,10.0,600.0,450.0,0.0,150.0,0.0,443,7,56300,0,0,1,9.0,1810.5120000000002,1 1/8M,0,19012602|LRL|2025-05-31|8
X,19012610,Catatumbo,LRL,2025-11-29,5,USA,SOC,,8.5,F,,1 1/16M,D,6,8.0,6.0,6.0,,4.0,3,710.0,820.0,710.0,0.0,360.0,200.0,200.0,10.0,150.0,0.0,50.0,125.0,220,9,31370,0,0,1,8.5,1709.928,1 1/16M,0,19012610|LRL|2025-11-29|5
X,19012610,Catatumbo,LRL,2025-11-08,4,USA,CLM,,8.5,F,,1 1/16M,D,2,7.0,7.0,6.0,,3.0,2,870.0,860.0,750.0,0.0,450.0,10.0,700.0,350.0,200.0,0.0,150.0,400.0,72,9,19640,0,0,1,8.5,1709.928,1 1/16M,0,19012610|LRL|2025-11-08|4
X,19012610,Catatumbo,LRL,2025-10-18,2,USA,SOC,,9.0,F,,1 1/8M,D,3,4.0,4.0,4.0,,5.0,5,300.0,250.0,500.0,0.0,1050.0,900.0,50.0,50.0,100.0,0.0,600.0,725.0,78,6,29435,0,0,1,9.0,1810.5120000000002,1 1/8M,0,19012610|LRL|2025-10-18|2
,19013743,Golden Eib Micrphn,PEN,2025-11-28,3,USA,CLM,,8.0,F,,1M,D,3,3.0,4.0,3.0,,3.0,1,110.0,260.0,160.0,0.0,250.0,0.0,50.0,10.0,50.0,0.0,150.0,200.0,76,8,22000,0,0,0,8.0,1609.344,1M,0,19013743|PEN|2025-11-28|3
,19013743,Golden Eib Micrphn,PEN,2025-11-06,2,USA,SOC,,6.0,F,,6F,D,5,8.0,8.0,,,5.0,2,570.0,580.0,0.0,0.0,360.0,75.0,0.0,0.0,0.0,0.0,10.0,5.0,26,8,23000,0,0,0,6.0,1207.008,6F,0,19013743|PEN|2025-11-06|2
,19013743,Golden Eib Micrphn,DEL,2025-10-18,7,USA,SOC,,6.0,F,,6F,D,3,5.0,2.0,,,2.0,2,260.0,150.0,0.0,0.0,200.0,125.0,0.0,100.0,0.0,0.0,100.0,200.0,44,5,20000,0,0,0,6.0,1207.008,6F,0,19013743|DEL|2025-10-18|7
X,19013832,Fromanothamutha,LRL,2025-11-07,9,USA,ALW,,6.0,F,,6F,D,6,6.0,7.0,,,7.0,7,320.0,760.0,0.0,0.0,570.0,635.0,50.0,100.0,0.0,0.0,100.0,75.0,51,9,54910,0,0,1,6.0,1207.008,6F,0,19013832|LRL|2025-11-07|9
X,19013832,Fromanothamutha,BAQ,2025-10-18,2,USA,STR,,6.0,F,,6F,D,7,3.0,3.0,,,4.0,4,150.0,250.0,0.0,0.0,260.0,355.0,50.0,50.0,0.0,0.0,350.0,200.0,638,7,90000,0,0,1,6.0,1207.008,6F,0,19013832|BAQ|2025-10-18|2
X,19013832,Fromanothamutha,BAQ,2025-09-26,2,USA,CLM,,6.0,F,,6F,D,1,3.0,2.0,,,1.0,1,60.0,10.0,0.0,0.0,0.0,0.0,400.0,150.0,0.0,0.0,100.0,175.0,42,5,55000,0,0,1,6.0,1207.008,6F,0,19013832|BAQ|2025-09-26|2
X,19014035,Keeping It Country,LRL,2026-01-10,6,USA,CLM,,6.0,F,,6F,D,2,11.0,10.0,,,7.0,7,740.0,570.0,0.0,0.0,1050.0,895.0,0.0,800.0,0.0,0.0,10.0,200.0,153,11,21180,0,0,1,6.0,1207.008,6F,0,19014035|LRL|2026-01-10|6
X,19014035,Keeping It Country,LRL,2025-11-27,2,USA,CLM,,6.0,F,,6F,D,1,6.0,5.0,,,5.0,6,310.0,460.0,0.0,0.0,820.0,1155.0,350.0,150.0,0.0,0.0,10.0,775.0,54,7,18910,0,0,1,6.0,1207.008,6F,0,19014035|LRL|2025-11-27|2
,19014035,Keeping It Country,PEN,2025-11-06,6,USA,CLM,,6.0,F,,6F,D,9,6.0,5.0,,,4.0,2,220.0,220.0,0.0,0.0,260.0,200.0,400.0,350.0,0.0,0.0,300.0,125.0,15,9,14000,0,0,0,6.0,1207.008,6F,0,19014035|PEN|2025-11-06|6
,19014035,Keeping It Country,DEL,2025-10-16,8,USA,SOC,,8.32,F,,1M 70Y,D,4,5.0,5.0,4.0,,3.0,4,260.0,350.0,160.0,0.0,250.0,535.0,100.0,100.0,150.0,0.0,10.0,75.0,96,9,25000,0,0,0,8.32,1673.71776,1M 70Y,1,19014035|DEL|2025-10-16|8
,19014459,Disco Ebo,PRX,2025-06-15,6,USA,STK,,6.0,F,,6F,D,5,6.0,6.0,,,4.0,4,760.0,750.0,0.0,0.0,750.0,650.0,0.0,0.0,0.0,0.0,300.0,250.0,30,6,100000,0,0,0,6.0,1207.008,6F,0,19014459|PRX|2025-06-15|6
X,19014459,Disco Ebo,PIM,2025-05-17,6,USA,STK,,6.0,F,,6F,D,4,1.0,2.0,,,3.0,4,0.0,10.0,0.0,0.0,160.0,525.0,50.0,100.0,0.0,0.0,200.0,275.0,180,6,125000,0,0,1,6.0,1207.008,6F,0,19014459|PIM|2025-05-17|6
X,19014459,Disco Ebo,LRL,2025-04-12,7,USA,STK,,6.0,F,,6F,D,4,2.0,1.0,,,1.0,1,100.0,0.0,0.0,0.0,0.0,0.0,250.0,150.0,0.0,0.0,300.0,100.0,15,5,100000,0,0,1,6.0,1207.008,6F,0,19014459|LRL|2025-04-12|7
,19015690,The Sky Is Falling,CT,2025-11-08,7,USA,STK,,9.0,F,,1 1/8M,D,7,7.0,6.0,6.0,,5.0,1,610.0,610.0,410.0,0.0,220.0,0.0,50.0,150.0,200.0,0.0,200.0,275.0,39,8,75000,0,0,0,9.0,1810.5120000000002,1 1/8M,0,19015690|CT|2025-11-08|7
,19015690,The Sky Is Falling,CT,2025-10-11,8,USA,STK,,7.0,F,,7F,D,7,9.0,9.0,,,6.0,2,1300.0,1170.0,0.0,0.0,510.0,525.0,0.0,0.0,0.0,0.0,50.0,50.0,33,9,125000,0,0,0,7.0,1408.176,7F,0,19015690|CT|2025-10-11|8
,19015690,The Sky Is Falling,CT,2025-08-22,5,USA,STK,,7.0,F,,7F,D,2,5.0,5.0,,,4.0,1,960.0,1110.0,0.0,0.0,320.0,0.0,0.0,0.0,0.0,0.0,400.0,200.0,41,5,75000,0,0,0,7.0,1408.176,7F,0,19015690|CT|2025-08-22|5
X,19016067,Magnolia Midnight,AQU,2026-01-15,6,USA,SOC,,8.0,F,,1M,D,5,3.0,3.0,4.0,,4.0,5,60.0,110.0,320.0,0.0,900.0,1800.0,150.0,100.0,50.0,0.0,10.0,625.0,289,6,62000,0,0,1,8.0,1609.344,1M,0,19016067|AQU|2026-01-15|6
X,19016067,Magnolia Midnight,AQU,2025-12-27,10,USA,AOC,,8.0,F,,1M,D,10,1.0,3.0,6.0,,9.0,10,0.0,60.0,370.0,0.0,1070.0,2250.0,10.0,50.0,100.0,0.0,50.0,225.0,463,11,90000,0,0,1,8.0,1609.344,1M,0,19016067|AQU|2025-12-27|10
X,19016067,Magnolia Midnight,KEE,2025-10-18,1,USA,CLM,,7.0,F,A,7F,D,4,1.0,1.0,,,7.0,6,0.0,0.0,0.0,0.0,920.0,1755.0,50.0,50.0,0.0,0.0,0.0,125.0,41,7,73000,1,0,1,7.0,1408.176,7F,0,19016067|KEE|2025-10-18|1
X,19016165,First Glimpse,LRL,2025-11-09,4,USA,SOC,,8.5,F,,1 1/16M,D,1,2.0,2.0,3.0,,4.0,5,200.0,200.0,250.0,0.0,120.0,375.0,10.0,10.0,50.0,0.0,50.0,50.0,51,8,30000,0,0,1,8.5,1709.928,1 1/16M,0,19016165|LRL|2025-11-09|4
,19016165,First Glimpse,PRX,2025-10-15,9,USA,CLM,,8.0,F,,1M,D,4,3.0,3.0,5.0,,5.0,5,60.0,100.0,400.0,0.0,310.0,880.0,50.0,10.0,300.0,0.0,250.0,275.0,74,6,35000,0,0,0,8.0,1609.344,1M,0,19016165|PRX|2025-10-15|9
,19016165,First Glimpse,DEL,2025-09-25,3,USA,CLM,,8.32,F,,1M 70Y,D,7,2.0,2.0,3.0,,4.0,2,50.0,50.0,110.0,0.0,110.0,25.0,100.0,150.0,50.0,0.0,400.0,25.0,29,7,30000,0,0,0,8.32,1673.71776,1M 70Y,1,19016165|DEL|2025-09-25|3
X,19016196,Pit Stop Man,LRL,2025-12-06,1,USA,CLM,,6.0,F,,6F,D,2,4.0,4.0,,,3.0,3,300.0,510.0,0.0,0.0,400.0,125.0,10.0,300.0,0.0,0.0,10.0,350.0,35,6,18680,0,0,1,6.0,1207.008,6F,0,19016196|LRL|2025-12-06|1
X,19016196,Pit Stop Man,LRL,2025-11-21,2,USA,SOC,,6.0,F,,6F,D,7,6.0,6.0,,,4.0,3,820.0,850.0,0.0,0.0,700.0,105.0,100.0,200.0,0.0,0.0,100.0,75.0,260,9,25520,0,0,1,6.0,1207.008,6F,0,19016196|LRL|2025-11-21|2
X,19016196,Pit Stop Man,LRL,2025-10-26,2,USA,CLM,,6.0,F,,6F,D,2,4.0,4.0,,,4.0,4,310.0,550.0,0.0,0.0,760.0,800.0,150.0,250.0,0.0,0.0,50.0,25.0,36,6,20300,0,0,1,6.0,1207.008,6F,0,19016196|LRL|2025-10-26|2
,19016317,Dazzy,PRX,2025-11-11,9,USA,AOC,,8.32,F,,1M 70Y,D,7,4.0,4.0,4.0,,4.0,3,160.0,110.0,310.0,0.0,750.0,975.0,300.0,100.0,100.0,0.0,400.0,25.0,65,8,50000,0,0,0,8.32,1673.71776,1M 70Y,1,19016317|PRX|2025-11-11|9
,19016317,Dazzy,TIM,2025-08-30,8,USA,ALW,,8.5,F,,1 1/16M,D,2,4.0,3.0,3.0,,3.0,3,160.0,150.0,160.0,0.0,210.0,375.0,100.0,10.0,350.0,0.0,450.0,975.0,16,5,45100,0,0,0,8.5,1709.928,1 1/16M,0,19016317|TIM|2025-08-30|8
X,19016317,Dazzy,CNL,2025-08-08,4,USA,ALW,,8.0,F,,1M,D,2,7.0,6.0,5.0,,4.0,4,650.0,480.0,350.0,0.0,500.0,400.0,10.0,10.0,10.0,0.0,50.0,175.0,90,9,72000,0,0,1,8.0,1609.344,1M,0,19016317|CNL|2025-08-08|4
,19016350,Mistical Curlin,PEN,2025-11-28,8,USA,CLM,,8.0,F,,1M,D,9,4.0,4.0,3.0,,4.0,6,120.0,160.0,200.0,0.0,350.0,660.0,100.0,150.0,50.0,0.0,50.0,250.0,17,9,22000,0,0,0,8.0,1609.344,1M,0,19016350|PEN|2025-11-28|8
,19016350,Mistical Curlin,DEL,2025-10-02,8,USA,AOC,,8.0,F,,1M,D,3,4.0,4.0,5.0,,5.0,4,250.0,220.0,270.0,0.0,310.0,525.0,50.0,50.0,100.0,0.0,150.0,25.0,23,6,47000,0,0,0,8.0,1609.344,1M,0,19016350|DEL|2025-10-02|8
,19016350,Mistical Curlin,DEL,2025-07-09,4,USA,SOC,,8.0,F,,1M,D,1,3.0,4.0,3.0,,3.0,1,150.0,210.0,110.0,0.0,210.0,0.0,50.0,50.0,10.0,0.0,300.0,10.0,16,7,27000,0,0,0,8.0,1609.344,1M,0,19016350|DEL|2025-07-09|4
,19016663,One More Scoop,PRX,2025-07-15,8,USA,AOC,,6.5,F,,6 1/2F,D,4,5.0,6.0,,,6.0,6,620.0,860.0,0.0,0.0,1510.0,3150.0,10.0,0.0,0.0,0.0,0.0,0.0,60,6,55000,0,0,0,6.5,1307.592,6 1/2F,0,19016663|PRX|2025-07-15|8
,19016663,One More Scoop,PRX,2025-06-17,7,USA,AOC,,7.0,F,,7F,D,2,2.0,2.0,,,2.0,4,50.0,100.0,0.0,0.0,150.0,180.0,200.0,250.0,0.0,0.0,50.0,325.0,33,5,55000,0,0,0,7.0,1408.176,7F,0,19016663|PRX|2025-06-17|7
,19016663,One More Scoop,PRX,2025-05-17,9,USA,AOC,,7.0,F,,7F,D,1,4.0,2.0,,,4.0,5,160.0,150.0,0.0,0.0,410.0,805.0,300.0,10.0,0.0,0.0,150.0,375.0,47,6,55000,0,0,0,7.0,1408.176,7F,0,19016663|PRX|2025-05-17|9
X,19016807,Dolice Vita,LRL,2025-11-29,5,USA,SOC,,8.5,F,,1 1/16M,D,4,3.0,2.0,1.0,,1.0,2,200.0,10.0,0.0,0.0,0.0,50.0,200.0,250.0,150.0,0.0,250.0,150.0,32,9,31370,0,0,1,8.5,1709.928,1 1/16M,0,19016807|LRL|2025-11-29|5
X,19016807,Dolice Vita,LRL,2025-10-11,3,USA,SHP,,7.0,F,,7F,D,9,7.0,5.0,,,3.0,2,850.0,750.0,0.0,0.0,210.0,200.0,150.0,50.0,0.0,0.0,50.0,75.0,51,11,40800,0,0,1,7.0,1408.176,7F,0,19016807|LRL|2025-10-11|3
,19016807,Dolice Vita,TIM,2025-08-29,3,USA,SOC,,8.0,F,,1M,D,4,2.0,2.0,2.0,,1.0,1,150.0,100.0,10.0,0.0,0.0,0.0,150.0,250.0,550.0,0.0,150.0,550.0,67,5,23870,0,0,0,8.0,1609.344,1M,0,19016807|TIM|2025-08-29|3
X,19016903,Sultry Lass,KEE,2025-10-05,3,USA,AOC,,7.0,F,A,7F,D,1,6.0,7.0,,,3.0,3,400.0,660.0,0.0,0.0,510.0,250.0,50.0,350.0,0.0,0.0,100.0,25.0,27,8,130000,1,0,1,7.0,1408.176,7F,0,19016903|KEE|2025-10-05|3
X,19016903,Sultry Lass,SAR,2025-07-23,2,USA,AOC,,7.0,F,,7F,D,3,3.0,3.0,,,4.0,4,300.0,300.0,0.0,0.0,850.0,1250.0,50.0,10.0,0.0,0.0,600.0,500.0,55,6,120000,0,0,1,7.0,1408.176,7F,0,19016903|SAR|2025-07-23|2
X,19016903,Sultry Lass,ELP,2025-07-06,3,USA,AOC,,6.5,F,,6 1/2F,D,5,5.0,4.0,,,1.0,1,350.0,120.0,0.0,0.0,0.0,0.0,0.0,50.0,0.0,0.0,50.0,50.0,75,5,104000,0,0,1,6.5,1307.592,6 1/2F,0,19016903|ELP|2025-07-06|3
X,19017159,Pudge Boy Palace,LRL,2026-01-16,10,USA,CLM,,7.0,F,,7F,D,2,4.0,5.0,,,5.0,5,200.0,460.0,0.0,0.0,800.0,1000.0,100.0,350.0,0.0,0.0,50.0,350.0,39,7,20600,0,0,1,7.0,1408.176,7F,0,19017159|LRL|2026-01-16|10
X,19017159,Pudge Boy Palace,LRL,2025-12-12,8,USA,CLM,,6.0,F,,6F,D,6,5.0,4.0,,,4.0,1,550.0,360.0,0.0,0.0,260.0,0.0,10.0,250.0,0.0,0.0,150.0,100.0,23,6,20700,0,0,1,6.0,1207.008,6F,0,19017159|LRL|2025-12-12|8
X,19017159,Pudge Boy Palace,LRL,2025-11-27,2,USA,CLM,,6.0,F,,6F,D,5,2.0,2.0,,,1.0,1,100.0,10.0,0.0,0.0,0.0,0.0,10.0,200.0,0.0,0.0,10.0,75.0,9,7,18910,0,0,1,6.0,1207.008,6F,0,19017159|LRL|2025-11-27|2
X,19017159,Pudge Boy Palace,LRL,2025-11-16,10,USA,CLM,,8.0,F,,1M,D,1,3.0,1.0,1.0,,2.0,2,350.0,0.0,0.0,0.0,250.0,775.0,50.0,50.0,10.0,0.0,600.0,250.0,106,8,21030,0,0,1,8.0,1609.344,1M,0,19017159|LRL|2025-11-16|10
X,19017159,Pudge Boy Palace,LRL,2025-10-26,2,USA,CLM,,6.0,F,,6F,D,6,3.0,3.0,,,2.0,2,300.0,300.0,0.0,0.0,500.0,575.0,10.0,250.0,0.0,0.0,10.0,175.0,109,6,20300,0,0,1,6.0,1207.008,6F,0,19017159|LRL|2025-10-26|2
X,19017639,Twice Gold,LRL,2025-12-19,4,USA,CLM,,8.5,F,,1 1/16M,D,3,2.0,2.0,2.0,,3.0,3,150.0,150.0,100.0,0.0,400.0,1600.0,250.0,50.0,250.0,0.0,400.0,350.0,40,5,22000,0,0,1,8.5,1709.928,1 1/16M,0,19017639|LRL|2025-12-19|4
X,19017639,Twice Gold,LRL,2025-11-30,2,USA,CLM,,8.0,F,,1M,D,2,2.0,2.0,1.0,,1.0,2,10.0,10.0,0.0,0.0,0.0,25.0,10.0,50.0,10.0,0.0,150.0,350.0,29,7,25200,0,0,1,8.0,1609.344,1M,0,19017639|LRL|2025-11-30|2
X,19017639,Twice Gold,LRL,2025-11-07,7,USA,CLM,,8.0,F,,1M,D,6,3.0,3.0,1.0,,1.0,3,150.0,60.0,0.0,0.0,0.0,275.0,200.0,300.0,150.0,0.0,100.0,600.0,77,8,25370,0,0,1,8.0,1609.344,1M,0,19017639|LRL|2025-11-07|7
X,19017639,Twice Gold,LRL,2025-10-19,2,USA,CLM,,6.0,F,,6F,D,3,6.0,5.0,,,6.0,6,500.0,750.0,0.0,0.0,710.0,785.0,50.0,200.0,0.0,0.0,1000.0,1850.0,128,7,22560,0,0,1,6.0,1207.008,6F,0,19017639|LRL|2025-10-19|2
X,19017925,Watch Your Tone,LRL,2025-11-27,5,USA,CLM,,8.0,F,,1M,D,9,3.0,3.0,3.0,,2.0,2,60.0,60.0,160.0,0.0,450.0,775.0,100.0,50.0,150.0,0.0,100.0,350.0,85,9,21530,0,0,1,8.0,1609.344,1M,0,19017925|LRL|2025-11-27|5
X,19017925,Watch Your Tone,LRL,2025-10-31,10,USA,CLM,,8.5,F,,1 1/16M,D,7,3.0,3.0,5.0,,5.0,7,150.0,250.0,910.0,0.0,2050.0,3375.0,10.0,350.0,600.0,0.0,200.0,0.0,22,7,19450,0,0,1,8.5,1709.928,1 1/16M,0,19017925|LRL|2025-10-31|10
X,19017925,Watch Your Tone,LRL,2025-09-19,9,USA,CLM,,8.0,F,,1M,D,3,3.0,3.0,3.0,,1.0,1,210.0,300.0,100.0,0.0,0.0,0.0,10.0,50.0,150.0,0.0,50.0,300.0,52,8,19140,0,0,1,8.0,1609.344,1M,0,19017925|LRL|2025-09-19|9
X,19017987,D Hopper,LRL,2026-01-10,2,USA,CLM,,6.0,F,,6F,D,6,1.0,1.0,,,3.0,4,0.0,0.0,0.0,0.0,310.0,925.0,150.0,50.0,0.0,0.0,100.0,1100.0,238,6,24370,0,0,1,6.0,1207.008,6F,0,19017987|LRL|2026-01-10|2
,19017987,D Hopper,CT,2026-01-03,6,USA,CLM,,4.5,F,,4 1/2F,D,3,5.0,,,,5.0,3,350.0,0.0,0.0,0.0,370.0,500.0,50.0,0.0,0.0,0.0,100.0,5.0,49,9,12400,0,0,0,4.5,905.2560000000001,4 1/2F,0,19017987|CT|2026-01-03|6
X,19017987,D Hopper,LRL,2025-12-21,4,USA,CLM,,7.0,F,,7F,D,5,1.0,2.0,,,2.0,4,0.0,10.0,0.0,0.0,500.0,900.0,150.0,150.0,0.0,0.0,10.0,225.0,131,7,23550,0,0,1,7.0,1408.176,7F,0,19017987|LRL|2025-12-21|4
X,19017987,D Hopper,LRL,2025-11-30,1,USA,CLM,,6.0,F,,6F,D,3,3.0,3.0,,,3.0,3,160.0,250.0,0.0,0.0,260.0,600.0,550.0,450.0,0.0,0.0,50.0,125.0,152,6,22660,0,0,1,6.0,1207.008,6F,0,19017987|LRL|2025-11-30|1
,19017987,D Hopper,CT,2025-11-07,8,USA,MCL,,4.5,F,,4 1/2F,D,1,1.0,,,,1.0,1,0.0,0.0,0.0,0.0,0.0,0.0,10.0,0.0,0.0,0.0,200.0,375.0,24,10,12400,0,0,0,4.5,905.2560000000001,4 1/2F,0,19017987|CT|2025-11-07|8
X,19017987,D Hopper,LRL,2025-11-02,6,USA,MCL,,8.0,F,,1M,T,7,3.0,1.0,1.0,,2.0,9,150.0,0.0,0.0,0.0,100.0,890.0,200.0,150.0,150.0,0.0,10.0,725.0,130,12,27020,0,0,1,8.0,1609.344,1M,0,19017987|LRL|2025-11-02|6
X,19018229,South Pacific,LRL,2025-11-16,5,USA,CLM,,6.0,F,,6F,D,4,7.0,7.0,,,6.0,6,520.0,860.0,0.0,0.0,1000.0,1155.0,10.0,200.0,0.0,0.0,200.0,175.0,440,9,24550,0,0,1,6.0,1207.008,6F,0,19018229|LRL|2025-11-16|5
X,19018229,South Pacific,LRL,2025-10-05,7,USA,CLM,,6.0,F,,6F,D,4,5.0,7.0,,,7.0,8,600.0,420.0,0.0,0.0,760.0,1100.0,100.0,500.0,0.0,0.0,50.0,0.0,93,8,25700,0,0,1,6.0,1207.008,6F,0,19018229|LRL|2025-10-05|7
X,19018229,South Pacific,LRL,2025-09-12,9,USA,CLM,,6.0,F,,6F,D,4,2.0,1.0,,,1.0,1,50.0,0.0,0.0,0.0,0.0,0.0,200.0,300.0,0.0,0.0,350.0,350.0,22,5,22000,0,0,1,6.0,1207.008,6F,0,19018229|LRL|2025-09-12|9
,19018657,Shigeko,PEN,2025-11-28,3,USA,CLM,,8.0,F,,1M,D,4,6.0,3.0,4.0,,4.0,7,410.0,250.0,210.0,0.0,400.0,895.0,10.0,10.0,10.0,0.0,150.0,50.0,43,8,22000,0,0,0,8.0,1609.344,1M,0,19018657|PEN|2025-11-28|3
,19018657,Shigeko,PEN,2025-11-20,3,USA,CLM,,6.0,F,,6F,D,2,4.0,4.0,,,2.0,1,310.0,250.0,0.0,0.0,10.0,0.0,200.0,500.0,0.0,0.0,50.0,125.0,24,5,18000,0,0,0,6.0,1207.008,6F,0,19018657|PEN|2025-11-20|3
,19018657,Shigeko,DEL,2025-10-18,10,USA,SOC,,8.32,F,,1M 70Y,D,2,4.0,4.0,4.0,,3.0,3,460.0,410.0,300.0,0.0,500.0,450.0,100.0,10.0,200.0,0.0,200.0,350.0,32,9,20000,0,0,0,8.32,1673.71776,1M 70Y,1,19018657|DEL|2025-10-18|10
X,19019286,Right of Rush,LRL,2026-01-09,1,USA,CLM,,8.0,F,,1M,D,2,7.0,6.0,6.0,,6.0,6,420.0,550.0,380.0,0.0,710.0,1110.0,50.0,50.0,50.0,0.0,400.0,275.0,25,9,25870,0,0,1,8.0,1609.344,1M,0,19019286|LRL|2026-01-09|1
X,19019286,Right of Rush,LRL,2025-12-19,4,USA,CLM,,8.5,F,,1 1/16M,D,4,3.0,3.0,3.0,,2.0,2,400.0,200.0,350.0,0.0,350.0,925.0,300.0,450.0,400.0,0.0,50.0,675.0,55,5,22000,0,0,1,8.5,1709.928,1 1/16M,0,19019286|LRL|2025-12-19|4
X,19019286,Right of Rush,LRL,2025-11-07,7,USA,CLM,,8.0,F,,1M,D,2,4.0,4.0,6.0,,6.0,6,350.0,360.0,650.0,0.0,860.0,1205.0,10.0,50.0,100.0,0.0,600.0,1075.0,308,8,25370,0,0,1,8.0,1609.344,1M,0,19019286|LRL|2025-11-07|7
X,19019286,Right of Rush,LRL,2025-10-18,7,USA,CLM,,8.5,F,,1 1/16M,D,4,3.0,3.0,2.0,,4.0,4,200.0,200.0,200.0,0.0,260.0,725.0,50.0,10.0,10.0,0.0,600.0,475.0,522,9,25540,0,0,1,8.5,1709.928,1 1/16M,0,19019286|LRL|2025-10-18|7
,19019286,Right of Rush,BTP,2025-07-25,8,USA,CLM,,8.0,F,,1M,T,5,5.0,6.0,6.0,,6.0,7,700.0,1110.0,900.0,0.0,620.0,925.0,100.0,10.0,100.0,0.0,10.0,150.0,187,10,10100,0,0,0,8.0,1609.344,1M,0,19019286|BTP|2025-07-25|8
,19022004,Song Runner,CT,2025-11-15,8,USA,CLM,,4.5,F,,4 1/2F,D,6,2.0,,,,1.0,1,10.0,0.0,0.0,0.0,0.0,0.0,100.0,0.0,0.0,0.0,50.0,10.0,44,10,14600,0,0,0,4.5,905.2560000000001,4 1/2F,0,19022004|CT|2025-11-15|8
X,19022004,Song Runner,LRL,2025-11-07,4,USA,CLM,,6.0,F,,6F,D,7,1.0,1.0,,,2.0,3,0.0,0.0,0.0,0.0,200.0,1200.0,150.0,50.0,0.0,0.0,300.0,25.0,64,8,20760,0,0,1,6.0,1207.008,6F,0,19022004|LRL|2025-11-07|4
X,19022004,Song Runner,LRL,2025-10-12,4,USA,CLM,,5.5,F,,5 1/2F,D,2,2.0,3.0,,,3.0,4,100.0,300.0,0.0,0.0,450.0,975.0,100.0,450.0,0.0,0.0,350.0,300.0,49,7,18640,0,0,1,5.5,1106.424,5 1/2F,0,19022004|LRL|2025-10-12|4
X,20001085,Jolly by Golly,LRL,2025-12-26,5,USA,SOC,,8.0,F,,1M,D,9,5.0,5.0,5.0,,5.0,5,350.0,400.0,260.0,0.0,520.0,685.0,250.0,100.0,250.0,0.0,300.0,450.0,69,9,33110,0,0,1,8.0,1609.344,1M,0,20001085|LRL|2025-12-26|5
X,20001085,Jolly by Golly,LRL,2025-12-12,6,USA,SOC,,7.0,F,,7F,D,1,5.0,5.0,,,3.0,2,210.0,410.0,0.0,0.0,350.0,100.0,300.0,100.0,0.0,0.0,300.0,200.0,74,8,25020,0,0,1,7.0,1408.176,7F,0,20001085|LRL|2025-12-12|6
X,20001085,Jolly by Golly,LRL,2025-11-07,9,USA,ALW,,6.0,F,,6F,D,1,5.0,8.0,,,9.0,9,270.0,860.0,0.0,0.0,970.0,1085.0,50.0,10.0,0.0,0.0,0.0,0.0,468,9,54910,0,0,1,6.0,1207.008,6F,0,20001085|LRL|2025-11-07|9
X,20001085,Jolly by Golly,LRL,2025-10-24,7,USA,SOC,,6.0,F,,6F,D,6,8.0,6.0,,,8.0,7,280.0,810.0,0.0,0.0,1360.0,1825.0,200.0,10.0,0.0,0.0,400.0,50.0,193,9,41830,0,0,1,6.0,1207.008,6F,0,20001085|LRL|2025-10-24|7
X,20001085,Jolly by Golly,LRL,2024-09-28,2,USA,ALW,,7.0,F,,7F,D,7,5.0,6.0,,,8.0,6,310.0,360.0,0.0,0.0,970.0,1380.0,10.0,10.0,0.0,0.0,0.0,100.0,99,8,55480,0,0,1,7.0,1408.176,7F,0,20001085|LRL|2024-09-28|2
,20001190,Doctor Abbie,PRX,2025-11-26,7,USA,STK,,6.5,F,,6 1/2F,D,9,9.0,9.0,,,7.0,7,1580.0,1260.0,0.0,0.0,1300.0,960.0,0.0,0.0,0.0,0.0,150.0,250.0,119,9,75000,0,0,0,6.5,1307.592,6 1/2F,0,20001190|PRX|2025-11-26|7
X,20001190,Doctor Abbie,LRL,2025-11-09,9,USA,STK,,8.5,F,,1 1/16M,D,6,6.0,4.0,5.0,,7.0,2,550.0,260.0,460.0,0.0,630.0,325.0,50.0,150.0,100.0,0.0,0.0,25.0,75,7,100000,0,0,1,8.5,1709.928,1 1/16M,0,20001190|LRL|2025-11-09|9
,20001190,Doctor Abbie,PRX,2025-10-06,8,USA,AOC,,6.0,F,,6F,D,6,6.0,6.0,,,5.0,1,950.0,810.0,0.0,0.0,450.0,0.0,200.0,400.0,0.0,0.0,200.0,50.0,144,7,52000,0,0,0,6.0,1207.008,6F,0,20001190|PRX|2025-10-06|8
,20001748,Miss Stones,FL,2025-11-26,8,USA,ALW,,5.5,F,,5 1/2F,D,4,1.0,1.0,,,1.0,1,0.0,0.0,0.0,0.0,0.0,0.0,150.0,100.0,0.0,0.0,200.0,250.0,12,8,24500,0,0,0,5.5,1106.424,5 1/2F,0,20001748|FL|2025-11-26|8
,20001748,Miss Stones,FL,2025-10-14,2,USA,ALW,,5.5,F,,5 1/2F,D,6,1.0,1.0,,,1.0,2,0.0,0.0,0.0,0.0,0.0,5.0,50.0,100.0,0.0,0.0,350.0,200.0,72,8,24500,0,0,0,5.5,1106.424,5 1/2F,0,20001748|FL|2025-10-14|2
X,20001748,Miss Stones,CNL,2025-09-05,6,USA,CLM,,5.5,F,,5 1/2F,T,4,3.0,3.0,,,3.0,7,260.0,300.0,0.0,0.0,150.0,400.0,250.0,150.0,0.0,0.0,10.0,50.0,185,8,25000,0,0,1,5.5,1106.424,5 1/2F,0,20001748|CNL|2025-09-05|6
,20002421,Fightertown,PEN,2025-11-28,2,USA,CLM,,8.0,F,,1M,D,7,3.0,3.0,3.0,,3.0,4,250.0,250.0,110.0,0.0,200.0,555.0,200.0,300.0,200.0,0.0,10.0,550.0,39,8,14000,0,0,0,8.0,1609.344,1M,0,20002421|PEN|2025-11-28|2
,20002421,Fightertown,PEN,2025-11-13,8,USA,CLM,,6.0,F,,6F,D,2,5.0,5.0,,,6.0,6,300.0,650.0,0.0,0.0,1060.0,725.0,400.0,100.0,0.0,0.0,0.0,0.0,36,6,22000,0,0,0,6.0,1207.008,6F,0,20002421|PEN|2025-11-13|8
,20002421,Fightertown,PEN,2025-10-22,6,USA,CLM,,6.0,F,,6F,D,6,3.0,3.0,,,3.0,4,100.0,150.0,0.0,0.0,250.0,250.0,200.0,150.0,0.0,0.0,150.0,275.0,59,8,22000,0,0,0,6.0,1207.008,6F,0,20002421|PEN|2025-10-22|6
,20002436,Not So Holy,CT,2026-01-03,6,USA,CLM,,4.5,F,,4 1/2F,D,7,4.0,,,,4.0,4,200.0,0.0,0.0,0.0,360.0,505.0,150.0,0.0,0.0,0.0,10.0,75.0,25,9,12400,0,0,0,4.5,905.2560000000001,4 1/2F,0,20002436|CT|2026-01-03|6
,20002436,Not So Holy,CT,2025-11-22,8,USA,CLM,,4.5,F,,4 1/2F,D,5,3.0,,,,3.0,3,300.0,0.0,0.0,0.0,300.0,400.0,50.0,0.0,0.0,0.0,50.0,150.0,10,9,12400,0,0,0,4.5,905.2560000000001,4 1/2F,0,20002436|CT|2025-11-22|8
X,20002436,Not So Holy,LRL,2025-10-19,2,USA,CLM,,6.0,F,,6F,D,1,1.0,1.0,,,2.0,4,0.0,0.0,0.0,0.0,50.0,610.0,150.0,150.0,0.0,0.0,300.0,75.0,66,7,22560,0,0,1,6.0,1207.008,6F,0,20002436|LRL|2025-10-19|2
X,20002564,Oxford Union,LRL,2025-11-27,6,USA,MCL,,8.5,F,,1 1/16M,T,3,8.0,8.0,10.0,,4.0,3,810.0,870.0,1020.0,0.0,360.0,575.0,100.0,10.0,800.0,0.0,50.0,75.0,51,11,26520,0,0,1,8.5,1709.928,1 1/16M,0,20002564|LRL|2025-11-27|6
X,20002564,Oxford Union,LRL,2025-11-16,3,USA,MCL,,8.0,F,,1M,T,2,7.0,7.0,8.0,,8.0,8,630.0,520.0,580.0,0.0,880.0,680.0,150.0,50.0,450.0,0.0,800.0,1025.0,107,9,34200,0,0,1,8.0,1609.344,1M,0,20002564|LRL|2025-11-16|3
X,20002564,Oxford Union,LRL,2025-10-26,11,USA,MCL,,8.5,F,,1 1/16M,T,5,8.0,7.0,7.0,,4.0,3,750.0,880.0,1010.0,0.0,560.0,100.0,500.0,10.0,150.0,0.0,10.0,50.0,55,9,31500,0,0,1,8.5,1709.928,1 1/16M,0,20002564|LRL|2025-10-26|11
X,20002596,Xcellent Start,LRL,2025-12-21,7,USA,AOC,,8.0,F,,1M,D,5,7.0,8.0,8.0,,7.0,5,460.0,1010.0,1000.0,0.0,1110.0,700.0,10.0,0.0,0.0,0.0,500.0,175.0,167,8,54000,0,0,1,8.0,1609.344,1M,0,20002596|LRL|2025-12-21|7
,20002596,Xcellent Start,CT,2025-11-15,7,USA,STK,,9.0,F,,1 1/8M,D,2,8.0,8.0,7.0,,4.0,2,1210.0,1310.0,760.0,0.0,900.0,550.0,200.0,100.0,10.0,0.0,10.0,450.0,106,10,75000,0,0,0,9.0,1810.5120000000002,1 1/8M,0,20002596|CT|2025-11-15|7
,20002596,Xcellent Start,CT,2025-10-11,9,USA,STK,,9.0,F,,1 1/8M,D,5,9.0,9.0,8.0,,6.0,3,1000.0,1310.0,530.0,0.0,1160.0,1525.0,400.0,800.0,50.0,0.0,50.0,250.0,137,10,300000,0,0,0,9.0,1810.5120000000002,1 1/8M,0,20002596|CT|2025-10-11|9
,20002596,Xcellent Start,CT,2025-08-22,13,USA,STK,,7.0,F,,7F,D,4,9.0,10.0,,,7.0,6,680.0,1160.0,0.0,0.0,1460.0,1050.0,200.0,0.0,0.0,0.0,50.0,750.0,153,10,75000,0,0,0,7.0,1408.176,7F,0,20002596|CT|2025-08-22|13
X,20002819,Chance,LRL,2025-12-13,1,USA,SOC,,7.0,F,,7F,D,3,6.0,6.0,,,4.0,2,1080.0,810.0,0.0,0.0,310.0,225.0,0.0,0.0,0.0,0.0,250.0,500.0,22,6,33150,0,0,1,7.0,1408.176,7F,0,20002819|LRL|2025-12-13|1
,20002819,Chance,PRX,2025-11-11,3,USA,SOC,,7.0,F,,7F,D,5,6.0,5.0,,,1.0,1,420.0,80.0,0.0,0.0,0.0,0.0,300.0,100.0,0.0,0.0,400.0,475.0,37,7,28000,0,0,0,7.0,1408.176,7F,0,20002819|PRX|2025-11-11|3
X,20002819,Chance,KEE,2025-10-11,2,USA,CLM,,6.0,F,,6F,D,5,10.0,11.0,,,9.0,8,620.0,1010.0,0.0,0.0,1020.0,1355.0,50.0,0.0,0.0,0.0,300.0,50.0,15,11,49000,0,0,1,6.0,1207.008,6F,0,20002819|KEE|2025-10-11|2
X,20002819,Chance,CD,2025-09-14,5,USA,CLM,,7.0,F,,7F,D,7,10.0,10.0,,,6.0,6,1100.0,1070.0,0.0,0.0,760.0,775.0,0.0,0.0,0.0,0.0,100.0,300.0,73,10,76000,0,0,1,7.0,1408.176,7F,0,20002819|CD|2025-09-14|5
X,20003013,Royal Seamstress,LRL,2025-12-26,9,USA,CLM,,6.0,F,,6F,D,7,4.0,4.0,,,6.0,6,550.0,360.0,0.0,0.0,760.0,1700.0,50.0,50.0,0.0,0.0,200.0,25.0,29,7,20260,0,0,1,6.0,1207.008,6F,0,20003013|LRL|2025-12-26|9
X,20003013,Royal Seamstress,LRL,2025-11-02,2,USA,CLM,,6.0,F,,6F,D,4,6.0,3.0,,,2.0,2,610.0,600.0,0.0,0.0,400.0,350.0,300.0,50.0,0.0,0.0,450.0,650.0,51,7,21070,0,0,1,6.0,1207.008,6F,0,20003013|LRL|2025-11-02|2
X,20003013,Royal Seamstress,LRL,2025-10-10,4,USA,CLM,,5.5,F,,5 1/2F,D,1,6.0,5.0,,,3.0,3,530.0,410.0,0.0,0.0,600.0,650.0,50.0,10.0,0.0,0.0,400.0,600.0,41,7,21070,0,0,1,5.5,1106.424,5 1/2F,0,20003013|LRL|2025-10-10|4
X,20003013,Royal Seamstress,MTH,2025-07-11,6,USA,CLM,,5.5,F,,5 1/2F,D,1,6.0,5.0,,,6.0,6,470.0,610.0,0.0,0.0,1010.0,1100.0,0.0,10.0,0.0,0.0,0.0,0.0,106,6,19450,0,0,1,5.5,1106.424,5 1/2F,0,20003013|MTH|2025-07-11|6
X,20003183,Bold Mirage,LRL,2025-06-28,3,USA,MSW,,8.5,F,,1 1/16M,T,6,2.0,2.0,3.0,,7.0,7,10.0,50.0,110.0,0.0,570.0,950.0,250.0,150.0,100.0,0.0,300.0,650.0,663,8,49650,0,0,1,8.5,1709.928,1 1/16M,0,20003183|LRL|2025-06-28|3
X,20003183,Bold Mirage,LRL,2025-06-08,1,USA,MSW,,5.5,F,,5 1/2F,T,6,8.0,8.0,,,8.0,8,1150.0,1260.0,0.0,0.0,1310.0,1175.0,0.0,0.0,0.0,0.0,0.0,0.0,563,8,51830,0,0,1,5.5,1106.424,5 1/2F,0,20003183|LRL|2025-06-08|1
X,20003183,Bold Mirage,LRL,2025-02-23,4,USA,MCL,,6.0,F,,6F,D,1,5.0,6.0,,,6.0,6,510.0,860.0,0.0,0.0,860.0,1330.0,150.0,0.0,0.0,0.0,0.0,0.0,118,6,42230,0,0,1,6.0,1207.008,6F,0,20003183|LRL|2025-02-23|4
X,20003449,Master of None,LRL,2025-12-13,2,USA,SOC,,9.0,F,,1 1/8M,D,3,5.0,5.0,5.0,,4.0,4,900.0,250.0,760.0,0.0,620.0,1050.0,0.0,0.0,0.0,0.0,300.0,875.0,171,5,24000,0,0,1,9.0,1810.5120000000002,1 1/8M,0,20003449|LRL|2025-12-13|2
X,20003449,Master of None,LRL,2025-11-29,5,USA,SOC,,8.5,F,,1 1/16M,D,1,6.0,7.0,5.0,,8.0,8,460.0,830.0,560.0,0.0,870.0,705.0,200.0,50.0,150.0,0.0,2500.0,4425.0,164,9,31370,0,0,1,8.5,1709.928,1 1/16M,0,20003449|LRL|2025-11-29|5
X,20003449,Master of None,LRL,2025-11-09,4,USA,SOC,,8.5,F,,1 1/16M,D,3,7.0,7.0,7.0,,6.0,6,660.0,660.0,850.0,0.0,220.0,425.0,150.0,150.0,50.0,0.0,400.0,875.0,231,8,30000,0,0,1,8.5,1709.928,1 1/16M,0,20003449|LRL|2025-11-09|4
X,20003449,Master of None,LRL,2025-10-18,2,USA,SOC,,9.0,F,,1 1/8M,D,1,3.0,3.0,3.0,,4.0,3,250.0,200.0,350.0,0.0,550.0,500.0,50.0,50.0,150.0,0.0,500.0,350.0,138,6,29435,0,0,1,9.0,1810.5120000000002,1 1/8M,0,20003449|LRL|2025-10-18|2
X,20003831,Super Accelerate,LRL,2025-12-27,3,USA,ALW,,9.0,F,,1 1/8M,D,5,6.0,6.0,6.0,,4.0,4,410.0,410.0,710.0,0.0,850.0,1850.0,0.0,0.0,0.0,0.0,150.0,450.0,110,6,49000,0,0,1,9.0,1810.5120000000002,1 1/8M,0,20003831|LRL|2025-12-27|3
X,20003831,Super Accelerate,LRL,2025-12-06,7,USA,ALW,,8.5,F,,1 1/16M,D,2,7.0,6.0,5.0,,4.0,5,1800.0,1700.0,1350.0,0.0,800.0,1650.0,400.0,50.0,400.0,0.0,50.0,1700.0,107,8,54410,0,0,1,8.5,1709.928,1 1/16M,0,20003831|LRL|2025-12-06|7
X,20003831,Super Accelerate,LRL,2025-10-10,9,USA,ALW,,6.0,F,,6F,D,1,5.0,7.0,,,8.0,8,510.0,780.0,0.0,0.0,1710.0,2785.0,50.0,200.0,0.0,0.0,0.0,0.0,52,8,55880,0,0,1,6.0,1207.008,6F,0,20003831|LRL|2025-10-10|9
X,20003831,Super Accelerate,LRL,2024-09-08,8,USA,ALW,,6.0,F,,6F,D,2,3.0,3.0,,,3.0,2,250.0,200.0,0.0,0.0,260.0,475.0,10.0,150.0,0.0,0.0,200.0,125.0,30,6,55615,0,0,1,6.0,1207.008,6F,0,20003831|LRL|2024-09-08|8
X,20003972,Prince of Jericho,LRL,2025-11-22,7,USA,STK,,6.0,F,,6F,D,5,3.0,2.0,,,1.0,2,60.0,10.0,0.0,0.0,0.0,5.0,150.0,150.0,0.0,0.0,150.0,175.0,27,6,100000,0,0,1,6.0,1207.008,6F,0,20003972|LRL|2025-11-22|7
X,20003972,Prince of Jericho,LRL,2025-02-15,8,USA,STK,,7.0,F,,7F,D,5,1.0,1.0,,,2.0,3,0.0,0.0,0.0,0.0,250.0,825.0,10.0,10.0,0.0,0.0,200.0,325.0,22,6,200000,0,0,1,7.0,1408.176,7F,0,20003972|LRL|2025-02-15|8
X,20003972,Prince of Jericho,LRL,2025-01-18,8,USA,STK,,6.5,F,,6 1/2F,D,1,1.0,2.0,,,1.0,1,0.0,10.0,0.0,0.0,0.0,0.0,10.0,200.0,0.0,0.0,150.0,275.0,12,6,100000,0,0,1,6.5,1307.592,6 1/2F,0,20003972|LRL|2025-01-18|8
X,20004104,Lucked In,LRL,2025-12-06,5,USA,CLM,,8.0,F,,1M,D,3,9.0,8.0,7.0,,7.0,7,1310.0,1050.0,910.0,0.0,1210.0,1425.0,0.0,50.0,300.0,0.0,600.0,1200.0,70,9,23890,0,0,1,8.0,1609.344,1M,0,20004104|LRL|2025-12-06|5
X,20004104,Lucked In,LRL,2025-11-07,7,USA,CLM,,8.0,F,,1M,D,3,8.0,7.0,5.0,,4.0,1,1160.0,810.0,600.0,0.0,210.0,0.0,0.0,1000.0,50.0,0.0,400.0,50.0,86,8,25370,0,0,1,8.0,1609.344,1M,0,20004104|LRL|2025-11-07|7
X,20004104,Lucked In,LRL,2025-09-13,9,USA,CLM,,7.0,F,,7F,D,7,7.0,6.0,,,7.0,7,920.0,1060.0,0.0,0.0,1760.0,,0.0,400.0,0.0,0.0,0.0,,34,7,22560,0,0,1,7.0,1408.176,7F,0,20004104|LRL|2025-09-13|9
X,20004494,Band Tour,LRL,2025-12-26,6,USA,MCL,,5.5,F,,5 1/2F,D,1,11.0,11.0,,,11.0,11,1370.0,1710.0,0.0,0.0,1570.0,2000.0,0.0,0.0,0.0,0.0,0.0,0.0,1340,11,27200,0,0,1,5.5,1106.424,5 1/2F,0,20004494|LRL|2025-12-26|6
X,20004494,Band Tour,LRL,2025-11-30,6,USA,MCL,,6.0,F,,6F,D,3,9.0,10.0,,,9.0,8,1700.0,1670.0,0.0,0.0,1250.0,1430.0,50.0,0.0,0.0,0.0,600.0,350.0,467,10,25050,0,0,1,6.0,1207.008,6F,0,20004494|LRL|2025-11-30|6
X,20004494,Band Tour,LRL,2025-11-09,3,USA,MCL,,5.5,F,,5 1/2F,T,10,3.0,5.0,,,9.0,10,150.0,400.0,0.0,0.0,680.0,365.0,50.0,100.0,0.0,0.0,10.0,0.0,221,10,28540,0,0,1,5.5,1106.424,5 1/2F,0,20004494|LRL|2025-11-09|3
X,20004494,Band Tour,LRL,2025-11-02,6,USA,MCL,,8.0,F,,1M,T,5,2.0,3.0,2.0,,6.0,6,100.0,200.0,150.0,0.0,270.0,435.0,50.0,150.0,10.0,0.0,150.0,375.0,750,12,27020,0,0,1,8.0,1609.344,1M,0,20004494|LRL|2025-11-02|6
X,20004544,Whatsyourbigidea,LRL,2025-06-14,5,USA,CLM,,5.5,F,,5 1/2F,D,3,6.0,6.0,,,6.0,6,420.0,420.0,0.0,0.0,910.0,1775.0,0.0,0.0,0.0,0.0,0.0,0.0,44,6,23520,0,0,1,5.5,1106.424,5 1/2F,0,20004544|LRL|2025-06-14|5
X,20004544,Whatsyourbigidea,LRL,2025-05-25,4,USA,CLM,,6.0,F,,6F,D,6,2.0,4.0,,,8.0,8,100.0,110.0,0.0,0.0,770.0,1250.0,10.0,10.0,0.0,0.0,0.0,0.0,48,8,27840,0,0,1,6.0,1207.008,6F,0,20004544|LRL|2025-05-25|4
X,20004544,Whatsyourbigidea,LRL,2025-04-12,9,USA,CLM,,7.0,F,,7F,D,4,1.0,1.0,,,1.0,4,0.0,0.0,0.0,0.0,0.0,385.0,10.0,300.0,0.0,0.0,200.0,900.0,41,5,30000,0,0,1,7.0,1408.176,7F,0,20004544|LRL|2025-04-12|9
X,20004641,Baby Sox,LRL,2025-12-05,8,USA,CLM,,6.0,F,,6F,D,7,5.0,5.0,,,7.0,7,950.0,1250.0,0.0,0.0,1400.0,1350.0,300.0,150.0,0.0,0.0,0.0,0.0,89,7,19450,0,0,1,6.0,1207.008,6F,0,20004641|LRL|2025-12-05|8
X,20004641,Baby Sox,LRL,2025-11-27,5,USA,CLM,,8.0,F,,1M,D,3,8.0,8.0,6.0,,7.0,7,770.0,670.0,610.0,0.0,1160.0,2130.0,700.0,600.0,10.0,0.0,250.0,175.0,40,9,21530,0,0,1,8.0,1609.344,1M,0,20004641|LRL|2025-11-27|5
X,20004641,Baby Sox,LRL,2025-10-12,2,USA,CLM,,8.0,F,,1M,D,4,4.0,4.0,2.0,,2.0,2,200.0,260.0,150.0,0.0,300.0,200.0,10.0,10.0,50.0,0.0,800.0,425.0,7,5,18000,0,0,1,8.0,1609.344,1M,0,20004641|LRL|2025-10-12|2
X,20004769,Island d'Lite,LRL,2025-11-27,2,USA,CLM,,6.0,F,,6F,D,6,5.0,6.0,,,7.0,7,260.0,610.0,0.0,0.0,880.0,1930.0,50.0,150.0,0.0,0.0,0.0,0.0,123,7,18910,0,0,1,6.0,1207.008,6F,0,20004769|LRL|2025-11-27|2
X,20004769,Island d'Lite,LRL,2025-10-31,4,USA,SOC,,5.5,F,,5 1/2F,D,9,6.0,6.0,,,6.0,5,770.0,810.0,0.0,0.0,860.0,525.0,10.0,200.0,0.0,0.0,50.0,5.0,56,11,26520,0,0,1,5.5,1106.424,5 1/2F,0,20004769|LRL|2025-10-31|4
X,20004769,Island d'Lite,LRL,2025-10-03,3,USA,SOC,,5.5,F,,5 1/2F,T,7,6.0,5.0,,,3.0,4,850.0,510.0,0.0,0.0,300.0,155.0,50.0,150.0,0.0,0.0,10.0,125.0,195,10,26020,0,0,1,5.5,1106.424,5 1/2F,0,20004769|LRL|2025-10-03|3
X,20005532,Tea Rose,LRL,2025-11-29,1,USA,MCL,,6.0,F,,6F,D,1,6.0,5.0,,,5.0,3,610.0,800.0,0.0,0.0,530.0,575.0,100.0,50.0,0.0,0.0,150.0,300.0,163,10,26370,0,0,1,6.0,1207.008,6F,0,20005532|LRL|2025-11-29|1
X,20005532,Tea Rose,LRL,2025-11-07,1,USA,MCL,,8.0,F,,1M,T,3,8.0,7.0,8.0,,8.0,7,820.0,710.0,860.0,0.0,820.0,345.0,200.0,10.0,200.0,0.0,200.0,10.0,98,10,26020,0,0,1,8.0,1609.344,1M,0,20005532|LRL|2025-11-07|1
X,20005532,Tea Rose,LRL,2025-10-10,3,USA,MCL,,8.0,F,,1M,T,5,2.0,2.0,2.0,,6.0,9,150.0,150.0,100.0,0.0,410.0,615.0,200.0,200.0,100.0,0.0,100.0,125.0,247,11,32500,0,0,1,8.0,1609.344,1M,0,20005532|LRL|2025-10-10|3
X,20005579,Full Moon Madness,AQU,2025-12-06,5,USA,STK,3,6.0,F,,6F,D,2,5.0,4.0,,,4.0,5,170.0,210.0,0.0,0.0,450.0,725.0,0.0,10.0,0.0,0.0,100.0,0.0,36,5,250000,0,1,1,6.0,1207.008,6F,0,20005579|AQU|2025-12-06|5
X,20005579,Full Moon Madness,BAQ,2025-11-02,9,USA,STK,3,6.0,F,,6F,D,5,5.0,4.0,,,4.0,3,310.0,150.0,0.0,0.0,160.0,300.0,200.0,100.0,0.0,0.0,350.0,100.0,26,8,175000,0,1,1,6.0,1207.008,6F,0,20005579|BAQ|2025-11-02|9
,20005579,Full Moon Madness,PRX,2025-09-20,15,USA,STK,,6.5,F,,6 1/2F,D,1,7.0,6.0,,,4.0,2,280.0,370.0,0.0,0.0,160.0,150.0,50.0,100.0,0.0,0.0,50.0,25.0,47,9,150000,0,0,0,6.5,1307.592,6 1/2F,0,20005579|PRX|2025-09-20|15
X,20005817,Talk to the Judge,LRL,2026-01-10,9,USA,AOC,,6.0,F,,6F,D,3,1.0,2.0,,,2.0,3,0.0,10.0,0.0,0.0,200.0,550.0,50.0,200.0,0.0,0.0,100.0,10.0,71,7,55885,0,0,1,6.0,1207.008,6F,0,20005817|LRL|2026-01-10|9
X,20005817,Talk to the Judge,LRL,2025-05-23,7,USA,AOC,,6.0,F,,6F,D,7,3.0,2.0,,,2.0,3,100.0,50.0,0.0,0.0,150.0,575.0,250.0,10.0,0.0,0.0,100.0,75.0,68,8,60755,0,0,1,6.0,1207.008,6F,0,20005817|LRL|2025-05-23|7
X,20005817,Talk to the Judge,LRL,2025-01-24,6,USA,AOC,,7.0,F,,7F,D,2,1.0,1.0,,,9.0,9,0.0,0.0,0.0,0.0,780.0,1950.0,100.0,10.0,0.0,0.0,0.0,0.0,141,9,54695,0,0,1,7.0,1408.176,7F,0,20005817|LRL|2025-01-24|6
X,20005817,Talk to the Judge,LRL,2024-12-21,5,USA,STK,,6.0,F,,6F,D,6,1.0,1.0,,,1.0,5,0.0,0.0,0.0,0.0,0.0,525.0,100.0,50.0,0.0,0.0,150.0,100.0,235,8,75000,0,0,1,6.0,1207.008,6F,0,20005817|LRL|2024-12-21|5
X,20006008,B West,LRL,2025-11-21,2,USA,SOC,,6.0,F,,6F,D,8,7.0,8.0,,,5.0,1,920.0,1150.0,0.0,0.0,800.0,0.0,150.0,50.0,0.0,0.0,10.0,5.0,56,9,25520,0,0,1,6.0,1207.008,6F,0,20006008|LRL|2025-11-21|2
X,20006008,B West,LRL,2025-10-31,6,USA,SOC,,6.0,F,,6F,D,6,7.0,6.0,,,4.0,2,1060.0,600.0,0.0,0.0,300.0,75.0,150.0,50.0,0.0,0.0,100.0,250.0,54,8,27540,0,0,1,6.0,1207.008,6F,0,20006008|LRL|2025-10-31|6
X,20006008,B West,LRL,2025-09-19,4,USA,CLM,,6.0,F,,6F,D,7,4.0,4.0,,,4.0,3,220.0,260.0,0.0,0.0,210.0,175.0,450.0,300.0,0.0,0.0,250.0,375.0,19,7,19180,0,0,1,6.0,1207.008,6F,0,20006008|LRL|2025-09-19|4
X,20006400,Genieinabridle,LRL,2025-12-07,2,USA,SOC,,9.0,F,,1 1/8M,D,4,5.0,1.0,1.0,,1.0,1,350.0,0.0,0.0,0.0,0.0,0.0,150.0,10.0,200.0,0.0,350.0,25.0,14,6,25100,0,0,1,9.0,1810.5120000000002,1 1/8M,0,20006400|LRL|2025-12-07|2
X,20006400,Genieinabridle,LRL,2025-10-31,10,USA,CLM,,8.5,F,,1 1/16M,D,1,1.0,1.0,1.0,,1.0,1,0.0,0.0,0.0,0.0,0.0,0.0,100.0,100.0,50.0,0.0,200.0,325.0,15,7,19450,0,0,1,8.5,1709.928,1 1/16M,0,20006400|LRL|2025-10-31|10
,20006400,Genieinabridle,TIM,2025-08-30,8,USA,ALW,,8.5,F,,1 1/16M,D,3,5.0,1.0,1.0,,1.0,1,260.0,0.0,0.0,0.0,0.0,0.0,0.0,50.0,150.0,0.0,200.0,125.0,37,5,45100,0,0,0,8.5,1709.928,1 1/16M,0,20006400|TIM|2025-08-30|8
X,20006451,Tiz No Clown,LRL,2025-12-07,4,USA,SOC,,6.0,F,,6F,D,1,6.0,7.0,,,5.0,5,460.0,910.0,0.0,0.0,950.0,1475.0,100.0,0.0,0.0,0.0,300.0,150.0,603,7,40830,0,0,1,6.0,1207.008,6F,0,20006451|LRL|2025-12-07|4
X,20006451,Tiz No Clown,LRL,2024-10-12,9,USA,STK,,5.5,F,,5 1/2F,T,4,4.0,6.0,,,9.0,9,400.0,420.0,0.0,0.0,1010.0,775.0,50.0,150.0,0.0,0.0,300.0,50.0,801,10,102000,0,0,1,5.5,1106.424,5 1/2F,0,20006451|LRL|2024-10-12|9
X,20006451,Tiz No Clown,LRL,2024-09-15,3,USA,SOC,,7.0,F,,7F,D,1,4.0,5.0,,,5.0,5,210.0,460.0,0.0,0.0,750.0,950.0,50.0,100.0,0.0,0.0,50.0,725.0,354,6,40330,0,0,1,7.0,1408.176,7F,0,20006451|LRL|2024-09-15|3
X,20007029,Sheriff Ronnie,LRL,2026-01-09,4,USA,SOC,,5.5,F,,5 1/2F,D,5,5.0,5.0,,,5.0,5,300.0,400.0,0.0,0.0,650.0,825.0,550.0,400.0,0.0,0.0,10.0,75.0,31,6,40885,0,0,1,5.5,1106.424,5 1/2F,0,20007029|LRL|2026-01-09|4
X,20007029,Sheriff Ronnie,LRL,2025-12-13,7,USA,AOC,,6.0,F,,6F,D,2,2.0,3.0,,,4.0,4,100.0,200.0,0.0,0.0,500.0,775.0,100.0,100.0,0.0,0.0,300.0,75.0,84,6,53795,0,0,1,6.0,1207.008,6F,0,20007029|LRL|2025-12-13|7
X,20007029,Sheriff Ronnie,LRL,2025-11-27,7,USA,AOC,,6.0,F,,6F,D,2,2.0,2.0,,,3.0,3,250.0,300.0,0.0,0.0,360.0,975.0,10.0,100.0,0.0,0.0,250.0,400.0,110,8,55590,0,0,1,6.0,1207.008,6F,0,20007029|LRL|2025-11-27|7
X,20007029,Sheriff Ronnie,LRL,2025-10-24,7,USA,SOC,,6.0,F,,6F,D,5,6.0,4.0,,,4.0,4,220.0,560.0,0.0,0.0,650.0,775.0,50.0,200.0,0.0,0.0,50.0,200.0,14,9,41830,0,0,1,6.0,1207.008,6F,0,20007029|LRL|2025-10-24|7
,20007029,Sheriff Ronnie,DEL,2025-10-08,5,USA,SOC,,6.0,F,,6F,D,6,5.0,5.0,,,6.0,3,400.0,320.0,0.0,0.0,220.0,150.0,10.0,10.0,0.0,0.0,100.0,100.0,42,7,32000,0,0,0,6.0,1207.008,6F,0,20007029|DEL|2025-10-08|5
X,20007754,Raise Cain,OP,2025-01-25,7,USA,STK,,8.0,F,,1M,D,6,5.0,5.0,4.0,,4.0,5,450.0,610.0,460.0,0.0,360.0,350.0,10.0,100.0,50.0,0.0,10.0,25.0,184,9,150000,0,0,1,8.0,1609.344,1M,0,20007754|OP|2025-01-25|7
X,20007754,Raise Cain,OP,2024-12-21,8,USA,AOC,,8.0,F,,1M,D,1,3.0,3.0,4.0,,4.0,3,110.0,150.0,210.0,0.0,160.0,325.0,50.0,100.0,150.0,0.0,250.0,125.0,15,6,130000,0,0,1,8.0,1609.344,1M,0,20007754|OP|2024-12-21|8
X,20007754,Raise Cain,KEE,2024-10-20,7,USA,AOC,,9.0,F,,1 1/8M,D,10,5.0,5.0,3.0,,4.0,5,220.0,220.0,150.0,0.0,360.0,775.0,50.0,50.0,10.0,0.0,10.0,10.0,37,10,130000,0,0,1,9.0,1810.5120000000002,1 1/8M,0,20007754|KEE|2024-10-20|7
,20008666,Commingling,PEN,2025-12-04,7,USA,CLM,,6.0,F,,6F,D,4,3.0,4.0,,,5.0,4,350.0,250.0,0.0,0.0,310.0,625.0,10.0,100.0,0.0,0.0,100.0,75.0,49,7,22000,0,0,0,6.0,1207.008,6F,0,20008666|PEN|2025-12-04|7
,20008666,Commingling,PEN,2025-10-30,2,USA,SOC,,6.0,F,,6F,D,3,4.0,3.0,,,3.0,3,410.0,350.0,0.0,0.0,450.0,725.0,50.0,50.0,0.0,0.0,150.0,125.0,25,5,23000,0,0,0,6.0,1207.008,6F,0,20008666|PEN|2025-10-30|2
,20008666,Commingling,PEN,2025-09-04,6,USA,ALW,,6.0,F,,6F,D,7,7.0,7.0,,,4.0,1,370.0,370.0,0.0,0.0,300.0,0.0,0.0,0.0,0.0,0.0,10.0,100.0,66,7,35000,0,0,0,6.0,1207.008,6F,0,20008666|PEN|2025-09-04|6
X,20008679,Post Time,LRL,2025-10-11,11,USA,STK,,9.0,F,,1 1/8M,D,4,5.0,5.0,5.0,,3.0,2,660.0,450.0,550.0,0.0,60.0,75.0,10.0,10.0,100.0,0.0,250.0,175.0,1,6,150000,0,0,1,9.0,1810.5120000000002,1 1/8M,0,20008679|LRL|2025-10-11|11
X,20008679,Post Time,BAQ,2025-09-27,6,USA,STK,2,9.0,F,,1 1/8M,D,1,3.0,3.0,3.0,,3.0,3,450.0,400.0,210.0,0.0,400.0,425.0,0.0,0.0,0.0,0.0,0.0,0.0,35,3,300000,0,1,1,9.0,1810.5120000000002,1 1/8M,0,20008679|BAQ|2025-09-27|6
X,20008679,Post Time,LRL,2025-09-07,8,USA,STK,,8.0,F,,1M,D,3,3.0,2.0,1.0,,1.0,1,260.0,100.0,0.0,0.0,0.0,0.0,0.0,100.0,250.0,0.0,1000.0,1700.0,0,3,100000,0,0,1,8.0,1609.344,1M,0,20008679|LRL|2025-09-07|8
X,20008862,Worcester,LRL,2025-11-14,6,USA,AOC,,8.0,F,,1M,D,4,7.0,6.0,4.0,,3.0,3,560.0,370.0,470.0,0.0,750.0,425.0,400.0,300.0,10.0,0.0,100.0,150.0,26,8,57000,0,0,1,8.0,1609.344,1M,0,20008862|LRL|2025-11-14|6
X,20008862,Worcester,CNL,2025-07-26,9,USA,STK,,7.0,F,,7F,D,8,7.0,6.0,,,5.0,5,380.0,360.0,0.0,0.0,660.0,800.0,50.0,150.0,0.0,0.0,200.0,450.0,36,8,100000,0,0,1,7.0,1408.176,7F,0,20008862|CNL|2025-07-26|9
X,20008862,Worcester,BAQ,2025-05-04,9,USA,STK,3,8.0,F,,1M,D,5,5.0,5.0,6.0,,5.0,5,210.0,270.0,320.0,0.0,610.0,885.0,10.0,100.0,150.0,0.0,10.0,500.0,110,7,175000,0,1,1,8.0,1609.344,1M,0,20008862|BAQ|2025-05-04|9
X,20009044,Rowsie Express,LRL,2025-11-30,3,USA,SOC,,8.5,F,,1 1/16M,D,3,3.0,5.0,5.0,,4.0,4,200.0,650.0,1250.0,0.0,910.0,1500.0,50.0,50.0,10.0,0.0,200.0,550.0,27,7,29935,0,0,1,8.5,1709.928,1 1/16M,0,20009044|LRL|2025-11-30|3
X,20009044,Rowsie Express,LRL,2025-10-31,8,USA,ALW,,9.0,F,,1 1/8M,D,1,1.0,1.0,1.0,,1.0,1,0.0,0.0,0.0,0.0,0.0,0.0,100.0,100.0,50.0,0.0,150.0,50.0,46,6,53410,0,0,1,9.0,1810.5120000000002,1 1/8M,0,20009044|LRL|2025-10-31|8
X,20009044,Rowsie Express,LRL,2025-09-28,8,USA,ALW,,8.0,F,,1M,D,5,1.0,1.0,1.0,,2.0,2,0.0,0.0,0.0,0.0,200.0,200.0,150.0,10.0,10.0,0.0,100.0,150.0,51,6,50470,0,0,1,8.0,1609.344,1M,0,20009044|LRL|2025-09-28|8
,20009045,Bump N Run,PRX,2025-11-26,10,USA,STK,,6.5,F,,6 1/2F,D,3,4.0,5.0,,,6.0,5,210.0,260.0,0.0,0.0,630.0,1060.0,100.0,150.0,0.0,0.0,200.0,75.0,471,7,75000,0,0,0,6.5,1307.592,6 1/2F,0,20009045|PRX|2025-11-26|10
,20009045,Bump N Run,PRX,2025-10-29,9,USA,AOC,,6.0,F,,6F,D,5,5.0,5.0,,,4.0,3,320.0,360.0,0.0,0.0,550.0,650.0,10.0,50.0,0.0,0.0,50.0,200.0,264,6,55000,0,0,0,6.0,1207.008,6F,0,20009045|PRX|2025-10-29|9
,20009045,Bump N Run,PRX,2025-09-20,15,USA,STK,,6.5,F,,6 1/2F,D,5,9.0,9.0,,,8.0,8,930.0,1020.0,0.0,0.0,910.0,680.0,0.0,0.0,0.0,0.0,800.0,1425.0,951,9,150000,0,0,0,6.5,1307.592,6 1/2F,0,20009045|PRX|2025-09-20|15
,20009517,Divine Grace,PRX,2025-12-29,6,USA,CLM,,8.32,F,,1M 70Y,D,9,6.0,7.0,6.0,,4.0,4,1060.0,770.0,1000.0,0.0,1300.0,1225.0,10.0,150.0,100.0,0.0,50.0,175.0,24,9,20000,0,0,0,8.32,1673.71776,1M 70Y,1,20009517|PRX|2025-12-29|6
X,20009517,Divine Grace,AQU,2025-12-04,6,USA,CLM,,8.0,F,,1M,D,7,4.0,5.0,7.0,,5.0,4,610.0,550.0,710.0,0.0,750.0,805.0,50.0,50.0,0.0,0.0,100.0,50.0,18,7,28000,0,0,1,8.0,1609.344,1M,0,20009517|AQU|2025-12-04|6
,20009517,Divine Grace,PRX,2025-11-11,2,USA,CLM,,8.32,F,,1M 70Y,D,6,1.0,1.0,1.0,,2.0,2,0.0,0.0,0.0,0.0,250.0,350.0,10.0,50.0,10.0,0.0,300.0,700.0,22,7,26000,0,0,0,8.32,1673.71776,1M 70Y,1,20009517|PRX|2025-11-11|2
X,20009759,How Sweet She Is,LRL,2025-12-05,7,USA,ALW,,8.5,F,,1 1/16M,D,3,1.0,2.0,2.0,,4.0,5,0.0,100.0,450.0,0.0,700.0,1525.0,10.0,150.0,10.0,0.0,150.0,200.0,93,8,50735,0,0,1,8.5,1709.928,1 1/16M,0,20009759|LRL|2025-12-05|7
X,20009759,How Sweet She Is,LRL,2025-10-31,8,USA,ALW,,9.0,F,,1 1/8M,D,5,2.0,2.0,2.0,,3.0,5,100.0,100.0,50.0,0.0,200.0,425.0,100.0,50.0,10.0,0.0,150.0,1400.0,38,6,53410,0,0,1,9.0,1810.5120000000002,1 1/8M,0,20009759|LRL|2025-10-31|8
X,20009759,How Sweet She Is,LRL,2025-09-28,9,USA,ALW,,8.5,F,,1 1/16M,T,5,4.0,3.0,4.0,,7.0,7,220.0,260.0,270.0,0.0,560.0,700.0,150.0,100.0,150.0,0.0,0.0,0.0,47,7,50970,0,0,1,8.5,1709.928,1 1/16M,0,20009759|LRL|2025-09-28|9
X,20010035,Seven's Eleven,LRL,2026-01-10,6,USA,CLM,,6.0,F,,6F,D,7,2.0,3.0,,,3.0,4,100.0,110.0,0.0,0.0,300.0,585.0,10.0,50.0,0.0,0.0,50.0,125.0,17,11,21180,0,0,1,6.0,1207.008,6F,0,20010035|LRL|2026-01-10|6
X,20010035,Seven's Eleven,LRL,2025-12-20,4,USA,SOC,,6.0,F,,6F,D,1,5.0,6.0,,,4.0,5,760.0,560.0,0.0,0.0,600.0,900.0,100.0,150.0,0.0,0.0,50.0,625.0,93,8,32610,0,0,1,6.0,1207.008,6F,0,20010035|LRL|2025-12-20|4
X,20010035,Seven's Eleven,LRL,2025-11-27,7,USA,AOC,,6.0,F,,6F,D,6,8.0,8.0,,,7.0,7,870.0,920.0,0.0,0.0,1060.0,1975.0,0.0,0.0,0.0,0.0,150.0,425.0,92,8,55590,0,0,1,6.0,1207.008,6F,0,20010035|LRL|2025-11-27|7
X,20010035,Seven's Eleven,LRL,2025-11-14,6,USA,AOC,,8.0,F,,1M,D,2,6.0,7.0,6.0,,7.0,7,510.0,670.0,530.0,0.0,1310.0,1275.0,50.0,10.0,200.0,0.0,100.0,5.0,95,8,57000,0,0,1,8.0,1609.344,1M,0,20010035|LRL|2025-11-14|6
X,20010035,Seven's Eleven,LRL,2025-04-12,8,USA,STK,,7.0,F,,7F,D,6,2.0,2.0,,,2.0,3,50.0,10.0,0.0,0.0,100.0,425.0,300.0,250.0,0.0,0.0,150.0,200.0,171,6,100000,0,0,1,7.0,1408.176,7F,0,20010035|LRL|2025-04-12|8
,20010550,Game Keeper,CT,2025-12-11,4,USA,AOC,,8.5,F,,1 1/16M,D,2,6.0,6.0,7.0,,5.0,5,360.0,460.0,510.0,0.0,800.0,1400.0,150.0,50.0,0.0,0.0,100.0,75.0,70,7,28700,0,0,0,8.5,1709.928,1 1/16M,0,20010550|CT|2025-12-11|4
,20010550,Game Keeper,CT,2025-11-20,7,USA,AOC,,8.5,F,,1 1/16M,D,8,6.0,7.0,8.0,,8.0,8,510.0,420.0,620.0,0.0,820.0,1400.0,50.0,300.0,100.0,0.0,50.0,600.0,59,9,28700,0,0,0,8.5,1709.928,1 1/16M,0,20010550|CT|2025-11-20|7
,20010550,Game Keeper,CT,2025-10-30,6,USA,AOC,,8.5,F,,1 1/16M,D,1,4.0,3.0,3.0,,3.0,3,150.0,300.0,60.0,0.0,20.0,225.0,100.0,100.0,100.0,0.0,300.0,550.0,48,8,28700,0,0,0,8.5,1709.928,1 1/16M,0,20010550|CT|2025-10-30|6
X,20011403,Running River,LRL,2025-11-29,2,USA,CLM,,8.5,F,,1 1/16M,D,5,2.0,2.0,4.0,,4.0,5,10.0,100.0,560.0,0.0,750.0,1380.0,100.0,50.0,150.0,0.0,150.0,1575.0,186,8,19140,0,0,1,8.5,1709.928,1 1/16M,0,20011403|LRL|2025-11-29|2
X,20011403,Running River,LRL,2025-10-17,4,USA,CLM,,8.0,F,,1M,D,3,6.0,8.0,8.0,,8.0,9,320.0,570.0,1320.0,0.0,1610.0,2850.0,10.0,300.0,200.0,0.0,200.0,0.0,115,9,21260,0,0,1,8.0,1609.344,1M,0,20011403|LRL|2025-10-17|4
X,20011403,Running River,LRL,2025-09-13,2,USA,CLM,,8.5,F,,1 1/16M,D,2,2.0,2.0,3.0,,3.0,2,10.0,50.0,500.0,0.0,1100.0,1750.0,200.0,200.0,1200.0,0.0,300.0,100.0,31,5,18450,0,0,1,8.5,1709.928,1 1/16M,0,20011403|LRL|2025-09-13|2
X,20011779,Gluckstadt,LRL,2025-12-20,2,USA,ALW,,7.0,F,,7F,D,3,3.0,3.0,,,3.0,3,300.0,60.0,0.0,0.0,160.0,300.0,200.0,200.0,0.0,0.0,350.0,225.0,134,7,53910,0,0,1,7.0,1408.176,7F,0,20011779|LRL|2025-12-20|2
X,20011779,Gluckstadt,LRL,2025-11-23,7,USA,SOC,,8.0,F,,1M,D,2,10.0,10.0,10.0,,10.0,10,,,,0.0,,,,,,0.0,,,297,10,39055,0,0,1,8.0,1609.344,1M,0,20011779|LRL|2025-11-23|7
X,20011779,Gluckstadt,KEE,2025-10-12,8,USA,CLM,,7.0,F,,7F,D,2,7.0,7.0,,,4.0,6,670.0,430.0,0.0,0.0,260.0,410.0,200.0,300.0,0.0,0.0,100.0,475.0,85,9,51000,0,0,1,7.0,1408.176,7F,0,20011779|KEE|2025-10-12|8
,20011779,Gluckstadt,PRM,2025-09-08,10,USA,ALW,,6.0,F,,6F,D,2,7.0,7.0,,,5.0,5,690.0,660.0,0.0,0.0,760.0,305.0,0.0,0.0,0.0,0.0,10.0,700.0,203,7,35500,0,0,0,6.0,1207.008,6F,0,20011779|PRM|2025-09-08|10
X,20011797,Certified Loverboy,AQU,2025-12-27,10,USA,AOC,,8.0,F,,1M,D,6,3.0,2.0,2.0,,5.0,6,60.0,10.0,10.0,0.0,450.0,1025.0,50.0,50.0,250.0,0.0,200.0,150.0,212,11,90000,0,0,1,8.0,1609.344,1M,0,20011797|AQU|2025-12-27|10
X,20011797,Certified Loverboy,AQU,2025-11-21,4,USA,AOC,,9.0,F,,1 1/8M,D,2,1.0,1.0,1.0,,2.0,3,0.0,0.0,0.0,0.0,400.0,750.0,200.0,150.0,100.0,0.0,100.0,175.0,21,6,90000,0,0,1,9.0,1810.5120000000002,1 1/8M,0,20011797|AQU|2025-11-21|4
X,20011797,Certified Loverboy,BAQ,2025-09-25,7,USA,AOC,,9.0,F,,1 1/8M,D,2,1.0,1.0,1.0,,3.0,5,0.0,0.0,0.0,0.0,110.0,775.0,50.0,250.0,150.0,0.0,50.0,1825.0,8,7,90000,0,0,1,9.0,1810.5120000000002,1 1/8M,0,20011797|BAQ|2025-09-25|7
X,20011876,Coaches Meeting,LRL,2025-06-06,3,USA,SOC,,8.0,F,,1M,T,7,3.0,3.0,3.0,,4.0,1,160.0,150.0,160.0,0.0,110.0,0.0,100.0,10.0,200.0,0.0,150.0,25.0,22,9,25980,0,0,1,8.0,1609.344,1M,0,20011876|LRL|2025-06-06|3
X,20011876,Coaches Meeting,TAM,2025-04-30,4,USA,CLM,,8.18,F,,1M 40Y,D,4,3.0,3.0,2.0,,1.0,1,110.0,20.0,10.0,0.0,0.0,0.0,150.0,100.0,150.0,0.0,50.0,500.0,25,10,18000,0,0,1,8.18,1645.55424,1M 40Y,1,20011876|TAM|2025-04-30|4
X,20011876,Coaches Meeting,TAM,2025-04-13,7,USA,CLM,,8.0,F,,1M,T,7,4.0,4.0,5.0,,5.0,5,300.0,310.0,310.0,0.0,350.0,280.0,100.0,50.0,200.0,0.0,100.0,150.0,40,10,21000,0,0,1,8.0,1609.344,1M,0,20011876|TAM|2025-04-13|7
X,20011903,Greek Heiress,KEE,2025-10-15,4,USA,CLM,,6.0,F,,6F,D,5,4.0,4.0,,,5.0,5,460.0,600.0,0.0,0.0,1050.0,1525.0,200.0,350.0,0.0,0.0,250.0,225.0,34,7,69000,0,0,1,6.0,1207.008,6F,0,20011903|KEE|2025-10-15|4
X,20011903,Greek Heiress,ELP,2025-08-24,6,USA,ALW,,6.0,F,,6F,D,5,2.0,1.0,,,4.0,6,10.0,0.0,0.0,0.0,400.0,1450.0,100.0,10.0,0.0,0.0,10.0,25.0,8,7,102000,0,0,1,6.0,1207.008,6F,0,20011903|ELP|2025-08-24|6
X,20011903,Greek Heiress,ELP,2025-08-03,1,USA,SOC,,6.5,F,,6 1/2F,D,2,1.0,1.0,,,1.0,1,0.0,0.0,0.0,0.0,0.0,0.0,100.0,100.0,0.0,0.0,500.0,525.0,29,8,50000,0,0,1,6.5,1307.592,6 1/2F,0,20011903|ELP|2025-08-03|1
X,20012355,Admit Nothing,LRL,2025-12-14,1,USA,CLM,,8.5,F,,1 1/16M,D,4,2.0,5.0,7.0,,7.0,7,800.0,1260.0,1350.0,0.0,1700.0,3200.0,10.0,100.0,0.0,0.0,0.0,0.0,201,7,22400,0,0,1,8.5,1709.928,1 1/16M,0,20012355|LRL|2025-12-14|1
X,20012355,Admit Nothing,LRL,2025-11-16,10,USA,CLM,,8.0,F,,1M,D,5,7.0,7.0,7.0,,5.0,3,1200.0,1300.0,810.0,0.0,1010.0,1025.0,250.0,500.0,1500.0,0.0,150.0,100.0,61,8,21030,0,0,1,8.0,1609.344,1M,0,20012355|LRL|2025-11-16|10
,20012355,Admit Nothing,CT,2025-10-03,8,USA,CLM,,8.5,F,,1 1/16M,D,5,2.0,2.0,2.0,,1.0,2,50.0,50.0,50.0,0.0,0.0,50.0,100.0,50.0,10.0,0.0,10.0,250.0,31,8,16300,0,0,0,8.5,1709.928,1 1/16M,0,20012355|CT|2025-10-03|8
X,20012355,Admit Nothing,LRL,2025-09-21,2,USA,CLM,,8.5,F,,1 1/16M,D,6,4.0,4.0,4.0,,2.0,3,450.0,350.0,260.0,0.0,350.0,600.0,150.0,50.0,150.0,0.0,50.0,25.0,62,6,20400,0,0,1,8.5,1709.928,1 1/16M,0,20012355|LRL|2025-09-21|2
,20013127,The Heights,DEL,2025-10-16,9,USA,SOC,,6.0,F,,6F,D,4,4.0,5.0,,,6.0,7,360.0,470.0,0.0,0.0,650.0,1100.0,10.0,10.0,0.0,0.0,200.0,525.0,275,8,25000,0,0,0,6.0,1207.008,6F,0,20013127|DEL|2025-10-16|9
,20013127,The Heights,DEL,2025-10-09,2,USA,SOC,,5.5,F,,5 1/2F,D,2,5.0,6.0,,,6.0,5,510.0,710.0,0.0,0.0,610.0,375.0,10.0,200.0,0.0,0.0,10.0,75.0,209,8,20000,0,0,0,5.5,1106.424,5 1/2F,0,20013127|DEL|2025-10-09|2
,20013127,The Heights,DEL,2025-09-20,6,USA,SOC,,6.0,F,,6F,D,5,8.0,6.0,,,5.0,3,420.0,400.0,0.0,0.0,320.0,250.0,200.0,100.0,0.0,0.0,100.0,200.0,214,9,20000,0,0,0,6.0,1207.008,6F,0,20013127|DEL|2025-09-20|6
,20013355,Teachintherelease,CT,2025-11-15,7,USA,STK,,9.0,F,,1 1/8M,D,9,2.0,4.0,2.0,,1.0,1,150.0,210.0,50.0,0.0,0.0,0.0,100.0,400.0,100.0,0.0,700.0,550.0,1,10,75000,0,0,0,9.0,1810.5120000000002,1 1/8M,0,20013355|CT|2025-11-15|7
,20013355,Teachintherelease,CT,2025-10-11,9,USA,STK,,9.0,F,,1 1/8M,D,8,1.0,1.0,1.0,,1.0,1,0.0,0.0,0.0,0.0,0.0,0.0,100.0,100.0,150.0,0.0,800.0,1425.0,2,10,300000,0,0,0,9.0,1810.5120000000002,1 1/8M,0,20013355|CT|2025-10-11|9
,20013355,Teachintherelease,CT,2025-09-18,7,USA,AOC,,7.0,F,,7F,D,4,1.0,1.0,,,1.0,1,0.0,0.0,0.0,0.0,0.0,0.0,50.0,50.0,0.0,0.0,600.0,325.0,1,6,34000,0,0,0,7.0,1408.176,7F,0,20013355|CT|2025-09-18|7
X,20013396,Martini Martin,LRL,2025-12-28,8,USA,CLM,,9.0,F,,1 1/8M,D,6,6.0,6.0,6.0,,5.0,5,850.0,1250.0,1410.0,0.0,1300.0,1375.0,0.0,0.0,0.0,0.0,500.0,1900.0,322,6,18410,0,0,1,9.0,1810.5120000000002,1 1/8M,0,20013396|LRL|2025-12-28|8
X,20013396,Martini Martin,LRL,2025-11-08,4,USA,CLM,,8.5,F,,1 1/16M,D,4,9.0,9.0,9.0,,9.0,8,1770.0,1410.0,1460.0,0.0,1610.0,1920.0,0.0,0.0,0.0,0.0,0.0,1050.0,415,9,19640,0,0,1,8.5,1709.928,1 1/16M,0,20013396|LRL|2025-11-08|4
,20013396,Martini Martin,DEL,2025-08-21,6,USA,CLM,,8.32,F,,1M 70Y,D,7,7.0,7.0,7.0,,7.0,4,520.0,570.0,710.0,0.0,630.0,460.0,0.0,0.0,0.0,0.0,0.0,100.0,62,7,19000,0,0,0,8.32,1673.71776,1M 70Y,1,20013396|DEL|2025-08-21|6
,20013396,Martini Martin,DEL,2025-07-18,1,USA,CLM,,8.32,F,,1M 70Y,D,5,7.0,6.0,5.0,,5.0,4,950.0,560.0,660.0,0.0,260.0,630.0,0.0,200.0,100.0,0.0,300.0,150.0,32,7,17000,0,0,0,8.32,1673.71776,1M 70Y,1,20013396|DEL|2025-07-18|1
X,20013447,Vamos Viejo,LRL,2025-11-22,4,USA,SOC,,5.5,F,,5 1/2F,T,9,8.0,5.0,,,4.0,5,620.0,500.0,0.0,0.0,250.0,140.0,10.0,50.0,0.0,0.0,10.0,100.0,53,10,26740,0,0,1,5.5,1106.424,5 1/2F,0,20013447|LRL|2025-11-22|4
X,20013447,Vamos Viejo,LRL,2025-10-26,9,USA,AOC,,6.0,F,,6F,T,9,6.0,10.0,,,10.0,10,310.0,980.0,0.0,0.0,1080.0,635.0,50.0,0.0,0.0,0.0,0.0,0.0,125,10,55000,0,0,1,6.0,1207.008,6F,0,20013447|LRL|2025-10-26|9
X,20013447,Vamos Viejo,LRL,2025-10-12,7,USA,SOC,,5.5,F,,5 1/2F,T,2,8.0,7.0,,,6.0,4,510.0,410.0,0.0,0.0,760.0,350.0,50.0,200.0,0.0,0.0,300.0,75.0,107,9,30500,0,0,1,5.5,1106.424,5 1/2F,0,20013447|LRL|2025-10-12|7
X,20013475,Golden Charm,LRL,2025-12-28,4,USA,SOC,,8.5,F,,1 1/16M,D,3,4.0,5.0,5.0,,4.0,4,760.0,760.0,350.0,0.0,600.0,1375.0,150.0,10.0,800.0,0.0,150.0,600.0,44,6,24000,0,0,1,8.5,1709.928,1 1/16M,0,20013475|LRL|2025-12-28|4
X,20013475,Golden Charm,LRL,2025-12-07,2,USA,SOC,,9.0,F,,1 1/8M,D,1,4.0,5.0,5.0,,2.0,2,250.0,270.0,600.0,0.0,350.0,25.0,100.0,10.0,150.0,0.0,150.0,350.0,111,6,25100,0,0,1,9.0,1810.5120000000002,1 1/8M,0,20013475|LRL|2025-12-07|2
X,20013475,Golden Charm,LRL,2025-11-02,2,USA,CLM,,6.0,F,,6F,D,7,5.0,5.0,,,5.0,6,600.0,660.0,0.0,0.0,910.0,1325.0,10.0,350.0,0.0,0.0,50.0,150.0,20,7,21070,0,0,1,6.0,1207.008,6F,0,20013475|LRL|2025-11-02|2
X,20013475,Golden Charm,LRL,2025-10-10,7,USA,SOC,,7.0,F,,7F,D,3,5.0,5.0,,,4.0,5,500.0,550.0,0.0,0.0,600.0,950.0,50.0,250.0,0.0,0.0,10.0,150.0,124,7,30370,0,0,1,7.0,1408.176,7F,0,20013475|LRL|2025-10-10|7
X,20013954,Cattivo Ragazzo,LRL,2025-11-28,7,USA,ALW,,6.0,F,,6F,D,9,5.0,1.0,,,1.0,1,600.0,0.0,0.0,0.0,0.0,0.0,150.0,10.0,0.0,0.0,250.0,5.0,13,9,54910,0,0,1,6.0,1207.008,6F,0,20013954|LRL|2025-11-28|7
X,20013954,Cattivo Ragazzo,LRL,2025-11-14,7,USA,ALW,,6.0,F,,6F,D,6,6.0,2.0,,,1.0,1,460.0,50.0,0.0,0.0,0.0,0.0,100.0,100.0,0.0,0.0,250.0,275.0,38,9,49500,0,0,1,6.0,1207.008,6F,0,20013954|LRL|2025-11-14|7
X,20013954,Cattivo Ragazzo,LRL,2025-10-18,9,USA,ALW,,6.0,F,,6F,D,6,6.0,4.0,,,3.0,3,660.0,500.0,0.0,0.0,300.0,500.0,300.0,150.0,0.0,0.0,150.0,100.0,19,8,49000,0,0,1,6.0,1207.008,6F,0,20013954|LRL|2025-10-18|9
X,20014269,Party With Smarty,AQU,2025-12-26,10,USA,MCL,,6.5,F,,6 1/2F,D,7,12.0,10.0,,,4.0,1,960.0,1060.0,0.0,0.0,750.0,0.0,0.0,550.0,0.0,0.0,10.0,75.0,42,12,35000,0,0,1,6.5,1307.592,6 1/2F,0,20014269|AQU|2025-12-26|10
X,20014269,Party With Smarty,AQU,2025-11-16,1,USA,MCL,,8.0,F,,1M,D,4,5.0,4.0,4.0,,4.0,4,750.0,500.0,620.0,0.0,860.0,1175.0,0.0,50.0,350.0,0.0,500.0,1075.0,114,5,43000,0,0,1,8.0,1609.344,1M,0,20014269|AQU|2025-11-16|1
X,20014269,Party With Smarty,AQU,2025-11-06,5,USA,MCL,,7.0,F,,7F,D,6,7.0,8.0,,,6.0,3,560.0,620.0,0.0,0.0,370.0,155.0,150.0,650.0,0.0,0.0,200.0,125.0,120,9,35000,0,0,1,7.0,1408.176,7F,0,20014269|AQU|2025-11-06|5
X,20014281,Atlas Strong,LRL,2025-11-30,3,USA,SOC,,8.5,F,,1 1/16M,D,4,5.0,4.0,3.0,,3.0,3,350.0,450.0,400.0,0.0,210.0,525.0,200.0,200.0,700.0,0.0,700.0,975.0,38,7,29935,0,0,1,8.5,1709.928,1 1/16M,0,20014281|LRL|2025-11-30|3
X,20014281,Atlas Strong,LRL,2025-11-08,5,USA,SOC,,8.0,F,,1M,T,3,5.0,6.0,4.0,,4.0,5,460.0,600.0,360.0,0.0,350.0,225.0,200.0,100.0,10.0,0.0,150.0,50.0,107,10,34045,0,0,1,8.0,1609.344,1M,0,20014281|LRL|2025-11-08|5
X,20014281,Atlas Strong,LRL,2025-10-11,10,USA,STK,,8.5,F,,1 1/16M,T,8,4.0,5.0,6.0,,6.0,5,400.0,560.0,570.0,0.0,420.0,550.0,50.0,10.0,10.0,0.0,150.0,125.0,133,8,125000,0,0,1,8.5,1709.928,1 1/16M,0,20014281|LRL|2025-10-11|10
,20014884,Alilnalot,PRX,2025-12-09,1,USA,CLM,,8.32,F,,1M 70Y,D,7,1.0,2.0,1.0,,1.0,1,0.0,10.0,0.0,0.0,0.0,0.0,10.0,250.0,50.0,0.0,10.0,75.0,62,11,18000,0,0,0,8.32,1673.71776,1M 70Y,1,20014884|PRX|2025-12-09|1
X,20014884,Alilnalot,LRL,2025-11-16,10,USA,CLM,,8.0,F,,1M,D,2,2.0,4.0,6.0,,4.0,4,50.0,300.0,660.0,0.0,1000.0,1125.0,300.0,100.0,150.0,0.0,10.0,175.0,12,8,21030,0,0,1,8.0,1609.344,1M,0,20014884|LRL|2025-11-16|10
X,20014884,Alilnalot,LRL,2025-09-07,2,USA,CLM,,8.0,F,,1M,D,4,1.0,1.0,4.0,,6.0,6,0.0,0.0,470.0,0.0,1270.0,2225.0,50.0,10.0,250.0,0.0,0.0,0.0,28,6,19620,0,0,1,8.0,1609.344,1M,0,20014884|LRL|2025-09-07|2
X,20015226,Diamond Sue,LRL,2025-11-27,4,USA,SOC,,7.0,F,,7F,D,2,6.0,6.0,,,5.0,4,600.0,550.0,0.0,0.0,610.0,725.0,300.0,200.0,0.0,0.0,400.0,250.0,161,7,30950,0,0,1,7.0,1408.176,7F,0,20015226|LRL|2025-11-27|4
X,20015226,Diamond Sue,LRL,2025-11-01,1,USA,SOC,,8.0,F,,1M,T,1,5.0,5.0,8.0,,9.0,9,760.0,460.0,530.0,0.0,1170.0,1445.0,250.0,50.0,200.0,0.0,0.0,0.0,489,9,31950,0,0,1,8.0,1609.344,1M,0,20015226|LRL|2025-11-01|1
X,20015226,Diamond Sue,LRL,2025-10-03,7,USA,CLM,,7.0,F,,7F,D,5,6.0,6.0,,,5.0,5,310.0,410.0,0.0,0.0,760.0,1300.0,0.0,0.0,0.0,0.0,300.0,975.0,203,6,41800,0,0,1,7.0,1408.176,7F,0,20015226|LRL|2025-10-03|7
X,20015303,Alvy,LRL,2025-11-29,5,USA,SOC,,8.5,F,,1 1/16M,D,2,9.0,9.0,8.0,,7.0,4,910.0,980.0,1010.0,0.0,620.0,325.0,0.0,0.0,500.0,0.0,250.0,200.0,178,9,31370,0,0,1,8.5,1709.928,1 1/16M,0,20015303|LRL|2025-11-29|5
X,20015303,Alvy,LRL,2025-10-31,9,USA,ALW,,8.0,F,,1M,D,3,5.0,4.0,5.0,,5.0,5,360.0,450.0,850.0,0.0,1210.0,1450.0,0.0,10.0,0.0,0.0,0.0,0.0,57,5,48000,0,0,1,8.0,1609.344,1M,0,20015303|LRL|2025-10-31|9
X,20015303,Alvy,LRL,2025-10-11,3,USA,SHP,,7.0,F,,7F,D,3,10.0,11.0,,,10.0,4,1200.0,1710.0,0.0,0.0,1170.0,400.0,250.0,0.0,0.0,0.0,300.0,25.0,84,11,40800,0,0,1,7.0,1408.176,7F,0,20015303|LRL|2025-10-11|3
X,20016031,Northern Glow,PIM,2025-05-11,8,USA,AOC,,8.5,F,,1 1/16M,D,3,3.0,2.0,1.0,,1.0,1,200.0,50.0,0.0,0.0,0.0,0.0,550.0,50.0,200.0,0.0,300.0,200.0,34,4,57505,0,0,1,8.5,1709.928,1 1/16M,0,20016031|PIM|2025-05-11|8
X,20016031,Northern Glow,LRL,2025-04-13,7,USA,AOC,,8.0,F,,1M,D,1,9.0,9.0,7.0,,5.0,4,1420.0,1160.0,920.0,0.0,1100.0,1375.0,0.0,0.0,150.0,0.0,150.0,50.0,191,9,60260,0,0,1,8.0,1609.344,1M,0,20016031|LRL|2025-04-13|7
X,20016031,Northern Glow,LRL,2025-02-16,7,USA,AOC,,8.5,F,,1 1/16M,D,1,1.0,1.0,2.0,,3.0,4,0.0,0.0,10.0,0.0,160.0,450.0,100.0,10.0,100.0,0.0,150.0,100.0,53,7,54095,0,0,1,8.5,1709.928,1 1/16M,0,20016031|LRL|2025-02-16|7
X,20016074,Honor the Truth,LRL,2025-12-21,9,USA,CLM,,8.0,F,,1M,D,8,6.0,5.0,4.0,,3.0,2,720.0,1010.0,350.0,0.0,200.0,50.0,250.0,50.0,300.0,0.0,50.0,300.0,44,8,21300,0,0,1,8.0,1609.344,1M,0,20016074|LRL|2025-12-21|9
X,20016074,Honor the Truth,LRL,2025-11-28,5,USA,CLM,,8.5,F,,1 1/16M,D,4,8.0,8.0,8.0,,5.0,2,1500.0,1550.0,1460.0,0.0,950.0,625.0,0.0,0.0,0.0,0.0,150.0,100.0,171,8,21300,0,0,1,8.5,1709.928,1 1/16M,0,20016074|LRL|2025-11-28|5
,20016074,Honor the Truth,DEL,2025-09-25,6,USA,CLM,,8.0,F,,1M,D,5,5.0,5.0,5.0,,5.0,3,650.0,910.0,700.0,0.0,900.0,725.0,250.0,50.0,300.0,0.0,500.0,25.0,52,6,19000,0,0,0,8.0,1609.344,1M,0,20016074|DEL|2025-09-25|6
,20016074,Honor the Truth,TIM,2025-08-24,1,USA,CLM,,8.0,F,,1M,D,3,6.0,6.0,6.0,,5.0,4,460.0,1000.0,1500.0,0.0,950.0,900.0,0.0,0.0,0.0,0.0,250.0,400.0,28,6,15000,0,0,0,8.0,1609.344,1M,0,20016074|TIM|2025-08-24|1
X,20016120,Collection Day,LRL,2025-12-26,5,USA,SOC,,8.0,F,,1M,D,6,9.0,9.0,9.0,,9.0,6,720.0,1000.0,1020.0,0.0,1080.0,1135.0,0.0,0.0,0.0,0.0,0.0,25.0,346,9,33110,0,0,1,8.0,1609.344,1M,0,20016120|LRL|2025-12-26|5
X,20016120,Collection Day,LRL,2025-11-16,8,USA,ALW,,8.5,F,,1 1/16M,D,4,7.0,8.0,8.0,,8.0,8,400.0,1260.0,2060.0,0.0,2160.0,3480.0,200.0,0.0,0.0,0.0,0.0,0.0,455,8,50000,0,0,1,8.5,1709.928,1 1/16M,0,20016120|LRL|2025-11-16|8
,20016120,Collection Day,DEL,2025-07-09,4,USA,SOC,,8.0,F,,1M,D,6,6.0,6.0,6.0,,5.0,5,310.0,270.0,420.0,0.0,710.0,1185.0,50.0,100.0,200.0,0.0,100.0,125.0,94,7,27000,0,0,0,8.0,1609.344,1M,0,20016120|DEL|2025-07-09|4
,20016120,Collection Day,PEN,2025-06-26,7,USA,ALW,,8.0,F,,1M,D,1,4.0,3.0,5.0,,5.0,4,450.0,300.0,510.0,0.0,860.0,1100.0,150.0,10.0,0.0,0.0,0.0,450.0,13,5,35000,0,0,0,8.0,1609.344,1M,0,20016120|PEN|2025-06-26|7
X,20016233,Spencerian,LRL,2025-11-28,4,USA,AOC,,8.5,F,,1 1/16M,D,6,1.0,2.0,3.0,,3.0,5,0.0,10.0,60.0,0.0,60.0,975.0,100.0,10.0,300.0,0.0,10.0,125.0,30,6,60155,0,0,1,8.5,1709.928,1 1/16M,0,20016233|LRL|2025-11-28|4
X,20016233,Spencerian,LRL,2025-10-11,7,USA,STK,,7.0,F,,7F,D,4,11.0,11.0,,,7.0,5,970.0,1270.0,0.0,0.0,750.0,675.0,500.0,250.0,0.0,0.0,50.0,175.0,154,12,102030,0,0,1,7.0,1408.176,7F,0,20016233|LRL|2025-10-11|7
X,20016233,Spencerian,LRL,2025-04-19,6,USA,AOC,,6.0,F,,6F,D,1,3.0,5.0,,,5.0,5,110.0,460.0,0.0,0.0,950.0,1230.0,150.0,150.0,0.0,0.0,100.0,10.0,23,8,55985,0,0,1,6.0,1207.008,6F,0,20016233|LRL|2025-04-19|6
X,20016522,On the Mark,LRL,2025-12-13,7,USA,AOC,,6.0,F,,6F,D,1,1.0,1.0,,,1.0,1,0.0,0.0,0.0,0.0,0.0,0.0,100.0,150.0,0.0,0.0,250.0,375.0,22,6,53795,0,0,1,6.0,1207.008,6F,0,20016522|LRL|2025-12-13|7
,20016522,On the Mark,DEL,2025-07-11,6,USA,SOC,,6.0,F,,6F,D,3,2.0,2.0,,,2.0,3,100.0,200.0,0.0,0.0,300.0,475.0,200.0,100.0,0.0,0.0,50.0,375.0,39,5,32000,0,0,0,6.0,1207.008,6F,0,20016522|DEL|2025-07-11|6
X,20016522,On the Mark,LRL,2025-06-06,8,USA,AOC,,6.0,F,,6F,D,4,5.0,3.0,,,2.0,1,220.0,160.0,0.0,0.0,10.0,0.0,150.0,50.0,0.0,0.0,100.0,10.0,100,6,57680,0,0,1,6.0,1207.008,6F,0,20016522|LRL|2025-06-06|8
X,20016522,On the Mark,LRL,2025-05-04,8,USA,AOC,,5.5,F,,5 1/2F,D,2,7.0,6.0,,,4.0,3,370.0,410.0,0.0,0.0,410.0,330.0,0.0,50.0,0.0,0.0,100.0,125.0,19,7,56300,0,0,1,5.5,1106.424,5 1/2F,0,20016522|LRL|2025-05-04|8
X,20016574,Feeling Woozy,AQU,2026-01-15,6,USA,SOC,,8.0,F,,1M,D,2,4.0,4.0,3.0,,3.0,3,210.0,210.0,310.0,0.0,750.0,1375.0,250.0,150.0,10.0,0.0,150.0,125.0,69,6,62000,0,0,1,8.0,1609.344,1M,0,20016574|AQU|2026-01-15|6
X,20016574,Feeling Woozy,LRL,2025-12-12,2,USA,SOC,,8.5,F,,1 1/16M,D,2,1.0,1.0,1.0,,1.0,1,0.0,0.0,0.0,0.0,0.0,0.0,200.0,200.0,400.0,0.0,550.0,1100.0,29,6,40885,0,0,1,8.5,1709.928,1 1/16M,0,20016574|LRL|2025-12-12|2
,20016574,Feeling Woozy,PRX,2025-11-25,9,USA,AOC,,8.5,F,,1 1/16M,D,3,2.0,3.0,5.0,,7.0,7,150.0,250.0,610.0,0.0,1460.0,1800.0,10.0,150.0,50.0,0.0,400.0,125.0,43,8,52000,0,0,0,8.5,1709.928,1 1/16M,0,20016574|PRX|2025-11-25|9
,20016574,Feeling Woozy,PRX,2025-10-28,9,USA,AOC,,8.0,F,,1M,D,1,1.0,1.0,1.0,,2.0,4,0.0,0.0,0.0,0.0,50.0,375.0,50.0,50.0,100.0,0.0,10.0,950.0,8,6,52000,0,0,0,8.0,1609.344,1M,0,20016574|PRX|2025-10-28|9
,20016574,Feeling Woozy,PRX,2025-09-24,8,USA,AOC,,8.0,F,,1M,D,5,1.0,1.0,1.0,,1.0,1,0.0,0.0,0.0,0.0,0.0,0.0,100.0,100.0,100.0,0.0,300.0,100.0,34,7,52000,0,0,0,8.0,1609.344,1M,0,20016574|PRX|2025-09-24|8
X,20016744,Lute Warm,LRL,2025-11-14,8,USA,AOC,,8.0,F,,1M,T,7,3.0,2.0,1.0,,1.0,1,350.0,150.0,0.0,0.0,0.0,0.0,100.0,10.0,10.0,0.0,100.0,150.0,20,7,59020,0,0,1,8.0,1609.344,1M,0,20016744|LRL|2025-11-14|8
,20016744,Lute Warm,FG,2024-12-21,6,USA,STK,,8.5,F,,1 1/16M,T,1,3.0,5.0,6.0,,6.0,6,300.0,260.0,350.0,0.0,510.0,725.0,50.0,200.0,0.0,0.0,0.0,0.0,14,6,100000,0,0,0,8.5,1709.928,1 1/16M,0,20016744|FG|2024-12-21|6
X,20016744,Lute Warm,KEE,2024-10-18,4,USA,ALW,,8.5,F,,1 1/16M,T,7,7.0,7.0,8.0,,6.0,5,610.0,750.0,770.0,0.0,650.0,205.0,150.0,100.0,0.0,0.0,50.0,600.0,9,8,140000,0,0,1,8.5,1709.928,1 1/16M,0,20016744|KEE|2024-10-18|4
X,20016773,Bay Street,LRL,2025-11-30,3,USA,SOC,,8.5,F,,1 1/16M,D,5,4.0,3.0,4.0,,5.0,5,250.0,350.0,1100.0,0.0,1110.0,2050.0,100.0,100.0,150.0,0.0,400.0,125.0,61,7,29935,0,0,1,8.5,1709.928,1 1/16M,0,20016773|LRL|2025-11-30|3
X,20016773,Bay Street,LRL,2025-11-08,5,USA,SOC,,8.0,F,,1M,T,2,1.0,1.0,1.0,,2.0,3,0.0,0.0,0.0,0.0,50.0,205.0,200.0,200.0,10.0,0.0,200.0,10.0,93,10,34045,0,0,1,8.0,1609.344,1M,0,20016773|LRL|2025-11-08|5
X,20016773,Bay Street,LRL,2025-10-11,10,USA,STK,,8.5,F,,1 1/16M,T,5,6.0,4.0,5.0,,8.0,7,550.0,460.0,420.0,0.0,620.0,775.0,250.0,100.0,150.0,0.0,0.0,10.0,198,8,125000,0,0,1,8.5,1709.928,1 1/16M,0,20016773|LRL|2025-10-11|10
X,20016866,Devil Pays in Gold,CD,2025-11-26,7,USA,STR,,6.0,F,,6F,D,2,2.0,3.0,,,4.0,5,100.0,110.0,0.0,0.0,120.0,385.0,50.0,50.0,0.0,0.0,100.0,10.0,56,7,60000,0,0,1,6.0,1207.008,6F,0,20016866|CD|2025-11-26|7
X,20016866,Devil Pays in Gold,CD,2025-10-29,1,USA,STR,,5.5,F,,5 1/2F,D,4,5.0,5.0,,,6.0,3,220.0,250.0,0.0,0.0,660.0,975.0,150.0,150.0,0.0,0.0,200.0,25.0,51,7,60000,0,0,1,5.5,1106.424,5 1/2F,0,20016866|CD|2025-10-29|1
,20016866,Devil Pays in Gold,DEL,2025-10-04,8,USA,SOC,,6.0,F,,6F,D,4,3.0,1.0,,,1.0,1,110.0,0.0,0.0,0.0,0.0,0.0,10.0,10.0,0.0,0.0,100.0,10.0,38,7,29000,0,0,0,6.0,1207.008,6F,0,20016866|DEL|2025-10-04|8
X,20017096,Major Houlihan,LRL,2025-11-28,5,USA,CLM,,8.5,F,,1 1/16M,D,7,2.0,2.0,2.0,,2.0,3,200.0,250.0,100.0,0.0,350.0,725.0,500.0,200.0,300.0,0.0,350.0,325.0,78,8,21300,0,0,1,8.5,1709.928,1 1/16M,0,20017096|LRL|2025-11-28|5
,20017096,Major Houlihan,DEL,2025-07-19,1,USA,CLM,,8.0,F,,1M,D,3,1.0,1.0,1.0,,2.0,2,0.0,0.0,0.0,0.0,100.0,75.0,50.0,50.0,10.0,0.0,200.0,150.0,14,7,17000,0,0,0,8.0,1609.344,1M,0,20017096|DEL|2025-07-19|1
X,20017096,Major Houlihan,LRL,2025-06-20,2,USA,CLM,,8.0,F,,1M,D,2,2.0,2.0,1.0,,2.0,1,100.0,50.0,0.0,0.0,100.0,0.0,100.0,300.0,50.0,0.0,400.0,100.0,19,5,15655,0,0,1,8.0,1609.344,1M,0,20017096|LRL|2025-06-20|2
,20017325,Gordian Knot,PRX,2025-12-24,6,USA,AOC,,6.5,F,,6 1/2F,D,7,6.0,4.0,,,3.0,2,180.0,300.0,0.0,0.0,700.0,325.0,250.0,10.0,0.0,0.0,50.0,125.0,82,9,42000,0,0,0,6.5,1307.592,6 1/2F,0,20017325|PRX|2025-12-24|6
,20017325,Gordian Knot,PRX,2025-11-28,9,USA,AOC,,6.0,F,,6F,D,8,6.0,7.0,,,9.0,9,370.0,610.0,0.0,0.0,1300.0,1700.0,50.0,50.0,0.0,0.0,200.0,50.0,65,10,42000,0,0,0,6.0,1207.008,6F,0,20017325|PRX|2025-11-28|9
,20017325,Gordian Knot,PRX,2025-11-11,7,USA,CLM,,6.0,F,,6F,D,2,3.0,4.0,,,3.0,2,150.0,220.0,0.0,0.0,300.0,325.0,10.0,50.0,0.0,0.0,100.0,150.0,21,7,35000,0,0,0,6.0,1207.008,6F,0,20017325|PRX|2025-11-11|7
X,20018257,S S Sinatra,LRL,2025-11-28,8,USA,AOC,,6.0,F,,6F,D,6,2.0,1.0,,,1.0,1,200.0,0.0,0.0,0.0,0.0,0.0,100.0,10.0,0.0,0.0,100.0,5.0,14,6,61040,0,0,1,6.0,1207.008,6F,0,20018257|LRL|2025-11-28|8
X,20018257,S S Sinatra,LRL,2025-10-19,10,USA,AOC,,6.0,F,,6F,D,5,2.0,2.0,,,2.0,5,10.0,150.0,0.0,0.0,200.0,750.0,50.0,10.0,0.0,0.0,10.0,10.0,38,7,56500,0,0,1,6.0,1207.008,6F,0,20018257|LRL|2025-10-19|10
X,20018257,S S Sinatra,LRL,2025-09-21,6,USA,AOC,,6.0,F,,6F,D,4,9.0,8.0,,,6.0,4,590.0,670.0,0.0,0.0,900.0,510.0,300.0,250.0,0.0,0.0,10.0,50.0,72,10,63880,0,0,1,6.0,1207.008,6F,0,20018257|LRL|2025-09-21|6
X,20018653,Salvo Trigger,LRL,2026-01-09,1,USA,CLM,,8.0,F,,1M,D,7,4.0,5.0,5.0,,5.0,5,170.0,350.0,370.0,0.0,610.0,685.0,100.0,200.0,10.0,0.0,100.0,425.0,201,9,25870,0,0,1,8.0,1609.344,1M,0,20018653|LRL|2026-01-09|1
X,20018653,Salvo Trigger,TP,2025-12-12,4,USA,CLM,,8.5,F,,1 1/16M,D,8,10.0,10.0,10.0,,2.0,3,670.0,530.0,390.0,0.0,200.0,350.0,50.0,300.0,3000.0,0.0,100.0,50.0,593,11,26800,0,0,1,8.5,1709.928,1 1/16M,0,20018653|TP|2025-12-12|4
X,20018653,Salvo Trigger,LRL,2025-10-26,1,USA,SOC,,5.5,F,,5 1/2F,T,8,9.0,9.0,,,8.0,8,680.0,400.0,0.0,0.0,340.0,410.0,50.0,100.0,0.0,0.0,200.0,550.0,501,10,26380,0,0,1,5.5,1106.424,5 1/2F,0,20018653|LRL|2025-10-26|1
X,20018653,Salvo Trigger,LRL,2025-10-04,7,USA,SOC,,6.0,F,,6F,T,7,9.0,9.0,,,9.0,9,2150.0,2110.0,0.0,0.0,1280.0,1280.0,0.0,0.0,0.0,0.0,0.0,0.0,779,9,26240,0,0,1,6.0,1207.008,6F,0,20018653|LRL|2025-10-04|7
X,20018850,Hay Chief,LRL,2025-11-29,2,USA,CLM,,8.5,F,,1 1/16M,D,7,7.0,7.0,5.0,,3.0,2,770.0,760.0,710.0,0.0,550.0,825.0,0.0,0.0,500.0,0.0,200.0,5.0,25,8,19140,0,0,1,8.5,1709.928,1 1/16M,0,20018850|LRL|2025-11-29|2
X,20018850,Hay Chief,LRL,2025-11-08,4,USA,CLM,,8.5,F,,1 1/16M,D,3,8.0,8.0,8.0,,6.0,3,1570.0,1210.0,960.0,0.0,710.0,410.0,200.0,200.0,500.0,0.0,50.0,10.0,41,9,19640,0,0,1,8.5,1709.928,1 1/16M,0,20018850|LRL|2025-11-08|4
X,20018850,Hay Chief,LRL,2025-09-21,4,USA,SOC,,8.5,F,,1 1/16M,D,7,4.0,5.0,5.0,,6.0,5,450.0,410.0,510.0,0.0,610.0,1005.0,10.0,500.0,10.0,0.0,250.0,125.0,56,7,30370,0,0,1,8.5,1709.928,1 1/16M,0,20018850|LRL|2025-09-21|4
,20019117,Bad Connection,CT,2026-01-02,5,USA,CLM,,4.5,F,,4 1/2F,D,1,5.0,,,,7.0,9,500.0,0.0,0.0,0.0,850.0,1100.0,10.0,0.0,0.0,0.0,50.0,600.0,195,10,15800,0,0,0,4.5,905.2560000000001,4 1/2F,0,20019117|CT|2026-01-02|5
,20019117,Bad Connection,CT,2025-12-12,4,USA,SOC,,4.5,F,,4 1/2F,D,6,7.0,,,,7.0,7,360.0,0.0,0.0,0.0,460.0,950.0,150.0,0.0,0.0,0.0,10.0,25.0,437,8,22700,0,0,0,4.5,905.2560000000001,4 1/2F,0,20019117|CT|2025-12-12|4
,20019117,Bad Connection,FL,2025-11-13,1,USA,ALW,,5.5,F,,5 1/2F,D,5,1.0,2.0,,,3.0,4,0.0,10.0,0.0,0.0,410.0,1025.0,50.0,100.0,0.0,0.0,100.0,10.0,418,6,24500,0,0,0,5.5,1106.424,5 1/2F,0,20019117|FL|2025-11-13|1
X,20019378,Great Heavens,LRL,2025-12-26,8,USA,ALW,,5.5,F,,5 1/2F,D,8,8.0,8.0,,,6.0,5,1170.0,1120.0,0.0,0.0,700.0,185.0,0.0,0.0,0.0,0.0,250.0,150.0,20,8,49000,0,0,1,5.5,1106.424,5 1/2F,0,20019378|LRL|2025-12-26|8
X,20019378,Great Heavens,LRL,2025-11-30,4,USA,ALW,,6.0,F,,6F,D,3,5.0,3.0,,,3.0,4,310.0,350.0,0.0,0.0,160.0,200.0,100.0,150.0,0.0,0.0,200.0,725.0,24,6,48000,0,0,1,6.0,1207.008,6F,0,20019378|LRL|2025-11-30|4
X,20019378,Great Heavens,LRL,2025-11-14,7,USA,ALW,,6.0,F,,6F,D,7,8.0,6.0,,,2.0,2,610.0,310.0,0.0,0.0,250.0,275.0,200.0,10.0,0.0,0.0,200.0,250.0,24,9,49500,0,0,1,6.0,1207.008,6F,0,20019378|LRL|2025-11-14|7
X,20019378,Great Heavens,LRL,2025-10-18,8,USA,ALW,,5.5,F,,5 1/2F,T,9,9.0,8.0,,,4.0,2,850.0,860.0,0.0,0.0,510.0,300.0,100.0,50.0,0.0,0.0,150.0,75.0,40,10,50000,0,0,1,5.5,1106.424,5 1/2F,0,20019378|LRL|2025-10-18|8
,20019678,Penny Polka,PRX,2025-11-28,8,USA,CLM,,8.32,F,,1M 70Y,D,8,5.0,5.0,4.0,,9.0,9,220.0,170.0,420.0,0.0,1660.0,2235.0,50.0,100.0,50.0,0.0,50.0,10.0,241,10,21000,0,0,0,8.32,1673.71776,1M 70Y,1,20019678|PRX|2025-11-28|8
,20019678,Penny Polka,DEL,2025-10-09,1,USA,CLM,,8.0,F,,1M,D,7,2.0,2.0,1.0,,2.0,3,150.0,100.0,0.0,0.0,200.0,730.0,50.0,150.0,50.0,0.0,100.0,5.0,26,10,16000,0,0,0,8.0,1609.344,1M,0,20019678|DEL|2025-10-09|1
,20019678,Penny Polka,DEL,2025-09-18,4,USA,CLM,,8.0,F,,1M,D,6,2.0,1.0,1.0,,2.0,2,50.0,0.0,0.0,0.0,100.0,650.0,100.0,10.0,100.0,0.0,600.0,325.0,44,7,16000,0,0,0,8.0,1609.344,1M,0,20019678|DEL|2025-09-18|4
,20019950,Guaponess,PRX,2025-12-30,7,USA,SOC,,8.5,F,,1 1/16M,D,6,1.0,1.0,1.0,,5.0,5,0.0,0.0,0.0,0.0,950.0,1450.0,50.0,50.0,50.0,0.0,100.0,25.0,9,8,50000,0,0,0,8.5,1709.928,1 1/16M,0,20019950|PRX|2025-12-30|7
,20019950,Guaponess,PRX,2025-11-19,9,USA,AOC,,8.32,F,,1M 70Y,D,7,2.0,2.0,1.0,,1.0,1,200.0,100.0,0.0,0.0,0.0,0.0,150.0,100.0,100.0,0.0,400.0,125.0,32,7,50000,0,0,0,8.32,1673.71776,1M 70Y,1,20019950|PRX|2025-11-19|9
,20019950,Guaponess,PRX,2025-10-28,3,USA,CLM,,6.0,F,,6F,D,1,3.0,2.0,,,1.0,1,60.0,200.0,0.0,0.0,0.0,0.0,50.0,50.0,0.0,0.0,50.0,200.0,26,5,32000,0,0,0,6.0,1207.008,6F,0,20019950|PRX|2025-10-28|3
X,20020171,Freeze the Fire,LRL,2025-12-20,4,USA,SOC,,6.0,F,,6F,D,3,3.0,2.0,,,2.0,1,650.0,350.0,0.0,0.0,50.0,0.0,10.0,100.0,0.0,0.0,250.0,225.0,10,8,32610,0,0,1,6.0,1207.008,6F,0,20020171|LRL|2025-12-20|4
X,20020171,Freeze the Fire,LRL,2025-11-29,9,USA,SOC,,6.0,F,,6F,D,2,2.0,2.0,,,2.0,1,100.0,250.0,0.0,0.0,10.0,0.0,100.0,400.0,0.0,0.0,300.0,100.0,17,8,30435,0,0,1,6.0,1207.008,6F,0,20020171|LRL|2025-11-29|9
X,20020171,Freeze the Fire,LRL,2025-10-31,6,USA,SOC,,6.0,F,,6F,D,3,5.0,4.0,,,2.0,1,660.0,300.0,0.0,0.0,50.0,0.0,300.0,150.0,0.0,0.0,150.0,75.0,40,8,27540,0,0,1,6.0,1207.008,6F,0,20020171|LRL|2025-10-31|6
,20020171,Freeze the Fire,TIM,2025-08-29,4,USA,SOC,,6.5,F,A,6 1/2F,D,5,1.0,1.0,,,2.0,1,0.0,0.0,0.0,0.0,10.0,0.0,10.0,50.0,0.0,0.0,350.0,10.0,68,6,29430,1,0,0,6.5,1307.592,6 1/2F,0,20020171|TIM|2025-08-29|4
X,20020224,Mosler Time,LRL,2025-11-23,7,USA,SOC,,8.0,F,,1M,D,5,3.0,4.0,3.0,,1.0,1,300.0,250.0,160.0,0.0,0.0,0.0,10.0,350.0,150.0,0.0,100.0,50.0,16,10,39055,0,0,1,8.0,1609.344,1M,0,20020224|LRL|2025-11-23|7
X,20020224,Mosler Time,LRL,2025-10-17,9,USA,SOC,,8.5,F,,1 1/16M,T,6,3.0,3.0,4.0,,3.0,4,350.0,600.0,650.0,0.0,450.0,600.0,100.0,50.0,400.0,0.0,150.0,300.0,77,9,30500,0,0,1,8.5,1709.928,1 1/16M,0,20020224|LRL|2025-10-17|9
X,20020224,Mosler Time,LRL,2025-09-26,9,USA,AOC,,8.5,F,,1 1/16M,T,7,5.0,6.0,8.0,,7.0,9,650.0,800.0,520.0,0.0,560.0,455.0,10.0,100.0,500.0,0.0,10.0,0.0,479,9,54500,0,0,1,8.5,1709.928,1 1/16M,0,20020224|LRL|2025-09-26|9
X,21000328,Permed,LRL,2025-11-27,5,USA,CLM,,8.0,F,,1M,D,7,1.0,2.0,5.0,,8.0,8,0.0,10.0,460.0,0.0,1410.0,2305.0,10.0,50.0,150.0,0.0,800.0,1150.0,61,9,21530,0,0,1,8.0,1609.344,1M,0,21000328|LRL|2025-11-27|5
X,21000328,Permed,LRL,2025-11-15,6,USA,SOC,,8.0,F,,1M,T,1,1.0,1.0,1.0,,2.0,5,0.0,0.0,0.0,0.0,10.0,450.0,150.0,150.0,50.0,0.0,250.0,125.0,142,10,26020,0,0,1,8.0,1609.344,1M,0,21000328|LRL|2025-11-15|6
,21000328,Permed,MED,2025-09-20,3,USA,CLM,,8.0,F,,1M,T,7,1.0,1.0,1.0,,1.0,3,0.0,0.0,0.0,0.0,0.0,75.0,50.0,50.0,100.0,0.0,150.0,100.0,102,9,25350,0,0,0,8.0,1609.344,1M,0,21000328|MED|2025-09-20|3
X,21000568,Hagrid's Flame,LRL,2025-11-30,7,USA,AOC,,8.5,F,,1 1/16M,D,3,2.0,2.0,2.0,,2.0,3,100.0,250.0,200.0,0.0,550.0,950.0,100.0,50.0,150.0,0.0,150.0,775.0,28,6,53000,0,0,1,8.5,1709.928,1 1/16M,0,21000568|LRL|2025-11-30|7
X,21000568,Hagrid's Flame,LRL,2025-11-14,4,USA,AOC,,8.5,F,,1 1/16M,D,2,4.0,3.0,5.0,,3.0,1,210.0,350.0,550.0,0.0,200.0,0.0,150.0,50.0,100.0,0.0,10.0,225.0,19,7,54295,0,0,1,8.5,1709.928,1 1/16M,0,21000568|LRL|2025-11-14|4
,21000568,Hagrid's Flame,PRX,2025-04-07,9,USA,AOC,,8.32,F,,1M 70Y,D,2,3.0,4.0,3.0,,1.0,2,350.0,210.0,20.0,0.0,0.0,0.0,50.0,150.0,100.0,0.0,50.0,175.0,18,7,50000,0,0,0,8.32,1673.71776,1M 70Y,1,21000568|PRX|2025-04-07|9
X,21000672,Catahoula Moon,LRL,2026-01-09,2,USA,SOC,,6.0,F,,6F,D,4,3.0,3.0,,,3.0,4,210.0,550.0,0.0,0.0,650.0,450.0,50.0,400.0,0.0,0.0,150.0,425.0,17,6,24000,0,0,1,6.0,1207.008,6F,0,21000672|LRL|2026-01-09|2
X,21000672,Catahoula Moon,LRL,2025-12-20,4,USA,SOC,,6.0,F,,6F,D,4,7.0,8.0,,,7.0,6,910.0,1010.0,0.0,0.0,1250.0,1525.0,100.0,0.0,0.0,0.0,1500.0,125.0,96,8,32610,0,0,1,6.0,1207.008,6F,0,21000672|LRL|2025-12-20|4
X,21000672,Catahoula Moon,LRL,2025-11-09,8,USA,SOC,,6.0,F,,6F,D,5,2.0,2.0,,,1.0,4,50.0,100.0,0.0,0.0,0.0,175.0,100.0,150.0,0.0,0.0,50.0,25.0,14,7,32980,0,0,1,6.0,1207.008,6F,0,21000672|LRL|2025-11-09|8
X,21000672,Catahoula Moon,LRL,2025-10-11,12,USA,STK,,6.0,F,,6F,D,1,6.0,7.0,,,6.0,5,470.0,910.0,0.0,0.0,710.0,650.0,10.0,10.0,0.0,0.0,300.0,275.0,124,8,100000,0,0,1,6.0,1207.008,6F,0,21000672|LRL|2025-10-11|12
,21000672,Catahoula Moon,DEL,2025-09-20,8,USA,AOC,,5.5,F,,5 1/2F,D,4,4.0,4.0,,,3.0,3,260.0,310.0,0.0,0.0,100.0,175.0,10.0,300.0,0.0,0.0,100.0,625.0,24,5,47000,0,0,0,5.5,1106.424,5 1/2F,0,21000672|DEL|2025-09-20|8
X,21000715,Goodbye Note,LRL,2025-12-28,7,USA,AOC,,8.0,F,,1M,D,3,2.0,2.0,2.0,,3.0,3,10.0,50.0,10.0,0.0,160.0,900.0,450.0,200.0,200.0,0.0,500.0,225.0,79,4,56000,0,0,1,8.0,1609.344,1M,0,21000715|LRL|2025-12-28|7
X,21000715,Goodbye Note,LRL,2025-12-07,4,USA,SOC,,6.0,F,,6F,D,4,1.0,1.0,,,1.0,1,0.0,0.0,0.0,0.0,0.0,0.0,10.0,100.0,0.0,0.0,100.0,250.0,189,7,40830,0,0,1,6.0,1207.008,6F,0,21000715|LRL|2025-12-07|4
X,21000715,Goodbye Note,LRL,2025-11-14,4,USA,AOC,,8.5,F,,1 1/16M,D,4,1.0,1.0,1.0,,1.0,4,0.0,0.0,0.0,0.0,0.0,650.0,150.0,300.0,300.0,0.0,150.0,175.0,182,7,54295,0,0,1,8.5,1709.928,1 1/16M,0,21000715|LRL|2025-11-14|4
X,21000715,Goodbye Note,LRL,2025-10-26,10,USA,AOC,,7.0,F,,7F,D,5,7.0,7.0,,,4.0,5,870.0,330.0,0.0,0.0,510.0,580.0,10.0,50.0,0.0,0.0,100.0,200.0,42,8,54000,0,0,1,7.0,1408.176,7F,0,21000715|LRL|2025-10-26|10
X,21000753,Princess Lucia,LRL,2025-12-12,7,USA,ALW,,8.0,F,,1M,D,2,2.0,3.0,4.0,,3.0,3,50.0,300.0,350.0,0.0,700.0,875.0,10.0,100.0,300.0,0.0,100.0,325.0,209,5,48000,0,0,1,8.0,1609.344,1M,0,21000753|LRL|2025-12-12|7
X,21000753,Princess Lucia,LRL,2025-09-14,4,USA,CLM,,5.5,F,,5 1/2F,D,2,2.0,2.0,,,1.0,1,100.0,150.0,0.0,0.0,0.0,0.0,50.0,50.0,0.0,0.0,10.0,100.0,157,7,22560,0,0,1,5.5,1106.424,5 1/2F,0,21000753|LRL|2025-09-14|4
X,21000753,Princess Lucia,LRL,2025-02-21,3,USA,CLM,,8.5,F,,1 1/16M,D,1,1.0,1.0,2.0,,3.0,3,0.0,0.0,10.0,0.0,360.0,950.0,200.0,50.0,250.0,0.0,350.0,100.0,18,6,22330,0,0,1,8.5,1709.928,1 1/16M,0,21000753|LRL|2025-02-21|3
X,21000753,Princess Lucia,LRL,2025-01-25,2,USA,CLM,,8.5,F,,1 1/16M,D,7,1.0,1.0,1.0,,1.0,1,0.0,0.0,0.0,0.0,0.0,0.0,200.0,150.0,50.0,0.0,200.0,350.0,83,7,23290,0,0,1,8.5,1709.928,1 1/16M,0,21000753|LRL|2025-01-25|2
X,21000940,Gourmet,LRL,2025-12-12,3,USA,SOC,,6.0,F,,6F,D,2,3.0,4.0,,,4.0,4,60.0,260.0,0.0,0.0,600.0,1125.0,50.0,100.0,0.0,0.0,250.0,275.0,120,6,30450,0,0,1,6.0,1207.008,6F,0,21000940|LRL|2025-12-12|3
,21000940,Gourmet,PEN,2025-11-13,5,USA,AOC,,8.0,F,,1M,D,3,3.0,3.0,2.0,,5.0,5,250.0,260.0,500.0,0.0,820.0,1425.0,650.0,700.0,10.0,0.0,600.0,675.0,92,6,36000,0,0,0,8.0,1609.344,1M,0,21000940|PEN|2025-11-13|5
X,21000940,Gourmet,LRL,2025-10-26,5,USA,SOC,,6.0,F,,6F,T,8,5.0,6.0,,,8.0,8,660.0,570.0,0.0,0.0,800.0,450.0,10.0,100.0,0.0,0.0,200.0,250.0,418,10,32900,0,0,1,6.0,1207.008,6F,0,21000940|LRL|2025-10-26|5
X,21000940,Gourmet,LRL,2025-10-05,4,USA,SOC,,8.5,F,,1 1/16M,T,2,1.0,1.0,1.0,,2.0,4,0.0,0.0,0.0,0.0,10.0,250.0,200.0,50.0,100.0,0.0,150.0,100.0,24,8,31000,0,0,1,8.5,1709.928,1 1/16M,0,21000940|LRL|2025-10-05|4
X,21001063,J D Factor,LRL,2025-12-28,7,USA,AOC,,8.0,F,,1M,D,2,1.0,1.0,1.0,,2.0,2,0.0,0.0,0.0,0.0,150.0,475.0,10.0,50.0,10.0,0.0,10.0,425.0,7,4,56000,0,0,1,8.0,1609.344,1M,0,21001063|LRL|2025-12-28|7
,21001063,J D Factor,PRX,2025-11-25,9,USA,AOC,,8.5,F,,1 1/16M,D,5,1.0,1.0,1.0,,1.0,1,0.0,0.0,0.0,0.0,0.0,0.0,150.0,100.0,150.0,0.0,500.0,125.0,28,8,52000,0,0,0,8.5,1709.928,1 1/16M,0,21001063|PRX|2025-11-25|9
X,21001063,J D Factor,BAQ,2025-10-18,6,USA,STR,,7.0,F,,7F,D,3,1.0,1.0,,,2.0,3,0.0,0.0,0.0,0.0,50.0,155.0,50.0,10.0,0.0,0.0,100.0,25.0,33,9,75000,0,0,1,7.0,1408.176,7F,0,21001063|BAQ|2025-10-18|6
,21001063,J D Factor,DEL,2025-09-20,8,USA,AOC,,5.5,F,,5 1/2F,D,5,3.0,3.0,,,2.0,1,210.0,110.0,0.0,0.0,50.0,0.0,50.0,200.0,0.0,0.0,50.0,125.0,19,5,47000,0,0,0,5.5,1106.424,5 1/2F,0,21001063|DEL|2025-09-20|8
X,21001404,Watch Out World,LRL,2025-11-15,9,USA,ALW,,5.5,F,,5 1/2F,T,5,5.0,7.0,,,7.0,8,350.0,510.0,0.0,0.0,660.0,660.0,10.0,50.0,0.0,0.0,10.0,0.0,74,8,49000,0,0,1,5.5,1106.424,5 1/2F,0,21001404|LRL|2025-11-15|9
,21001404,Watch Out World,LRL,2025-11-07,6,USA,ALW,,5.5,F,,5 1/2F,T,3,8.0,8.0,,,7.0,4,810.0,810.0,0.0,0.0,380.0,155.0,10.0,100.0,0.0,0.0,50.0,125.0,537,12,53470,0,0,0,5.5,1106.424,5 1/2F,0,21001404|LRL|2025-11-07|6
X,21001404,Watch Out World,LRL,2025-10-18,8,USA,ALW,,5.5,F,,5 1/2F,T,7,4.0,4.0,,,6.0,9,250.0,460.0,0.0,0.0,810.0,730.0,150.0,100.0,0.0,0.0,10.0,1225.0,279,10,50000,0,0,1,5.5,1106.424,5 1/2F,0,21001404|LRL|2025-10-18|8
X,21001500,El de Larry,LRL,2025-12-06,7,USA,ALW,,8.5,F,,1 1/16M,D,5,2.0,2.0,2.0,,3.0,3,100.0,300.0,100.0,0.0,400.0,1350.0,600.0,700.0,300.0,0.0,400.0,25.0,69,8,54410,0,0,1,8.5,1709.928,1 1/16M,0,21001500|LRL|2025-12-06|7
X,21001500,El de Larry,BAQ,2025-11-01,7,USA,ALW,,8.5,F,,1 1/16M,T,8,4.0,4.0,4.0,,5.0,8,250.0,400.0,200.0,0.0,350.0,720.0,150.0,100.0,200.0,0.0,100.0,225.0,26,10,81000,0,0,1,8.5,1709.928,1 1/16M,0,21001500|BAQ|2025-11-01|7
X,21001500,El de Larry,BAQ,2025-10-11,11,USA,ALW,,8.0,F,,1M,T,5,5.0,5.0,3.0,,1.0,2,470.0,760.0,350.0,0.0,0.0,150.0,150.0,50.0,50.0,0.0,10.0,50.0,14,9,81000,0,0,1,8.0,1609.344,1M,0,21001500|BAQ|2025-10-11|11
X,21001939,Autumn in Vermont,LRL,2025-11-29,1,USA,MCL,,6.0,F,,6F,D,5,9.0,7.0,,,6.0,5,1160.0,1050.0,0.0,0.0,680.0,900.0,450.0,10.0,0.0,0.0,100.0,275.0,145,10,26370,0,0,1,6.0,1207.008,6F,0,21001939|LRL|2025-11-29|1
X,21001939,Autumn in Vermont,LRL,2025-11-08,10,USA,MCL,,6.0,F,,6F,D,9,5.0,5.0,,,4.0,4,360.0,370.0,0.0,0.0,710.0,1330.0,150.0,150.0,0.0,0.0,100.0,225.0,73,9,26200,0,0,1,6.0,1207.008,6F,0,21001939|LRL|2025-11-08|10
X,21001939,Autumn in Vermont,LRL,2025-06-29,10,USA,MCL,,6.0,F,,6F,D,2,5.0,3.0,,,3.0,3,420.0,360.0,0.0,0.0,460.0,625.0,0.0,400.0,0.0,0.0,1200.0,1450.0,26,5,26760,0,0,1,6.0,1207.008,6F,0,21001939|LRL|2025-06-29|10
X,21002161,Bells Beach,BAQ,2025-05-15,2,USA,AOC,,9.0,F,,1 1/8M,D,1,3.0,3.0,3.0,,3.0,3,150.0,250.0,250.0,0.0,400.0,475.0,50.0,50.0,650.0,0.0,1250.0,1525.0,12,5,88000,0,0,1,9.0,1810.5120000000002,1 1/8M,0,21002161|BAQ|2025-05-15|2
X,21002161,Bells Beach,AQU,2025-04-03,1,USA,AOC,,9.0,F,,1 1/8M,D,4,2.0,2.0,2.0,,2.0,2,100.0,100.0,100.0,0.0,250.0,50.0,100.0,100.0,150.0,0.0,100.0,175.0,13,5,82000,0,0,1,9.0,1810.5120000000002,1 1/8M,0,21002161|AQU|2025-04-03|1
X,21002161,Bells Beach,AQU,2025-02-23,6,USA,AOC,,8.0,F,,1M,D,3,8.0,6.0,3.0,,3.0,2,280.0,260.0,260.0,0.0,100.0,175.0,0.0,100.0,50.0,0.0,100.0,125.0,47,8,82000,0,0,1,8.0,1609.344,1M,0,21002161|AQU|2025-02-23|6
X,21002183,Paralegal,TAM,2025-02-21,8,USA,CLM,,7.0,F,,7F,D,4,1.0,2.0,,,10.0,10,0.0,10.0,0.0,0.0,1780.0,5675.0,10.0,100.0,0.0,0.0,0.0,0.0,109,10,21000,0,0,1,7.0,1408.176,7F,0,21002183|TAM|2025-02-21|8
X,21002183,Paralegal,TAM,2025-02-09,8,USA,AOC,,6.5,F,,6 1/2F,D,9,11.0,11.0,,,10.0,9,980.0,920.0,0.0,0.0,580.0,975.0,0.0,0.0,0.0,0.0,600.0,25.0,300,11,53000,0,0,1,6.5,1307.592,6 1/2F,0,21002183|TAM|2025-02-09|8
X,21002183,Paralegal,TAM,2025-01-11,1,USA,CLM,,6.5,F,,6 1/2F,D,3,1.0,1.0,,,1.0,1,0.0,0.0,0.0,0.0,0.0,0.0,50.0,50.0,0.0,0.0,150.0,200.0,11,9,18000,0,0,1,6.5,1307.592,6 1/2F,0,21002183|TAM|2025-01-11|1
X,21002201,Dats My Pharaoh,LRL,2026-01-09,1,USA,CLM,,8.0,F,,1M,D,1,3.0,3.0,4.0,,3.0,2,160.0,200.0,220.0,0.0,210.0,175.0,10.0,100.0,150.0,0.0,200.0,275.0,14,9,25870,0,0,1,8.0,1609.344,1M,0,21002201|LRL|2026-01-09|1
X,21002201,Dats My Pharaoh,LRL,2025-12-19,3,USA,MCL,,8.5,F,,1 1/16M,D,7,5.0,5.0,3.0,,2.0,1,460.0,470.0,300.0,0.0,10.0,0.0,100.0,100.0,100.0,0.0,350.0,250.0,8,7,23550,0,0,1,8.5,1709.928,1 1/16M,0,21002201|LRL|2025-12-19|3
X,21002201,Dats My Pharaoh,LRL,2025-11-27,1,USA,MCL,,8.0,F,,1M,D,7,4.0,4.0,4.0,,2.0,2,400.0,450.0,350.0,0.0,250.0,175.0,50.0,200.0,50.0,0.0,150.0,175.0,54,9,25870,0,0,1,8.0,1609.344,1M,0,21002201|LRL|2025-11-27|1
X,21002201,Dats My Pharaoh,LRL,2025-11-02,3,USA,MCL,,8.5,F,,1 1/16M,D,4,4.0,4.0,3.0,,3.0,4,350.0,600.0,400.0,0.0,400.0,335.0,150.0,450.0,350.0,0.0,100.0,825.0,20,8,25700,0,0,1,8.5,1709.928,1 1/16M,0,21002201|LRL|2025-11-02|3
X,21002201,Dats My Pharaoh,LRL,2025-10-12,6,USA,MCL,,8.0,F,,1M,D,6,4.0,3.0,3.0,,2.0,2,170.0,210.0,350.0,0.0,450.0,625.0,10.0,10.0,200.0,0.0,50.0,400.0,109,8,23390,0,0,1,8.0,1609.344,1M,0,21002201|LRL|2025-10-12|6
X,21002357,Margaret P,LRL,2025-11-27,4,USA,SOC,,7.0,F,,7F,D,3,4.0,5.0,,,3.0,3,250.0,400.0,0.0,0.0,210.0,500.0,150.0,150.0,0.0,0.0,200.0,225.0,142,7,30950,0,0,1,7.0,1408.176,7F,0,21002357|LRL|2025-11-27|4
X,21002357,Margaret P,LRL,2025-10-24,2,USA,CLM,,6.0,F,,6F,D,2,5.0,7.0,,,7.0,7,350.0,850.0,0.0,0.0,760.0,1005.0,100.0,0.0,0.0,0.0,0.0,0.0,290,7,45300,0,0,1,6.0,1207.008,6F,0,21002357|LRL|2025-10-24|2
X,21002357,Margaret P,LRL,2025-09-21,9,USA,MCL,,7.0,F,,7F,D,4,3.0,3.0,,,2.0,1,400.0,300.0,0.0,0.0,50.0,0.0,300.0,10.0,0.0,0.0,350.0,275.0,15,7,34100,0,0,1,7.0,1408.176,7F,0,21002357|LRL|2025-09-21|9
,21002408,Mister Lincoln,PRX,2025-12-29,7,USA,CLM,,7.0,F,,7F,D,2,5.0,6.0,,,6.0,6,160.0,470.0,0.0,0.0,1000.0,1060.0,50.0,10.0,0.0,0.0,100.0,550.0,18,10,32000,0,0,0,7.0,1408.176,7F,0,21002408|PRX|2025-12-29|7
X,21002408,Mister Lincoln,LRL,2025-12-07,4,USA,SOC,,6.0,F,,6F,D,3,2.0,3.0,,,3.0,3,10.0,400.0,0.0,0.0,400.0,475.0,150.0,150.0,0.0,0.0,250.0,450.0,29,7,40830,0,0,1,6.0,1207.008,6F,0,21002408|LRL|2025-12-07|4
X,21002408,Mister Lincoln,LRL,2025-11-23,8,USA,AOC,,5.5,F,,5 1/2F,T,8,7.0,7.0,,,5.0,3,560.0,650.0,0.0,0.0,560.0,60.0,200.0,200.0,0.0,0.0,200.0,5.0,48,11,55500,0,0,1,5.5,1106.424,5 1/2F,0,21002408|LRL|2025-11-23|8
X,21002490,Work Hard,LRL,2026-01-16,8,USA,SOC,,8.5,F,,1 1/16M,D,3,8.0,7.0,4.0,,3.0,1,810.0,650.0,510.0,0.0,100.0,0.0,0.0,10.0,10.0,0.0,150.0,200.0,56,8,25020,0,0,1,8.5,1709.928,1 1/16M,0,21002490|LRL|2026-01-16|8
X,21002490,Work Hard,LRL,2025-12-27,9,USA,CLM,,8.5,F,,1 1/16M,D,7,5.0,3.0,2.0,,1.0,1,310.0,200.0,100.0,0.0,0.0,0.0,400.0,10.0,100.0,0.0,10.0,450.0,25,7,22560,0,0,1,8.5,1709.928,1 1/16M,0,21002490|LRL|2025-12-27|9
X,21002490,Work Hard,LRL,2025-12-06,5,USA,CLM,,8.0,F,,1M,D,7,7.0,5.0,3.0,,2.0,2,800.0,500.0,210.0,0.0,400.0,275.0,10.0,100.0,50.0,0.0,10.0,225.0,24,9,23890,0,0,1,8.0,1609.344,1M,0,21002490|LRL|2025-12-06|5
,21002490,Work Hard,DEL,2025-10-11,5,USA,CLM,,8.32,F,,1M 70Y,D,1,4.0,3.0,1.0,,1.0,1,200.0,100.0,0.0,0.0,0.0,0.0,10.0,10.0,300.0,0.0,500.0,375.0,36,11,15000,0,0,0,8.32,1673.71776,1M 70Y,1,21002490|DEL|2025-10-11|5
,21002490,Work Hard,DEL,2025-09-20,5,USA,CLM,,8.0,F,,1M,D,9,8.0,6.0,3.0,,2.0,2,700.0,620.0,150.0,0.0,200.0,100.0,300.0,100.0,100.0,0.0,100.0,50.0,33,10,15000,0,0,0,8.0,1609.344,1M,0,21002490|DEL|2025-09-20|5
X,21003092,A P M Notion,LRL,2026-01-09,5,USA,CLM,,6.0,F,,6F,D,7,6.0,9.0,,,9.0,9,510.0,870.0,0.0,0.0,1460.0,3325.0,10.0,0.0,0.0,0.0,0.0,0.0,961,9,19910,0,0,1,6.0,1207.008,6F,0,21003092|LRL|2026-01-09|5
X,21003092,A P M Notion,LRL,2025-12-28,6,USA,CLM,,7.0,F,,7F,D,5,3.0,2.0,,,4.0,8,300.0,100.0,0.0,0.0,550.0,2225.0,10.0,100.0,0.0,0.0,150.0,275.0,606,9,24550,0,0,1,7.0,1408.176,7F,0,21003092|LRL|2025-12-28|6
X,21003092,A P M Notion,LRL,2025-12-07,1,USA,CLM,,6.0,F,,6F,D,8,6.0,6.0,,,5.0,4,460.0,1160.0,0.0,0.0,850.0,625.0,10.0,50.0,0.0,0.0,200.0,100.0,830,8,23390,0,0,1,6.0,1207.008,6F,0,21003092|LRL|2025-12-07|1
X,21003092,A P M Notion,LRL,2025-11-15,10,USA,CLM,,5.5,F,,5 1/2F,D,4,6.0,6.0,,,7.0,6,560.0,800.0,0.0,0.0,1100.0,1525.0,250.0,150.0,0.0,0.0,0.0,50.0,181,7,23220,0,0,1,5.5,1106.424,5 1/2F,0,21003092|LRL|2025-11-15|10
X,21003092,A P M Notion,LRL,2025-10-25,7,USA,CLM,,6.0,F,,6F,D,6,6.0,4.0,,,4.0,4,520.0,410.0,0.0,0.0,550.0,975.0,150.0,100.0,0.0,0.0,250.0,50.0,84,8,25700,0,0,1,6.0,1207.008,6F,0,21003092|LRL|2025-10-25|7
X,21003152,Nogradi,LRL,2025-11-16,3,USA,MCL,,8.0,F,,1M,T,1,1.0,1.0,1.0,,2.0,7,0.0,0.0,0.0,0.0,10.0,530.0,10.0,50.0,10.0,0.0,100.0,150.0,47,9,34200,0,0,1,8.0,1609.344,1M,0,21003152|LRL|2025-11-16|3
X,21003152,Nogradi,LRL,2025-10-18,6,USA,MSW,,9.0,F,,1 1/8M,T,8,4.0,3.0,4.0,,4.0,8,300.0,250.0,250.0,0.0,400.0,785.0,10.0,10.0,150.0,0.0,10.0,100.0,232,11,49500,0,0,1,9.0,1810.5120000000002,1 1/8M,0,21003152|LRL|2025-10-18|6
X,21003152,Nogradi,LRL,2025-09-12,7,USA,MCL,,8.5,F,,1 1/16M,T,4,2.0,2.0,2.0,,2.0,3,100.0,50.0,100.0,0.0,300.0,850.0,150.0,50.0,450.0,0.0,550.0,400.0,25,6,41000,0,0,1,8.5,1709.928,1 1/16M,0,21003152|LRL|2025-09-12|7
X,21003278,Weekend Wife,LRL,2025-12-28,6,USA,CLM,,7.0,F,,7F,D,7,9.0,9.0,,,7.0,4,860.0,900.0,0.0,0.0,910.0,775.0,0.0,0.0,0.0,0.0,10.0,150.0,72,9,24550,0,0,1,7.0,1408.176,7F,0,21003278|LRL|2025-12-28|6
X,21003278,Weekend Wife,LRL,2025-12-12,1,USA,SOC,,7.0,F,,7F,D,8,6.0,5.0,,,5.0,5,510.0,810.0,0.0,0.0,600.0,750.0,100.0,50.0,0.0,0.0,200.0,150.0,20,8,27900,0,0,1,7.0,1408.176,7F,0,21003278|LRL|2025-12-12|1
X,21003278,Weekend Wife,LRL,2025-11-14,9,USA,ALW,,6.0,F,,6F,D,4,6.0,6.0,,,6.0,7,610.0,510.0,0.0,0.0,910.0,1025.0,600.0,700.0,0.0,0.0,300.0,0.0,297,7,48500,0,0,1,6.0,1207.008,6F,0,21003278|LRL|2025-11-14|9
X,21003278,Weekend Wife,LRL,2025-09-19,7,USA,ALW,,6.0,F,,6F,D,1,7.0,8.0,,,8.0,7,550.0,1010.0,0.0,0.0,1450.0,1575.0,10.0,0.0,0.0,0.0,0.0,75.0,96,8,49000,0,0,1,6.0,1207.008,6F,0,21003278|LRL|2025-09-19|7
X,21003278,Weekend Wife,LRL,2025-04-27,7,USA,ALW,,8.0,F,,1M,D,3,3.0,3.0,3.0,,4.0,5,150.0,200.0,350.0,0.0,650.0,935.0,50.0,50.0,50.0,0.0,10.0,75.0,34,7,48300,0,0,1,8.0,1609.344,1M,0,21003278|LRL|2025-04-27|7
X,21003341,Waldrip,LRL,2025-12-28,8,USA,CLM,,9.0,F,,1 1/8M,D,4,2.0,3.0,2.0,,1.0,1,100.0,100.0,10.0,0.0,0.0,0.0,100.0,250.0,200.0,0.0,200.0,450.0,3,6,18410,0,0,1,9.0,1810.5120000000002,1 1/8M,0,21003341|LRL|2025-12-28|8
,21003341,Waldrip,PRX,2025-11-28,4,USA,CLM,,8.0,F,,1M,D,6,2.0,2.0,2.0,,2.0,2,100.0,10.0,100.0,0.0,150.0,125.0,50.0,50.0,50.0,0.0,200.0,325.0,25,7,24000,0,0,0,8.0,1609.344,1M,0,21003341|PRX|2025-11-28|4
X,21003341,Waldrip,LRL,2025-11-01,7,USA,SOC,,8.0,F,,1M,D,5,10.0,8.0,7.0,,7.0,7,960.0,1210.0,1070.0,0.0,1110.0,750.0,0.0,300.0,300.0,0.0,250.0,925.0,27,10,26020,0,0,1,8.0,1609.344,1M,0,21003341|LRL|2025-11-01|7
,21003341,Waldrip,PEN,2025-10-22,7,USA,CLM,,8.0,F,,1M,D,1,2.0,5.0,5.0,,2.0,1,10.0,300.0,370.0,0.0,150.0,0.0,150.0,100.0,250.0,0.0,150.0,10.0,22,8,18000,0,0,0,8.0,1609.344,1M,0,21003341|PEN|2025-10-22|7
X,21003545,Bigdaddysboy,LRL,2025-11-22,4,USA,SOC,,5.5,F,,5 1/2F,T,4,10.0,10.0,,,9.0,9,1430.0,1360.0,0.0,0.0,1260.0,890.0,0.0,0.0,0.0,0.0,150.0,875.0,154,10,26740,0,0,1,5.5,1106.424,5 1/2F,0,21003545|LRL|2025-11-22|4
X,21003545,Bigdaddysboy,LRL,2025-11-15,9,USA,ALW,,5.5,F,,5 1/2F,T,4,7.0,8.0,,,8.0,6,460.0,560.0,0.0,0.0,670.0,535.0,100.0,0.0,0.0,0.0,0.0,25.0,265,8,49000,0,0,1,5.5,1106.424,5 1/2F,0,21003545|LRL|2025-11-15|9
X,21003545,Bigdaddysboy,LRL,2025-10-18,8,USA,ALW,,5.5,F,,5 1/2F,T,1,2.0,2.0,,,3.0,7,100.0,400.0,0.0,0.0,500.0,605.0,50.0,10.0,0.0,0.0,10.0,75.0,380,10,50000,0,0,1,5.5,1106.424,5 1/2F,0,21003545|LRL|2025-10-18|8
X,21003590,Whiskeyinthejaro,LRL,2025-12-06,7,USA,ALW,,8.5,F,,1 1/16M,D,1,8.0,8.0,6.0,,6.0,6,2200.0,1950.0,1750.0,0.0,1450.0,3350.0,0.0,0.0,600.0,0.0,1500.0,1875.0,175,8,54410,0,0,1,8.5,1709.928,1 1/16M,0,21003590|LRL|2025-12-06|7
X,21003590,Whiskeyinthejaro,LRL,2025-11-16,9,USA,ALW,,9.0,F,,1 1/8M,T,2,8.0,9.0,9.0,,8.0,6,910.0,870.0,1200.0,0.0,750.0,590.0,10.0,150.0,500.0,0.0,350.0,225.0,146,10,51000,0,0,1,9.0,1810.5120000000002,1 1/8M,0,21003590|LRL|2025-11-16|9
X,21003590,Whiskeyinthejaro,LRL,2025-10-11,6,USA,SHP,,8.5,F,,1 1/16M,T,3,9.0,10.0,9.0,,8.0,1,870.0,960.0,1170.0,0.0,700.0,0.0,10.0,250.0,50.0,0.0,200.0,5.0,49,11,51000,0,0,1,8.5,1709.928,1 1/16M,0,21003590|LRL|2025-10-11|6
X,21003826,Hockey,GP,2025-04-11,3,USA,CLM,,8.32,F,,1M 70Y,D,4,1.0,1.0,3.0,,4.0,6,0.0,0.0,20.0,0.0,160.0,800.0,250.0,50.0,50.0,0.0,50.0,100.0,56,8,26000,0,0,1,8.32,1673.71776,1M 70Y,1,21003826|GP|2025-04-11|3
X,21003826,Hockey,GP,2025-03-21,3,USA,CLM,,5.5,F,,5 1/2F,D,4,3.0,3.0,,,5.0,5,160.0,300.0,0.0,0.0,400.0,600.0,250.0,250.0,0.0,0.0,10.0,200.0,31,6,28000,0,0,1,5.5,1106.424,5 1/2F,0,21003826|GP|2025-03-21|3
X,21003826,Hockey,GP,2025-02-20,5,USA,CLM,,8.0,F,,1M,T,2,5.0,6.0,6.0,,7.0,7,460.0,260.0,260.0,0.0,570.0,1005.0,50.0,100.0,50.0,0.0,50.0,1275.0,107,8,41000,0,0,1,8.0,1609.344,1M,0,21003826|GP|2025-02-20|5
,21003849,Point Dume,PRX,2025-12-31,7,USA,STK,,8.5,F,,1 1/16M,D,1,1.0,1.0,1.0,,1.0,2,0.0,0.0,0.0,0.0,0.0,75.0,150.0,300.0,100.0,0.0,10.0,400.0,34,8,75000,0,0,0,8.5,1709.928,1 1/16M,0,21003849|PRX|2025-12-31|7
X,21003849,Point Dume,CD,2025-11-15,10,USA,STR,,9.0,F,,1 1/8M,D,11,5.0,5.0,5.0,,2.0,5,210.0,300.0,130.0,0.0,50.0,325.0,100.0,10.0,50.0,0.0,10.0,100.0,70,14,200000,0,0,1,9.0,1810.5120000000002,1 1/8M,0,21003849|CD|2025-11-15|10
,21003849,Point Dume,PRX,2025-10-21,9,USA,STK,,8.0,F,,1M,D,5,2.0,1.0,1.0,,1.0,1,10.0,0.0,0.0,0.0,0.0,0.0,200.0,50.0,150.0,0.0,200.0,150.0,57,8,75000,0,0,0,8.0,1609.344,1M,0,21003849|PRX|2025-10-21|9
X,21003877,Shine On Moon,LRL,2025-11-15,7,USA,ALW,,9.0,F,,1 1/8M,T,2,1.0,1.0,2.0,,2.0,4,0.0,0.0,10.0,0.0,150.0,675.0,50.0,10.0,200.0,0.0,50.0,25.0,371,10,53205,0,0,1,9.0,1810.5120000000002,1 1/8M,0,21003877|LRL|2025-11-15|7
X,21003877,Shine On Moon,LRL,2025-10-24,5,USA,ALW,,8.5,F,,1 1/16M,T,2,5.0,4.0,6.0,,5.0,4,260.0,310.0,810.0,0.0,800.0,600.0,200.0,10.0,250.0,0.0,100.0,25.0,75,8,50000,0,0,1,8.5,1709.928,1 1/16M,0,21003877|LRL|2025-10-24|5
X,21003877,Shine On Moon,LRL,2025-09-28,9,USA,ALW,,8.5,F,,1 1/16M,T,4,3.0,4.0,3.0,,2.0,2,210.0,360.0,260.0,0.0,10.0,25.0,10.0,150.0,10.0,0.0,50.0,50.0,85,7,50970,0,0,1,8.5,1709.928,1 1/16M,0,21003877|LRL|2025-09-28|9
X,21003964,Juniper Juice,LRL,2025-11-27,8,USA,ALW,,8.0,F,,1M,T,2,4.0,4.0,5.0,,3.0,2,650.0,450.0,550.0,0.0,350.0,300.0,100.0,50.0,150.0,0.0,50.0,50.0,37,7,48500,0,0,1,8.0,1609.344,1M,0,21003964|LRL|2025-11-27|8
X,21003964,Juniper Juice,LRL,2025-11-01,10,USA,ALW,,8.5,F,,1 1/16M,T,1,3.0,3.0,3.0,,2.0,3,650.0,350.0,350.0,0.0,100.0,375.0,150.0,10.0,10.0,0.0,10.0,50.0,68,7,48000,0,0,1,8.5,1709.928,1 1/16M,0,21003964|LRL|2025-11-01|10
X,21003964,Juniper Juice,LRL,2025-10-11,10,USA,STK,,8.5,F,,1 1/16M,T,7,5.0,6.0,4.0,,5.0,2,450.0,570.0,410.0,0.0,270.0,250.0,100.0,100.0,10.0,0.0,150.0,50.0,53,8,125000,0,0,1,8.5,1709.928,1 1/16M,0,21003964|LRL|2025-10-11|10
X,21004097,Sheilahs Warcloud,LRL,2025-11-28,4,USA,AOC,,8.5,F,,1 1/16M,D,2,5.0,4.0,4.0,,5.0,3,420.0,270.0,360.0,0.0,270.0,400.0,200.0,10.0,250.0,0.0,500.0,175.0,45,6,60155,0,0,1,8.5,1709.928,1 1/16M,0,21004097|LRL|2025-11-28|4
X,21004097,Sheilahs Warcloud,LRL,2025-11-09,9,USA,STK,,8.5,F,,1 1/16M,D,3,3.0,3.0,3.0,,3.0,5,250.0,210.0,300.0,0.0,360.0,500.0,150.0,50.0,150.0,0.0,150.0,75.0,19,7,100000,0,0,1,8.5,1709.928,1 1/16M,0,21004097|LRL|2025-11-09|9
X,21004097,Sheilahs Warcloud,LRL,2025-10-11,7,USA,STK,,7.0,F,,7F,D,7,8.0,6.0,,,4.0,4,660.0,460.0,0.0,0.0,400.0,575.0,10.0,400.0,0.0,0.0,50.0,100.0,59,12,102030,0,0,1,7.0,1408.176,7F,0,21004097|LRL|2025-10-11|7
,21004183,Thirty West,PEN,2025-12-04,4,USA,SOC,,8.32,F,,1M 70Y,D,1,1.0,1.0,3.0,,4.0,4,0.0,0.0,100.0,0.0,400.0,1075.0,200.0,150.0,10.0,0.0,200.0,250.0,219,6,20000,0,0,0,8.32,1673.71776,1M 70Y,1,21004183|PEN|2025-12-04|4
X,21004183,Thirty West,LRL,2025-10-26,1,USA,SOC,,5.5,F,,5 1/2F,T,10,4.0,2.0,,,10.0,10,160.0,10.0,0.0,0.0,550.0,985.0,10.0,10.0,0.0,0.0,0.0,0.0,142,10,26380,0,0,1,5.5,1106.424,5 1/2F,0,21004183|LRL|2025-10-26|1
,21004183,Thirty West,DEL,2025-10-04,3,USA,SOC,,8.0,F,,1M,T,2,1.0,1.0,1.0,,3.0,9,0.0,0.0,0.0,0.0,300.0,790.0,100.0,100.0,100.0,0.0,10.0,225.0,572,12,25000,0,0,0,8.0,1609.344,1M,0,21004183|DEL|2025-10-04|3
X,21004220,Masakado,LRL,2025-12-13,2,USA,SOC,,9.0,F,,1 1/8M,D,4,1.0,1.0,1.0,,3.0,3,0.0,0.0,0.0,0.0,20.0,775.0,100.0,50.0,50.0,0.0,600.0,275.0,14,5,24000,0,0,1,9.0,1810.5120000000002,1 1/8M,0,21004220|LRL|2025-12-13|2
X,21004220,Masakado,LRL,2025-11-29,2,USA,CLM,,8.5,F,,1 1/16M,D,1,1.0,1.0,1.0,,1.0,1,0.0,0.0,0.0,0.0,0.0,0.0,10.0,100.0,450.0,0.0,450.0,825.0,28,8,19140,0,0,1,8.5,1709.928,1 1/16M,0,21004220|LRL|2025-11-29|2
X,21004220,Masakado,LRL,2025-10-17,4,USA,CLM,,8.0,F,,1M,D,7,2.0,2.0,5.0,,4.0,4,150.0,150.0,170.0,0.0,160.0,575.0,10.0,10.0,400.0,0.0,200.0,450.0,34,9,21260,0,0,1,8.0,1609.344,1M,0,21004220|LRL|2025-10-17|4
,21004220,Masakado,DEL,2025-10-04,1,USA,CLM,,8.32,F,,1M 70Y,D,8,1.0,2.0,1.0,,2.0,3,0.0,10.0,0.0,0.0,100.0,300.0,10.0,250.0,10.0,0.0,100.0,25.0,30,9,21000,0,0,0,8.32,1673.71776,1M 70Y,1,21004220|DEL|2025-10-04|1
,21004286,White Series,PEN,2025-11-28,8,USA,CLM,,8.0,F,,1M,D,6,2.0,2.0,2.0,,2.0,3,10.0,50.0,50.0,0.0,100.0,210.0,100.0,100.0,150.0,0.0,100.0,150.0,242,9,22000,0,0,0,8.0,1609.344,1M,0,21004286|PEN|2025-11-28|8
,21004286,White Series,PEN,2025-09-18,3,USA,ALW,,8.0,F,,1M,D,4,4.0,4.0,5.0,,4.0,4,350.0,400.0,460.0,0.0,700.0,900.0,200.0,10.0,500.0,0.0,300.0,75.0,47,8,35000,0,0,0,8.0,1609.344,1M,0,21004286|PEN|2025-09-18|3
,21004286,White Series,PEN,2025-08-22,6,USA,SOC,,8.0,F,,1M,D,3,2.0,2.0,2.0,,1.0,1,400.0,300.0,50.0,0.0,0.0,0.0,250.0,250.0,600.0,0.0,150.0,300.0,23,5,21000,0,0,0,8.0,1609.344,1M,0,21004286|PEN|2025-08-22|6
X,21004295,Who's the King,AQU,2025-12-27,6,USA,CLM,,8.0,F,,1M,D,3,1.0,1.0,2.0,,4.0,5,0.0,0.0,150.0,0.0,650.0,1200.0,50.0,10.0,10.0,0.0,50.0,100.0,39,9,43000,0,0,1,8.0,1609.344,1M,0,21004295|AQU|2025-12-27|6
X,21004295,Who's the King,AQU,2025-12-11,6,USA,STR,,9.0,F,,1 1/8M,D,2,1.0,1.0,1.0,,4.0,5,0.0,0.0,0.0,0.0,70.0,355.0,50.0,50.0,50.0,0.0,250.0,475.0,225,9,65000,0,0,1,9.0,1810.5120000000002,1 1/8M,0,21004295|AQU|2025-12-11|6
X,21004295,Who's the King,AQU,2025-11-07,8,USA,CLM,,8.0,F,,1M,D,8,5.0,5.0,4.0,,4.0,6,360.0,310.0,110.0,0.0,250.0,850.0,400.0,550.0,50.0,0.0,150.0,225.0,42,9,43000,0,0,1,8.0,1609.344,1M,0,21004295|AQU|2025-11-07|8
X,21004312,Secret Zipper,LRL,2025-11-22,8,USA,STK,,9.0,F,,1 1/8M,D,6,2.0,2.0,2.0,,4.0,5,200.0,250.0,250.0,0.0,700.0,1475.0,250.0,300.0,50.0,0.0,250.0,4500.0,62,6,100000,0,0,1,9.0,1810.5120000000002,1 1/8M,0,21004312|LRL|2025-11-22|8
X,21004312,Secret Zipper,LRL,2025-09-14,8,USA,AOC,,8.5,F,,1 1/16M,D,3,1.0,1.0,1.0,,1.0,3,0.0,0.0,0.0,0.0,0.0,750.0,350.0,500.0,500.0,0.0,150.0,10.0,57,6,58520,0,0,1,8.5,1709.928,1 1/16M,0,21004312|LRL|2025-09-14|8
,21004312,Secret Zipper,TIM,2025-08-24,7,USA,AOC,,8.0,F,,1M,D,4,3.0,2.0,4.0,,4.0,5,160.0,200.0,600.0,0.0,410.0,535.0,10.0,50.0,50.0,0.0,50.0,5.0,59,7,51800,0,0,0,8.0,1609.344,1M,0,21004312|TIM|2025-08-24|7
,21004468,Conquest Dancer,DEL,2025-10-04,5,USA,SOC,,8.32,F,,1M 70Y,T,4,3.0,2.0,1.0,,1.0,5,110.0,50.0,0.0,0.0,0.0,575.0,100.0,250.0,10.0,0.0,10.0,100.0,288,8,29000,0,0,0,8.32,1673.71776,1M 70Y,1,21004468|DEL|2025-10-04|5
,21004468,Conquest Dancer,DEL,2025-09-20,4,USA,SOC,,5.0,F,,5F,T,2,5.0,4.0,,,4.0,5,260.0,160.0,0.0,0.0,220.0,145.0,10.0,10.0,0.0,0.0,200.0,25.0,365,10,29000,0,0,0,5.0,1005.84,5F,0,21004468|DEL|2025-09-20|4
,21004468,Conquest Dancer,DEL,2025-08-23,2,USA,CLM,,6.0,F,,6F,D,1,4.0,3.0,,,4.0,3,110.0,150.0,0.0,0.0,110.0,110.0,50.0,10.0,0.0,0.0,10.0,275.0,21,6,21000,0,0,0,6.0,1207.008,6F,0,21004468|DEL|2025-08-23|2
X,21004487,Northern Flame,LRL,2025-11-28,8,USA,AOC,,6.0,F,,6F,D,5,1.0,2.0,,,2.0,2,0.0,10.0,0.0,0.0,100.0,5.0,200.0,150.0,0.0,0.0,150.0,25.0,47,6,61040,0,0,1,6.0,1207.008,6F,0,21004487|LRL|2025-11-28|8
X,21004487,Northern Flame,LRL,2025-09-07,8,USA,STK,,8.0,F,,1M,D,2,1.0,1.0,2.0,,2.0,2,0.0,0.0,250.0,0.0,1000.0,1700.0,250.0,100.0,350.0,0.0,700.0,1400.0,135,3,100000,0,0,1,8.0,1609.344,1M,0,21004487|LRL|2025-09-07|8
X,21004487,Northern Flame,MTH,2025-08-31,5,USA,STK,,5.0,F,,5F,D,3,2.0,2.0,,,2.0,3,100.0,100.0,0.0,0.0,300.0,475.0,100.0,50.0,0.0,0.0,10.0,100.0,65,5,100000,0,0,1,5.0,1005.84,5F,0,21004487|MTH|2025-08-31|5
X,21004504,Mr. Keys,LRL,2025-11-16,9,USA,ALW,,9.0,F,,1 1/8M,T,7,1.0,1.0,1.0,,7.0,7,0.0,0.0,0.0,0.0,700.0,815.0,150.0,100.0,100.0,0.0,50.0,350.0,91,10,51000,0,0,1,9.0,1810.5120000000002,1 1/8M,0,21004504|LRL|2025-11-16|9
X,21004504,Mr. Keys,LRL,2025-10-25,8,USA,ALW,,8.5,F,,1 1/16M,T,10,2.0,1.0,1.0,,1.0,5,250.0,0.0,0.0,0.0,0.0,130.0,100.0,10.0,50.0,0.0,100.0,5.0,136,10,56145,0,0,1,8.5,1709.928,1 1/16M,0,21004504|LRL|2025-10-25|8
X,21004504,Mr. Keys,LRL,2025-10-10,9,USA,ALW,,6.0,F,,6F,D,5,4.0,8.0,,,7.0,7,360.0,980.0,0.0,0.0,1510.0,2010.0,150.0,0.0,0.0,0.0,200.0,775.0,45,8,55880,0,0,1,6.0,1207.008,6F,0,21004504|LRL|2025-10-10|9
X,21004535,Proud Divi,LRL,2025-11-07,2,USA,SOC,,6.0,F,,6F,D,3,7.0,7.0,,,7.0,7,,,0.0,0.0,,,,,0.0,0.0,,,32,7,30370,0,0,1,6.0,1207.008,6F,0,21004535|LRL|2025-11-07|2
,21004535,Proud Divi,MED,2025-09-27,5,USA,SOC,,5.0,F,,5F,T,1,1.0,1.0,,,2.0,3,0.0,0.0,0.0,0.0,10.0,205.0,10.0,150.0,0.0,0.0,200.0,375.0,10,4,22000,0,0,0,5.0,1005.84,5F,0,21004535|MED|2025-09-27|5
,21004535,Proud Divi,TIM,2025-08-24,6,USA,AOC,,6.5,F,A,6 1/2F,D,3,1.0,1.0,,,1.0,1,0.0,0.0,0.0,0.0,0.0,0.0,200.0,450.0,0.0,0.0,600.0,25.0,11,5,47470,1,0,0,6.5,1307.592,6 1/2F,0,21004535|TIM|2025-08-24|6
,21004573,Back Forty,PEN,2025-10-30,5,USA,CLM,,6.0,F,,6F,D,5,2.0,2.0,,,2.0,1,100.0,150.0,0.0,0.0,100.0,0.0,250.0,450.0,0.0,0.0,350.0,300.0,14,5,28000,0,0,0,6.0,1207.008,6F,0,21004573|PEN|2025-10-30|5
,21004573,Back Forty,PEN,2025-08-29,2,USA,AOC,,6.0,F,,6F,D,1,4.0,4.0,,,3.0,3,260.0,550.0,0.0,0.0,250.0,300.0,0.0,0.0,0.0,0.0,300.0,700.0,15,4,36000,0,0,0,6.0,1207.008,6F,0,21004573|PEN|2025-08-29|2
,21004573,Back Forty,PEN,2025-07-18,6,USA,AOC,,6.0,F,,6F,D,3,1.0,1.0,,,1.0,1,0.0,0.0,0.0,0.0,0.0,0.0,150.0,150.0,0.0,0.0,300.0,425.0,15,6,39000,0,0,0,6.0,1207.008,6F,0,21004573|PEN|2025-07-18|6
X,21004579,Bond's Belle,LRL,2025-12-13,3,USA,CLM,,5.5,F,,5 1/2F,D,6,3.0,3.0,,,3.0,2,110.0,160.0,0.0,0.0,450.0,475.0,400.0,450.0,0.0,0.0,250.0,250.0,73,6,24700,0,0,1,5.5,1106.424,5 1/2F,0,21004579|LRL|2025-12-13|3
X,21004579,Bond's Belle,LRL,2025-11-16,5,USA,CLM,,6.0,F,,6F,D,1,5.0,2.0,,,2.0,2,310.0,250.0,0.0,0.0,350.0,300.0,200.0,150.0,0.0,0.0,250.0,75.0,92,9,24550,0,0,1,6.0,1207.008,6F,0,21004579|LRL|2025-11-16|5
X,21004579,Bond's Belle,LRL,2025-10-26,4,USA,CLM,,6.0,F,,6F,D,1,5.0,4.0,,,1.0,2,260.0,350.0,0.0,0.0,0.0,25.0,150.0,10.0,0.0,0.0,10.0,100.0,119,9,26530,0,0,1,6.0,1207.008,6F,0,21004579|LRL|2025-10-26|4
X,21004579,Bond's Belle,LRL,2025-10-05,7,USA,CLM,,6.0,F,,6F,D,5,6.0,4.0,,,4.0,2,700.0,210.0,0.0,0.0,160.0,225.0,10.0,10.0,0.0,0.0,200.0,50.0,209,8,25700,0,0,1,6.0,1207.008,6F,0,21004579|LRL|2025-10-05|7
X,21004662,Likebelivingnmagic,LRL,2025-12-21,6,USA,CLM,,8.0,F,,1M,D,10,7.0,8.0,9.0,,10.0,9,670.0,1060.0,820.0,0.0,1230.0,1715.0,10.0,50.0,150.0,0.0,200.0,275.0,593,11,21450,0,0,1,8.0,1609.344,1M,0,21004662|LRL|2025-12-21|6
X,21004662,Likebelivingnmagic,LRL,2025-12-14,4,USA,CLM,,5.5,F,,5 1/2F,D,6,7.0,7.0,,,7.0,5,1350.0,1510.0,0.0,0.0,910.0,635.0,0.0,0.0,0.0,0.0,0.0,225.0,281,7,19450,0,0,1,5.5,1106.424,5 1/2F,0,21004662|LRL|2025-12-14|4
X,21004662,Likebelivingnmagic,LRL,2025-11-29,2,USA,CLM,,8.5,F,,1 1/16M,D,3,3.0,3.0,3.0,,5.0,4,110.0,150.0,550.0,0.0,900.0,1330.0,150.0,10.0,10.0,0.0,600.0,50.0,192,8,19140,0,0,1,8.5,1709.928,1 1/16M,0,21004662|LRL|2025-11-29|2
X,21004662,Likebelivingnmagic,LRL,2025-10-03,3,USA,SOC,,5.5,F,,5 1/2F,T,10,3.0,6.0,,,9.0,10,400.0,660.0,0.0,0.0,1220.0,1930.0,200.0,150.0,0.0,0.0,200.0,0.0,664,10,26020,0,0,1,5.5,1106.424,5 1/2F,0,21004662|LRL|2025-10-03|3
X,21004662,Likebelivingnmagic,LRL,2025-09-20,5,USA,SOC,,8.0,F,,1M,T,8,7.0,6.0,8.0,,8.0,8,700.0,510.0,770.0,0.0,1570.0,2500.0,200.0,150.0,0.0,0.0,0.0,0.0,358,8,30000,0,0,1,8.0,1609.344,1M,0,21004662|LRL|2025-09-20|5
X,21004771,Happy Jaunt,LRL,2025-12-27,9,USA,CLM,,8.5,F,,1 1/16M,D,6,2.0,2.0,3.0,,4.0,4,100.0,50.0,200.0,0.0,510.0,1180.0,150.0,150.0,50.0,0.0,200.0,25.0,51,7,22560,0,0,1,8.5,1709.928,1 1/16M,0,21004771|LRL|2025-12-27|9
X,21004771,Happy Jaunt,LRL,2025-12-13,6,USA,SOC,,6.0,F,,6F,D,2,2.0,5.0,,,7.0,7,100.0,500.0,0.0,0.0,1210.0,1675.0,10.0,10.0,0.0,0.0,0.0,0.0,170,7,27760,0,0,1,6.0,1207.008,6F,0,21004771|LRL|2025-12-13|6
X,21004771,Happy Jaunt,LRL,2025-11-23,5,USA,SOC,,8.0,F,,1M,D,6,3.0,2.0,2.0,,3.0,3,200.0,100.0,350.0,0.0,350.0,700.0,100.0,50.0,10.0,0.0,350.0,525.0,236,9,26240,0,0,1,8.0,1609.344,1M,0,21004771|LRL|2025-11-23|5
X,21004771,Happy Jaunt,LRL,2025-10-17,5,USA,SOC,,8.5,F,,1 1/16M,T,8,6.0,5.0,6.0,,7.0,4,420.0,410.0,330.0,0.0,370.0,175.0,10.0,10.0,200.0,0.0,10.0,10.0,351,12,27020,0,0,1,8.5,1709.928,1 1/16M,0,21004771|LRL|2025-10-17|5
X,21004771,Happy Jaunt,LRL,2025-09-05,1,USA,SOC,,8.0,F,,1M,T,6,2.0,3.0,2.0,,3.0,3,150.0,60.0,10.0,0.0,400.0,280.0,50.0,200.0,100.0,0.0,10.0,50.0,662,8,33300,0,0,1,8.0,1609.344,1M,0,21004771|LRL|2025-09-05|1
X,21004898,Riyadh Moon,LRL,2025-11-27,7,USA,AOC,,6.0,F,,6F,D,1,5.0,5.0,,,6.0,5,510.0,750.0,0.0,0.0,960.0,1725.0,10.0,10.0,0.0,0.0,100.0,175.0,27,8,55590,0,0,1,6.0,1207.008,6F,0,21004898|LRL|2025-11-27|7
X,21004898,Riyadh Moon,BAQ,2025-10-11,2,USA,CLM,,6.5,F,,6 1/2F,D,2,6.0,6.0,,,5.0,2,850.0,910.0,0.0,0.0,820.0,600.0,0.0,0.0,0.0,0.0,50.0,100.0,80,6,60000,0,0,1,6.5,1307.592,6 1/2F,0,21004898|BAQ|2025-10-11|2
X,21004898,Riyadh Moon,SAR,2025-08-14,2,USA,CLM,,7.0,F,,7F,D,5,6.0,6.0,,,2.0,1,550.0,700.0,0.0,0.0,200.0,0.0,0.0,0.0,0.0,0.0,100.0,125.0,87,6,48000,0,0,1,7.0,1408.176,7F,0,21004898|SAR|2025-08-14|2
X,21005073,Navani,LRL,2025-12-19,8,USA,AOC,,8.0,F,,1M,D,6,5.0,5.0,3.0,,3.0,4,450.0,410.0,160.0,0.0,350.0,285.0,200.0,150.0,150.0,0.0,200.0,150.0,80,8,55590,0,0,1,8.0,1609.344,1M,0,21005073|LRL|2025-12-19|8
X,21005073,Navani,LRL,2025-11-28,4,USA,AOC,,8.5,F,,1 1/16M,D,5,3.0,3.0,2.0,,2.0,4,110.0,20.0,10.0,0.0,50.0,575.0,300.0,250.0,50.0,0.0,10.0,400.0,81,6,60155,0,0,1,8.5,1709.928,1 1/16M,0,21005073|LRL|2025-11-28|4
X,21005073,Navani,LRL,2025-11-09,9,USA,STK,,8.5,F,,1 1/16M,D,4,4.0,5.0,6.0,,6.0,7,400.0,410.0,560.0,0.0,530.0,725.0,50.0,50.0,150.0,0.0,100.0,0.0,55,7,100000,0,0,1,8.5,1709.928,1 1/16M,0,21005073|LRL|2025-11-09|9
X,21005073,Navani,LRL,2025-09-26,4,USA,AOC,,8.5,F,,1 1/16M,D,7,4.0,4.0,2.0,,2.0,2,550.0,410.0,450.0,0.0,250.0,225.0,150.0,200.0,10.0,0.0,700.0,800.0,145,7,59860,0,0,1,8.5,1709.928,1 1/16M,0,21005073|LRL|2025-09-26|4
X,21005169,Stormy Irish Lass,LRL,2025-12-05,8,USA,CLM,,6.0,F,,6F,D,2,4.0,4.0,,,4.0,5,800.0,1100.0,0.0,0.0,1050.0,850.0,150.0,150.0,0.0,0.0,150.0,475.0,245,7,19450,0,0,1,6.0,1207.008,6F,0,21005169|LRL|2025-12-05|8
,21005169,Stormy Irish Lass,CT,2025-10-22,8,USA,CLM,,6.5,F,,6 1/2F,D,6,7.0,5.0,,,7.0,7,510.0,450.0,0.0,0.0,1010.0,1950.0,500.0,150.0,0.0,0.0,300.0,725.0,21,8,15800,0,0,0,6.5,1307.592,6 1/2F,0,21005169|CT|2025-10-22|8
,21005169,Stormy Irish Lass,DEL,2025-08-20,1,USA,CLM,,5.5,F,,5 1/2F,D,4,8.0,5.0,,,2.0,1,430.0,400.0,0.0,0.0,100.0,0.0,600.0,10.0,0.0,0.0,10.0,375.0,62,9,16000,0,0,0,5.5,1106.424,5 1/2F,0,21005169|DEL|2025-08-20|1
X,21005178,Backstretch Rose,LRL,2025-11-09,9,USA,STK,,8.5,F,,1 1/16M,D,1,7.0,7.0,7.0,,4.0,3,600.0,560.0,710.0,0.0,510.0,350.0,0.0,0.0,0.0,0.0,10.0,125.0,54,7,100000,0,0,1,8.5,1709.928,1 1/16M,0,21005178|LRL|2025-11-09|9
X,21005178,Backstretch Rose,KEE,2025-10-25,1,USA,STR,,8.5,F,,1 1/16M,D,1,8.0,8.0,8.0,,6.0,5,850.0,1000.0,900.0,0.0,530.0,435.0,100.0,200.0,300.0,0.0,100.0,150.0,90,9,69000,0,0,1,8.5,1709.928,1 1/16M,0,21005178|KEE|2025-10-25|1
X,21005178,Backstretch Rose,LRL,2025-09-28,8,USA,ALW,,8.0,F,,1M,D,6,5.0,5.0,3.0,,1.0,1,420.0,410.0,160.0,0.0,0.0,0.0,300.0,450.0,150.0,0.0,200.0,200.0,79,6,50470,0,0,1,8.0,1609.344,1M,0,21005178|LRL|2025-09-28|8
,21005285,Gregorian Solo,DEL,2025-10-15,3,USA,CLM,,8.32,F,,1M 70Y,D,9,8.0,8.0,7.0,,5.0,9,470.0,680.0,470.0,0.0,130.0,0.0,100.0,50.0,200.0,0.0,100.0,10.0,34,9,16000,0,0,0,8.32,1673.71776,1M 70Y,1,21005285|DEL|2025-10-15|3
,21005285,Gregorian Solo,DEL,2025-09-20,3,USA,CLM,,6.0,F,,6F,D,8,8.0,4.0,,,3.0,3,520.0,400.0,0.0,0.0,300.0,100.0,50.0,10.0,0.0,0.0,100.0,125.0,24,9,16000,0,0,0,6.0,1207.008,6F,0,21005285|DEL|2025-09-20|3
,21005285,Gregorian Solo,DEL,2025-08-23,5,USA,CLM,,8.0,F,A,1M,T,3,3.0,4.0,5.0,,5.0,6,200.0,360.0,300.0,0.0,460.0,805.0,100.0,50.0,100.0,0.0,200.0,10.0,284,8,22000,1,0,0,8.0,1609.344,1M,0,21005285|DEL|2025-08-23|5
,21005461,Lady Arwen,PRX,2025-12-24,1,USA,CLM,,6.5,F,,6 1/2F,D,6,4.0,11.0,,,12.0,12,70.0,540.0,0.0,0.0,1300.0,1750.0,100.0,200.0,0.0,0.0,0.0,0.0,535,12,21000,0,0,0,6.5,1307.592,6 1/2F,0,21005461|PRX|2025-12-24|1
,21005461,Lady Arwen,PRX,2025-11-10,5,USA,CLM,,6.5,F,,6 1/2F,D,3,4.0,3.0,,,5.0,6,160.0,150.0,0.0,0.0,710.0,610.0,150.0,50.0,0.0,0.0,200.0,100.0,134,8,21000,0,0,0,6.5,1307.592,6 1/2F,0,21005461|PRX|2025-11-10|5
,21005461,Lady Arwen,DEL,2025-10-16,2,USA,CLM,,5.5,F,,5 1/2F,D,7,6.0,5.0,,,6.0,6,220.0,220.0,0.0,0.0,850.0,1025.0,600.0,50.0,0.0,0.0,300.0,650.0,40,7,16000,0,0,0,5.5,1106.424,5 1/2F,0,21005461|DEL|2025-10-16|2
X,21005601,Superlastingsecret,LRL,2025-12-26,6,USA,MCL,,5.5,F,,5 1/2F,D,6,2.0,2.0,,,2.0,1,200.0,150.0,0.0,0.0,50.0,0.0,100.0,50.0,0.0,0.0,350.0,425.0,11,11,27200,0,0,1,5.5,1106.424,5 1/2F,0,21005601|LRL|2025-12-26|6
X,21005601,Superlastingsecret,LRL,2025-11-30,6,USA,MCL,,6.0,F,,6F,D,7,2.0,2.0,,,1.0,2,250.0,100.0,0.0,0.0,0.0,225.0,100.0,250.0,0.0,0.0,200.0,75.0,26,10,25050,0,0,1,6.0,1207.008,6F,0,21005601|LRL|2025-11-30|6
X,21005601,Superlastingsecret,LRL,2025-11-09,3,USA,MCL,,5.5,F,,5 1/2F,T,7,1.0,1.0,,,1.0,3,0.0,0.0,0.0,0.0,0.0,85.0,50.0,150.0,0.0,0.0,250.0,100.0,56,10,28540,0,0,1,5.5,1106.424,5 1/2F,0,21005601|LRL|2025-11-09|3
,21005601,Superlastingsecret,DEL,2025-07-23,9,USA,MCL,,5.5,F,,5 1/2F,D,4,2.0,1.0,,,2.0,3,10.0,0.0,0.0,0.0,200.0,125.0,10.0,10.0,0.0,0.0,10.0,125.0,16,7,24000,0,0,0,5.5,1106.424,5 1/2F,0,21005601|DEL|2025-07-23|9
X,21005837,Ariel Moon,LRL,2025-12-07,1,USA,CLM,,6.0,F,,6F,D,6,1.0,1.0,,,1.0,3,0.0,0.0,0.0,0.0,0.0,200.0,100.0,400.0,0.0,0.0,150.0,425.0,58,8,23390,0,0,1,6.0,1207.008,6F,0,21005837|LRL|2025-12-07|1
X,21005837,Ariel Moon,LRL,2025-11-22,1,USA,SOC,,5.5,F,,5 1/2F,T,7,8.0,7.0,,,6.0,6,420.0,570.0,0.0,0.0,660.0,475.0,100.0,150.0,0.0,0.0,250.0,200.0,30,9,28040,0,0,1,5.5,1106.424,5 1/2F,0,21005837|LRL|2025-11-22|1
X,21005837,Ariel Moon,LRL,2025-11-01,3,USA,SOC,,5.5,F,,5 1/2F,T,2,10.0,8.0,,,8.0,2,810.0,760.0,0.0,0.0,480.0,200.0,100.0,10.0,0.0,0.0,10.0,75.0,35,12,27740,0,0,1,5.5,1106.424,5 1/2F,0,21005837|LRL|2025-11-01|3
X,21005927,Mainstream Sellout,LRL,2025-12-27,5,USA,ALW,,8.5,F,,1 1/16M,D,5,4.0,2.0,5.0,,6.0,6,70.0,300.0,760.0,0.0,1460.0,2060.0,150.0,10.0,150.0,0.0,0.0,0.0,462,6,55615,0,0,1,8.5,1709.928,1 1/16M,0,21005927|LRL|2025-12-27|5
X,21005927,Mainstream Sellout,LRL,2025-11-27,5,USA,CLM,,8.0,F,,1M,D,8,2.0,1.0,2.0,,3.0,4,10.0,0.0,150.0,0.0,550.0,1130.0,50.0,10.0,10.0,0.0,250.0,475.0,112,9,21530,0,0,1,8.0,1609.344,1M,0,21005927|LRL|2025-11-27|5
X,21005927,Mainstream Sellout,LRL,2025-11-15,7,USA,ALW,,9.0,F,,1 1/8M,T,10,3.0,3.0,3.0,,10.0,10,200.0,110.0,210.0,0.0,920.0,1180.0,150.0,100.0,10.0,0.0,0.0,0.0,767,10,53205,0,0,1,9.0,1810.5120000000002,1 1/8M,0,21005927|LRL|2025-11-15|7
X,21005927,Mainstream Sellout,LRL,2025-11-08,5,USA,SOC,,8.0,F,,1M,T,5,6.0,5.0,5.0,,6.0,2,660.0,550.0,370.0,0.0,510.0,200.0,100.0,50.0,150.0,0.0,100.0,5.0,320,10,34045,0,0,1,8.0,1609.344,1M,0,21005927|LRL|2025-11-08|5
X,21006052,Takethemoneyhoney,LRL,2025-12-20,7,USA,STK,,6.0,F,,6F,D,3,3.0,5.0,,,2.0,1,200.0,220.0,0.0,0.0,50.0,0.0,50.0,200.0,0.0,0.0,10.0,100.0,8,8,100000,0,0,1,6.0,1207.008,6F,0,21006052|LRL|2025-12-20|7
X,21006052,Takethemoneyhoney,LRL,2025-11-22,6,USA,STK,,6.5,F,,6 1/2F,D,2,2.0,2.0,,,1.0,2,200.0,250.0,0.0,0.0,0.0,10.0,10.0,10.0,0.0,0.0,10.0,725.0,8,5,100000,0,0,1,6.5,1307.592,6 1/2F,0,21006052|LRL|2025-11-22|6
X,21006052,Takethemoneyhoney,MTH,2025-05-11,5,USA,STK,,8.32,F,,1M 70Y,D,2,1.0,1.0,1.0,,1.0,1,0.0,0.0,0.0,0.0,0.0,0.0,50.0,100.0,10.0,0.0,10.0,5.0,20,4,100000,0,0,1,8.32,1673.71776,1M 70Y,1,21006052|MTH|2025-05-11|5
X,21006052,Takethemoneyhoney,LRL,2025-04-13,7,USA,AOC,,8.0,F,,1M,D,9,2.0,1.0,1.0,,1.0,1,10.0,0.0,0.0,0.0,0.0,0.0,250.0,50.0,300.0,0.0,600.0,525.0,5,9,60260,0,0,1,8.0,1609.344,1M,0,21006052|LRL|2025-04-13|7
,21006102,Ollie Boy,PEN,2025-12-04,6,USA,CLM,,6.0,F,,6F,D,6,5.0,3.0,,,2.0,2,170.0,310.0,0.0,0.0,400.0,575.0,400.0,400.0,0.0,0.0,150.0,250.0,145,6,11000,0,0,0,6.0,1207.008,6F,0,21006102|PEN|2025-12-04|6
,21006102,Ollie Boy,CT,2025-10-31,8,USA,CLM,,6.5,F,,6 1/2F,D,10,7.0,8.0,,,5.0,4,560.0,870.0,0.0,0.0,1210.0,1200.0,100.0,200.0,0.0,0.0,50.0,75.0,228,10,12400,0,0,0,6.5,1307.592,6 1/2F,0,21006102|CT|2025-10-31|8
,21006102,Ollie Boy,CT,2025-10-10,5,USA,MCL,,6.5,F,,6 1/2F,D,5,3.0,3.0,,,2.0,1,20.0,150.0,0.0,0.0,100.0,0.0,10.0,250.0,0.0,0.0,100.0,75.0,57,8,12400,0,0,0,6.5,1307.592,6 1/2F,0,21006102|CT|2025-10-10|5
X,21006267,Firstlady Rosalynn,AQU,2025-11-28,3,USA,CLM,,6.5,F,,6 1/2F,D,3,5.0,5.0,,,5.0,5,350.0,230.0,0.0,0.0,1350.0,,0.0,0.0,0.0,0.0,0.0,,34,5,38000,0,0,1,6.5,1307.592,6 1/2F,0,21006267|AQU|2025-11-28|3
,21006267,Firstlady Rosalynn,PEN,2025-10-30,5,USA,CLM,,6.0,F,,6F,D,3,3.0,3.0,,,5.0,5,350.0,600.0,0.0,0.0,810.0,1625.0,550.0,200.0,0.0,0.0,0.0,0.0,59,5,28000,0,0,0,6.0,1207.008,6F,0,21006267|PEN|2025-10-30|5
,21006267,Firstlady Rosalynn,TIM,2025-08-24,6,USA,AOC,,6.5,F,A,6 1/2F,D,4,3.0,2.0,,,3.0,3,210.0,450.0,0.0,0.0,610.0,575.0,400.0,200.0,0.0,0.0,400.0,550.0,28,5,47470,1,0,0,6.5,1307.592,6 1/2F,0,21006267|TIM|2025-08-24|6
,21006298,Lady Sriracha,PRX,2025-10-20,2,USA,CLM,,6.0,F,,6F,D,7,6.0,5.0,,,4.0,2,270.0,360.0,0.0,0.0,400.0,150.0,10.0,10.0,0.0,0.0,100.0,50.0,54,8,23000,0,0,0,6.0,1207.008,6F,0,21006298|PRX|2025-10-20|2
,21006298,Lady Sriracha,PRX,2025-10-01,8,USA,SOC,,6.5,F,,6 1/2F,D,4,4.0,4.0,,,5.0,7,310.0,500.0,0.0,0.0,700.0,800.0,200.0,10.0,0.0,0.0,50.0,0.0,41,7,26000,0,0,0,6.5,1307.592,6 1/2F,0,21006298|PRX|2025-10-01|8
,21006298,Lady Sriracha,PRX,2025-09-15,5,USA,SOC,,6.0,F,,6F,D,7,6.0,5.0,,,3.0,3,610.0,370.0,0.0,0.0,400.0,550.0,700.0,400.0,0.0,0.0,10.0,200.0,41,7,26000,0,0,0,6.0,1207.008,6F,0,21006298|PRX|2025-09-15|5
X,21006430,Irish Hero,LRL,2025-11-21,2,USA,SOC,,6.0,F,,6F,D,2,2.0,2.0,,,2.0,8,200.0,200.0,0.0,0.0,400.0,430.0,300.0,350.0,0.0,0.0,100.0,100.0,197,9,25520,0,0,1,6.0,1207.008,6F,0,21006430|LRL|2025-11-21|2
,21006430,Irish Hero,CT,2025-10-25,7,USA,ALW,,4.5,F,,4 1/2F,D,4,1.0,,,,1.0,1,0.0,0.0,0.0,0.0,0.0,0.0,100.0,0.0,0.0,0.0,200.0,125.0,8,7,31700,0,0,0,4.5,905.2560000000001,4 1/2F,0,21006430|CT|2025-10-25|7
X,21006430,Irish Hero,LRL,2025-10-11,3,USA,SHP,,7.0,F,,7F,D,10,1.0,1.0,,,2.0,10,0.0,0.0,0.0,0.0,200.0,1475.0,100.0,100.0,0.0,0.0,10.0,300.0,93,11,40800,0,0,1,7.0,1408.176,7F,0,21006430|LRL|2025-10-11|3
X,21006691,Petingas Twin,LRL,2025-11-22,7,USA,STK,,6.0,F,,6F,D,2,5.0,3.0,,,2.0,1,220.0,160.0,0.0,0.0,150.0,0.0,150.0,50.0,0.0,0.0,150.0,5.0,22,6,100000,0,0,1,6.0,1207.008,6F,0,21006691|LRL|2025-11-22|7
X,21006691,Petingas Twin,LRL,2025-10-19,10,USA,AOC,,6.0,F,,6F,D,4,3.0,3.0,,,1.0,1,60.0,160.0,0.0,0.0,0.0,0.0,200.0,300.0,0.0,0.0,200.0,300.0,48,7,56500,0,0,1,6.0,1207.008,6F,0,21006691|LRL|2025-10-19|10
,21006691,Petingas Twin,DEL,2025-08-20,6,USA,AOC,,6.0,F,,6F,D,1,4.0,3.0,,,2.0,4,160.0,150.0,0.0,0.0,50.0,275.0,250.0,10.0,0.0,0.0,50.0,150.0,44,5,48000,0,0,0,6.0,1207.008,6F,0,21006691|DEL|2025-08-20|6
X,21006724,Laddie Dance,LRL,2025-12-26,1,USA,CLM,,6.0,F,,6F,D,6,7.0,7.0,,,5.0,2,660.0,910.0,0.0,0.0,510.0,250.0,10.0,150.0,0.0,0.0,50.0,25.0,34,11,23070,0,0,1,6.0,1207.008,6F,0,21006724|LRL|2025-12-26|1
X,21006724,Laddie Dance,LRL,2025-12-06,1,USA,CLM,,6.0,F,,6F,D,1,2.0,3.0,,,2.0,2,150.0,260.0,0.0,0.0,300.0,25.0,100.0,250.0,0.0,0.0,100.0,100.0,13,6,18680,0,0,1,6.0,1207.008,6F,0,21006724|LRL|2025-12-06|1
X,21006724,Laddie Dance,LRL,2025-11-21,2,USA,SOC,,6.0,F,,6F,D,3,5.0,5.0,,,7.0,7,810.0,700.0,0.0,0.0,860.0,355.0,10.0,150.0,0.0,0.0,100.0,75.0,29,9,25520,0,0,1,6.0,1207.008,6F,0,21006724|LRL|2025-11-21|2
X,21006724,Laddie Dance,LRL,2025-11-07,4,USA,CLM,,6.0,F,,6F,D,6,2.0,2.0,,,1.0,1,150.0,50.0,0.0,0.0,0.0,0.0,300.0,500.0,0.0,0.0,200.0,700.0,96,8,20760,0,0,1,6.0,1207.008,6F,0,21006724|LRL|2025-11-07|4
X,21006938,Uniwinner,LRL,2025-11-14,1,USA,CLM,,6.0,F,,6F,D,7,3.0,1.0,,,1.0,1,60.0,0.0,0.0,0.0,0.0,0.0,50.0,50.0,0.0,0.0,150.0,300.0,29,9,23890,0,0,1,6.0,1207.008,6F,0,21006938|LRL|2025-11-14|1
X,21006938,Uniwinner,LRL,2025-10-04,8,USA,CLM,,6.0,F,,6F,D,1,3.0,3.0,,,3.0,2,250.0,160.0,0.0,0.0,160.0,75.0,50.0,50.0,0.0,0.0,300.0,300.0,34,7,24870,0,0,1,6.0,1207.008,6F,0,21006938|LRL|2025-10-04|8
X,21006938,Uniwinner,LRL,2025-09-14,2,USA,CLM,,5.5,F,,5 1/2F,D,2,4.0,3.0,,,3.0,2,570.0,650.0,0.0,0.0,300.0,50.0,400.0,50.0,0.0,0.0,200.0,175.0,35,7,24540,0,0,1,5.5,1106.424,5 1/2F,0,21006938|LRL|2025-09-14|2
X,21007150,Northern Cardinal,LRL,2025-12-26,6,USA,MCL,,5.5,F,,5 1/2F,D,2,1.0,1.0,,,1.0,3,0.0,0.0,0.0,0.0,0.0,475.0,200.0,150.0,0.0,0.0,50.0,75.0,145,11,27200,0,0,1,5.5,1106.424,5 1/2F,0,21007150|LRL|2025-12-26|6
X,21007150,Northern Cardinal,LRL,2025-10-19,4,USA,MCL,,6.0,F,,6F,D,3,1.0,1.0,,,8.0,8,0.0,0.0,0.0,0.0,1270.0,3930.0,350.0,200.0,0.0,0.0,0.0,0.0,62,8,25370,0,0,1,6.0,1207.008,6F,0,21007150|LRL|2025-10-19|4
X,21007150,Northern Cardinal,LRL,2025-09-27,11,USA,MCL,,6.0,F,,6F,D,9,4.0,4.0,,,4.0,4,200.0,30.0,0.0,0.0,220.0,475.0,200.0,200.0,0.0,0.0,100.0,50.0,74,9,24550,0,0,1,6.0,1207.008,6F,0,21007150|LRL|2025-09-27|11
,21007150,Northern Cardinal,TIM,2025-08-31,3,USA,MCL,,4.0,F,,4F,D,1,3.0,,,,2.0,2,20.0,0.0,0.0,0.0,50.0,500.0,500.0,0.0,0.0,0.0,100.0,150.0,38,6,20000,0,0,0,4.0,804.672,4F,0,21007150|TIM|2025-08-31|3
X,21007178,Stress Reliever,LRL,2025-12-12,3,USA,SOC,,6.0,F,,6F,D,1,1.0,1.0,,,3.0,2,0.0,0.0,0.0,0.0,300.0,825.0,10.0,10.0,0.0,0.0,300.0,100.0,44,6,30450,0,0,1,6.0,1207.008,6F,0,21007178|LRL|2025-12-12|3
X,21007178,Stress Reliever,BAQ,2025-10-23,4,USA,CLM,,8.0,F,,1M,D,7,3.0,2.0,2.0,,4.0,3,110.0,150.0,100.0,0.0,110.0,225.0,100.0,10.0,100.0,0.0,150.0,175.0,141,10,33000,0,0,1,8.0,1609.344,1M,0,21007178|BAQ|2025-10-23|4
,21007178,Stress Reliever,PRX,2025-10-08,2,USA,SOC,,6.0,F,,6F,D,3,5.0,5.0,,,4.0,3,130.0,370.0,0.0,0.0,620.0,650.0,0.0,0.0,0.0,0.0,700.0,200.0,29,5,28000,0,0,0,6.0,1207.008,6F,0,21007178|PRX|2025-10-08|2
,21007178,Stress Reliever,DEL,2025-08-07,5,USA,SOC,,8.0,F,,1M,D,1,4.0,4.0,7.0,,7.0,7,200.0,160.0,770.0,0.0,720.0,1680.0,50.0,10.0,0.0,0.0,0.0,0.0,38,7,26000,0,0,0,8.0,1609.344,1M,0,21007178|DEL|2025-08-07|5
X,21007291,Quint's Brew,LRL,2025-12-20,5,USA,STK,,7.0,F,,7F,D,1,3.0,5.0,,,2.0,2,200.0,260.0,0.0,0.0,250.0,300.0,10.0,0.0,0.0,0.0,300.0,625.0,7,5,100000,0,0,1,7.0,1408.176,7F,0,21007291|LRL|2025-12-20|5
X,21007291,Quint's Brew,BAQ,2025-05-04,9,USA,STK,3,8.0,F,,1M,D,7,1.0,2.0,2.0,,2.0,2,0.0,10.0,10.0,0.0,10.0,50.0,50.0,150.0,150.0,0.0,400.0,650.0,17,7,175000,0,1,1,8.0,1609.344,1M,0,21007291|BAQ|2025-05-04|9
X,21007291,Quint's Brew,AQU,2025-04-05,10,USA,STK,2,7.0,F,,7F,D,2,3.0,3.0,,,1.0,2,110.0,60.0,0.0,0.0,0.0,25.0,50.0,100.0,0.0,0.0,150.0,250.0,23,7,300000,0,1,1,7.0,1408.176,7F,0,21007291|AQU|2025-04-05|10
X,21007291,Quint's Brew,LRL,2025-02-15,8,USA,STK,,7.0,F,,7F,D,2,2.0,2.0,,,1.0,1,10.0,10.0,0.0,0.0,0.0,0.0,50.0,150.0,0.0,0.0,250.0,550.0,8,6,200000,0,0,1,7.0,1408.176,7F,0,21007291|LRL|2025-02-15|8
X,21007295,Electric Eel,LRL,2026-01-23,1,USA,SOC,,7.0,F,,7F,D,4,4.0,5.0,,,9.0,9,210.0,560.0,0.0,0.0,1100.0,1095.0,50.0,10.0,0.0,0.0,0.0,0.0,185,9,30935,0,0,1,7.0,1408.176,7F,0,21007295|LRL|2026-01-23|1
X,21007295,Electric Eel,LRL,2025-11-23,7,USA,SOC,,8.0,F,,1M,D,10,5.0,5.0,5.0,,4.0,4,560.0,600.0,460.0,0.0,510.0,425.0,150.0,200.0,150.0,0.0,250.0,250.0,644,10,39055,0,0,1,8.0,1609.344,1M,0,21007295|LRL|2025-11-23|7
X,21007295,Electric Eel,LRL,2025-11-09,8,USA,SOC,,6.0,F,,6F,D,4,4.0,3.0,,,3.0,3,300.0,250.0,0.0,0.0,60.0,100.0,50.0,10.0,0.0,0.0,10.0,75.0,381,7,32980,0,0,1,6.0,1207.008,6F,0,21007295|LRL|2025-11-09|8
X,21007295,Electric Eel,LRL,2025-10-24,7,USA,SOC,,6.0,F,,6F,D,4,7.0,8.0,,,6.0,6,270.0,870.0,0.0,0.0,1300.0,1700.0,10.0,300.0,0.0,0.0,10.0,125.0,330,9,41830,0,0,1,6.0,1207.008,6F,0,21007295|LRL|2025-10-24|7
X,21007462,Next Girl,LRL,2025-12-19,8,USA,AOC,,8.0,F,,1M,D,8,2.0,3.0,1.0,,2.0,2,50.0,110.0,0.0,0.0,50.0,5.0,50.0,200.0,10.0,0.0,300.0,5.0,11,8,55590,0,0,1,8.0,1609.344,1M,0,21007462|LRL|2025-12-19|8
X,21007462,Next Girl,CD,2025-11-15,7,USA,STR,,8.0,F,,1M,D,9,2.0,2.0,2.0,,1.0,1,100.0,150.0,50.0,0.0,0.0,0.0,10.0,50.0,400.0,0.0,10.0,5.0,31,11,100000,0,0,1,8.0,1609.344,1M,0,21007462|CD|2025-11-15|7
X,21007462,Next Girl,LRL,2025-10-11,7,USA,STK,,7.0,F,,7F,D,6,10.0,9.0,,,8.0,6,820.0,1070.0,0.0,0.0,800.0,850.0,150.0,150.0,0.0,0.0,150.0,150.0,112,12,102030,0,0,1,7.0,1408.176,7F,0,21007462|LRL|2025-10-11|7
X,21007462,Next Girl,CNL,2025-09-13,7,USA,OCL,,8.0,F,,1M,T,7,2.0,2.0,2.0,,4.0,4,100.0,150.0,50.0,0.0,260.0,250.0,100.0,150.0,50.0,0.0,200.0,125.0,25,8,40000,0,0,1,8.0,1609.344,1M,0,21007462|CNL|2025-09-13|7
X,21007664,Missy Boss,LRL,2025-12-28,4,USA,SOC,,8.5,F,,1 1/16M,D,2,1.0,1.0,2.0,,5.0,6,0.0,0.0,100.0,0.0,750.0,3100.0,200.0,400.0,150.0,0.0,600.0,0.0,57,6,24000,0,0,1,8.5,1709.928,1 1/16M,0,21007664|LRL|2025-12-28|4
X,21007664,Missy Boss,LRL,2025-11-28,5,USA,CLM,,8.5,F,,1 1/16M,D,6,1.0,1.0,1.0,,1.0,1,0.0,0.0,0.0,0.0,0.0,0.0,200.0,250.0,100.0,0.0,350.0,625.0,96,8,21300,0,0,1,8.5,1709.928,1 1/16M,0,21007664|LRL|2025-11-28|5
,21007664,Missy Boss,PEN,2025-11-13,2,USA,CLM,,8.5,F,,1 1/16M,D,2,1.0,1.0,1.0,,1.0,1,0.0,0.0,0.0,0.0,0.0,0.0,150.0,150.0,200.0,0.0,500.0,875.0,70,6,12000,0,0,0,8.5,1709.928,1 1/16M,0,21007664|PEN|2025-11-13|2
,21007664,Missy Boss,DEL,2025-10-15,3,USA,CLM,,8.32,F,,1M 70Y,D,2,1.0,1.0,3.0,,6.0,5,0.0,0.0,200.0,0.0,230.0,1260.0,50.0,10.0,10.0,0.0,300.0,500.0,66,9,16000,0,0,0,8.32,1673.71776,1M 70Y,1,21007664|DEL|2025-10-15|3
X,21007720,Intrepid's Legacy,LRL,2026-01-09,9,USA,AOC,,6.0,F,,6F,D,5,3.0,5.0,,,5.0,4,350.0,460.0,0.0,0.0,710.0,475.0,10.0,400.0,0.0,0.0,300.0,5.0,7,6,57770,0,0,1,6.0,1207.008,6F,0,21007720|LRL|2026-01-09|9
X,21007720,Intrepid's Legacy,LRL,2025-12-20,2,USA,ALW,,7.0,F,,7F,D,5,4.0,4.0,,,2.0,1,500.0,260.0,0.0,0.0,150.0,0.0,150.0,350.0,0.0,0.0,10.0,125.0,7,7,53910,0,0,1,7.0,1408.176,7F,0,21007720|LRL|2025-12-20|2
X,21007720,Intrepid's Legacy,LRL,2025-11-30,4,USA,ALW,,6.0,F,,6F,D,5,3.0,1.0,,,1.0,1,110.0,0.0,0.0,0.0,0.0,0.0,100.0,300.0,0.0,0.0,150.0,125.0,15,6,48000,0,0,1,6.0,1207.008,6F,0,21007720|LRL|2025-11-30|4
X,21007720,Intrepid's Legacy,LRL,2025-11-07,9,USA,ALW,,6.0,F,,6F,D,3,2.0,1.0,,,2.0,5,10.0,0.0,0.0,0.0,10.0,475.0,100.0,10.0,0.0,0.0,50.0,10.0,55,9,54910,0,0,1,6.0,1207.008,6F,0,21007720|LRL|2025-11-07|9
,21007720,Intrepid's Legacy,DEL,2025-08-30,7,USA,AOC,,5.5,F,,5 1/2F,D,1,2.0,4.0,,,5.0,5,50.0,260.0,0.0,0.0,120.0,250.0,50.0,100.0,0.0,0.0,100.0,875.0,28,6,46000,0,0,0,5.5,1106.424,5 1/2F,0,21007720|DEL|2025-08-30|7
X,21007729,Kissedbyanangel,LRL,2025-12-19,8,USA,AOC,,8.0,F,,1M,D,7,4.0,4.0,4.0,,6.0,6,200.0,310.0,310.0,0.0,760.0,785.0,250.0,100.0,10.0,0.0,300.0,375.0,115,8,55590,0,0,1,8.0,1609.344,1M,0,21007729|LRL|2025-12-19|8
X,21007729,Kissedbyanangel,LRL,2025-10-11,7,USA,STK,,7.0,F,,7F,D,9,6.0,8.0,,,10.0,12,460.0,1060.0,0.0,0.0,1100.0,2750.0,100.0,10.0,0.0,0.0,200.0,0.0,859,12,102030,0,0,1,7.0,1408.176,7F,0,21007729|LRL|2025-10-11|7
X,21007729,Kissedbyanangel,LRL,2025-09-26,8,USA,AOC,,6.0,F,,6F,D,4,6.0,6.0,,,7.0,6,430.0,860.0,0.0,0.0,1150.0,1375.0,250.0,250.0,0.0,0.0,0.0,375.0,136,7,58180,0,0,1,6.0,1207.008,6F,0,21007729|LRL|2025-09-26|8
X,21007729,Kissedbyanangel,LRL,2024-12-21,6,USA,AOC,,8.0,F,,1M,D,5,4.0,4.0,4.0,,5.0,4,400.0,210.0,500.0,0.0,750.0,600.0,350.0,500.0,100.0,0.0,200.0,100.0,29,8,59165,0,0,1,8.0,1609.344,1M,0,21007729|LRL|2024-12-21|6
X,21007744,Skip Thru Da Fire,LRL,2025-12-26,9,USA,CLM,,6.0,F,,6F,D,3,3.0,3.0,,,2.0,1,450.0,310.0,0.0,0.0,10.0,0.0,100.0,50.0,0.0,0.0,100.0,25.0,75,7,20260,0,0,1,6.0,1207.008,6F,0,21007744|LRL|2025-12-26|9
X,21007744,Skip Thru Da Fire,LRL,2025-12-05,8,USA,CLM,,6.0,F,,6F,D,4,6.0,7.0,,,5.0,3,1250.0,1550.0,0.0,0.0,1200.0,800.0,150.0,0.0,0.0,0.0,100.0,25.0,203,7,19450,0,0,1,6.0,1207.008,6F,0,21007744|LRL|2025-12-05|8
X,21007744,Skip Thru Da Fire,LRL,2025-11-27,5,USA,CLM,,8.0,F,,1M,D,5,4.0,6.0,7.0,,6.0,5,160.0,360.0,620.0,0.0,1060.0,1605.0,250.0,300.0,250.0,0.0,100.0,25.0,59,9,21530,0,0,1,8.0,1609.344,1M,0,21007744|LRL|2025-11-27|5
X,21007744,Skip Thru Da Fire,LRL,2025-10-31,10,USA,CLM,,8.5,F,,1 1/16M,D,5,4.0,4.0,4.0,,3.0,3,160.0,600.0,760.0,0.0,800.0,1150.0,250.0,150.0,150.0,0.0,50.0,25.0,36,7,19450,0,0,1,8.5,1709.928,1 1/16M,0,21007744|LRL|2025-10-31|10
X,21007943,Arrow Speed,LRL,2025-11-23,7,USA,SOC,,8.0,F,,1M,D,9,8.0,8.0,7.0,,6.0,6,810.0,860.0,810.0,0.0,860.0,725.0,600.0,100.0,500.0,0.0,350.0,1175.0,56,10,39055,0,0,1,8.0,1609.344,1M,0,21007943|LRL|2025-11-23|7
,21007943,Arrow Speed,DEL,2025-09-25,3,USA,CLM,,8.32,F,,1M 70Y,D,4,7.0,5.0,4.0,,3.0,3,550.0,310.0,160.0,0.0,100.0,50.0,0.0,50.0,50.0,0.0,10.0,200.0,52,7,30000,0,0,0,8.32,1673.71776,1M 70Y,1,21007943|DEL|2025-09-25|3
,21007943,Arrow Speed,PRX,2025-09-03,5,USA,CLM,,8.32,F,,1M 70Y,D,2,1.0,1.0,2.0,,2.0,2,0.0,0.0,50.0,0.0,150.0,350.0,100.0,50.0,250.0,0.0,500.0,325.0,6,5,32000,0,0,0,8.32,1673.71776,1M 70Y,1,21007943|PRX|2025-09-03|5
X,21008045,Return Fire,LRL,2026-01-09,1,USA,CLM,,8.0,F,,1M,D,5,1.0,1.0,1.0,,2.0,3,0.0,0.0,0.0,0.0,10.0,450.0,10.0,50.0,200.0,0.0,200.0,10.0,140,9,25870,0,0,1,8.0,1609.344,1M,0,21008045|LRL|2026-01-09|1
X,21008045,Return Fire,LRL,2025-11-30,2,USA,CLM,,8.0,F,,1M,D,4,4.0,4.0,4.0,,5.0,6,70.0,410.0,760.0,0.0,770.0,1450.0,500.0,400.0,350.0,0.0,200.0,675.0,124,7,25200,0,0,1,8.0,1609.344,1M,0,21008045|LRL|2025-11-30|2
X,21008045,Return Fire,LRL,2025-11-07,7,USA,CLM,,8.0,F,,1M,D,5,2.0,2.0,2.0,,3.0,5,50.0,10.0,150.0,0.0,200.0,880.0,100.0,50.0,150.0,0.0,10.0,325.0,282,8,25370,0,0,1,8.0,1609.344,1M,0,21008045|LRL|2025-11-07|7
,21008045,Return Fire,DEL,2025-08-13,3,USA,CLM,,7.5,F,A,7 1/2F,T,3,2.0,2.0,,,5.0,8,100.0,100.0,0.0,0.0,320.0,1375.0,100.0,100.0,0.0,0.0,10.0,0.0,212,8,21000,1,0,0,7.5,1508.76,7 1/2F,0,21008045|DEL|2025-08-13|3
X,21008059,Half a League,LRL,2025-10-31,2,USA,SOC,,7.0,F,,7F,D,6,4.0,4.0,,,4.0,3,260.0,610.0,0.0,0.0,700.0,875.0,150.0,50.0,0.0,0.0,50.0,75.0,151,6,26180,0,0,1,7.0,1408.176,7F,0,21008059|LRL|2025-10-31|2
,21008059,Half a League,DEL,2025-09-18,9,USA,CLM,,6.0,F,,6F,D,2,7.0,7.0,,,7.0,6,770.0,760.0,0.0,0.0,1000.0,1135.0,0.0,0.0,0.0,0.0,0.0,500.0,194,7,25000,0,0,0,6.0,1207.008,6F,0,21008059|DEL|2025-09-18|9
,21008059,Half a League,DEL,2025-08-13,3,USA,CLM,,7.5,F,A,7 1/2F,T,1,7.0,8.0,,,6.0,5,510.0,510.0,0.0,0.0,330.0,525.0,100.0,0.0,0.0,0.0,10.0,50.0,61,8,21000,1,0,0,7.5,1508.76,7 1/2F,0,21008059|DEL|2025-08-13|3
X,21008169,Davyjonz,LRL,2025-12-20,2,USA,ALW,,7.0,F,,7F,D,4,5.0,5.0,,,4.0,4,650.0,610.0,0.0,0.0,510.0,525.0,150.0,50.0,0.0,0.0,100.0,5.0,95,7,53910,0,0,1,7.0,1408.176,7F,0,21008169|LRL|2025-12-20|2
X,21008169,Davyjonz,LRL,2025-11-27,8,USA,ALW,,8.0,F,,1M,T,3,2.0,2.0,2.0,,1.0,1,200.0,150.0,100.0,0.0,0.0,0.0,300.0,200.0,250.0,0.0,50.0,300.0,22,7,48500,0,0,1,8.0,1609.344,1M,0,21008169|LRL|2025-11-27|8
X,21008169,Davyjonz,LRL,2025-10-31,9,USA,ALW,,8.0,F,,1M,D,5,1.0,1.0,2.0,,2.0,2,0.0,0.0,50.0,0.0,300.0,625.0,150.0,200.0,250.0,0.0,500.0,575.0,55,5,48000,0,0,1,8.0,1609.344,1M,0,21008169|LRL|2025-10-31|9
X,21008169,Davyjonz,LRL,2025-10-11,4,USA,STK,,9.0,F,,1 1/8M,T,1,3.0,3.0,3.0,,3.0,5,250.0,400.0,200.0,0.0,600.0,600.0,200.0,100.0,10.0,0.0,150.0,300.0,476,8,125000,0,0,1,9.0,1810.5120000000002,1 1/8M,0,21008169|LRL|2025-10-11|4
X,21008503,Concrete Faze,LRL,2025-11-14,9,USA,ALW,,6.0,F,,6F,D,3,4.0,4.0,,,4.0,3,210.0,250.0,0.0,0.0,460.0,550.0,150.0,10.0,0.0,0.0,150.0,125.0,10,7,48500,0,0,1,6.0,1207.008,6F,0,21008503|LRL|2025-11-14|9
X,21008503,Concrete Faze,LRL,2025-10-11,10,USA,STK,,8.5,F,,1 1/16M,T,6,2.0,2.0,3.0,,3.0,6,200.0,300.0,210.0,0.0,210.0,675.0,50.0,10.0,200.0,0.0,10.0,100.0,50,8,125000,0,0,1,8.5,1709.928,1 1/16M,0,21008503|LRL|2025-10-11|10
,21008503,Concrete Faze,PRX,2025-09-20,4,USA,SOC,,8.32,F,,1M 70Y,D,1,1.0,1.0,1.0,,3.0,3,0.0,0.0,0.0,0.0,110.0,105.0,50.0,50.0,10.0,0.0,50.0,10.0,33,10,100000,0,0,0,8.32,1673.71776,1M 70Y,1,21008503|PRX|2025-09-20|4
X,21008555,Feelin So Lucky,LRL,2025-12-13,3,USA,CLM,,5.5,F,,5 1/2F,D,3,5.0,4.0,,,4.0,5,520.0,610.0,0.0,0.0,700.0,875.0,250.0,50.0,0.0,0.0,10.0,175.0,38,6,24700,0,0,1,5.5,1106.424,5 1/2F,0,21008555|LRL|2025-12-13|3
,21008555,Feelin So Lucky,TIM,2025-09-01,4,USA,SOC,,6.5,F,A,6 1/2F,D,3,4.0,4.0,,,3.0,4,550.0,360.0,0.0,0.0,550.0,525.0,100.0,150.0,0.0,0.0,150.0,475.0,70,5,29000,1,0,0,6.5,1307.592,6 1/2F,0,21008555|TIM|2025-09-01|4
X,21008555,Feelin So Lucky,LRL,2025-06-01,5,USA,CLM,,6.0,F,,6F,D,4,4.0,5.0,,,4.0,5,310.0,510.0,0.0,0.0,800.0,1075.0,10.0,500.0,0.0,0.0,150.0,750.0,70,6,45400,0,0,1,6.0,1207.008,6F,0,21008555|LRL|2025-06-01|5
X,21008555,Feelin So Lucky,LRL,2025-04-27,2,USA,CLM,,6.0,F,,6F,D,3,4.0,4.0,,,5.0,4,270.0,410.0,0.0,0.0,300.0,350.0,300.0,100.0,0.0,0.0,0.0,0.0,154,5,38950,0,0,1,6.0,1207.008,6F,0,21008555|LRL|2025-04-27|2
X,21008594,Striking Sparks,LRL,2025-12-26,1,USA,CLM,,6.0,F,,6F,D,10,9.0,8.0,,,9.0,9,720.0,1060.0,0.0,0.0,870.0,810.0,100.0,150.0,0.0,0.0,10.0,75.0,155,11,23070,0,0,1,6.0,1207.008,6F,0,21008594|LRL|2025-12-26|1
,21008594,Striking Sparks,DEL,2025-10-18,4,USA,CLM,,8.0,F,,1M,D,6,3.0,3.0,2.0,,2.0,3,250.0,110.0,10.0,0.0,100.0,225.0,50.0,100.0,100.0,0.0,150.0,200.0,27,10,21000,0,0,0,8.0,1609.344,1M,0,21008594|DEL|2025-10-18|4
,21008594,Striking Sparks,DEL,2025-10-04,1,USA,CLM,,8.32,F,,1M 70Y,D,1,2.0,1.0,2.0,,1.0,4,10.0,0.0,10.0,0.0,0.0,325.0,200.0,10.0,100.0,0.0,100.0,125.0,47,9,21000,0,0,0,8.32,1673.71776,1M 70Y,1,21008594|DEL|2025-10-04|1
,21008594,Striking Sparks,DEL,2025-09-14,8,USA,CLM,,8.0,F,,1M,D,5,2.0,2.0,3.0,,4.0,5,10.0,50.0,60.0,0.0,320.0,555.0,10.0,50.0,200.0,0.0,300.0,150.0,14,7,32000,0,0,0,8.0,1609.344,1M,0,21008594|DEL|2025-09-14|8
X,21008653,Brighty,LRL,2025-12-27,2,USA,SOC,,8.0,F,,1M,D,2,2.0,2.0,1.0,,1.0,2,200.0,10.0,0.0,0.0,0.0,150.0,300.0,350.0,250.0,0.0,200.0,525.0,35,3,30000,0,0,1,8.0,1609.344,1M,0,21008653|LRL|2025-12-27|2
X,21008653,Brighty,LRL,2025-12-05,3,USA,SOC,,7.0,F,,7F,D,7,3.0,2.0,,,4.0,4,750.0,500.0,0.0,0.0,260.0,1025.0,50.0,10.0,0.0,0.0,150.0,100.0,33,7,27040,0,0,1,7.0,1408.176,7F,0,21008653|LRL|2025-12-05|3
X,21008653,Brighty,LRL,2025-11-15,2,USA,SOC,,7.0,F,,7F,D,1,6.0,6.0,,,3.0,3,1020.0,860.0,0.0,0.0,550.0,730.0,100.0,550.0,0.0,0.0,100.0,600.0,63,7,30950,0,0,1,7.0,1408.176,7F,0,21008653|LRL|2025-11-15|2
X,21008653,Brighty,LRL,2025-10-24,1,USA,SOC,,8.0,F,,1M,T,10,9.0,7.0,9.0,,9.0,5,960.0,820.0,670.0,0.0,570.0,450.0,200.0,50.0,250.0,0.0,250.0,75.0,80,10,32000,0,0,1,8.0,1609.344,1M,0,21008653|LRL|2025-10-24|1
X,21008850,In the Dance,LRL,2025-12-13,8,USA,ALW,,8.0,F,,1M,D,2,4.0,5.0,5.0,,1.0,1,250.0,500.0,310.0,0.0,0.0,0.0,10.0,150.0,500.0,0.0,150.0,400.0,32,6,48000,0,0,1,8.0,1609.344,1M,0,21008850|LRL|2025-12-13|8
,21008850,In the Dance,DEL,2025-09-27,6,USA,ALW,,8.32,F,,1M 70Y,D,7,9.0,9.0,5.0,,3.0,1,870.0,620.0,220.0,0.0,60.0,0.0,0.0,0.0,50.0,0.0,100.0,5.0,166,9,72000,0,0,0,8.32,1673.71776,1M 70Y,1,21008850|DEL|2025-09-27|6
,21008850,In the Dance,TIM,2025-09-01,7,USA,ALW,,8.5,F,,1 1/16M,D,3,4.0,4.0,3.0,,3.0,2,500.0,450.0,250.0,0.0,410.0,550.0,0.0,0.0,100.0,0.0,250.0,125.0,29,4,44000,0,0,0,8.5,1709.928,1 1/16M,0,21008850|TIM|2025-09-01|7
,21008850,In the Dance,DEL,2025-08-13,1,USA,SOC,,8.5,F,,1 1/16M,D,4,4.0,4.0,3.0,,2.0,1,350.0,200.0,150.0,0.0,10.0,0.0,100.0,50.0,100.0,0.0,10.0,50.0,67,7,29000,0,0,0,8.5,1709.928,1 1/16M,0,21008850|DEL|2025-08-13|1
X,21008863,Night Time Nap,LRL,2025-12-27,3,USA,ALW,,9.0,F,,1 1/8M,D,4,3.0,3.0,2.0,,3.0,3,110.0,60.0,50.0,0.0,450.0,1050.0,100.0,100.0,250.0,0.0,400.0,800.0,36,6,49000,0,0,1,9.0,1810.5120000000002,1 1/8M,0,21008863|LRL|2025-12-27|3
X,21008863,Night Time Nap,LRL,2025-11-09,4,USA,SOC,,8.5,F,,1 1/16M,D,4,3.0,3.0,2.0,,2.0,4,210.0,210.0,50.0,0.0,10.0,200.0,50.0,50.0,200.0,0.0,10.0,175.0,16,8,30000,0,0,1,8.5,1709.928,1 1/16M,0,21008863|LRL|2025-11-09|4
X,21008863,Night Time Nap,LRL,2025-10-18,2,USA,SOC,,9.0,F,,1 1/8M,D,5,2.0,2.0,2.0,,1.0,2,150.0,50.0,50.0,0.0,0.0,125.0,100.0,150.0,300.0,0.0,250.0,375.0,10,6,29435,0,0,1,9.0,1810.5120000000002,1 1/8M,0,21008863|LRL|2025-10-18|2
X,21008863,Night Time Nap,LRL,2025-09-27,2,USA,SOC,,8.5,F,,1 1/16M,D,4,1.0,1.0,1.0,,1.0,1,0.0,0.0,0.0,0.0,0.0,0.0,150.0,50.0,100.0,0.0,150.0,300.0,44,7,25600,0,0,1,8.5,1709.928,1 1/16M,0,21008863|LRL|2025-09-27|2
X,21008895,States United,LRL,2025-11-08,4,USA,CLM,,8.5,F,,1 1/16M,D,1,4.0,3.0,3.0,,2.0,4,310.0,250.0,400.0,0.0,400.0,420.0,300.0,150.0,100.0,0.0,50.0,200.0,27,9,19640,0,0,1,8.5,1709.928,1 1/16M,0,21008895|LRL|2025-11-08|4
X,21008895,States United,LRL,2025-11-01,7,USA,SOC,,8.0,F,,1M,D,8,4.0,2.0,5.0,,5.0,4,200.0,300.0,470.0,0.0,510.0,200.0,100.0,100.0,500.0,0.0,500.0,325.0,133,10,26020,0,0,1,8.0,1609.344,1M,0,21008895|LRL|2025-11-01|7
X,21008895,States United,LRL,2025-10-12,8,USA,SOC,,7.0,F,,7F,D,6,7.0,5.0,,,4.0,5,1020.0,560.0,0.0,0.0,850.0,1100.0,0.0,100.0,0.0,0.0,10.0,375.0,121,7,29500,0,0,1,7.0,1408.176,7F,0,21008895|LRL|2025-10-12|8
,21009051,Melt With You,PEN,2025-11-28,8,USA,CLM,,8.0,F,,1M,D,4,5.0,5.0,5.0,,3.0,2,220.0,310.0,400.0,0.0,200.0,200.0,10.0,150.0,100.0,0.0,150.0,10.0,33,9,22000,0,0,0,8.0,1609.344,1M,0,21009051|PEN|2025-11-28|8
,21009051,Melt With You,PEN,2025-11-13,1,USA,CLM,,8.32,F,,1M 70Y,D,1,4.0,4.0,2.0,,1.0,1,250.0,200.0,50.0,0.0,0.0,0.0,400.0,250.0,300.0,0.0,300.0,900.0,12,7,18000,0,0,0,8.32,1673.71776,1M 70Y,1,21009051|PEN|2025-11-13|1
,21009051,Melt With You,PRX,2025-10-22,10,USA,CLM,,8.32,F,,1M 70Y,D,4,3.0,3.0,2.0,,1.0,4,310.0,250.0,10.0,0.0,0.0,535.0,50.0,200.0,100.0,0.0,200.0,150.0,26,10,26000,0,0,0,8.32,1673.71776,1M 70Y,1,21009051|PRX|2025-10-22|10
,21009228,Braquet,PRX,2025-12-31,5,USA,SOC,,6.5,F,,6 1/2F,D,3,6.0,6.0,,,5.0,3,750.0,760.0,0.0,0.0,960.0,660.0,0.0,0.0,0.0,0.0,300.0,125.0,83,6,50000,0,0,0,6.5,1307.592,6 1/2F,0,21009228|PRX|2025-12-31|5
X,21009228,Braquet,LRL,2025-12-19,8,USA,AOC,,8.0,F,,1M,D,2,6.0,6.0,6.0,,4.0,5,650.0,560.0,470.0,0.0,550.0,435.0,150.0,200.0,250.0,0.0,200.0,350.0,73,8,55590,0,0,1,8.0,1609.344,1M,0,21009228|LRL|2025-12-19|8
,21009228,Braquet,PEN,2025-11-05,6,USA,ALW,,8.32,F,,1M 70Y,D,1,6.0,6.0,1.0,,1.0,1,700.0,600.0,0.0,0.0,0.0,0.0,0.0,0.0,50.0,0.0,600.0,625.0,18,6,35000,0,0,0,8.32,1673.71776,1M 70Y,1,21009228|PEN|2025-11-05|6
X,21009228,Braquet,LRL,2025-10-10,7,USA,SOC,,7.0,F,,7F,D,2,4.0,4.0,,,2.0,1,450.0,400.0,0.0,0.0,200.0,0.0,50.0,150.0,0.0,0.0,100.0,50.0,26,7,30370,0,0,1,7.0,1408.176,7F,0,21009228|LRL|2025-10-10|7
,21009228,Braquet,PEN,2025-09-17,3,USA,ALW,,8.5,F,,1 1/16M,T,2,7.0,7.0,6.0,,7.0,7,800.0,750.0,500.0,0.0,950.0,1000.0,0.0,0.0,100.0,0.0,0.0,0.0,143,7,35000,0,0,0,8.5,1709.928,1 1/16M,0,21009228|PEN|2025-09-17|3
X,21009283,Maximo Madness,LRL,2025-11-28,5,USA,CLM,,8.5,F,,1 1/16M,D,3,4.0,5.0,4.0,,3.0,4,750.0,600.0,410.0,0.0,700.0,1050.0,200.0,250.0,50.0,0.0,100.0,375.0,37,8,21300,0,0,1,8.5,1709.928,1 1/16M,0,21009283|LRL|2025-11-28|5
X,21009283,Maximo Madness,LRL,2025-10-26,7,USA,SOC,,8.5,F,,1 1/16M,T,9,2.0,2.0,2.0,,2.0,4,200.0,150.0,50.0,0.0,50.0,110.0,100.0,300.0,250.0,0.0,50.0,5.0,326,10,26020,0,0,1,8.5,1709.928,1 1/16M,0,21009283|LRL|2025-10-26|7
X,21009283,Maximo Madness,CNL,2025-08-15,8,USA,CLM,,8.0,F,,1M,T,5,5.0,5.0,4.0,,4.0,4,500.0,460.0,550.0,0.0,550.0,325.0,100.0,10.0,150.0,0.0,150.0,200.0,97,11,25000,0,0,1,8.0,1609.344,1M,0,21009283|CNL|2025-08-15|8
X,21009377,Leonardini,LRL,2025-11-09,10,USA,MCL,,6.0,F,,6F,D,5,5.0,6.0,,,7.0,7,660.0,1600.0,0.0,0.0,2100.0,2475.0,300.0,200.0,0.0,0.0,1500.0,2225.0,217,8,25370,0,0,1,6.0,1207.008,6F,0,21009377|LRL|2025-11-09|10
X,21009377,Leonardini,LRL,2025-10-19,4,USA,MCL,,6.0,F,,6F,D,1,3.0,3.0,,,3.0,6,850.0,400.0,0.0,0.0,260.0,905.0,100.0,10.0,0.0,0.0,100.0,250.0,54,8,25370,0,0,1,6.0,1207.008,6F,0,21009377|LRL|2025-10-19|4
X,21009515,Paco the Taco Man,LRL,2025-12-26,8,USA,ALW,,5.5,F,,5 1/2F,D,7,2.0,1.0,,,1.0,2,10.0,0.0,0.0,0.0,0.0,50.0,350.0,10.0,0.0,0.0,150.0,10.0,39,8,49000,0,0,1,5.5,1106.424,5 1/2F,0,21009515|LRL|2025-12-26|8
X,21009515,Paco the Taco Man,LRL,2025-11-14,7,USA,ALW,,6.0,F,,6F,D,2,4.0,5.0,,,4.0,5,160.0,260.0,0.0,0.0,460.0,625.0,250.0,50.0,0.0,0.0,10.0,525.0,56,9,49500,0,0,1,6.0,1207.008,6F,0,21009515|LRL|2025-11-14|7
X,21009515,Paco the Taco Man,LRL,2025-10-18,9,USA,ALW,,6.0,F,,6F,D,7,2.0,2.0,,,2.0,2,10.0,50.0,0.0,0.0,50.0,100.0,250.0,350.0,0.0,0.0,250.0,400.0,48,8,49000,0,0,1,6.0,1207.008,6F,0,21009515|LRL|2025-10-18|9
X,21009515,Paco the Taco Man,LRL,2025-10-10,9,USA,ALW,,6.0,F,,6F,D,8,8.0,6.0,,,6.0,6,960.0,770.0,0.0,0.0,710.0,635.0,0.0,10.0,0.0,0.0,800.0,1375.0,112,8,55880,0,0,1,6.0,1207.008,6F,0,21009515|LRL|2025-10-10|9
X,21009540,Free Costs to Much,LRL,2025-12-26,7,USA,MSW,,6.0,F,,6F,D,8,1.0,3.0,,,7.0,7,0.0,310.0,0.0,0.0,1220.0,3475.0,100.0,10.0,0.0,0.0,1200.0,1000.0,1087,8,49410,0,0,1,6.0,1207.008,6F,0,21009540|LRL|2025-12-26|7
X,21009540,Free Costs to Much,LRL,2025-12-06,3,USA,MCL,,6.0,F,,6F,D,2,6.0,6.0,,,6.0,6,910.0,1310.0,0.0,0.0,1310.0,1805.0,0.0,0.0,0.0,0.0,0.0,0.0,714,6,46535,0,0,1,6.0,1207.008,6F,0,21009540|LRL|2025-12-06|3
X,21009715,Square Slice,LRL,2026-01-16,1,USA,SOC,,6.0,F,,6F,D,3,4.0,3.0,,,3.0,3,500.0,350.0,0.0,0.0,650.0,1000.0,250.0,50.0,0.0,0.0,150.0,50.0,45,5,26000,0,0,1,6.0,1207.008,6F,0,21009715|LRL|2026-01-16|1
X,21009715,Square Slice,LRL,2025-10-18,9,USA,ALW,,6.0,F,,6F,D,8,7.0,7.0,,,5.0,5,960.0,910.0,0.0,0.0,850.0,800.0,150.0,150.0,0.0,0.0,100.0,275.0,124,8,49000,0,0,1,6.0,1207.008,6F,0,21009715|LRL|2025-10-18|9
,21009715,Square Slice,TIM,2025-08-31,7,USA,ALW,,6.5,F,A,6 1/2F,D,5,6.0,5.0,,,5.0,5,900.0,550.0,0.0,0.0,760.0,550.0,0.0,10.0,0.0,0.0,600.0,2450.0,35,6,44000,1,0,0,6.5,1307.592,6 1/2F,0,21009715|TIM|2025-08-31|7
,21009715,Square Slice,DEL,2025-08-06,8,USA,CLM,,6.0,F,,6F,D,6,6.0,5.0,,,5.0,3,510.0,370.0,0.0,0.0,510.0,525.0,0.0,400.0,0.0,0.0,500.0,75.0,88,6,34000,0,0,0,6.0,1207.008,6F,0,21009715|DEL|2025-08-06|8
X,21009929,Atlantic Cat,CD,2024-09-20,10,USA,MCL,,7.0,F,,7F,D,5,7.0,5.0,,,8.0,9,760.0,800.0,0.0,0.0,720.0,1335.0,400.0,50.0,0.0,0.0,50.0,0.0,68,9,60000,0,0,1,7.0,1408.176,7F,0,21009929|CD|2024-09-20|10
X,21010064,Society Ball,LRL,2025-11-29,4,USA,ALW,,5.5,F,,5 1/2F,D,4,8.0,8.0,,,5.0,5,590.0,770.0,0.0,0.0,1100.0,800.0,200.0,250.0,0.0,0.0,10.0,200.0,61,9,49500,0,0,1,5.5,1106.424,5 1/2F,0,21010064|LRL|2025-11-29|4
X,21010064,Society Ball,LRL,2025-11-07,2,USA,SOC,,6.0,F,,6F,D,5,6.0,5.0,,,4.0,4,770.0,650.0,0.0,0.0,800.0,825.0,0.0,50.0,0.0,0.0,300.0,650.0,48,7,30370,0,0,1,6.0,1207.008,6F,0,21010064|LRL|2025-11-07|2
X,21010064,Society Ball,LRL,2025-10-10,7,USA,SOC,,7.0,F,,7F,D,5,2.0,2.0,,,1.0,2,200.0,50.0,0.0,0.0,0.0,50.0,100.0,300.0,0.0,0.0,200.0,300.0,19,7,30370,0,0,1,7.0,1408.176,7F,0,21010064|LRL|2025-10-10|7
X,21010116,Wampy,LRL,2025-12-07,3,USA,CLM,,6.0,F,,6F,D,4,8.0,8.0,,,8.0,7,600.0,1310.0,0.0,0.0,1120.0,1455.0,0.0,0.0,0.0,0.0,0.0,125.0,210,8,24050,0,0,1,6.0,1207.008,6F,0,21010116|LRL|2025-12-07|3
,21010116,Wampy,DEL,2025-06-04,1,USA,CLM,,5.5,F,,5 1/2F,D,8,9.0,9.0,,,9.0,8,850.0,970.0,0.0,0.0,870.0,610.0,0.0,0.0,0.0,0.0,0.0,225.0,202,9,14000,0,0,0,5.5,1106.424,5 1/2F,0,21010116|DEL|2025-06-04|1
X,21010116,Wampy,LRL,2025-04-26,11,USA,CLM,,5.5,F,,5 1/2F,D,7,7.0,8.0,,,8.0,8,870.0,1220.0,0.0,0.0,2110.0,1675.0,150.0,0.0,0.0,0.0,0.0,0.0,102,8,25240,0,0,1,5.5,1106.424,5 1/2F,0,21010116|LRL|2025-04-26|11
X,21010127,Sweet Honey Bee,LRL,2025-12-28,6,USA,CLM,,7.0,F,,7F,D,9,6.0,6.0,,,6.0,6,560.0,650.0,0.0,0.0,710.0,1150.0,100.0,50.0,0.0,0.0,200.0,575.0,106,9,24550,0,0,1,7.0,1408.176,7F,0,21010127|LRL|2025-12-28|6
X,21010127,Sweet Honey Bee,LRL,2025-12-07,3,USA,CLM,,6.0,F,,6F,D,5,3.0,3.0,,,3.0,3,250.0,250.0,0.0,0.0,210.0,400.0,50.0,150.0,0.0,0.0,400.0,400.0,43,8,24050,0,0,1,6.0,1207.008,6F,0,21010127|LRL|2025-12-07|3
X,21010127,Sweet Honey Bee,LRL,2025-11-15,10,USA,CLM,,5.5,F,,5 1/2F,D,7,4.0,4.0,,,3.0,2,450.0,450.0,0.0,0.0,500.0,475.0,10.0,50.0,0.0,0.0,350.0,25.0,36,7,23220,0,0,1,5.5,1106.424,5 1/2F,0,21010127|LRL|2025-11-15|10
X,21010127,Sweet Honey Bee,LRL,2025-10-12,9,USA,SOC,,5.5,F,,5 1/2F,T,4,3.0,4.0,,,7.0,10,20.0,160.0,0.0,0.0,960.0,1060.0,100.0,50.0,0.0,0.0,100.0,0.0,406,10,26740,0,0,1,5.5,1106.424,5 1/2F,0,21010127|LRL|2025-10-12|9
,21010163,Elvis Himself,LRL,2025-11-07,6,USA,ALW,,5.5,F,,5 1/2F,T,8,2.0,2.0,,,3.0,8,50.0,10.0,0.0,0.0,160.0,390.0,100.0,200.0,0.0,0.0,100.0,100.0,283,12,53470,0,0,0,5.5,1106.424,5 1/2F,0,21010163|LRL|2025-11-07|6
X,21010163,Elvis Himself,LRL,2025-10-10,9,USA,ALW,,6.0,F,,6F,D,2,1.0,2.0,,,4.0,5,0.0,10.0,0.0,0.0,260.0,625.0,150.0,150.0,0.0,0.0,100.0,10.0,75,8,55880,0,0,1,6.0,1207.008,6F,0,21010163|LRL|2025-10-10|9
,21010163,Elvis Himself,DEL,2025-09-14,9,USA,ALW,,6.0,F,,6F,D,2,3.0,4.0,,,5.0,4,110.0,250.0,0.0,0.0,350.0,400.0,50.0,100.0,0.0,0.0,100.0,5.0,72,9,72000,0,0,0,6.0,1207.008,6F,0,21010163|DEL|2025-09-14|9
X,21010285,Don't Tell Kelly,LRL,2025-11-28,5,USA,CLM,,8.5,F,,1 1/16M,D,1,3.0,3.0,3.0,,4.0,6,700.0,450.0,400.0,0.0,800.0,1500.0,50.0,100.0,10.0,0.0,150.0,600.0,12,8,21300,0,0,1,8.5,1709.928,1 1/16M,0,21010285|LRL|2025-11-28|5
X,21010285,Don't Tell Kelly,LRL,2025-10-26,7,USA,SOC,,8.5,F,,1 1/16M,T,6,5.0,4.0,3.0,,5.0,7,500.0,500.0,300.0,0.0,300.0,265.0,50.0,10.0,200.0,0.0,10.0,5.0,77,10,26020,0,0,1,8.5,1709.928,1 1/16M,0,21010285|LRL|2025-10-26|7
X,21010285,Don't Tell Kelly,LRL,2025-09-19,3,USA,SOC,,8.0,F,,1M,T,8,9.0,9.0,6.0,,6.0,4,1620.0,1660.0,960.0,0.0,500.0,325.0,50.0,150.0,100.0,0.0,10.0,10.0,55,10,31000,0,0,1,8.0,1609.344,1M,0,21010285|LRL|2025-09-19|3
X,21010309,Lachicafortequila,LRL,2025-12-21,9,USA,CLM,,8.0,F,,1M,D,5,7.0,7.0,5.0,,6.0,4,970.0,1660.0,650.0,0.0,900.0,550.0,500.0,250.0,10.0,0.0,350.0,10.0,157,8,21300,0,0,1,8.0,1609.344,1M,0,21010309|LRL|2025-12-21|9
X,21010309,Lachicafortequila,LRL,2025-11-28,5,USA,CLM,,8.5,F,,1 1/16M,D,2,5.0,6.0,6.0,,7.0,5,950.0,850.0,1010.0,0.0,1200.0,1425.0,50.0,200.0,200.0,0.0,200.0,75.0,264,8,21300,0,0,1,8.5,1709.928,1 1/16M,0,21010309|LRL|2025-11-28|5
,21010309,Lachicafortequila,DEL,2025-10-09,1,USA,CLM,,8.0,F,,1M,D,6,6.0,7.0,6.0,,8.0,4,550.0,750.0,600.0,0.0,620.0,735.0,10.0,50.0,10.0,0.0,200.0,325.0,41,10,16000,0,0,0,8.0,1609.344,1M,0,21010309|DEL|2025-10-09|1
,21010309,Lachicafortequila,DEL,2025-09-04,5,USA,CLM,,8.32,F,A,1M 70Y,T,3,5.0,7.0,7.0,,7.0,7,270.0,460.0,750.0,0.0,910.0,1905.0,10.0,0.0,0.0,0.0,0.0,0.0,792,7,22000,1,0,0,8.32,1673.71776,1M 70Y,1,21010309|DEL|2025-09-04|5
X,21010411,Anita Beer,LRL,2025-12-12,3,USA,SOC,,6.0,F,,6F,D,6,2.0,2.0,,,2.0,3,10.0,10.0,0.0,0.0,250.0,925.0,50.0,100.0,0.0,0.0,50.0,200.0,341,6,30450,0,0,1,6.0,1207.008,6F,0,21010411|LRL|2025-12-12|3
X,21010411,Anita Beer,LRL,2025-10-25,7,USA,CLM,,6.0,F,,6F,D,2,1.0,1.0,,,1.0,1,0.0,0.0,0.0,0.0,0.0,0.0,300.0,200.0,0.0,0.0,300.0,550.0,34,8,25700,0,0,1,6.0,1207.008,6F,0,21010411|LRL|2025-10-25|7
,21010411,Anita Beer,DEL,2025-10-15,8,USA,CLM,,5.5,F,,5 1/2F,D,2,6.0,4.0,,,3.0,6,230.0,310.0,0.0,0.0,150.0,145.0,200.0,10.0,0.0,0.0,100.0,25.0,61,11,21000,0,0,0,5.5,1106.424,5 1/2F,0,21010411|DEL|2025-10-15|8
X,21010411,Anita Beer,LRL,2025-09-07,4,USA,MCL,,7.0,F,,7F,D,5,1.0,1.0,,,1.0,1,0.0,0.0,0.0,0.0,0.0,0.0,100.0,50.0,0.0,0.0,50.0,10.0,12,8,25240,0,0,1,7.0,1408.176,7F,0,21010411|LRL|2025-09-07|4
,21010436,Churning Berni,PRX,2025-11-24,5,USA,MCL,,8.32,F,,1M 70Y,D,6,5.0,5.0,2.0,,2.0,2,260.0,320.0,50.0,0.0,300.0,150.0,10.0,10.0,100.0,0.0,500.0,575.0,5,6,25000,0,0,0,8.32,1673.71776,1M 70Y,1,21010436|PRX|2025-11-24|5
X,21010436,Churning Berni,LRL,2025-10-26,8,USA,MSW,,8.0,F,,1M,D,1,7.0,5.0,5.0,,5.0,4,610.0,570.0,1050.0,0.0,1010.0,450.0,0.0,50.0,800.0,0.0,1200.0,75.0,14,7,47500,0,0,1,8.0,1609.344,1M,0,21010436|LRL|2025-10-26|8
X,21010436,Churning Berni,CD,2025-09-19,1,USA,MSW,,8.0,F,,1M,D,4,8.0,8.0,7.0,,7.0,5,620.0,430.0,510.0,0.0,420.0,315.0,0.0,0.0,800.0,0.0,3500.0,400.0,50,8,92000,0,0,1,8.0,1609.344,1M,0,21010436|CD|2025-09-19|1
X,21010483,Duration,AQU,2025-12-28,5,USA,MSW,,8.0,F,,1M,D,1,4.0,3.0,4.0,,2.0,2,120.0,150.0,210.0,0.0,100.0,150.0,150.0,10.0,150.0,0.0,250.0,25.0,63,7,85000,0,0,1,8.0,1609.344,1M,0,21010483|AQU|2025-12-28|5
X,21010483,Duration,SAR,2025-09-01,2,USA,MSW,,8.0,F,,1M,D,2,5.0,5.0,4.0,,4.0,3,300.0,310.0,460.0,0.0,560.0,900.0,750.0,1000.0,10.0,0.0,50.0,150.0,23,6,100000,0,0,1,8.0,1609.344,1M,0,21010483|SAR|2025-09-01|2
X,21010483,Duration,SAR,2025-07-16,7,USA,MSW,,7.0,F,,7F,D,1,4.0,3.0,,,3.0,3,160.0,250.0,0.0,0.0,350.0,500.0,50.0,10.0,0.0,0.0,450.0,450.0,25,5,100000,0,0,1,7.0,1408.176,7F,0,21010483|SAR|2025-07-16|7
X,21010815,Blue Kingdom,LRL,2025-12-20,5,USA,STK,,7.0,F,,7F,D,4,1.0,1.0,,,5.0,5,0.0,0.0,0.0,0.0,800.0,1850.0,50.0,10.0,0.0,0.0,0.0,0.0,17,5,100000,0,0,1,7.0,1408.176,7F,0,21010815|LRL|2025-12-20|5
X,21010815,Blue Kingdom,AQU,2025-11-15,3,USA,ALW,,7.0,F,,7F,D,7,1.0,1.0,,,1.0,1,0.0,0.0,0.0,0.0,0.0,0.0,100.0,200.0,0.0,0.0,400.0,525.0,9,7,88000,0,0,1,7.0,1408.176,7F,0,21010815|AQU|2025-11-15|3
X,21010815,Blue Kingdom,LRL,2025-10-11,11,USA,STK,,9.0,F,,1 1/8M,D,5,1.0,1.0,1.0,,1.0,3,0.0,0.0,0.0,0.0,0.0,250.0,450.0,150.0,300.0,0.0,50.0,350.0,84,6,150000,0,0,1,9.0,1810.5120000000002,1 1/8M,0,21010815|LRL|2025-10-11|11
,21010815,Blue Kingdom,DEL,2025-09-25,8,USA,STR,,8.0,F,,1M,D,1,1.0,1.0,1.0,,1.0,1,0.0,0.0,0.0,0.0,0.0,0.0,200.0,100.0,200.0,0.0,500.0,700.0,10,5,32000,0,0,0,8.0,1609.344,1M,0,21010815|DEL|2025-09-25|8
X,21010862,Formal Affair,LRL,2025-12-20,2,USA,ALW,,7.0,F,,7F,D,6,7.0,7.0,,,6.0,6,950.0,1010.0,0.0,0.0,810.0,630.0,0.0,0.0,0.0,0.0,600.0,2625.0,56,7,53910,0,0,1,7.0,1408.176,7F,0,21010862|LRL|2025-12-20|2
X,21010862,Formal Affair,LRL,2025-12-13,8,USA,ALW,,8.0,F,,1M,D,6,5.0,4.0,2.0,,5.0,3,260.0,250.0,100.0,0.0,260.0,500.0,150.0,250.0,10.0,0.0,600.0,50.0,44,6,48000,0,0,1,8.0,1609.344,1M,0,21010862|LRL|2025-12-13|8
X,21010862,Formal Affair,LRL,2025-11-22,8,USA,STK,,9.0,F,,1 1/8M,D,3,6.0,6.0,5.0,,5.0,4,1210.0,1360.0,1050.0,0.0,950.0,1450.0,0.0,0.0,200.0,0.0,2000.0,25.0,458,6,100000,0,0,1,9.0,1810.5120000000002,1 1/8M,0,21010862|LRL|2025-11-22|8
X,21010862,Formal Affair,LRL,2025-11-09,8,USA,SOC,,6.0,F,,6F,D,6,7.0,5.0,,,5.0,1,600.0,410.0,0.0,0.0,80.0,0.0,0.0,50.0,0.0,0.0,10.0,50.0,42,7,32980,0,0,1,6.0,1207.008,6F,0,21010862|LRL|2025-11-09|8
X,21010862,Formal Affair,LRL,2025-10-11,3,USA,SHP,,7.0,F,,7F,D,1,11.0,10.0,,,5.0,1,1450.0,1460.0,0.0,0.0,360.0,0.0,0.0,250.0,0.0,0.0,10.0,200.0,89,11,40800,0,0,1,7.0,1408.176,7F,0,21010862|LRL|2025-10-11|3
X,21010871,Under the Rug,LRL,2025-12-26,7,USA,MSW,,6.0,F,,6F,D,2,8.0,8.0,,,8.0,8,1920.0,2030.0,0.0,0.0,2420.0,4475.0,0.0,0.0,0.0,0.0,0.0,0.0,686,8,49410,0,0,1,6.0,1207.008,6F,0,21010871|LRL|2025-12-26|7
X,21011111,By the Glass,LRL,2025-12-05,7,USA,ALW,,8.5,F,,1 1/16M,D,7,6.0,6.0,6.0,,7.0,6,470.0,610.0,860.0,0.0,960.0,1725.0,10.0,100.0,50.0,0.0,2000.0,10.0,719,8,50735,0,0,1,8.5,1709.928,1 1/16M,0,21011111|LRL|2025-12-05|7
X,21011111,By the Glass,LRL,2025-11-15,8,USA,ALW,,8.5,F,,1 1/16M,D,1,6.0,7.0,7.0,,6.0,4,370.0,460.0,1100.0,0.0,1310.0,1560.0,350.0,0.0,0.0,0.0,10.0,550.0,399,7,49500,0,0,1,8.5,1709.928,1 1/16M,0,21011111|LRL|2025-11-15|8
X,21011111,By the Glass,LRL,2025-03-21,1,USA,CLM,,8.0,F,,1M,D,3,2.0,2.0,2.0,,2.0,1,100.0,100.0,150.0,0.0,200.0,0.0,100.0,10.0,200.0,0.0,350.0,25.0,38,6,30900,0,0,1,8.0,1609.344,1M,0,21011111|LRL|2025-03-21|1
X,21011141,Just the Thing,LRL,2025-11-16,5,USA,CLM,,6.0,F,,6F,D,8,4.0,5.0,,,7.0,8,160.0,610.0,0.0,0.0,1200.0,2230.0,150.0,150.0,0.0,0.0,50.0,100.0,840,9,24550,0,0,1,6.0,1207.008,6F,0,21011141|LRL|2025-11-16|5
X,21011141,Just the Thing,LRL,2025-10-05,7,USA,CLM,,6.0,F,,6F,D,6,8.0,8.0,,,8.0,7,1260.0,920.0,0.0,0.0,810.0,975.0,0.0,0.0,0.0,0.0,0.0,125.0,621,8,25700,0,0,1,6.0,1207.008,6F,0,21011141|LRL|2025-10-05|7
,21011141,Just the Thing,TIM,2025-08-30,2,USA,CLM,,6.5,F,A,6 1/2F,D,3,6.0,6.0,,,6.0,6,850.0,1150.0,0.0,0.0,760.0,1330.0,0.0,0.0,0.0,0.0,0.0,0.0,384,6,15225,1,0,0,6.5,1307.592,6 1/2F,0,21011141|TIM|2025-08-30|2
X,21011287,P J's Song,LRL,2026-01-10,6,USA,CLM,,6.0,F,,6F,D,10,10.0,7.0,,,5.0,5,540.0,270.0,0.0,0.0,650.0,710.0,200.0,50.0,0.0,0.0,100.0,175.0,40,11,21180,0,0,1,6.0,1207.008,6F,0,21011287|LRL|2026-01-10|6
X,21011287,P J's Song,LRL,2025-12-21,6,USA,CLM,,8.0,F,,1M,D,11,9.0,6.0,7.0,,4.0,4,690.0,810.0,510.0,0.0,270.0,315.0,50.0,50.0,300.0,0.0,50.0,175.0,59,11,21450,0,0,1,8.0,1609.344,1M,0,21011287|LRL|2025-12-21|6
X,21011287,P J's Song,LRL,2025-11-27,2,USA,CLM,,6.0,F,,6F,D,3,4.0,4.0,,,3.0,2,210.0,310.0,0.0,0.0,310.0,75.0,50.0,150.0,0.0,0.0,10.0,5.0,20,7,18910,0,0,1,6.0,1207.008,6F,0,21011287|LRL|2025-11-27|2
X,21011287,P J's Song,LRL,2025-11-07,4,USA,CLM,,6.0,F,,6F,D,1,5.0,5.0,,,5.0,8,600.0,810.0,0.0,0.0,1000.0,700.0,150.0,100.0,0.0,0.0,250.0,25.0,27,8,20760,0,0,1,6.0,1207.008,6F,0,21011287|LRL|2025-11-07|4
,21011287,P J's Song,DEL,2025-09-13,2,USA,CLM,,6.0,F,,6F,D,5,4.0,2.0,,,2.0,1,320.0,100.0,0.0,0.0,150.0,0.0,200.0,150.0,0.0,0.0,300.0,225.0,41,9,24000,0,0,0,6.0,1207.008,6F,0,21011287|DEL|2025-09-13|2
X,21011564,Rampagius,CNL,2025-08-06,7,USA,CLM,,8.0,F,,1M,T,11,6.0,5.0,5.0,,1.0,1,750.0,500.0,170.0,0.0,0.0,0.0,150.0,10.0,50.0,0.0,100.0,350.0,14,12,34500,0,0,1,8.0,1609.344,1M,0,21011564|CNL|2025-08-06|7
,21011564,Rampagius,DEL,2025-06-04,7,USA,ALW,,8.5,F,,1 1/16M,T,6,6.0,4.0,4.0,,7.0,7,500.0,250.0,210.0,0.0,630.0,1045.0,400.0,100.0,150.0,0.0,0.0,0.0,87,7,46000,0,0,0,8.5,1709.928,1 1/16M,0,21011564|DEL|2025-06-04|7
X,21011564,Rampagius,LRL,2025-04-26,5,USA,ALW,,8.0,F,,1M,T,9,3.0,2.0,2.0,,2.0,4,200.0,50.0,100.0,0.0,350.0,350.0,100.0,150.0,250.0,0.0,10.0,125.0,31,10,56080,0,0,1,8.0,1609.344,1M,0,21011564|LRL|2025-04-26|5
X,21011618,Mugatu,LRL,2026-01-10,1,USA,SOC,,8.5,F,,1 1/16M,D,5,6.0,5.0,4.0,,4.0,3,660.0,320.0,220.0,0.0,120.0,100.0,50.0,50.0,100.0,0.0,10.0,375.0,35,7,27280,0,0,1,8.5,1709.928,1 1/16M,0,21011618|LRL|2026-01-10|1
X,21011618,Mugatu,LRL,2025-12-06,2,USA,CLM,,8.0,F,,1M,D,7,6.0,5.0,6.0,,5.0,3,750.0,600.0,520.0,0.0,710.0,375.0,600.0,250.0,600.0,0.0,600.0,50.0,52,7,44100,0,0,1,8.0,1609.344,1M,0,21011618|LRL|2025-12-06|2
X,21011618,Mugatu,LRL,2025-10-11,11,USA,STK,,9.0,F,,1 1/8M,D,1,6.0,6.0,6.0,,6.0,6,670.0,460.0,650.0,0.0,1060.0,2000.0,0.0,0.0,0.0,0.0,0.0,0.0,409,6,150000,0,0,1,9.0,1810.5120000000002,1 1/8M,0,21011618|LRL|2025-10-11|11
X,21011618,Mugatu,BAQ,2025-09-13,3,USA,CLM,,8.0,F,,1M,D,6,7.0,7.0,6.0,,4.0,3,1320.0,1060.0,450.0,0.0,250.0,125.0,0.0,0.0,50.0,0.0,50.0,225.0,138,7,43000,0,0,1,8.0,1609.344,1M,0,21011618|BAQ|2025-09-13|3
X,21011854,Old Bay,LRL,2025-12-14,7,USA,ALW,,7.0,F,,7F,D,6,5.0,5.0,,,2.0,3,410.0,710.0,0.0,0.0,250.0,425.0,10.0,50.0,0.0,0.0,10.0,875.0,40,6,49735,0,0,1,7.0,1408.176,7F,0,21011854|LRL|2025-12-14|7
,21011854,Old Bay,CT,2025-11-07,1,USA,ALW,,6.5,F,,6 1/2F,D,3,6.0,6.0,,,5.0,3,750.0,610.0,0.0,0.0,170.0,150.0,0.0,0.0,0.0,0.0,100.0,125.0,16,6,31700,0,0,0,6.5,1307.592,6 1/2F,0,21011854|CT|2025-11-07|1
,21011854,Old Bay,DEL,2025-10-09,5,USA,ALW,,5.5,F,,5 1/2F,D,6,7.0,7.0,,,7.0,5,1110.0,1150.0,0.0,0.0,870.0,500.0,0.0,0.0,0.0,0.0,0.0,25.0,65,7,46000,0,0,0,5.5,1106.424,5 1/2F,0,21011854|DEL|2025-10-09|5
,21011854,Old Bay,DEL,2025-09-14,4,USA,ALW,,6.0,F,,6F,D,4,5.0,5.0,,,4.0,2,260.0,170.0,0.0,0.0,260.0,150.0,0.0,0.0,0.0,0.0,100.0,175.0,139,5,100000,0,0,0,6.0,1207.008,6F,0,21011854|DEL|2025-09-14|4
X,21012026,I'm a Cutie Pie,LRL,2025-12-19,8,USA,AOC,,8.0,F,,1M,D,5,3.0,1.0,2.0,,1.0,1,100.0,0.0,10.0,0.0,0.0,0.0,100.0,10.0,150.0,0.0,50.0,5.0,77,8,55590,0,0,1,8.0,1609.344,1M,0,21012026|LRL|2025-12-19|8
X,21012026,I'm a Cutie Pie,LRL,2025-11-30,8,USA,AOC,,6.0,F,,6F,D,7,7.0,5.0,,,6.0,5,660.0,650.0,0.0,0.0,860.0,950.0,0.0,150.0,0.0,0.0,550.0,100.0,58,7,57340,0,0,1,6.0,1207.008,6F,0,21012026|LRL|2025-11-30|8
X,21012026,I'm a Cutie Pie,LRL,2025-10-25,11,USA,AOC,,7.0,F,,7F,D,5,5.0,3.0,,,2.0,1,460.0,250.0,0.0,0.0,150.0,0.0,100.0,50.0,0.0,0.0,50.0,50.0,26,8,55590,0,0,1,7.0,1408.176,7F,0,21012026|LRL|2025-10-25|11
X,21012026,I'm a Cutie Pie,LRL,2025-09-27,7,USA,AOC,,5.5,F,,5 1/2F,T,8,10.0,9.0,,,8.0,9,1200.0,870.0,0.0,0.0,860.0,450.0,0.0,100.0,0.0,0.0,10.0,200.0,388,10,59770,0,0,1,5.5,1106.424,5 1/2F,0,21012026|LRL|2025-09-27|7
X,21012195,Prom Knight,LRL,2026-01-10,6,USA,CLM,,6.0,F,,6F,D,3,8.0,11.0,,,11.0,11,520.0,1370.0,0.0,0.0,2670.0,4570.0,10.0,0.0,0.0,0.0,0.0,0.0,263,11,21180,0,0,1,6.0,1207.008,6F,0,21012195|LRL|2026-01-10|6
X,21012195,Prom Knight,LRL,2025-12-26,1,USA,CLM,,6.0,F,,6F,D,9,6.0,5.0,,,4.0,3,460.0,560.0,0.0,0.0,310.0,275.0,200.0,250.0,0.0,0.0,200.0,75.0,357,11,23070,0,0,1,6.0,1207.008,6F,0,21012195|LRL|2025-12-26|1
X,21012195,Prom Knight,LRL,2025-12-14,4,USA,CLM,,5.5,F,,5 1/2F,D,2,5.0,5.0,,,5.0,3,900.0,1250.0,0.0,0.0,700.0,450.0,150.0,10.0,0.0,0.0,10.0,10.0,130,7,19450,0,0,1,5.5,1106.424,5 1/2F,0,21012195|LRL|2025-12-14|4
X,21012195,Prom Knight,LRL,2025-11-27,2,USA,CLM,,6.0,F,,6F,D,4,1.0,1.0,,,2.0,3,0.0,0.0,0.0,0.0,10.0,80.0,100.0,10.0,0.0,0.0,300.0,250.0,335,7,18910,0,0,1,6.0,1207.008,6F,0,21012195|LRL|2025-11-27|2
X,21012195,Prom Knight,LRL,2025-11-07,4,USA,CLM,,6.0,F,,6F,D,8,8.0,8.0,,,8.0,7,1050.0,1460.0,0.0,0.0,2050.0,2360.0,0.0,0.0,0.0,0.0,0.0,0.0,268,8,20760,0,0,1,6.0,1207.008,6F,0,21012195|LRL|2025-11-07|4
,21012195,Prom Knight,DEL,2025-10-16,6,USA,CLM,,5.5,F,,5 1/2F,D,9,9.0,10.0,,,12.0,8,560.0,620.0,0.0,0.0,590.0,695.0,10.0,10.0,0.0,0.0,100.0,50.0,84,13,19000,0,0,0,5.5,1106.424,5 1/2F,0,21012195|DEL|2025-10-16|6
X,21012274,Miss Harriett,LRL,2025-11-22,6,USA,STK,,6.5,F,,6 1/2F,D,5,1.0,1.0,,,3.0,3,0.0,0.0,0.0,0.0,110.0,735.0,200.0,250.0,0.0,0.0,500.0,100.0,49,5,100000,0,0,1,6.5,1307.592,6 1/2F,0,21012274|LRL|2025-11-22|6
,21012274,Miss Harriett,DEL,2025-05-31,6,USA,STK,,6.0,F,,6F,D,1,1.0,1.0,,,2.0,2,0.0,0.0,0.0,0.0,300.0,650.0,50.0,50.0,0.0,0.0,300.0,200.0,133,6,100000,0,0,0,6.0,1207.008,6F,0,21012274|DEL|2025-05-31|6
X,21012274,Miss Harriett,LRL,2025-04-27,9,USA,AOC,,6.0,F,,6F,D,3,1.0,1.0,,,3.0,3,0.0,0.0,0.0,0.0,60.0,525.0,100.0,50.0,0.0,0.0,300.0,225.0,37,5,56000,0,0,1,6.0,1207.008,6F,0,21012274|LRL|2025-04-27|9
X,21012359,The Goddess Factor,LRL,2025-11-28,2,USA,SOC,,8.0,F,,1M,D,1,8.0,6.0,2.0,,2.0,3,530.0,370.0,250.0,0.0,400.0,450.0,0.0,50.0,10.0,0.0,10.0,125.0,93,8,25740,0,0,1,8.0,1609.344,1M,0,21012359|LRL|2025-11-28|2
,21012359,The Goddess Factor,DEL,2025-10-18,8,USA,CLM,,8.32,F,A,1M 70Y,T,8,3.0,2.0,3.0,,6.0,9,110.0,150.0,160.0,0.0,460.0,610.0,100.0,10.0,10.0,0.0,100.0,0.0,97,10,22000,1,0,0,8.32,1673.71776,1M 70Y,1,21012359|DEL|2025-10-18|8
,21012359,The Goddess Factor,MED,2025-09-19,5,USA,ALW,,8.5,F,,1 1/16M,T,4,3.0,3.0,4.0,,4.0,5,200.0,250.0,200.0,0.0,200.0,325.0,10.0,10.0,50.0,0.0,100.0,175.0,214,8,42700,0,0,0,8.5,1709.928,1 1/16M,0,21012359|MED|2025-09-19|5
X,21012490,Meg,LRL,2025-10-11,7,USA,STK,,7.0,F,,7F,D,2,12.0,12.0,,,9.0,7,1470.0,1520.0,0.0,0.0,950.0,1000.0,0.0,0.0,0.0,0.0,150.0,175.0,868,12,102030,0,0,1,7.0,1408.176,7F,0,21012490|LRL|2025-10-11|7
X,21012490,Meg,LRL,2025-09-28,8,USA,ALW,,8.0,F,,1M,D,1,4.0,3.0,4.0,,4.0,5,170.0,210.0,310.0,0.0,700.0,725.0,250.0,150.0,350.0,0.0,100.0,300.0,61,6,50470,0,0,1,8.0,1609.344,1M,0,21012490|LRL|2025-09-28|8
,21012490,Meg,TIM,2025-08-30,8,USA,ALW,,8.5,F,,1 1/16M,D,5,3.0,4.0,2.0,,2.0,2,150.0,160.0,150.0,0.0,200.0,125.0,10.0,200.0,10.0,0.0,10.0,250.0,23,5,45100,0,0,0,8.5,1709.928,1 1/16M,0,21012490|TIM|2025-08-30|8
X,21012519,Mister Agent,LRL,2025-12-26,1,USA,CLM,,6.0,F,,6F,D,2,4.0,6.0,,,8.0,7,400.0,810.0,0.0,0.0,670.0,685.0,50.0,100.0,0.0,0.0,200.0,100.0,98,11,23070,0,0,1,6.0,1207.008,6F,0,21012519|LRL|2025-12-26|1
X,21012519,Mister Agent,LRL,2025-11-16,10,USA,CLM,,8.0,F,,1M,D,7,4.0,2.0,3.0,,3.0,5,400.0,50.0,160.0,0.0,850.0,1300.0,200.0,50.0,350.0,0.0,150.0,350.0,52,8,21030,0,0,1,8.0,1609.344,1M,0,21012519|LRL|2025-11-16|10
X,21012519,Mister Agent,LRL,2025-11-07,4,USA,CLM,,6.0,F,,6F,D,4,4.0,4.0,,,4.0,4,550.0,560.0,0.0,0.0,800.0,1225.0,50.0,250.0,0.0,0.0,200.0,325.0,24,8,20760,0,0,1,6.0,1207.008,6F,0,21012519|LRL|2025-11-07|4
X,21012519,Mister Agent,LRL,2025-10-12,4,USA,CLM,,5.5,F,,5 1/2F,D,5,3.0,2.0,,,2.0,2,200.0,200.0,0.0,0.0,100.0,25.0,500.0,100.0,0.0,0.0,350.0,475.0,23,7,18640,0,0,1,5.5,1106.424,5 1/2F,0,21012519|LRL|2025-10-12|4
X,21012546,Showstopper Copper,LRL,2025-11-22,7,USA,STK,,6.0,F,,6F,D,4,2.0,1.0,,,4.0,6,10.0,0.0,0.0,0.0,350.0,905.0,50.0,10.0,0.0,0.0,10.0,0.0,44,6,100000,0,0,1,6.0,1207.008,6F,0,21012546|LRL|2025-11-22|7
,21012546,Showstopper Copper,DEL,2025-10-08,7,USA,AOC,,6.0,F,,6F,D,2,3.0,2.0,,,1.0,3,150.0,10.0,0.0,0.0,0.0,50.0,100.0,10.0,0.0,0.0,200.0,375.0,31,6,48000,0,0,0,6.0,1207.008,6F,0,21012546|DEL|2025-10-08|7
,21012546,Showstopper Copper,DEL,2025-09-28,6,USA,STK,,6.0,F,,6F,D,4,2.0,2.0,,,3.0,3,100.0,50.0,0.0,0.0,110.0,200.0,10.0,50.0,0.0,0.0,100.0,50.0,37,6,100000,0,0,0,6.0,1207.008,6F,0,21012546|DEL|2025-09-28|6
X,21012694,Dwelling Legacy,LRL,2025-12-07,6,USA,AOC,,5.5,F,,5 1/2F,D,8,1.0,1.0,,,1.0,1,0.0,0.0,0.0,0.0,0.0,0.0,250.0,150.0,0.0,0.0,10.0,300.0,28,8,59565,0,0,1,5.5,1106.424,5 1/2F,0,21012694|LRL|2025-12-07|6
,21012694,Dwelling Legacy,DEL,2025-10-09,8,USA,AOC,,5.5,F,,5 1/2F,D,4,6.0,6.0,,,5.0,6,360.0,270.0,0.0,0.0,220.0,535.0,400.0,300.0,0.0,0.0,100.0,75.0,81,7,47000,0,0,0,5.5,1106.424,5 1/2F,0,21012694|DEL|2025-10-09|8
,21012694,Dwelling Legacy,TIM,2025-08-29,8,USA,ALW,,6.5,F,A,6 1/2F,D,5,1.0,1.0,,,1.0,1,0.0,0.0,0.0,0.0,0.0,0.0,10.0,350.0,0.0,0.0,200.0,50.0,40,5,44000,1,0,0,6.5,1307.592,6 1/2F,0,21012694|TIM|2025-08-29|8
X,21012759,Prado Road,LRL,2025-04-25,9,USA,ALW,,6.0,F,,6F,D,6,2.0,2.0,,,2.0,2,100.0,10.0,0.0,0.0,10.0,100.0,50.0,50.0,0.0,0.0,150.0,175.0,3,6,54880,0,0,1,6.0,1207.008,6F,0,21012759|LRL|2025-04-25|9
X,21012759,Prado Road,LRL,2025-02-23,7,USA,ALW,,6.0,F,,6F,D,1,2.0,4.0,,,3.0,1,150.0,260.0,0.0,0.0,160.0,0.0,10.0,100.0,0.0,0.0,350.0,150.0,36,7,48300,0,0,1,6.0,1207.008,6F,0,21012759|LRL|2025-02-23|7
X,21012759,Prado Road,LRL,2025-01-24,4,USA,ALW,,6.0,F,,6F,D,1,1.0,1.0,,,2.0,2,0.0,0.0,0.0,0.0,150.0,225.0,50.0,10.0,0.0,0.0,300.0,175.0,28,6,50470,0,0,1,6.0,1207.008,6F,0,21012759|LRL|2025-01-24|4
,21012793,Guardian Prince,CT,2025-11-26,7,USA,ALW,,7.0,F,,7F,D,3,3.0,4.0,,,5.0,7,150.0,160.0,0.0,0.0,400.0,825.0,50.0,100.0,0.0,0.0,100.0,775.0,68,8,32800,0,0,0,7.0,1408.176,7F,0,21012793|CT|2025-11-26|7
,21012793,Guardian Prince,CT,2025-10-30,7,USA,ALW,,4.5,F,,4 1/2F,D,2,4.0,,,,4.0,2,310.0,0.0,0.0,0.0,160.0,100.0,200.0,0.0,0.0,0.0,10.0,10.0,50,6,32800,0,0,0,4.5,905.2560000000001,4 1/2F,0,21012793|CT|2025-10-30|7
,21012793,Guardian Prince,PEN,2025-02-28,5,USA,ALW,,6.0,F,,6F,D,6,2.0,2.0,,,1.0,1,50.0,10.0,0.0,0.0,0.0,0.0,150.0,200.0,0.0,0.0,10.0,25.0,69,6,35000,0,0,0,6.0,1207.008,6F,0,21012793|PEN|2025-02-28|5
,21012932,Bolt Enoree,MVR,2025-11-24,8,USA,STK,,6.0,F,,6F,D,3,4.0,4.0,,,4.0,3,160.0,260.0,0.0,0.0,510.0,600.0,0.0,0.0,0.0,0.0,0.0,400.0,249,4,100000,0,0,0,6.0,1207.008,6F,0,21012932|MVR|2025-11-24|8
X,21012932,Bolt Enoree,WO,2025-11-08,9,CAN,STK,3,7.0,F,,7F,D,7,6.0,8.0,,,5.0,9,300.0,430.0,0.0,0.0,270.0,470.0,10.0,50.0,0.0,0.0,100.0,200.0,1185,14,106787,0,1,1,7.0,1408.176,7F,0,21012932|WO|2025-11-08|9
,21012932,Bolt Enoree,FE,2025-10-20,6,CAN,ALW,,6.5,F,,6 1/2F,D,1,4.0,5.0,,,2.0,1,160.0,310.0,0.0,0.0,100.0,0.0,10.0,10.0,0.0,0.0,100.0,200.0,37,6,17868,0,0,0,6.5,1307.592,6 1/2F,0,21012932|FE|2025-10-20|6
X,21012937,Hittheroadjak,LRL,2026-01-17,7,USA,STK,,8.0,F,,1M,D,5,4.0,4.0,6.0,,6.0,6,450.0,850.0,1400.0,0.0,1800.0,2205.0,10.0,100.0,100.0,0.0,200.0,625.0,129,7,100000,0,0,1,8.0,1609.344,1M,0,21012937|LRL|2026-01-17|7
X,21012937,Hittheroadjak,LRL,2025-12-20,8,USA,STK,,8.5,F,,1 1/16M,D,4,2.0,2.0,2.0,,5.0,5,100.0,100.0,100.0,0.0,750.0,1975.0,100.0,300.0,100.0,0.0,0.0,0.0,165,5,100000,0,0,1,8.5,1709.928,1 1/16M,0,21012937|LRL|2025-12-20|8
X,21012937,Hittheroadjak,LRL,2025-11-22,8,USA,STK,,9.0,F,,1 1/8M,D,1,1.0,1.0,1.0,,2.0,3,0.0,0.0,0.0,0.0,50.0,550.0,200.0,250.0,250.0,0.0,300.0,900.0,37,6,100000,0,0,1,9.0,1810.5120000000002,1 1/8M,0,21012937|LRL|2025-11-22|8
X,21012937,Hittheroadjak,LRL,2025-11-15,4,USA,AOC,,8.5,F,,1 1/16M,T,3,3.0,3.0,3.0,,5.0,6,400.0,200.0,150.0,0.0,270.0,455.0,200.0,100.0,50.0,0.0,150.0,0.0,236,6,56000,0,0,1,8.5,1709.928,1 1/16M,0,21012937|LRL|2025-11-15|4
X,21012937,Hittheroadjak,LRL,2025-10-19,5,USA,AOC,,8.0,F,,1M,T,4,6.0,6.0,6.0,,7.0,7,660.0,810.0,760.0,0.0,720.0,340.0,350.0,350.0,250.0,0.0,0.0,0.0,152,7,56500,0,0,1,8.0,1609.344,1M,0,21012937|LRL|2025-10-19|5
X,21013063,Albert Finnigan,LRL,2025-11-27,1,USA,MCL,,8.0,F,,1M,D,3,5.0,7.0,9.0,,8.0,7,450.0,760.0,720.0,0.0,580.0,825.0,100.0,100.0,0.0,0.0,150.0,50.0,324,9,25870,0,0,1,8.0,1609.344,1M,0,21013063|LRL|2025-11-27|1
X,21013063,Albert Finnigan,LRL,2025-11-02,3,USA,MCL,,8.5,F,,1 1/16M,D,7,5.0,5.0,5.0,,5.0,5,500.0,1050.0,850.0,0.0,1100.0,1160.0,300.0,200.0,10.0,0.0,150.0,25.0,272,8,25700,0,0,1,8.5,1709.928,1 1/16M,0,21013063|LRL|2025-11-02|3
X,21013063,Albert Finnigan,LRL,2025-10-05,3,USA,MCL,,8.0,F,,1M,T,7,9.0,9.0,10.0,,10.0,10,1350.0,870.0,1860.0,0.0,3270.0,2905.0,150.0,150.0,0.0,0.0,0.0,0.0,919,10,32000,0,0,1,8.0,1609.344,1M,0,21013063|LRL|2025-10-05|3
X,21013073,Worries Unfounded,LRL,2025-12-21,1,USA,MCL,,5.5,F,,5 1/2F,D,5,1.0,1.0,,,1.0,1,0.0,0.0,0.0,0.0,0.0,0.0,150.0,250.0,0.0,0.0,300.0,400.0,11,10,24720,0,0,1,5.5,1106.424,5 1/2F,0,21013073|LRL|2025-12-21|1
X,21013073,Worries Unfounded,LRL,2025-11-08,6,USA,MCL,,5.5,F,,5 1/2F,T,5,7.0,6.0,,,6.0,4,760.0,760.0,0.0,0.0,770.0,425.0,400.0,50.0,0.0,0.0,150.0,50.0,37,12,28100,0,0,1,5.5,1106.424,5 1/2F,0,21013073|LRL|2025-11-08|6
X,21013073,Worries Unfounded,LRL,2025-02-02,4,USA,MCL,,5.5,F,,5 1/2F,D,1,5.0,5.0,,,3.0,2,360.0,420.0,0.0,0.0,200.0,350.0,150.0,250.0,0.0,0.0,300.0,325.0,46,7,33450,0,0,1,5.5,1106.424,5 1/2F,0,21013073|LRL|2025-02-02|4
X,21013073,Worries Unfounded,LRL,2024-11-17,1,USA,MCL,,7.0,F,,7F,D,7,2.0,1.0,,,2.0,3,10.0,0.0,0.0,0.0,150.0,1575.0,700.0,100.0,0.0,0.0,400.0,100.0,27,7,34290,0,0,1,7.0,1408.176,7F,0,21013073|LRL|2024-11-17|1
X,21013111,Cap Com,LRL,2025-12-28,7,USA,AOC,,8.0,F,,1M,D,4,3.0,4.0,4.0,,4.0,4,460.0,350.0,360.0,0.0,660.0,1125.0,10.0,0.0,0.0,0.0,0.0,0.0,96,4,56000,0,0,1,8.0,1609.344,1M,0,21013111|LRL|2025-12-28|7
X,21013111,Cap Com,LRL,2025-12-20,5,USA,STK,,7.0,F,,7F,D,5,4.0,3.0,,,4.0,4,210.0,60.0,0.0,0.0,700.0,1400.0,150.0,50.0,0.0,0.0,100.0,450.0,418,5,100000,0,0,1,7.0,1408.176,7F,0,21013111|LRL|2025-12-20|5
X,21013111,Cap Com,LRL,2025-11-14,6,USA,AOC,,8.0,F,,1M,D,3,5.0,5.0,8.0,,8.0,8,500.0,360.0,880.0,0.0,1410.0,1280.0,10.0,10.0,0.0,0.0,0.0,0.0,285,8,57000,0,0,1,8.0,1609.344,1M,0,21013111|LRL|2025-11-14|6
,21013111,Cap Com,TIM,2025-08-24,7,USA,AOC,,8.0,F,,1M,D,7,6.0,5.0,3.0,,5.0,2,370.0,460.0,500.0,0.0,460.0,25.0,450.0,200.0,100.0,0.0,100.0,250.0,163,7,51800,0,0,0,8.0,1609.344,1M,0,21013111|TIM|2025-08-24|7
X,21013111,Cap Com,CNL,2025-07-09,7,USA,AOC,,8.0,F,,1M,D,7,5.0,6.0,7.0,,6.0,6,260.0,420.0,520.0,0.0,760.0,1355.0,50.0,200.0,0.0,0.0,50.0,75.0,95,7,74000,0,0,1,8.0,1609.344,1M,0,21013111|CNL|2025-07-09|7
X,21013325,Oncourtcommentator,LRL,2025-01-18,4,USA,STK,,8.0,F,,1M,D,3,7.0,6.0,4.0,,4.0,2,620.0,750.0,410.0,0.0,220.0,200.0,0.0,250.0,10.0,0.0,50.0,175.0,13,7,75000,0,0,1,8.0,1609.344,1M,0,21013325|LRL|2025-01-18|4
X,21013325,Oncourtcommentator,LRL,2024-12-21,6,USA,AOC,,8.0,F,,1M,D,1,8.0,8.0,6.0,,3.0,1,1210.0,1110.0,610.0,0.0,350.0,0.0,0.0,0.0,250.0,0.0,250.0,25.0,48,8,59165,0,0,1,8.0,1609.344,1M,0,21013325|LRL|2024-12-21|6
X,21013325,Oncourtcommentator,LRL,2024-10-27,8,USA,ALW,,8.0,F,,1M,D,5,5.0,4.0,2.0,,2.0,2,400.0,310.0,250.0,0.0,500.0,400.0,100.0,50.0,10.0,0.0,50.0,150.0,9,7,48300,0,0,1,8.0,1609.344,1M,0,21013325|LRL|2024-10-27|8
X,21013454,Brindano,LRL,2026-01-10,1,USA,SOC,,8.5,F,,1 1/16M,D,1,4.0,4.0,5.0,,6.0,5,210.0,310.0,320.0,0.0,280.0,850.0,200.0,10.0,10.0,0.0,300.0,50.0,148,7,27280,0,0,1,8.5,1709.928,1 1/16M,0,21013454|LRL|2026-01-10|1
X,21013454,Brindano,LRL,2025-12-05,3,USA,SOC,,7.0,F,,7F,D,4,6.0,6.0,,,3.0,2,1100.0,710.0,0.0,0.0,110.0,275.0,10.0,600.0,0.0,0.0,150.0,275.0,129,7,27040,0,0,1,7.0,1408.176,7F,0,21013454|LRL|2025-12-05|3
X,21013454,Brindano,LRL,2025-10-19,2,USA,CLM,,6.0,F,,6F,D,4,7.0,4.0,,,4.0,2,550.0,550.0,0.0,0.0,450.0,375.0,0.0,200.0,0.0,0.0,250.0,225.0,14,7,22560,0,0,1,6.0,1207.008,6F,0,21013454|LRL|2025-10-19|2
X,21013454,Brindano,LRL,2025-10-05,2,USA,SOC,,6.0,F,,6F,D,1,4.0,4.0,,,3.0,4,310.0,660.0,0.0,0.0,750.0,925.0,50.0,10.0,0.0,0.0,10.0,475.0,278,6,30000,0,0,1,6.0,1207.008,6F,0,21013454|LRL|2025-10-05|2
X,21013518,Le Gris,LRL,2025-11-30,7,USA,AOC,,8.5,F,,1 1/16M,D,1,1.0,1.0,1.0,,1.0,1,0.0,0.0,0.0,0.0,0.0,0.0,100.0,250.0,200.0,0.0,550.0,900.0,14,6,53000,0,0,1,8.5,1709.928,1 1/16M,0,21013518|LRL|2025-11-30|7
X,21013518,Le Gris,BAQ,2025-10-18,10,USA,STR,,8.5,F,,1 1/16M,T,10,7.0,7.0,7.0,,8.0,8,320.0,280.0,420.0,0.0,330.0,685.0,100.0,200.0,100.0,0.0,300.0,75.0,323,11,110000,0,0,1,8.5,1709.928,1 1/16M,0,21013518|BAQ|2025-10-18|10
X,21013518,Le Gris,SAR,2025-08-31,3,USA,AOC,,8.0,F,,1M,D,6,3.0,3.0,6.0,,5.0,4,200.0,100.0,610.0,0.0,410.0,400.0,50.0,100.0,500.0,0.0,50.0,375.0,164,7,115000,0,0,1,8.0,1609.344,1M,0,21013518|SAR|2025-08-31|3
,21013533,Frosty the Giant,CT,2025-12-11,8,USA,AOC,,6.5,F,,6 1/2F,D,4,3.0,2.0,,,7.0,9,150.0,100.0,0.0,0.0,560.0,1775.0,500.0,50.0,0.0,0.0,10.0,0.0,323,9,34000,0,0,0,6.5,1307.592,6 1/2F,0,21013533|CT|2025-12-11|8
,21013533,Frosty the Giant,PEN,2025-11-12,6,USA,AOC,,8.0,F,,1M,D,8,1.0,1.0,1.0,,4.0,4,0.0,0.0,0.0,0.0,260.0,535.0,100.0,100.0,50.0,0.0,300.0,425.0,151,8,36000,0,0,0,8.0,1609.344,1M,0,21013533|PEN|2025-11-12|6
,21013533,Frosty the Giant,CT,2025-10-16,8,USA,ALW,,6.5,F,,6 1/2F,D,1,1.0,1.0,,,1.0,1,0.0,0.0,0.0,0.0,0.0,0.0,150.0,150.0,0.0,0.0,50.0,275.0,5,8,31700,0,0,0,6.5,1307.592,6 1/2F,0,21013533|CT|2025-10-16|8
X,21013577,Little Lance,LRL,2025-12-14,4,USA,CLM,,5.5,F,,5 1/2F,D,3,3.0,3.0,,,3.0,2,300.0,650.0,0.0,0.0,250.0,175.0,250.0,150.0,0.0,0.0,350.0,275.0,18,7,19450,0,0,1,5.5,1106.424,5 1/2F,0,21013577|LRL|2025-12-14|4
X,21013577,Little Lance,LRL,2025-11-07,4,USA,CLM,,6.0,F,,6F,D,3,6.0,6.0,,,6.0,6,750.0,910.0,0.0,0.0,1250.0,1560.0,50.0,50.0,0.0,0.0,200.0,800.0,57,8,20760,0,0,1,6.0,1207.008,6F,0,21013577|LRL|2025-11-07|4
X,21013577,Little Lance,LRL,2025-10-11,3,USA,SHP,,7.0,F,,7F,D,5,5.0,6.0,,,11.0,11,700.0,800.0,0.0,0.0,1470.0,1775.0,100.0,200.0,0.0,0.0,0.0,0.0,149,11,40800,0,0,1,7.0,1408.176,7F,0,21013577|LRL|2025-10-11|3
X,21013577,Little Lance,LRL,2025-09-19,4,USA,CLM,,6.0,F,,6F,D,4,3.0,3.0,,,2.0,2,210.0,210.0,0.0,0.0,150.0,150.0,10.0,50.0,0.0,0.0,10.0,25.0,58,7,19180,0,0,1,6.0,1207.008,6F,0,21013577|LRL|2025-09-19|4
,21013781,I'd Rather Not,CT,2025-11-28,6,USA,MSW,,4.5,F,,4 1/2F,D,9,8.0,,,,9.0,9,660.0,0.0,0.0,0.0,660.0,875.0,100.0,0.0,0.0,0.0,100.0,350.0,72,10,30600,0,0,0,4.5,905.2560000000001,4 1/2F,0,21013781|CT|2025-11-28|6
,21013781,I'd Rather Not,CT,2025-11-06,8,USA,MSW,,4.5,F,,4 1/2F,D,10,2.0,,,,2.0,3,10.0,0.0,0.0,0.0,10.0,175.0,150.0,0.0,0.0,0.0,100.0,175.0,95,10,30600,0,0,0,4.5,905.2560000000001,4 1/2F,0,21013781|CT|2025-11-06|8
,21013781,I'd Rather Not,CT,2025-10-25,2,USA,MSW,,6.5,F,,6 1/2F,D,8,2.0,2.0,,,4.0,6,50.0,100.0,0.0,0.0,350.0,1275.0,200.0,200.0,0.0,0.0,100.0,650.0,857,8,30600,0,0,0,6.5,1307.592,6 1/2F,0,21013781|CT|2025-10-25|2
X,21014434,Group Ticket,LRL,2025-12-27,3,USA,ALW,,9.0,F,,1 1/8M,D,1,4.0,4.0,3.0,,2.0,2,210.0,160.0,300.0,0.0,200.0,300.0,150.0,100.0,100.0,0.0,250.0,750.0,20,6,49000,0,0,1,9.0,1810.5120000000002,1 1/8M,0,21014434|LRL|2025-12-27|3
,21014434,Group Ticket,PRX,2025-11-04,9,USA,SOC,,8.0,F,,1M,D,6,4.0,2.0,4.0,,3.0,4,360.0,150.0,160.0,0.0,200.0,375.0,150.0,10.0,100.0,0.0,100.0,275.0,21,7,30000,0,0,0,8.0,1609.344,1M,0,21014434|PRX|2025-11-04|9
,21014434,Group Ticket,PRX,2025-10-08,4,USA,SOC,,8.0,F,,1M,D,1,4.0,5.0,5.0,,4.0,3,160.0,260.0,560.0,0.0,610.0,500.0,100.0,500.0,300.0,0.0,300.0,225.0,16,6,30000,0,0,0,8.0,1609.344,1M,0,21014434|PRX|2025-10-08|4
,21014434,Group Ticket,DEL,2025-09-13,4,USA,STR,,8.32,F,,1M 70Y,D,8,4.0,5.0,2.0,,1.0,1,300.0,320.0,100.0,0.0,0.0,0.0,100.0,200.0,200.0,0.0,100.0,200.0,31,9,50000,0,0,0,8.32,1673.71776,1M 70Y,1,21014434|DEL|2025-09-13|4
X,21014582,Audibly,LRL,2025-12-05,7,USA,ALW,,8.5,F,,1 1/16M,D,8,8.0,8.0,7.0,,3.0,2,1080.0,960.0,910.0,0.0,600.0,500.0,0.0,0.0,1200.0,0.0,100.0,475.0,228,8,50735,0,0,1,8.5,1709.928,1 1/16M,0,21014582|LRL|2025-12-05|7
X,21014582,Audibly,LRL,2025-10-31,8,USA,ALW,,9.0,F,,1 1/8M,D,4,6.0,6.0,6.0,,5.0,2,900.0,750.0,860.0,0.0,550.0,300.0,0.0,0.0,0.0,0.0,300.0,25.0,293,6,53410,0,0,1,9.0,1810.5120000000002,1 1/8M,0,21014582|LRL|2025-10-31|8
X,21014582,Audibly,LRL,2025-09-28,8,USA,ALW,,8.0,F,,1M,D,4,6.0,6.0,6.0,,5.0,4,720.0,860.0,670.0,0.0,800.0,675.0,0.0,0.0,0.0,0.0,250.0,50.0,104,6,50470,0,0,1,8.0,1609.344,1M,0,21014582|LRL|2025-09-28|8
X,21014690,Big Earn,LRL,2025-11-23,6,USA,ALW,,5.5,F,,5 1/2F,T,8,5.0,5.0,,,4.0,4,360.0,270.0,0.0,0.0,350.0,175.0,50.0,10.0,0.0,0.0,10.0,25.0,63,10,51000,0,0,1,5.5,1106.424,5 1/2F,0,21014690|LRL|2025-11-23|6
X,21014690,Big Earn,LRL,2025-11-02,8,USA,ALW,,5.5,F,,5 1/2F,T,5,8.0,8.0,,,5.0,4,530.0,770.0,0.0,0.0,520.0,555.0,10.0,10.0,0.0,0.0,50.0,50.0,21,9,50500,0,0,1,5.5,1106.424,5 1/2F,0,21014690|LRL|2025-11-02|8
X,21014690,Big Earn,LRL,2025-10-18,5,USA,SOC,,5.5,F,,5 1/2F,T,4,6.0,2.0,,,1.0,1,460.0,150.0,0.0,0.0,0.0,0.0,50.0,50.0,0.0,0.0,10.0,100.0,18,9,28760,0,0,1,5.5,1106.424,5 1/2F,0,21014690|LRL|2025-10-18|5
,21014741,Wyoming Class,PEN,2025-11-12,5,USA,ALW,,8.32,F,,1M 70Y,D,3,9.0,9.0,8.0,,6.0,5,1260.0,1010.0,860.0,0.0,460.0,400.0,0.0,0.0,10.0,0.0,200.0,75.0,14,9,35000,0,0,0,8.32,1673.71776,1M 70Y,1,21014741|PEN|2025-11-12|5
,21014741,Wyoming Class,DEL,2025-09-28,5,USA,MSW,,8.5,F,,1 1/16M,D,2,8.0,8.0,5.0,,1.0,1,920.0,800.0,220.0,0.0,0.0,0.0,0.0,0.0,10.0,0.0,100.0,225.0,22,8,70000,0,0,0,8.5,1709.928,1 1/16M,0,21014741|DEL|2025-09-28|5
,21014741,Wyoming Class,DEL,2025-08-20,4,USA,MSW,,8.0,F,,1M,D,7,6.0,7.0,4.0,,4.0,2,450.0,610.0,500.0,0.0,450.0,250.0,100.0,0.0,100.0,0.0,50.0,375.0,37,7,45000,0,0,0,8.0,1609.344,1M,0,21014741|DEL|2025-08-20|4
X,21014801,Joe the Jet,LRL,2025-12-06,2,USA,CLM,,8.0,F,,1M,D,6,2.0,2.0,1.0,,1.0,1,50.0,50.0,0.0,0.0,0.0,0.0,150.0,300.0,200.0,0.0,300.0,275.0,34,7,44100,0,0,1,8.0,1609.344,1M,0,21014801|LRL|2025-12-06|2
X,21014801,Joe the Jet,LRL,2025-10-17,8,USA,SOC,,6.0,F,,6F,D,3,7.0,6.0,,,5.0,5,470.0,860.0,0.0,0.0,810.0,675.0,0.0,250.0,0.0,0.0,300.0,925.0,70,7,30500,0,0,1,6.0,1207.008,6F,0,21014801|LRL|2025-10-17|8
X,21014801,Joe the Jet,LRL,2025-06-08,8,USA,SOC,,7.0,F,,7F,D,6,1.0,1.0,,,1.0,1,0.0,0.0,0.0,0.0,0.0,0.0,50.0,200.0,0.0,0.0,550.0,325.0,28,7,33450,0,0,1,7.0,1408.176,7F,0,21014801|LRL|2025-06-08|8
,21015050,Rumint,FL,2025-11-25,9,USA,CLM,,5.5,F,,5 1/2F,D,1,3.0,3.0,,,1.0,1,150.0,150.0,0.0,0.0,0.0,0.0,400.0,200.0,0.0,0.0,10.0,225.0,6,4,14000,0,0,0,5.5,1106.424,5 1/2F,0,21015050|FL|2025-11-25|9
,21015050,Rumint,FL,2025-11-12,4,USA,CLM,,8.32,F,,1M 70Y,D,4,1.0,1.0,1.0,,1.0,1,0.0,0.0,0.0,0.0,0.0,0.0,100.0,150.0,200.0,0.0,400.0,775.0,10,7,14000,0,0,0,8.32,1673.71776,1M 70Y,1,21015050|FL|2025-11-12|4
,21015050,Rumint,FL,2025-10-27,2,USA,CLM,,8.0,F,,1M,D,5,3.0,3.0,3.0,,3.0,4,300.0,250.0,300.0,0.0,500.0,350.0,100.0,100.0,200.0,0.0,10.0,150.0,11,5,18100,0,0,0,8.0,1609.344,1M,0,21015050|FL|2025-10-27|2
X,21015936,Di's Surprise,LRL,2025-11-09,9,USA,STK,,8.5,F,,1 1/16M,D,5,1.0,2.0,2.0,,2.0,4,0.0,10.0,50.0,0.0,350.0,475.0,200.0,200.0,250.0,0.0,10.0,25.0,121,7,100000,0,0,1,8.5,1709.928,1 1/16M,0,21015936|LRL|2025-11-09|9
X,21015936,Di's Surprise,LRL,2025-04-19,7,USA,STK,,8.0,F,,1M,T,5,1.0,1.0,1.0,,1.0,5,0.0,0.0,0.0,0.0,0.0,410.0,300.0,200.0,150.0,0.0,200.0,75.0,399,8,100000,0,0,1,8.0,1609.344,1M,0,21015936|LRL|2025-04-19|7
X,21015936,Di's Surprise,LRL,2025-01-24,6,USA,AOC,,7.0,F,,7F,D,5,2.0,2.0,,,1.0,1,100.0,10.0,0.0,0.0,0.0,0.0,50.0,50.0,0.0,0.0,10.0,25.0,480,9,54695,0,0,1,7.0,1408.176,7F,0,21015936|LRL|2025-01-24|6
X,21016168,Tell 'Em I'm Comin,LRL,2025-12-21,5,USA,MCL,,6.0,F,,6F,D,6,7.0,7.0,,,7.0,5,2010.0,1210.0,0.0,0.0,1110.0,875.0,0.0,0.0,0.0,0.0,0.0,150.0,42,7,30500,0,0,1,6.0,1207.008,6F,0,21016168|LRL|2025-12-21|5
X,21016168,Tell 'Em I'm Comin,LRL,2025-11-27,1,USA,MCL,,8.0,F,,1M,D,1,8.0,6.0,5.0,,4.0,3,900.0,750.0,400.0,0.0,410.0,350.0,10.0,10.0,250.0,0.0,100.0,25.0,8,9,25870,0,0,1,8.0,1609.344,1M,0,21016168|LRL|2025-11-27|1
X,21016168,Tell 'Em I'm Comin,LRL,2025-11-16,3,USA,MCL,,8.0,F,,1M,T,5,9.0,9.0,9.0,,9.0,9,830.0,580.0,1030.0,0.0,1680.0,1705.0,0.0,0.0,0.0,0.0,0.0,0.0,270,9,34200,0,0,1,8.0,1609.344,1M,0,21016168|LRL|2025-11-16|3
X,21016168,Tell 'Em I'm Comin,LRL,2025-09-14,6,USA,MCL,,8.0,F,,1M,D,6,9.0,7.0,4.0,,4.0,2,870.0,510.0,660.0,0.0,1050.0,1025.0,0.0,100.0,50.0,0.0,50.0,75.0,31,9,32400,0,0,1,8.0,1609.344,1M,0,21016168|LRL|2025-09-14|6
X,21016215,Beach Cowboy,LRL,2026-01-16,10,USA,CLM,,7.0,F,,7F,D,3,2.0,4.0,,,3.0,3,50.0,310.0,0.0,0.0,550.0,500.0,100.0,150.0,0.0,0.0,100.0,400.0,83,7,20600,0,0,1,7.0,1408.176,7F,0,21016215|LRL|2026-01-16|10
X,21016215,Beach Cowboy,LRL,2025-12-26,1,USA,CLM,,6.0,F,,6F,D,4,3.0,3.0,,,3.0,4,200.0,350.0,0.0,0.0,260.0,350.0,200.0,200.0,0.0,0.0,50.0,25.0,220,11,23070,0,0,1,6.0,1207.008,6F,0,21016215|LRL|2025-12-26|1
X,21016215,Beach Cowboy,LRL,2025-09-12,4,USA,CLM,,6.0,F,,6F,D,2,1.0,1.0,,,2.0,3,0.0,0.0,0.0,0.0,200.0,255.0,100.0,10.0,0.0,0.0,10.0,175.0,38,5,18180,0,0,1,6.0,1207.008,6F,0,21016215|LRL|2025-09-12|4
,21016215,Beach Cowboy,TIM,2025-08-22,6,USA,CLM,,6.5,F,A,6 1/2F,D,2,4.0,4.0,,,3.0,2,450.0,220.0,0.0,0.0,20.0,5.0,300.0,700.0,0.0,0.0,200.0,150.0,38,5,16050,1,0,0,6.5,1307.592,6 1/2F,0,21016215|TIM|2025-08-22|6
,21016215,Beach Cowboy,DEL,2025-07-04,2,USA,CLM,,6.0,F,,6F,D,2,1.0,1.0,,,2.0,1,0.0,0.0,0.0,0.0,10.0,0.0,10.0,10.0,0.0,0.0,600.0,5.0,10,5,19000,0,0,0,6.0,1207.008,6F,0,21016215|DEL|2025-07-04|2
,21016221,Party,DEL,2025-09-13,3,USA,STR,,8.5,F,,1 1/16M,T,7,6.0,6.0,7.0,,5.0,4,450.0,660.0,530.0,0.0,600.0,700.0,50.0,10.0,0.0,0.0,200.0,100.0,108,7,100000,0,0,0,8.5,1709.928,1 1/16M,0,21016221|DEL|2025-09-13|3
,21016221,Party,DEL,2025-08-09,3,USA,AOC,,6.0,F,,6F,D,6,6.0,6.0,,,7.0,5,320.0,370.0,0.0,0.0,270.0,390.0,100.0,100.0,0.0,0.0,0.0,200.0,56,7,47000,0,0,0,6.0,1207.008,6F,0,21016221|DEL|2025-08-09|3
,21016221,Party,DEL,2025-07-05,5,USA,STK,3,11.0,F,A,1 3/8M,T,2,3.0,3.0,4.0,5.0,5.0,5,150.0,110.0,200.0,400.0,320.0,410.0,100.0,50.0,50.0,0.0,0.0,0.0,302,5,250000,1,1,0,11.0,2212.848,1 3/8M,0,21016221|DEL|2025-07-05|5
X,21016438,Rapidity,LRL,2026-01-16,1,USA,SOC,,6.0,F,,6F,D,5,3.0,4.0,,,4.0,5,350.0,400.0,0.0,0.0,800.0,1450.0,150.0,350.0,0.0,0.0,200.0,0.0,40,5,26000,0,0,1,6.0,1207.008,6F,0,21016438|LRL|2026-01-16|1
X,21016438,Rapidity,LRL,2025-12-13,6,USA,SOC,,6.0,F,,6F,D,4,6.0,6.0,,,4.0,5,320.0,510.0,0.0,0.0,560.0,1050.0,600.0,300.0,0.0,0.0,200.0,25.0,83,7,27760,0,0,1,6.0,1207.008,6F,0,21016438|LRL|2025-12-13|6
X,21016438,Rapidity,LRL,2025-11-01,11,USA,SOC,,6.0,F,,6F,D,7,4.0,3.0,,,3.0,2,360.0,260.0,0.0,0.0,160.0,675.0,10.0,10.0,0.0,0.0,150.0,150.0,50,7,25600,0,0,1,6.0,1207.008,6F,0,21016438|LRL|2025-11-01|11
X,21016438,Rapidity,CNL,2025-08-01,5,USA,CLM,,5.5,F,,5 1/2F,T,8,6.0,9.0,,,9.0,9,460.0,1120.0,0.0,0.0,1010.0,300.0,10.0,100.0,0.0,0.0,500.0,400.0,124,11,34500,0,0,1,5.5,1106.424,5 1/2F,0,21016438|CNL|2025-08-01|5
X,21016438,Rapidity,LRL,2025-06-20,4,USA,SOC,,6.0,F,,6F,D,4,6.0,6.0,,,6.0,6,620.0,860.0,0.0,0.0,850.0,800.0,250.0,150.0,0.0,0.0,200.0,225.0,105,7,34350,0,0,1,6.0,1207.008,6F,0,21016438|LRL|2025-06-20|4
X,21016779,Lady Charlotte,LRL,2025-12-05,8,USA,CLM,,6.0,F,,6F,D,5,1.0,2.0,,,2.0,2,0.0,50.0,0.0,0.0,250.0,350.0,150.0,350.0,0.0,0.0,350.0,450.0,5,7,19450,0,0,1,6.0,1207.008,6F,0,21016779|LRL|2025-12-05|8
X,21016779,Lady Charlotte,LRL,2025-11-02,2,USA,CLM,,6.0,F,,6F,D,3,1.0,1.0,,,1.0,1,0.0,0.0,0.0,0.0,0.0,0.0,50.0,500.0,0.0,0.0,400.0,350.0,15,7,21070,0,0,1,6.0,1207.008,6F,0,21016779|LRL|2025-11-02|2
X,21016779,Lady Charlotte,LRL,2025-10-10,4,USA,CLM,,5.5,F,,5 1/2F,D,4,1.0,2.0,,,2.0,2,0.0,10.0,0.0,0.0,400.0,625.0,10.0,100.0,0.0,0.0,200.0,25.0,23,7,21070,0,0,1,5.5,1106.424,5 1/2F,0,21016779|LRL|2025-10-10|4
,21017501,Maliblue,PRX,2026-01-14,10,USA,CLM,,6.0,F,,6F,D,1,2.0,2.0,,,1.0,1,50.0,10.0,0.0,0.0,0.0,0.0,100.0,50.0,0.0,0.0,100.0,300.0,122,10,21000,0,0,0,6.0,1207.008,6F,0,21017501|PRX|2026-01-14|10
,21017501,Maliblue,PEN,2025-12-19,10,USA,CLM,,6.0,F,,6F,D,5,2.0,2.0,,,1.0,1,100.0,10.0,0.0,0.0,0.0,0.0,150.0,100.0,0.0,0.0,100.0,125.0,76,7,12000,0,0,0,6.0,1207.008,6F,0,21017501|PEN|2025-12-19|10
,21017501,Maliblue,PRX,2025-11-10,10,USA,CLM,,6.0,F,,6F,D,4,4.0,5.0,,,8.0,8,160.0,210.0,0.0,0.0,,,100.0,50.0,0.0,0.0,,,84,8,21000,0,0,0,6.0,1207.008,6F,0,21017501|PRX|2025-11-10|10
X,21017680,Bailintin,LRL,2025-11-22,6,USA,STK,,6.5,F,,6 1/2F,D,3,4.0,4.0,,,5.0,5,560.0,660.0,0.0,0.0,810.0,1535.0,450.0,250.0,0.0,0.0,0.0,0.0,239,5,100000,0,0,1,6.5,1307.592,6 1/2F,0,21017680|LRL|2025-11-22|6
X,21017680,Bailintin,CNL,2025-07-16,7,USA,AOC,,8.0,F,,1M,D,2,4.0,4.0,3.0,,2.0,1,200.0,210.0,110.0,0.0,10.0,0.0,50.0,10.0,10.0,0.0,50.0,25.0,445,7,74000,0,0,1,8.0,1609.344,1M,0,21017680|CNL|2025-07-16|7
X,21017680,Bailintin,LRL,2025-06-27,8,USA,AOC,,8.0,F,,1M,T,1,8.0,10.0,10.0,,10.0,10,1210.0,1780.0,1160.0,0.0,1130.0,1260.0,200.0,0.0,0.0,0.0,0.0,0.0,912,10,54200,0,0,1,8.0,1609.344,1M,0,21017680|LRL|2025-06-27|8
X,21017703,Yumyum Eat Em Up,LRL,2026-01-09,5,USA,CLM,,6.0,F,,6F,D,6,7.0,6.0,,,6.0,5,520.0,660.0,0.0,0.0,760.0,875.0,10.0,10.0,0.0,0.0,100.0,50.0,66,9,19910,0,0,1,6.0,1207.008,6F,0,21017703|LRL|2026-01-09|5
,21017703,Yumyum Eat Em Up,PRX,2025-12-30,1,USA,CLM,,6.0,F,,6F,D,7,8.0,5.0,,,5.0,6,570.0,460.0,0.0,0.0,460.0,630.0,400.0,50.0,0.0,0.0,50.0,225.0,238,9,20000,0,0,0,6.0,1207.008,6F,0,21017703|PRX|2025-12-30|1
X,21017703,Yumyum Eat Em Up,LRL,2025-12-19,5,USA,CLM,,5.5,F,,5 1/2F,D,5,6.0,6.0,,,6.0,3,1400.0,1300.0,0.0,0.0,1250.0,650.0,200.0,400.0,0.0,0.0,800.0,25.0,65,7,18640,0,0,1,5.5,1106.424,5 1/2F,0,21017703|LRL|2025-12-19|5
X,21017703,Yumyum Eat Em Up,LRL,2025-12-05,8,USA,CLM,,6.0,F,,6F,D,1,7.0,6.0,,,6.0,6,1400.0,1400.0,0.0,0.0,1300.0,1325.0,0.0,150.0,0.0,0.0,100.0,25.0,54,7,19450,0,0,1,6.0,1207.008,6F,0,21017703|LRL|2025-12-05|8
,21017703,Yumyum Eat Em Up,DEL,2025-10-18,7,USA,SOC,,6.0,F,,6F,D,1,3.0,5.0,,,5.0,4,150.0,500.0,0.0,0.0,600.0,1000.0,100.0,0.0,0.0,0.0,0.0,275.0,60,5,20000,0,0,0,6.0,1207.008,6F,0,21017703|DEL|2025-10-18|7
,21017703,Yumyum Eat Em Up,DEL,2025-10-04,8,USA,SOC,,6.0,F,,6F,D,7,6.0,4.0,,,5.0,5,370.0,70.0,0.0,0.0,320.0,810.0,0.0,100.0,0.0,0.0,300.0,1950.0,101,7,29000,0,0,0,6.0,1207.008,6F,0,21017703|DEL|2025-10-04|8
X,21017739,Sippin' Time,LRL,2025-11-07,2,USA,SOC,,6.0,F,,6F,D,6,3.0,6.0,,,6.0,5,360.0,700.0,0.0,0.0,1250.0,1475.0,100.0,0.0,0.0,0.0,0.0,250.0,1325,7,30370,0,0,1,6.0,1207.008,6F,0,21017739|LRL|2025-11-07|2
X,21017739,Sippin' Time,LRL,2025-10-25,7,USA,CLM,,6.0,F,,6F,D,5,7.0,8.0,,,8.0,6,670.0,720.0,0.0,0.0,1060.0,1500.0,50.0,0.0,0.0,0.0,0.0,50.0,201,8,25700,0,0,1,6.0,1207.008,6F,0,21017739|LRL|2025-10-25|7
,21017739,Sippin' Time,DEL,2025-07-05,4,USA,SOC,,6.0,F,,6F,D,6,5.0,7.0,,,7.0,7,300.0,560.0,0.0,0.0,700.0,735.0,50.0,0.0,0.0,0.0,0.0,0.0,832,7,25000,0,0,0,6.0,1207.008,6F,0,21017739|DEL|2025-07-05|4
X,21017747,Kilo Road,LRL,2025-12-07,6,USA,AOC,,5.5,F,,5 1/2F,D,4,8.0,8.0,,,8.0,5,1270.0,1120.0,0.0,0.0,1160.0,675.0,0.0,0.0,0.0,0.0,0.0,125.0,55,8,59565,0,0,1,5.5,1106.424,5 1/2F,0,21017747|LRL|2025-12-07|6
X,21017747,Kilo Road,LRL,2025-10-25,11,USA,AOC,,7.0,F,,7F,D,3,2.0,2.0,,,1.0,2,200.0,150.0,0.0,0.0,0.0,50.0,10.0,100.0,0.0,0.0,150.0,325.0,62,8,55590,0,0,1,7.0,1408.176,7F,0,21017747|LRL|2025-10-25|11
,21017747,Kilo Road,TIM,2025-08-24,6,USA,AOC,,6.5,F,A,6 1/2F,D,2,5.0,4.0,,,2.0,2,620.0,660.0,0.0,0.0,600.0,25.0,0.0,350.0,0.0,0.0,10.0,550.0,15,5,47470,1,0,0,6.5,1307.592,6 1/2F,0,21017747|TIM|2025-08-24|6
X,21018066,Lastchance Romance,LRL,2025-11-14,9,USA,ALW,,6.0,F,,6F,D,1,7.0,7.0,,,7.0,6,1210.0,1210.0,0.0,0.0,1210.0,800.0,0.0,0.0,0.0,0.0,0.0,225.0,296,7,48500,0,0,1,6.0,1207.008,6F,0,21018066|LRL|2025-11-14|9
,21018066,Lastchance Romance,PEN,2025-10-30,7,USA,ALW,,6.0,F,,6F,D,1,2.0,4.0,,,2.0,1,100.0,320.0,0.0,0.0,250.0,0.0,50.0,200.0,0.0,0.0,300.0,50.0,59,5,35000,0,0,0,6.0,1207.008,6F,0,21018066|PEN|2025-10-30|7
,21018066,Lastchance Romance,DEL,2025-10-18,7,USA,SOC,,6.0,F,,6F,D,4,4.0,4.0,,,3.0,3,250.0,350.0,0.0,0.0,300.0,325.0,10.0,150.0,0.0,0.0,200.0,675.0,18,5,20000,0,0,0,6.0,1207.008,6F,0,21018066|DEL|2025-10-18|7
,21018223,Doctor's Orders,PEN,2025-12-19,7,USA,CLM,,6.0,F,,6F,D,3,6.0,6.0,,,4.0,4,620.0,280.0,0.0,0.0,260.0,425.0,0.0,0.0,0.0,0.0,50.0,200.0,68,6,17000,0,0,0,6.0,1207.008,6F,0,21018223|PEN|2025-12-19|7
,21018223,Doctor's Orders,PEN,2025-11-28,5,USA,CLM,,6.0,F,,6F,D,5,5.0,5.0,,,4.0,3,850.0,560.0,0.0,0.0,550.0,575.0,150.0,300.0,0.0,0.0,500.0,50.0,23,6,17000,0,0,0,6.0,1207.008,6F,0,21018223|PEN|2025-11-28|5
,21018223,Doctor's Orders,PEN,2025-10-29,2,USA,CLM,,8.32,F,,1M 70Y,D,7,6.0,6.0,4.0,,5.0,6,560.0,410.0,260.0,0.0,750.0,1325.0,10.0,10.0,10.0,0.0,50.0,550.0,64,7,17000,0,0,0,8.32,1673.71776,1M 70Y,1,21018223|PEN|2025-10-29|2
X,21018249,Shadow Surge,AQU,2025-12-04,3,USA,CLM,,6.0,F,,6F,D,4,1.0,1.0,,,1.0,1,0.0,0.0,0.0,0.0,0.0,0.0,100.0,300.0,0.0,0.0,500.0,250.0,19,7,41000,0,0,1,6.0,1207.008,6F,0,21018249|AQU|2025-12-04|3
X,21018249,Shadow Surge,AQU,2025-11-23,7,USA,CLM,,7.0,F,,7F,D,5,6.0,8.0,,,7.0,7,280.0,710.0,0.0,0.0,1010.0,1250.0,50.0,0.0,0.0,0.0,1000.0,0.0,13,8,55000,0,0,1,7.0,1408.176,7F,0,21018249|AQU|2025-11-23|7
X,21018249,Shadow Surge,BAQ,2025-11-01,1,USA,CLM,,6.0,F,,6F,D,1,1.0,1.0,,,2.0,2,0.0,0.0,0.0,0.0,10.0,50.0,50.0,100.0,0.0,0.0,50.0,175.0,13,7,41000,0,0,1,6.0,1207.008,6F,0,21018249|BAQ|2025-11-01|1
X,21018316,Medagooch,LRL,2025-11-30,4,USA,ALW,,6.0,F,,6F,D,4,6.0,6.0,,,6.0,6,410.0,610.0,0.0,0.0,910.0,1400.0,0.0,0.0,0.0,0.0,0.0,0.0,136,6,48000,0,0,1,6.0,1207.008,6F,0,21018316|LRL|2025-11-30|4
X,21018316,Medagooch,LRL,2025-11-14,7,USA,ALW,,6.0,F,,6F,D,1,1.0,1.0,,,5.0,7,0.0,0.0,0.0,0.0,470.0,1200.0,100.0,50.0,0.0,0.0,150.0,10.0,197,9,49500,0,0,1,6.0,1207.008,6F,0,21018316|LRL|2025-11-14|7
X,21018316,Medagooch,LRL,2025-10-10,9,USA,ALW,,6.0,F,,6F,D,7,2.0,1.0,,,1.0,4,150.0,0.0,0.0,0.0,0.0,300.0,200.0,10.0,0.0,0.0,10.0,325.0,44,8,55880,0,0,1,6.0,1207.008,6F,0,21018316|LRL|2025-10-10|9
X,21018352,Same Day as L J,LRL,2025-11-27,3,USA,SOC,,5.5,F,,5 1/2F,T,3,1.0,1.0,,,3.0,7,0.0,0.0,0.0,0.0,60.0,395.0,10.0,10.0,0.0,0.0,10.0,525.0,65,9,31500,0,0,1,5.5,1106.424,5 1/2F,0,21018352|LRL|2025-11-27|3
X,21018352,Same Day as L J,LRL,2025-11-15,9,USA,ALW,,5.5,F,,5 1/2F,T,3,2.0,3.0,,,4.0,4,50.0,150.0,0.0,0.0,300.0,235.0,50.0,10.0,0.0,0.0,200.0,25.0,426,8,49000,0,0,1,5.5,1106.424,5 1/2F,0,21018352|LRL|2025-11-15|9
,21018352,Same Day as L J,LRL,2025-11-07,6,USA,ALW,,5.5,F,,5 1/2F,T,9,1.0,1.0,,,5.0,11,0.0,0.0,0.0,0.0,360.0,815.0,50.0,10.0,0.0,0.0,10.0,1075.0,1052,12,53470,0,0,0,5.5,1106.424,5 1/2F,0,21018352|LRL|2025-11-07|6
X,21018864,Dewy's Beast,LRL,2025-11-28,7,USA,ALW,,6.0,F,,6F,D,2,3.0,6.0,,,4.0,2,450.0,470.0,0.0,0.0,310.0,5.0,100.0,150.0,0.0,0.0,250.0,75.0,385,9,54910,0,0,1,6.0,1207.008,6F,0,21018864|LRL|2025-11-28|7
,21018864,Dewy's Beast,LRL,2025-11-07,6,USA,ALW,,5.5,F,,5 1/2F,T,1,7.0,7.0,,,6.0,5,800.0,760.0,0.0,0.0,370.0,280.0,10.0,50.0,0.0,0.0,10.0,10.0,75,12,53470,0,0,0,5.5,1106.424,5 1/2F,0,21018864|LRL|2025-11-07|6
,21018864,Dewy's Beast,DEL,2025-10-04,7,USA,ALW,,5.0,F,,5F,T,6,3.0,3.0,,,4.0,3,110.0,200.0,0.0,0.0,310.0,300.0,100.0,100.0,0.0,0.0,250.0,75.0,199,7,46000,0,0,0,5.0,1005.84,5F,0,21018864|DEL|2025-10-04|7
X,21018895,Heard On Thestreet,LRL,2025-11-27,7,USA,AOC,,6.0,F,,6F,D,5,4.0,4.0,,,2.0,2,460.0,550.0,0.0,0.0,350.0,800.0,50.0,200.0,0.0,0.0,10.0,175.0,41,8,55590,0,0,1,6.0,1207.008,6F,0,21018895|LRL|2025-11-27|7
X,21018895,Heard On Thestreet,LRL,2025-10-11,12,USA,STK,,6.0,F,,6F,D,3,3.0,4.0,,,4.0,6,250.0,360.0,0.0,0.0,500.0,925.0,10.0,250.0,0.0,0.0,200.0,400.0,68,8,100000,0,0,1,6.0,1207.008,6F,0,21018895|LRL|2025-10-11|12
X,21018895,Heard On Thestreet,LRL,2025-09-21,6,USA,AOC,,6.0,F,,6F,D,6,8.0,6.0,,,4.0,3,440.0,560.0,0.0,0.0,800.0,500.0,150.0,10.0,0.0,0.0,50.0,10.0,113,10,63880,0,0,1,6.0,1207.008,6F,0,21018895|LRL|2025-09-21|6
X,21019098,Uncle Cat,LRL,2025-12-12,2,USA,SOC,,8.5,F,,1 1/16M,D,3,2.0,2.0,3.0,,5.0,4,200.0,200.0,410.0,0.0,1150.0,3350.0,10.0,50.0,150.0,0.0,1500.0,1850.0,191,6,40885,0,0,1,8.5,1709.928,1 1/16M,0,21019098|LRL|2025-12-12|2
X,21019098,Uncle Cat,LRL,2025-11-27,7,USA,AOC,,6.0,F,,6F,D,4,7.0,7.0,,,8.0,8,620.0,910.0,0.0,0.0,1210.0,2400.0,250.0,10.0,0.0,0.0,0.0,0.0,42,8,55590,0,0,1,6.0,1207.008,6F,0,21019098|LRL|2025-11-27|7
X,21019098,Uncle Cat,LRL,2025-11-16,4,USA,SOC,,5.5,F,,5 1/2F,T,10,7.0,7.0,,,9.0,6,410.0,620.0,0.0,0.0,930.0,585.0,100.0,100.0,0.0,0.0,300.0,125.0,276,10,39555,0,0,1,5.5,1106.424,5 1/2F,0,21019098|LRL|2025-11-16|4
X,21019098,Uncle Cat,LRL,2025-10-24,7,USA,SOC,,6.0,F,,6F,D,7,1.0,2.0,,,2.0,2,0.0,300.0,0.0,0.0,300.0,225.0,10.0,10.0,0.0,0.0,200.0,325.0,67,9,41830,0,0,1,6.0,1207.008,6F,0,21019098|LRL|2025-10-24|7
X,21019222,Dead Sexy,LRL,2025-10-24,3,USA,CLM,,9.0,F,,1 1/8M,T,8,4.0,3.0,3.0,,2.0,7,460.0,300.0,250.0,0.0,50.0,560.0,200.0,100.0,50.0,0.0,10.0,175.0,170,9,42100,0,0,1,9.0,1810.5120000000002,1 1/8M,0,21019222|LRL|2025-10-24|3
X,21019222,Dead Sexy,LRL,2025-09-28,9,USA,ALW,,8.5,F,,1 1/16M,T,7,2.0,2.0,2.0,,3.0,6,10.0,10.0,10.0,0.0,60.0,575.0,200.0,250.0,250.0,0.0,150.0,125.0,136,7,50970,0,0,1,8.5,1709.928,1 1/16M,0,21019222|LRL|2025-09-28|9
X,21019222,Dead Sexy,CNL,2025-09-01,8,USA,ALW,,8.5,F,,1 1/16M,T,8,5.0,5.0,4.0,,3.0,6,810.0,650.0,250.0,0.0,450.0,330.0,150.0,150.0,100.0,0.0,50.0,425.0,415,8,90000,0,0,1,8.5,1709.928,1 1/16M,0,21019222|CNL|2025-09-01|8
X,21019287,Chublin,LRL,2025-11-28,5,USA,CLM,,8.5,F,,1 1/16M,D,8,6.0,4.0,5.0,,6.0,8,1000.0,550.0,460.0,0.0,1100.0,2250.0,50.0,50.0,550.0,0.0,100.0,0.0,37,8,21300,0,0,1,8.5,1709.928,1 1/16M,0,21019287|LRL|2025-11-28|5
,21019287,Chublin,CT,2025-11-07,3,USA,CLM,,7.0,F,,7F,D,1,2.0,2.0,,,1.0,1,100.0,10.0,0.0,0.0,0.0,0.0,100.0,200.0,0.0,0.0,300.0,200.0,16,7,13600,0,0,0,7.0,1408.176,7F,0,21019287|CT|2025-11-07|3
X,21019287,Chublin,LRL,2025-10-19,7,USA,SOC,,8.5,F,,1 1/16M,T,6,1.0,1.0,1.0,,2.0,8,0.0,0.0,0.0,0.0,10.0,680.0,100.0,50.0,50.0,0.0,100.0,75.0,341,11,27240,0,0,1,8.5,1709.928,1 1/16M,0,21019287|LRL|2025-10-19|7
,21019445,Spirit and Truth,CT,2025-10-09,3,USA,MCL,,4.5,F,,4 1/2F,D,6,6.0,,,,5.0,5,610.0,0.0,0.0,0.0,610.0,575.0,50.0,0.0,0.0,0.0,50.0,450.0,45,7,19100,0,0,0,4.5,905.2560000000001,4 1/2F,0,21019445|CT|2025-10-09|3
X,21019445,Spirit and Truth,LRL,2025-09-28,4,USA,MCL,,6.0,F,,6F,D,8,2.0,3.0,,,4.0,5,100.0,260.0,0.0,0.0,650.0,950.0,250.0,10.0,0.0,0.0,350.0,200.0,121,8,23060,0,0,1,6.0,1207.008,6F,0,21019445|LRL|2025-09-28|4
X,21019445,Spirit and Truth,LRL,2025-06-08,4,USA,MCL,,6.0,F,,6F,D,7,3.0,4.0,,,4.0,5,400.0,850.0,0.0,0.0,900.0,925.0,10.0,250.0,0.0,0.0,50.0,575.0,26,7,27240,0,0,1,6.0,1207.008,6F,0,21019445|LRL|2025-06-08|4
X,21019628,El Divino Nino,LRL,2025-12-12,6,USA,SOC,,7.0,F,,7F,D,5,3.0,2.0,,,2.0,4,60.0,10.0,0.0,0.0,150.0,350.0,100.0,100.0,0.0,0.0,200.0,350.0,14,8,25020,0,0,1,7.0,1408.176,7F,0,21019628|LRL|2025-12-12|6
X,21019628,El Divino Nino,LRL,2025-11-29,9,USA,SOC,,6.0,F,,6F,D,7,1.0,1.0,,,1.0,2,0.0,0.0,0.0,0.0,0.0,100.0,100.0,250.0,0.0,0.0,10.0,650.0,65,8,30435,0,0,1,6.0,1207.008,6F,0,21019628|LRL|2025-11-29|9
X,21019628,El Divino Nino,LRL,2025-11-14,7,USA,ALW,,6.0,F,,6F,D,8,3.0,4.0,,,8.0,9,110.0,160.0,0.0,0.0,870.0,1285.0,50.0,100.0,0.0,0.0,150.0,0.0,109,9,49500,0,0,1,6.0,1207.008,6F,0,21019628|LRL|2025-11-14|7
X,21019628,El Divino Nino,LRL,2025-10-11,3,USA,SHP,,7.0,F,,7F,D,2,2.0,3.0,,,4.0,6,100.0,250.0,0.0,0.0,260.0,625.0,50.0,250.0,0.0,0.0,100.0,150.0,67,11,40800,0,0,1,7.0,1408.176,7F,0,21019628|LRL|2025-10-11|3
X,21019874,Uncle Grey,LRL,2026-01-09,1,USA,CLM,,8.0,F,,1M,D,3,9.0,9.0,8.0,,8.0,7,480.0,660.0,730.0,0.0,1310.0,1385.0,0.0,0.0,50.0,0.0,400.0,275.0,563,9,25870,0,0,1,8.0,1609.344,1M,0,21019874|LRL|2026-01-09|1
X,21019874,Uncle Grey,LRL,2025-12-21,4,USA,CLM,,7.0,F,,7F,D,6,4.0,5.0,,,6.0,5,550.0,520.0,0.0,0.0,910.0,1125.0,10.0,150.0,0.0,0.0,250.0,100.0,314,7,23550,0,0,1,7.0,1408.176,7F,0,21019874|LRL|2025-12-21|4
X,21019874,Uncle Grey,LRL,2025-11-30,2,USA,CLM,,8.0,F,,1M,D,5,6.0,5.0,7.0,,7.0,7,670.0,810.0,1270.0,0.0,1570.0,2125.0,150.0,100.0,0.0,0.0,0.0,0.0,312,7,25200,0,0,1,8.0,1609.344,1M,0,21019874|LRL|2025-11-30|2
X,21019874,Uncle Grey,LRL,2025-11-15,2,USA,SOC,,7.0,F,,7F,D,6,7.0,7.0,,,7.0,7,1120.0,1410.0,0.0,0.0,2100.0,2530.0,0.0,0.0,0.0,0.0,0.0,0.0,630,7,30950,0,0,1,7.0,1408.176,7F,0,21019874|LRL|2025-11-15|2
,21019874,Uncle Grey,LRL,2025-11-07,6,USA,ALW,,5.5,F,,5 1/2F,T,12,12.0,12.0,,,12.0,12,2420.0,2520.0,0.0,0.0,2030.0,1890.0,0.0,0.0,0.0,0.0,0.0,0.0,1567,12,53470,0,0,0,5.5,1106.424,5 1/2F,0,21019874|LRL|2025-11-07|6
X,21019882,Sincerito,LRL,2025-12-28,1,USA,CLM,,6.0,F,,6F,D,1,8.0,8.0,,,5.0,2,1060.0,730.0,0.0,0.0,560.0,925.0,0.0,0.0,0.0,0.0,200.0,75.0,240,8,24050,0,0,1,6.0,1207.008,6F,0,21019882|LRL|2025-12-28|1
,21019882,Sincerito,PRX,2025-12-08,2,USA,CLM,,6.0,F,,6F,D,4,7.0,5.0,,,4.0,3,420.0,460.0,0.0,0.0,500.0,105.0,300.0,150.0,0.0,0.0,500.0,800.0,153,8,21000,0,0,0,6.0,1207.008,6F,0,21019882|PRX|2025-12-08|2
,21019882,Sincerito,PEN,2025-11-20,9,USA,CLM,,6.0,F,,6F,D,5,6.0,5.0,,,4.0,2,350.0,360.0,0.0,0.0,170.0,200.0,10.0,10.0,0.0,0.0,100.0,200.0,28,7,12000,0,0,0,6.0,1207.008,6F,0,21019882|PEN|2025-11-20|9
,21019882,Sincerito,DEL,2025-08-30,5,USA,CLM,,8.0,F,,1M,D,3,6.0,6.0,6.0,,2.0,1,460.0,450.0,510.0,0.0,150.0,0.0,10.0,50.0,200.0,0.0,100.0,25.0,17,9,15000,0,0,0,8.0,1609.344,1M,0,21019882|DEL|2025-08-30|5
,22000184,Daytime Drama,MED,2025-10-11,2,USA,MCL,,8.0,F,,1M,T,3,8.0,8.0,6.0,,5.0,3,960.0,480.0,260.0,0.0,210.0,200.0,300.0,250.0,10.0,0.0,100.0,25.0,806,10,20825,0,0,0,8.0,1609.344,1M,0,22000184|MED|2025-10-11|2
X,22000184,Daytime Drama,MTH,2025-08-31,1,USA,MCL,,8.0,F,,1M,T,2,11.0,11.0,11.0,,8.0,7,1400.0,1120.0,890.0,0.0,1260.0,1275.0,0.0,0.0,0.0,0.0,100.0,50.0,1032,11,21525,0,0,1,8.0,1609.344,1M,0,22000184|MTH|2025-08-31|1
X,22000184,Daytime Drama,SAR,2025-08-07,10,USA,MCL,,8.5,F,,1 1/16M,T,8,11.0,11.0,10.0,,10.0,10,870.0,680.0,910.0,0.0,1820.0,2425.0,0.0,0.0,150.0,0.0,400.0,600.0,690,11,50000,0,0,1,8.5,1709.928,1 1/16M,0,22000184|SAR|2025-08-07|10
X,22000246,Fiveclocksomewhere,LRL,2025-11-27,4,USA,SOC,,7.0,F,,7F,D,6,2.0,3.0,,,7.0,7,100.0,250.0,0.0,0.0,1020.0,1950.0,100.0,50.0,0.0,0.0,0.0,0.0,188,7,30950,0,0,1,7.0,1408.176,7F,0,22000246|LRL|2025-11-27|4
,22000246,Fiveclocksomewhere,MVR,2025-10-20,7,USA,ALW,,8.0,F,,1M,D,1,3.0,3.0,4.0,,4.0,4,250.0,300.0,450.0,0.0,1060.0,1550.0,100.0,150.0,500.0,0.0,250.0,350.0,17,7,25900,0,0,0,8.0,1609.344,1M,0,22000246|MVR|2025-10-20|7
,22000246,Fiveclocksomewhere,DEL,2025-10-09,7,USA,AOC,,8.0,F,,1M,D,5,5.0,5.0,4.0,,4.0,4,220.0,170.0,550.0,0.0,900.0,1250.0,0.0,0.0,200.0,0.0,300.0,925.0,207,5,46000,0,0,0,8.0,1609.344,1M,0,22000246|DEL|2025-10-09|7
X,22000284,Crab Daddy,LRL,2025-12-13,8,USA,ALW,,8.0,F,,1M,D,5,3.0,2.0,3.0,,4.0,2,150.0,100.0,110.0,0.0,210.0,400.0,100.0,100.0,50.0,0.0,50.0,100.0,27,6,48000,0,0,1,8.0,1609.344,1M,0,22000284|LRL|2025-12-13|8
X,22000284,Crab Daddy,LRL,2025-11-28,7,USA,ALW,,6.0,F,,6F,D,8,9.0,8.0,,,6.0,3,1310.0,630.0,0.0,0.0,570.0,80.0,0.0,500.0,0.0,0.0,150.0,100.0,83,9,54910,0,0,1,6.0,1207.008,6F,0,22000284|LRL|2025-11-28|7
X,22000284,Crab Daddy,LRL,2025-11-07,9,USA,ALW,,6.0,F,,6F,D,4,7.0,6.0,,,5.0,4,370.0,510.0,0.0,0.0,310.0,275.0,10.0,250.0,0.0,0.0,10.0,200.0,86,9,54910,0,0,1,6.0,1207.008,6F,0,22000284|LRL|2025-11-07|9
X,22000284,Crab Daddy,LRL,2025-10-10,9,USA,ALW,,6.0,F,,6F,D,6,7.0,5.0,,,5.0,3,760.0,520.0,0.0,0.0,360.0,125.0,200.0,250.0,0.0,0.0,350.0,175.0,142,8,55880,0,0,1,6.0,1207.008,6F,0,22000284|LRL|2025-10-10|9
X,22000551,White Blue,LRL,2025-12-19,4,USA,CLM,,8.5,F,,1 1/16M,D,2,5.0,5.0,5.0,,4.0,4,710.0,950.0,1250.0,0.0,800.0,1950.0,0.0,0.0,0.0,0.0,1500.0,0.0,205,5,22000,0,0,1,8.5,1709.928,1 1/16M,0,22000551|LRL|2025-12-19|4
X,22000551,White Blue,LRL,2025-11-30,2,USA,CLM,,8.0,F,,1M,D,3,5.0,6.0,6.0,,6.0,5,570.0,910.0,1120.0,0.0,970.0,950.0,100.0,100.0,150.0,0.0,600.0,500.0,216,7,25200,0,0,1,8.0,1609.344,1M,0,22000551|LRL|2025-11-30|2
X,22000551,White Blue,LRL,2025-11-16,6,USA,SOC,,8.5,F,,1 1/16M,T,2,7.0,9.0,10.0,,10.0,10,850.0,810.0,1000.0,0.0,1130.0,830.0,50.0,100.0,0.0,0.0,0.0,0.0,812,10,26740,0,0,1,8.5,1709.928,1 1/16M,0,22000551|LRL|2025-11-16|6
X,22000551,White Blue,LRL,2025-10-04,1,USA,SOC,,8.5,F,,1 1/16M,T,7,9.0,9.0,9.0,,9.0,9,1120.0,1060.0,1080.0,0.0,1520.0,2285.0,0.0,0.0,0.0,0.0,0.0,0.0,151,9,25520,0,0,1,8.5,1709.928,1 1/16M,0,22000551|LRL|2025-10-04|1
X,22000564,Map to the Moon,LRL,2025-12-28,6,USA,CLM,,7.0,F,,7F,D,6,5.0,5.0,,,9.0,7,360.0,550.0,0.0,0.0,1270.0,1725.0,200.0,100.0,0.0,0.0,0.0,500.0,442,9,24550,0,0,1,7.0,1408.176,7F,0,22000564|LRL|2025-12-28|6
X,22000564,Map to the Moon,LRL,2025-12-07,3,USA,CLM,,6.0,F,,6F,D,1,5.0,5.0,,,5.0,4,400.0,900.0,0.0,0.0,710.0,800.0,50.0,10.0,0.0,0.0,50.0,350.0,117,8,24050,0,0,1,6.0,1207.008,6F,0,22000564|LRL|2025-12-07|3
X,22000564,Map to the Moon,LRL,2025-11-15,10,USA,CLM,,5.5,F,,5 1/2F,D,3,7.0,7.0,,,6.0,4,810.0,950.0,0.0,0.0,1050.0,675.0,0.0,0.0,0.0,0.0,50.0,400.0,80,7,23220,0,0,1,5.5,1106.424,5 1/2F,0,22000564|LRL|2025-11-15|10
X,22000564,Map to the Moon,LRL,2025-10-25,2,USA,CLM,,8.5,F,,1 1/16M,D,1,6.0,3.0,5.0,,5.0,5,410.0,110.0,610.0,0.0,700.0,1050.0,250.0,50.0,150.0,0.0,50.0,450.0,85,7,23220,0,0,1,8.5,1709.928,1 1/16M,0,22000564|LRL|2025-10-25|2
X,22000626,Ecumenical,LRL,2026-01-10,2,USA,CLM,,6.0,F,,6F,D,1,2.0,4.0,,,4.0,3,150.0,350.0,0.0,0.0,410.0,775.0,10.0,200.0,0.0,0.0,450.0,150.0,20,6,24370,0,0,1,6.0,1207.008,6F,0,22000626|LRL|2026-01-10|2
X,22000626,Ecumenical,LRL,2025-12-05,3,USA,SOC,,7.0,F,,7F,D,1,1.0,1.0,,,5.0,6,0.0,0.0,0.0,0.0,410.0,1825.0,700.0,500.0,0.0,0.0,50.0,2200.0,14,7,27040,0,0,1,7.0,1408.176,7F,0,22000626|LRL|2025-12-05|3
X,22000626,Ecumenical,LRL,2025-11-09,10,USA,MCL,,6.0,F,,6F,D,8,1.0,1.0,,,1.0,1,0.0,0.0,0.0,0.0,0.0,0.0,300.0,150.0,0.0,0.0,150.0,100.0,10,8,25370,0,0,1,6.0,1207.008,6F,0,22000626|LRL|2025-11-09|10
X,22000626,Ecumenical,LRL,2025-10-04,10,USA,MCL,,5.5,F,,5 1/2F,D,8,5.0,5.0,,,6.0,7,450.0,420.0,0.0,0.0,860.0,835.0,250.0,250.0,0.0,0.0,100.0,2200.0,50,8,32350,0,0,1,5.5,1106.424,5 1/2F,0,22000626|LRL|2025-10-04|10
X,22000676,Lannister,LRL,2025-12-26,7,USA,MSW,,6.0,F,,6F,D,7,3.0,4.0,,,5.0,5,300.0,320.0,0.0,0.0,910.0,1700.0,10.0,100.0,0.0,0.0,300.0,425.0,10,8,49410,0,0,1,6.0,1207.008,6F,0,22000676|LRL|2025-12-26|7
X,22000676,Lannister,DMR,2025-07-18,5,USA,MSW,,6.5,F,,6 1/2F,D,2,5.0,4.0,,,6.0,6,220.0,500.0,0.0,0.0,750.0,1285.0,10.0,10.0,0.0,0.0,350.0,225.0,8,9,100000,0,0,1,6.5,1307.592,6 1/2F,0,22000676|DMR|2025-07-18|5
X,22000678,Oleg,LRL,2025-12-28,1,USA,CLM,,6.0,F,,6F,D,7,2.0,2.0,,,2.0,5,100.0,200.0,0.0,0.0,450.0,1775.0,100.0,150.0,0.0,0.0,10.0,100.0,63,8,24050,0,0,1,6.0,1207.008,6F,0,22000678|LRL|2025-12-28|1
X,22000678,Oleg,LRL,2025-11-30,1,USA,CLM,,6.0,F,,6F,D,4,1.0,2.0,,,1.0,1,0.0,100.0,0.0,0.0,0.0,0.0,10.0,150.0,0.0,0.0,10.0,225.0,15,6,22660,0,0,1,6.0,1207.008,6F,0,22000678|LRL|2025-11-30|1
X,22000678,Oleg,LRL,2025-11-14,2,USA,CLM,,5.5,F,,5 1/2F,D,9,3.0,3.0,,,3.0,3,250.0,250.0,0.0,0.0,350.0,425.0,250.0,400.0,0.0,0.0,300.0,125.0,17,9,23560,0,0,1,5.5,1106.424,5 1/2F,0,22000678|LRL|2025-11-14|2
X,22000678,Oleg,LRL,2025-10-26,1,USA,SOC,,5.5,F,,5 1/2F,T,5,7.0,7.0,,,7.0,4,330.0,240.0,0.0,0.0,330.0,235.0,150.0,10.0,0.0,0.0,10.0,25.0,53,10,26380,0,0,1,5.5,1106.424,5 1/2F,0,22000678|LRL|2025-10-26|1
X,22000770,Brightness,LRL,2025-12-27,6,USA,SOC,,6.0,F,,6F,D,4,8.0,7.0,,,8.0,7,930.0,810.0,0.0,0.0,560.0,605.0,100.0,150.0,0.0,0.0,250.0,100.0,208,9,28760,0,0,1,6.0,1207.008,6F,0,22000770|LRL|2025-12-27|6
,22000770,Brightness,DEL,2025-10-15,8,USA,CLM,,5.5,F,,5 1/2F,D,6,10.0,10.0,,,9.0,1,550.0,600.0,0.0,0.0,430.0,0.0,500.0,600.0,0.0,0.0,200.0,50.0,15,11,21000,0,0,0,5.5,1106.424,5 1/2F,0,22000770|DEL|2025-10-15|8
,22000770,Brightness,DEL,2025-09-06,8,USA,ALW,,8.0,F,,1M,D,5,5.0,4.0,4.0,,4.0,6,300.0,310.0,460.0,0.0,310.0,1125.0,300.0,10.0,10.0,0.0,100.0,0.0,90,6,46000,0,0,0,8.0,1609.344,1M,0,22000770|DEL|2025-09-06|8
,22000770,Brightness,DEL,2025-08-08,2,USA,SOC,,6.0,F,,6F,D,4,6.0,6.0,,,5.0,3,180.0,230.0,0.0,0.0,270.0,375.0,0.0,0.0,0.0,0.0,10.0,175.0,47,6,25000,0,0,0,6.0,1207.008,6F,0,22000770|DEL|2025-08-08|2
,22000828,In My Memories,CT,2025-12-11,7,USA,AOC,,7.0,F,,7F,D,1,3.0,2.0,,,2.0,2,150.0,150.0,0.0,0.0,50.0,125.0,100.0,10.0,0.0,0.0,100.0,475.0,15,6,34000,0,0,0,7.0,1408.176,7F,0,22000828|CT|2025-12-11|7
X,22000828,In My Memories,LRL,2025-11-29,7,USA,STK,,7.0,F,,7F,D,2,1.0,2.0,,,4.0,6,0.0,10.0,0.0,0.0,250.0,1175.0,10.0,150.0,0.0,0.0,250.0,600.0,166,7,100000,0,0,1,7.0,1408.176,7F,0,22000828|LRL|2025-11-29|7
,22000828,In My Memories,CT,2025-10-18,6,USA,ALW,,7.0,F,,7F,D,6,2.0,2.0,,,1.0,1,150.0,50.0,0.0,0.0,0.0,0.0,150.0,200.0,0.0,0.0,200.0,1075.0,1,6,31700,0,0,0,7.0,1408.176,7F,0,22000828|CT|2025-10-18|6
X,22000942,Celtic Prince,AQU,2025-04-04,2,USA,CLM,,6.0,F,,6F,D,6,4.0,5.0,,,5.0,6,170.0,610.0,0.0,0.0,710.0,1225.0,150.0,450.0,0.0,0.0,100.0,0.0,255,6,44000,0,0,1,6.0,1207.008,6F,0,22000942|AQU|2025-04-04|2
X,22000942,Celtic Prince,AQU,2025-02-14,8,USA,MCL,,6.5,F,,6 1/2F,D,7,3.0,2.0,,,2.0,1,150.0,10.0,0.0,0.0,50.0,0.0,500.0,250.0,0.0,0.0,350.0,100.0,143,9,42000,0,0,1,6.5,1307.592,6 1/2F,0,22000942|AQU|2025-02-14|8
X,22000942,Celtic Prince,AQU,2025-01-17,3,USA,MCL,,6.0,F,,6F,D,4,4.0,4.0,,,5.0,5,350.0,400.0,0.0,0.0,460.0,1075.0,10.0,50.0,0.0,0.0,800.0,650.0,34,7,42000,0,0,1,6.0,1207.008,6F,0,22000942|AQU|2025-01-17|3
X,22001067,Runsweetly,LRL,2025-11-27,4,USA,SOC,,7.0,F,,7F,D,1,7.0,7.0,,,6.0,6,900.0,750.0,0.0,0.0,1010.0,1800.0,0.0,0.0,0.0,0.0,10.0,150.0,95,7,30950,0,0,1,7.0,1408.176,7F,0,22001067|LRL|2025-11-27|4
X,22001067,Runsweetly,LRL,2025-10-24,2,USA,CLM,,6.0,F,,6F,D,1,7.0,5.0,,,4.0,6,500.0,550.0,0.0,0.0,550.0,405.0,0.0,150.0,0.0,0.0,50.0,600.0,116,7,45300,0,0,1,6.0,1207.008,6F,0,22001067|LRL|2025-10-24|2
,22001067,Runsweetly,DEL,2025-09-18,6,USA,CLM,,6.0,F,,6F,D,4,6.0,4.0,,,3.0,3,270.0,160.0,0.0,0.0,310.0,160.0,10.0,100.0,0.0,0.0,10.0,200.0,168,8,25000,0,0,0,6.0,1207.008,6F,0,22001067|DEL|2025-09-18|6
X,22001189,Nola Boss,LRL,2025-12-05,6,USA,CLM,,5.5,F,,5 1/2F,D,1,2.0,1.0,,,2.0,3,10.0,0.0,0.0,0.0,50.0,325.0,450.0,10.0,0.0,0.0,350.0,175.0,13,9,25870,0,0,1,5.5,1106.424,5 1/2F,0,22001189|LRL|2025-12-05|6
X,22001189,Nola Boss,LRL,2025-11-01,11,USA,SOC,,6.0,F,,6F,D,5,2.0,1.0,,,2.0,3,50.0,0.0,0.0,0.0,10.0,825.0,300.0,10.0,0.0,0.0,150.0,50.0,24,7,25600,0,0,1,6.0,1207.008,6F,0,22001189|LRL|2025-11-01|11
X,22001189,Nola Boss,LRL,2025-10-12,3,USA,SOC,,5.5,F,,5 1/2F,T,2,5.0,7.0,,,7.0,7,280.0,510.0,0.0,0.0,340.0,600.0,10.0,200.0,0.0,0.0,100.0,50.0,24,10,26380,0,0,1,5.5,1106.424,5 1/2F,0,22001189|LRL|2025-10-12|3
X,22001204,Twelve Nelson,SAR,2024-08-30,2,USA,MSW,,8.5,F,,1 1/16M,T,10,9.0,9.0,8.0,,8.0,9,730.0,770.0,700.0,0.0,1350.0,1270.0,150.0,200.0,50.0,0.0,50.0,1225.0,525,10,90000,0,0,1,8.5,1709.928,1 1/16M,0,22001204|SAR|2024-08-30|2
X,22001204,Twelve Nelson,SAR,2024-08-03,2,USA,MSW,,6.0,F,,6F,D,1,10.0,10.0,,,9.0,6,690.0,920.0,0.0,0.0,1180.0,1480.0,0.0,0.0,0.0,0.0,10.0,250.0,285,10,90000,0,0,1,6.0,1207.008,6F,0,22001204|SAR|2024-08-03|2
X,22001273,Tiny Lake,LRL,2025-11-27,9,USA,SOC,,6.0,F,,6F,D,2,5.0,5.0,,,5.0,6,350.0,750.0,0.0,0.0,910.0,950.0,10.0,10.0,0.0,0.0,10.0,0.0,87,6,30450,0,0,1,6.0,1207.008,6F,0,22001273|LRL|2025-11-27|9
X,22001273,Tiny Lake,LRL,2025-10-17,8,USA,SOC,,6.0,F,,6F,D,2,3.0,3.0,,,4.0,3,210.0,160.0,0.0,0.0,210.0,175.0,150.0,100.0,0.0,0.0,600.0,200.0,139,7,30500,0,0,1,6.0,1207.008,6F,0,22001273|LRL|2025-10-17|8
,22001273,Tiny Lake,CT,2025-09-18,7,USA,AOC,,7.0,F,,7F,D,1,6.0,5.0,,,5.0,5,460.0,1200.0,0.0,0.0,1950.0,2725.0,0.0,100.0,0.0,0.0,500.0,1150.0,167,6,34000,0,0,0,7.0,1408.176,7F,0,22001273|CT|2025-09-18|7
X,22001373,Ellinger,LRL,2026-01-10,2,USA,CLM,,6.0,F,,6F,D,4,4.0,3.0,,,2.0,2,310.0,250.0,0.0,0.0,300.0,525.0,200.0,100.0,0.0,0.0,10.0,250.0,53,6,24370,0,0,1,6.0,1207.008,6F,0,22001373|LRL|2026-01-10|2
X,22001373,Ellinger,LRL,2025-11-30,1,USA,CLM,,6.0,F,,6F,D,1,2.0,1.0,,,2.0,4,10.0,0.0,0.0,0.0,10.0,725.0,150.0,100.0,0.0,0.0,250.0,200.0,35,6,22660,0,0,1,6.0,1207.008,6F,0,22001373|LRL|2025-11-30|1
X,22001373,Ellinger,LRL,2025-11-14,2,USA,CLM,,5.5,F,,5 1/2F,D,3,1.0,1.0,,,1.0,2,0.0,0.0,0.0,0.0,0.0,25.0,50.0,50.0,0.0,0.0,150.0,400.0,184,9,23560,0,0,1,5.5,1106.424,5 1/2F,0,22001373|LRL|2025-11-14|2
,22001373,Ellinger,CT,2025-10-10,8,USA,CLM,,4.5,F,,4 1/2F,D,1,8.0,,,,6.0,5,860.0,0.0,0.0,0.0,410.0,475.0,200.0,0.0,0.0,0.0,50.0,75.0,35,9,12400,0,0,0,4.5,905.2560000000001,4 1/2F,0,22001373|CT|2025-10-10|8
X,22001496,Beautiful McClean,LRL,2025-12-06,9,USA,MCL,,7.0,F,,7F,D,6,3.0,3.0,,,3.0,1,250.0,410.0,0.0,0.0,310.0,0.0,150.0,50.0,0.0,0.0,250.0,125.0,89,7,31850,0,0,1,7.0,1408.176,7F,0,22001496|LRL|2025-12-06|9
X,22001496,Beautiful McClean,LRL,2025-11-09,7,USA,MSW,,6.0,F,,6F,D,6,2.0,2.0,,,4.0,5,10.0,300.0,0.0,0.0,700.0,975.0,400.0,100.0,0.0,0.0,250.0,450.0,606,6,52640,0,0,1,6.0,1207.008,6F,0,22001496|LRL|2025-11-09|7
X,22001496,Beautiful McClean,LRL,2025-10-18,10,USA,MSW,,5.5,F,,5 1/2F,T,2,8.0,7.0,,,8.0,9,810.0,810.0,0.0,0.0,1420.0,1360.0,300.0,50.0,0.0,0.0,100.0,100.0,505,10,49000,0,0,1,5.5,1106.424,5 1/2F,0,22001496|LRL|2025-10-18|10
X,22001570,Freedom Glider,LRL,2025-11-16,3,USA,MCL,,8.0,F,,1M,T,6,3.0,3.0,4.0,,7.0,4,160.0,200.0,120.0,0.0,380.0,300.0,10.0,50.0,100.0,0.0,500.0,25.0,47,9,34200,0,0,1,8.0,1609.344,1M,0,22001570|LRL|2025-11-16|3
X,22001570,Freedom Glider,LRL,2025-11-02,6,USA,MCL,,8.0,F,,1M,T,10,5.0,7.0,4.0,,5.0,4,400.0,420.0,310.0,0.0,260.0,110.0,100.0,200.0,10.0,0.0,10.0,250.0,16,12,27020,0,0,1,8.0,1609.344,1M,0,22001570|LRL|2025-11-02|6
,22001570,Freedom Glider,MED,2025-09-26,1,USA,MCL,,8.5,F,,1 1/16M,T,2,1.0,1.0,2.0,,2.0,5,0.0,0.0,10.0,0.0,50.0,405.0,10.0,100.0,100.0,0.0,150.0,675.0,12,7,21100,0,0,0,8.5,1709.928,1 1/16M,0,22001570|MED|2025-09-26|1
,22001738,Radiant Tones,CT,2025-12-10,2,USA,MSW,,7.0,F,,7F,D,7,1.0,2.0,,,2.0,4,0.0,10.0,0.0,0.0,700.0,1475.0,200.0,400.0,0.0,0.0,150.0,25.0,51,7,30600,0,0,0,7.0,1408.176,7F,0,22001738|CT|2025-12-10|2
,22001738,Radiant Tones,CT,2025-11-12,3,USA,MSW,,8.5,F,,1 1/16M,D,2,2.0,2.0,1.0,,2.0,3,50.0,100.0,0.0,0.0,300.0,1250.0,10.0,300.0,200.0,0.0,200.0,100.0,70,7,31600,0,0,0,8.5,1709.928,1 1/16M,0,22001738|CT|2025-11-12|3
X,22001738,Radiant Tones,LRL,2025-10-18,3,USA,MCL,,5.5,F,,5 1/2F,T,3,9.0,7.0,,,4.0,3,770.0,520.0,0.0,0.0,400.0,325.0,350.0,10.0,0.0,0.0,100.0,50.0,74,12,30260,0,0,1,5.5,1106.424,5 1/2F,0,22001738|LRL|2025-10-18|3
,22002009,Birravino Blvd,PEN,2025-12-04,4,USA,SOC,,8.32,F,,1M 70Y,D,6,4.0,4.0,2.0,,1.0,1,450.0,260.0,50.0,0.0,0.0,0.0,10.0,250.0,50.0,0.0,50.0,200.0,61,6,20000,0,0,0,8.32,1673.71776,1M 70Y,1,22002009|PEN|2025-12-04|4
,22002009,Birravino Blvd,PEN,2025-10-30,3,USA,CLM,,8.32,F,,1M 70Y,D,6,5.0,5.0,2.0,,2.0,4,310.0,160.0,10.0,0.0,50.0,475.0,150.0,250.0,150.0,0.0,150.0,825.0,28,8,16000,0,0,0,8.32,1673.71776,1M 70Y,1,22002009|PEN|2025-10-30|3
X,22002009,Birravino Blvd,LRL,2025-10-18,7,USA,CLM,,8.5,F,,1 1/16M,D,9,7.0,5.0,3.0,,3.0,3,710.0,560.0,210.0,0.0,110.0,550.0,10.0,10.0,250.0,0.0,150.0,175.0,37,9,25540,0,0,1,8.5,1709.928,1 1/16M,0,22002009|LRL|2025-10-18|7
X,22002084,Don't Fool With Me,LRL,2025-12-12,3,USA,SOC,,6.0,F,,6F,D,5,5.0,6.0,,,6.0,6,560.0,610.0,0.0,0.0,1000.0,1475.0,50.0,0.0,0.0,0.0,0.0,0.0,41,6,30450,0,0,1,6.0,1207.008,6F,0,22002084|LRL|2025-12-12|3
X,22002084,Don't Fool With Me,LRL,2025-11-27,4,USA,SOC,,7.0,F,,7F,D,4,3.0,2.0,,,2.0,1,200.0,200.0,0.0,0.0,10.0,0.0,50.0,50.0,0.0,0.0,200.0,300.0,27,7,30950,0,0,1,7.0,1408.176,7F,0,22002084|LRL|2025-11-27|4
X,22002084,Don't Fool With Me,LRL,2025-10-24,2,USA,CLM,,6.0,F,,6F,D,5,2.0,4.0,,,5.0,3,50.0,400.0,0.0,0.0,600.0,335.0,200.0,150.0,0.0,0.0,10.0,10.0,94,7,45300,0,0,1,6.0,1207.008,6F,0,22002084|LRL|2025-10-24|2
,22002084,Don't Fool With Me,DEL,2025-09-18,6,USA,CLM,,6.0,F,,6F,D,1,7.0,8.0,,,8.0,6,280.0,480.0,0.0,0.0,980.0,645.0,50.0,0.0,0.0,0.0,0.0,175.0,16,8,25000,0,0,0,6.0,1207.008,6F,0,22002084|DEL|2025-09-18|6
X,22002156,Mun Mun Can Run,LRL,2025-11-22,1,USA,SOC,,5.5,F,,5 1/2F,T,9,6.0,9.0,,,7.0,7,360.0,770.0,0.0,0.0,910.0,675.0,50.0,0.0,0.0,0.0,150.0,100.0,40,9,28040,0,0,1,5.5,1106.424,5 1/2F,0,22002156|LRL|2025-11-22|1
X,22002156,Mun Mun Can Run,LRL,2025-11-08,6,USA,MCL,,5.5,F,,5 1/2F,T,12,5.0,4.0,,,3.0,1,410.0,600.0,0.0,0.0,550.0,0.0,100.0,10.0,0.0,0.0,200.0,75.0,24,12,28100,0,0,1,5.5,1106.424,5 1/2F,0,22002156|LRL|2025-11-08|6
X,22002156,Mun Mun Can Run,LRL,2025-10-10,3,USA,MCL,,8.0,F,,1M,T,3,5.0,5.0,7.0,,8.0,7,500.0,550.0,610.0,0.0,610.0,555.0,250.0,50.0,200.0,0.0,150.0,50.0,18,11,32500,0,0,1,8.0,1609.344,1M,0,22002156|LRL|2025-10-10|3
X,22002300,The Count Is On,LRL,2026-01-10,1,USA,SOC,,8.5,F,,1 1/16M,D,3,2.0,2.0,1.0,,3.0,6,100.0,100.0,0.0,0.0,110.0,900.0,100.0,10.0,10.0,0.0,10.0,250.0,202,7,27280,0,0,1,8.5,1709.928,1 1/16M,0,22002300|LRL|2026-01-10|1
X,22002300,The Count Is On,LRL,2025-11-21,5,USA,SOC,,5.5,F,,5 1/2F,T,11,8.0,7.0,,,9.0,8,710.0,660.0,0.0,0.0,630.0,730.0,400.0,10.0,0.0,0.0,50.0,100.0,172,12,27380,0,0,1,5.5,1106.424,5 1/2F,0,22002300|LRL|2025-11-21|5
X,22002300,The Count Is On,LRL,2025-10-26,1,USA,SOC,,5.5,F,,5 1/2F,T,9,8.0,8.0,,,2.0,1,480.0,250.0,0.0,0.0,10.0,0.0,200.0,150.0,0.0,0.0,10.0,100.0,234,10,26380,0,0,1,5.5,1106.424,5 1/2F,0,22002300|LRL|2025-10-26|1
X,22002300,The Count Is On,CNL,2025-08-06,7,USA,CLM,,8.0,F,,1M,T,12,9.0,10.0,7.0,,9.0,10,960.0,710.0,370.0,0.0,1120.0,1280.0,50.0,50.0,50.0,0.0,10.0,25.0,130,12,34500,0,0,1,8.0,1609.344,1M,0,22002300|CNL|2025-08-06|7
X,22002328,Ready for Magic,LRL,2025-12-14,5,USA,SOC,,6.0,F,,6F,D,3,7.0,6.0,,,6.0,5,630.0,360.0,0.0,0.0,550.0,355.0,0.0,10.0,0.0,0.0,500.0,550.0,114,7,31850,0,0,1,6.0,1207.008,6F,0,22002328|LRL|2025-12-14|5
X,22002328,Ready for Magic,LRL,2025-12-07,3,USA,CLM,,6.0,F,,6F,D,7,2.0,2.0,,,2.0,2,200.0,200.0,0.0,0.0,200.0,300.0,50.0,50.0,0.0,0.0,10.0,100.0,12,8,24050,0,0,1,6.0,1207.008,6F,0,22002328|LRL|2025-12-07|3
X,22002328,Ready for Magic,LRL,2025-11-01,2,USA,SOC,,6.0,F,,6F,D,1,2.0,4.0,,,3.0,3,150.0,210.0,0.0,0.0,110.0,325.0,50.0,10.0,0.0,0.0,200.0,650.0,67,6,24380,0,0,1,6.0,1207.008,6F,0,22002328|LRL|2025-11-01|2
X,22002328,Ready for Magic,LRL,2025-10-25,7,USA,CLM,,6.0,F,,6F,D,4,3.0,2.0,,,2.0,2,310.0,200.0,0.0,0.0,300.0,550.0,150.0,200.0,0.0,0.0,200.0,250.0,33,8,25700,0,0,1,6.0,1207.008,6F,0,22002328|LRL|2025-10-25|7
X,22002372,Boys Go to Jupiter,LRL,2025-12-14,8,USA,SOC,,8.5,F,,1 1/16M,D,5,6.0,6.0,4.0,,5.0,5,770.0,700.0,400.0,0.0,1000.0,1725.0,0.0,0.0,100.0,0.0,600.0,1550.0,28,6,30900,0,0,1,8.5,1709.928,1 1/16M,0,22002372|LRL|2025-12-14|8
X,22002372,Boys Go to Jupiter,LRL,2025-11-23,4,USA,SOC,,8.0,F,,1M,T,2,9.0,8.0,9.0,,6.0,2,1560.0,1760.0,1620.0,0.0,560.0,325.0,300.0,10.0,150.0,0.0,10.0,25.0,61,12,29900,0,0,1,8.0,1609.344,1M,0,22002372|LRL|2025-11-23|4
X,22002372,Boys Go to Jupiter,LRL,2025-10-17,10,USA,MCL,,8.0,F,,1M,D,8,5.0,5.0,1.0,,1.0,1,460.0,320.0,0.0,0.0,0.0,0.0,10.0,300.0,300.0,0.0,700.0,1250.0,3,8,26030,0,0,1,8.0,1609.344,1M,0,22002372|LRL|2025-10-17|10
X,22002372,Boys Go to Jupiter,CNL,2025-09-13,5,USA,MCL,,8.5,F,,1 1/16M,T,2,7.0,5.0,4.0,,5.0,5,410.0,300.0,110.0,0.0,500.0,275.0,0.0,10.0,50.0,0.0,10.0,25.0,165,7,40000,0,0,1,8.5,1709.928,1 1/16M,0,22002372|CNL|2025-09-13|5
X,22002442,Tierra Santa,LRL,2025-12-27,6,USA,SOC,,6.0,F,,6F,D,2,2.0,2.0,,,3.0,6,100.0,250.0,0.0,0.0,110.0,580.0,150.0,10.0,0.0,0.0,50.0,25.0,428,9,28760,0,0,1,6.0,1207.008,6F,0,22002442|LRL|2025-12-27|6
X,22002442,Tierra Santa,LRL,2025-12-07,3,USA,CLM,,6.0,F,,6F,D,2,1.0,1.0,,,1.0,1,0.0,0.0,0.0,0.0,0.0,0.0,200.0,200.0,0.0,0.0,200.0,300.0,26,8,24050,0,0,1,6.0,1207.008,6F,0,22002442|LRL|2025-12-07|3
X,22002442,Tierra Santa,LRL,2025-11-15,10,USA,CLM,,5.5,F,,5 1/2F,D,6,3.0,2.0,,,2.0,3,300.0,150.0,0.0,0.0,300.0,500.0,150.0,100.0,0.0,0.0,200.0,175.0,13,7,23220,0,0,1,5.5,1106.424,5 1/2F,0,22002442|LRL|2025-11-15|10
,22002442,Tierra Santa,CT,2025-10-18,3,USA,CLM,,7.0,F,,7F,D,4,3.0,3.0,,,5.0,3,110.0,160.0,0.0,0.0,220.0,575.0,400.0,300.0,0.0,0.0,0.0,725.0,16,5,18200,0,0,0,7.0,1408.176,7F,0,22002442|CT|2025-10-18|3
X,22002517,Artist Mark,LRL,2025-12-21,4,USA,CLM,,7.0,F,,7F,D,2,2.0,1.0,,,1.0,1,150.0,0.0,0.0,0.0,0.0,0.0,100.0,10.0,0.0,0.0,500.0,275.0,28,7,23550,0,0,1,7.0,1408.176,7F,0,22002517|LRL|2025-12-21|4
X,22002517,Artist Mark,LRL,2025-11-14,2,USA,CLM,,5.5,F,,5 1/2F,D,6,5.0,4.0,,,4.0,5,600.0,650.0,0.0,0.0,650.0,600.0,300.0,100.0,0.0,0.0,200.0,75.0,23,9,23560,0,0,1,5.5,1106.424,5 1/2F,0,22002517|LRL|2025-11-14|2
X,22002517,Artist Mark,LRL,2025-10-31,2,USA,SOC,,7.0,F,,7F,D,5,2.0,1.0,,,2.0,2,10.0,0.0,0.0,0.0,200.0,675.0,200.0,10.0,0.0,0.0,100.0,200.0,34,6,26180,0,0,1,7.0,1408.176,7F,0,22002517|LRL|2025-10-31|2
X,22002517,Artist Mark,LRL,2025-09-27,11,USA,MCL,,6.0,F,,6F,D,7,6.0,3.0,,,1.0,1,450.0,20.0,0.0,0.0,0.0,0.0,250.0,10.0,0.0,0.0,10.0,175.0,9,9,24550,0,0,1,6.0,1207.008,6F,0,22002517|LRL|2025-09-27|11
X,22002577,Breezing Up,LRL,2025-12-13,6,USA,SOC,,6.0,F,,6F,D,1,4.0,4.0,,,5.0,6,210.0,350.0,0.0,0.0,760.0,1075.0,10.0,150.0,0.0,0.0,50.0,600.0,634,7,27760,0,0,1,6.0,1207.008,6F,0,22002577|LRL|2025-12-13|6
,22002577,Breezing Up,PEN,2025-12-04,1,USA,SOC,,6.0,F,,6F,D,5,2.0,2.0,,,5.0,5,50.0,10.0,0.0,0.0,410.0,1050.0,300.0,10.0,0.0,0.0,0.0,0.0,73,5,21000,0,0,0,6.0,1207.008,6F,0,22002577|PEN|2025-12-04|1
X,22002577,Breezing Up,LRL,2025-11-14,2,USA,CLM,,5.5,F,,5 1/2F,D,8,2.0,2.0,,,2.0,1,50.0,50.0,0.0,0.0,150.0,0.0,200.0,200.0,0.0,0.0,200.0,25.0,79,9,23560,0,0,1,5.5,1106.424,5 1/2F,0,22002577|LRL|2025-11-14|2
X,22002577,Breezing Up,LRL,2025-10-25,1,USA,SOC,,5.5,F,,5 1/2F,T,1,5.0,6.0,,,9.0,8,620.0,470.0,0.0,0.0,460.0,850.0,50.0,50.0,0.0,0.0,300.0,250.0,238,10,25520,0,0,1,5.5,1106.424,5 1/2F,0,22002577|LRL|2025-10-25|1
X,22002682,Wickeddivine,LRL,2025-11-30,4,USA,ALW,,6.0,F,,6F,D,1,1.0,4.0,,,4.0,2,0.0,500.0,0.0,0.0,360.0,125.0,10.0,10.0,0.0,0.0,350.0,25.0,150,6,48000,0,0,1,6.0,1207.008,6F,0,22002682|LRL|2025-11-30|4
X,22002682,Wickeddivine,LRL,2025-11-14,7,USA,ALW,,6.0,F,,6F,D,9,5.0,3.0,,,3.0,4,410.0,150.0,0.0,0.0,450.0,550.0,50.0,10.0,0.0,0.0,10.0,75.0,113,9,49500,0,0,1,6.0,1207.008,6F,0,22002682|LRL|2025-11-14|7
X,22002682,Wickeddivine,LRL,2025-10-11,12,USA,STK,,6.0,F,,6F,D,4,4.0,5.0,,,7.0,7,260.0,610.0,0.0,0.0,1010.0,1325.0,10.0,150.0,0.0,0.0,10.0,5.0,277,8,100000,0,0,1,6.0,1207.008,6F,0,22002682|LRL|2025-10-11|12
X,22002704,Firmantown,LRL,2026-01-16,9,USA,ALW,,5.5,F,,5 1/2F,D,4,6.0,6.0,,,7.0,8,950.0,660.0,0.0,0.0,710.0,1210.0,50.0,250.0,0.0,0.0,200.0,0.0,548,8,54410,0,0,1,5.5,1106.424,5 1/2F,0,22002704|LRL|2026-01-16|9
X,22002704,Firmantown,LRL,2025-11-28,7,USA,ALW,,6.0,F,,6F,D,6,2.0,5.0,,,7.0,6,350.0,460.0,0.0,0.0,720.0,1105.0,100.0,10.0,0.0,0.0,400.0,125.0,325,9,54910,0,0,1,6.0,1207.008,6F,0,22002704|LRL|2025-11-28|7
X,22002704,Firmantown,LRL,2025-10-19,1,USA,CLM,,5.5,F,,5 1/2F,T,3,1.0,1.0,,,1.0,2,0.0,0.0,0.0,0.0,0.0,25.0,50.0,10.0,0.0,0.0,200.0,325.0,61,9,41500,0,0,1,5.5,1106.424,5 1/2F,0,22002704|LRL|2025-10-19|1
,22002704,Firmantown,DEL,2025-06-14,3,USA,SOC,,5.5,F,,5 1/2F,D,4,1.0,1.0,,,2.0,7,0.0,0.0,0.0,0.0,10.0,455.0,50.0,10.0,0.0,0.0,10.0,0.0,15,7,37500,0,0,0,5.5,1106.424,5 1/2F,0,22002704|DEL|2025-06-14|3
X,22002905,Nit Witness,LRL,2025-12-06,9,USA,MCL,,7.0,F,,7F,D,4,2.0,1.0,,,2.0,2,50.0,0.0,0.0,0.0,10.0,125.0,200.0,10.0,0.0,0.0,300.0,25.0,23,7,31850,0,0,1,7.0,1408.176,7F,0,22002905|LRL|2025-12-06|9
X,22002905,Nit Witness,LRL,2025-11-21,9,USA,MCL,,6.0,F,,6F,D,5,1.0,1.0,,,1.0,2,0.0,0.0,0.0,0.0,0.0,175.0,10.0,200.0,0.0,0.0,150.0,150.0,11,6,34050,0,0,1,6.0,1207.008,6F,0,22002905|LRL|2025-11-21|9
X,22002905,Nit Witness,LRL,2025-10-04,4,USA,MCL,,5.5,F,,5 1/2F,D,2,2.0,3.0,,,2.0,2,100.0,160.0,0.0,0.0,250.0,100.0,10.0,50.0,0.0,0.0,200.0,75.0,31,7,31850,0,0,1,5.5,1106.424,5 1/2F,0,22002905|LRL|2025-10-04|4
X,22002945,She's Not a Lad,LRL,2025-12-06,9,USA,MCL,,7.0,F,,7F,D,5,1.0,2.0,,,1.0,3,0.0,10.0,0.0,0.0,0.0,150.0,50.0,400.0,0.0,0.0,10.0,25.0,59,7,31850,0,0,1,7.0,1408.176,7F,0,22002945|LRL|2025-12-06|9
X,22002945,She's Not a Lad,LRL,2025-11-21,9,USA,MCL,,6.0,F,,6F,D,2,5.0,5.0,,,4.0,4,410.0,320.0,0.0,0.0,350.0,450.0,250.0,300.0,0.0,0.0,300.0,225.0,99,6,34050,0,0,1,6.0,1207.008,6F,0,22002945|LRL|2025-11-21|9
,22002976,Casa Juanita,PEN,2025-12-18,2,USA,SOC,,6.0,F,,6F,D,3,4.0,3.0,,,3.0,4,320.0,110.0,0.0,0.0,260.0,700.0,150.0,100.0,0.0,0.0,50.0,125.0,13,6,21000,0,0,0,6.0,1207.008,6F,0,22002976|PEN|2025-12-18|2
,22002976,Casa Juanita,PEN,2025-11-20,6,USA,SOC,,8.0,F,,1M,D,3,2.0,2.0,2.0,,2.0,2,50.0,150.0,100.0,0.0,50.0,150.0,50.0,100.0,100.0,0.0,200.0,200.0,15,6,21000,0,0,0,8.0,1609.344,1M,0,22002976|PEN|2025-11-20|6
,22002976,Casa Juanita,PEN,2025-11-12,1,USA,ALW,,6.0,F,,6F,D,7,3.0,2.0,,,2.0,2,150.0,50.0,0.0,0.0,200.0,200.0,50.0,50.0,0.0,0.0,150.0,50.0,9,7,39000,0,0,0,6.0,1207.008,6F,0,22002976|PEN|2025-11-12|1
X,22003142,Classic Martini,LRL,2025-11-27,6,USA,MCL,,8.5,F,,1 1/16M,T,8,9.0,9.0,9.0,,5.0,2,910.0,880.0,820.0,0.0,410.0,475.0,250.0,250.0,200.0,0.0,10.0,100.0,111,11,26520,0,0,1,8.5,1709.928,1 1/16M,0,22003142|LRL|2025-11-27|6
,22003142,Classic Martini,MED,2025-09-19,6,USA,MCL,,8.5,F,,1 1/16M,T,8,5.0,5.0,2.0,,2.0,2,550.0,660.0,250.0,0.0,350.0,225.0,50.0,100.0,50.0,0.0,300.0,175.0,187,9,18700,0,0,0,8.5,1709.928,1 1/16M,0,22003142|MED|2025-09-19|6
X,22003142,Classic Martini,MTH,2025-08-23,5,USA,MCL,,8.0,F,,1M,T,2,5.0,5.0,5.0,,5.0,5,360.0,220.0,220.0,0.0,210.0,320.0,300.0,100.0,250.0,0.0,300.0,150.0,101,7,18725,0,0,1,8.0,1609.344,1M,0,22003142|MTH|2025-08-23|5
X,22003166,Speedy Alex,LRL,2025-12-13,1,USA,SOC,,7.0,F,,7F,D,4,5.0,4.0,,,5.0,5,830.0,560.0,0.0,0.0,560.0,1275.0,250.0,50.0,0.0,0.0,400.0,675.0,487,6,33150,0,0,1,7.0,1408.176,7F,0,22003166|LRL|2025-12-13|1
X,22003166,Speedy Alex,LRL,2025-12-06,5,USA,CLM,,8.0,F,,1M,D,6,8.0,7.0,6.0,,6.0,5,810.0,650.0,510.0,0.0,810.0,975.0,500.0,400.0,400.0,0.0,400.0,25.0,136,9,23890,0,0,1,8.0,1609.344,1M,0,22003166|LRL|2025-12-06|5
X,22003166,Speedy Alex,LRL,2025-11-14,1,USA,CLM,,6.0,F,,6F,D,8,7.0,9.0,,,9.0,8,180.0,910.0,0.0,0.0,950.0,745.0,150.0,0.0,0.0,0.0,0.0,325.0,110,9,23890,0,0,1,6.0,1207.008,6F,0,22003166|LRL|2025-11-14|1
X,22003166,Speedy Alex,LRL,2025-10-04,2,USA,CLM,,8.0,F,,1M,D,2,4.0,4.0,2.0,,2.0,3,350.0,310.0,200.0,0.0,150.0,185.0,100.0,200.0,250.0,0.0,100.0,475.0,290,7,24540,0,0,1,8.0,1609.344,1M,0,22003166|LRL|2025-10-04|2
X,22003234,Zen Dreams,LRL,2025-12-06,9,USA,MCL,,7.0,F,,7F,D,3,7.0,7.0,,,5.0,4,960.0,1510.0,0.0,0.0,760.0,175.0,0.0,0.0,0.0,0.0,150.0,350.0,6,7,31850,0,0,1,7.0,1408.176,7F,0,22003234|LRL|2025-12-06|9
X,22003234,Zen Dreams,KEE,2025-10-19,2,USA,MCL,,7.0,F,,7F,D,10,7.0,7.0,,,4.0,4,650.0,660.0,0.0,0.0,310.0,250.0,100.0,450.0,0.0,0.0,50.0,150.0,189,11,48000,0,0,1,7.0,1408.176,7F,0,22003234|KEE|2025-10-19|2
X,22003234,Zen Dreams,CBY,2025-08-31,1,USA,MSW,,8.0,F,,1M,T,2,4.0,4.0,4.0,,2.0,2,550.0,700.0,550.0,0.0,300.0,200.0,100.0,150.0,600.0,0.0,200.0,500.0,60,5,23000,0,0,1,8.0,1609.344,1M,0,22003234|CBY|2025-08-31|1
X,22003263,Masayoshi,LRL,2025-11-16,8,USA,ALW,,8.5,F,,1 1/16M,D,1,5.0,4.0,6.0,,7.0,7,300.0,700.0,1310.0,0.0,1360.0,1980.0,50.0,10.0,50.0,0.0,800.0,1500.0,212,8,50000,0,0,1,8.5,1709.928,1 1/16M,0,22003263|LRL|2025-11-16|8
X,22003263,Masayoshi,LRL,2025-11-07,9,USA,ALW,,6.0,F,,6F,D,2,9.0,9.0,,,8.0,6,780.0,870.0,0.0,0.0,670.0,485.0,0.0,0.0,0.0,0.0,300.0,150.0,486,9,54910,0,0,1,6.0,1207.008,6F,0,22003263|LRL|2025-11-07|9
X,22003263,Masayoshi,IND,2025-07-04,5,USA,ALW,,8.5,F,,1 1/16M,T,1,11.0,11.0,12.0,,11.0,10,2060.0,2010.0,1660.0,0.0,1350.0,1275.0,150.0,50.0,0.0,0.0,200.0,75.0,123,12,34000,0,0,1,8.5,1709.928,1 1/16M,0,22003263|IND|2025-07-04|5
,22003364,Blo by the Field,PEN,2025-12-18,2,USA,SOC,,6.0,F,,6F,D,2,6.0,6.0,,,4.0,2,520.0,320.0,0.0,0.0,310.0,200.0,0.0,0.0,0.0,0.0,50.0,50.0,48,6,21000,0,0,0,6.0,1207.008,6F,0,22003364|PEN|2025-12-18|2
,22003364,Blo by the Field,PEN,2025-11-20,6,USA,SOC,,8.0,F,,1M,D,2,4.0,3.0,3.0,,3.0,3,300.0,250.0,200.0,0.0,250.0,350.0,150.0,10.0,200.0,0.0,250.0,175.0,32,6,21000,0,0,0,8.0,1609.344,1M,0,22003364|PEN|2025-11-20|6
,22003364,Blo by the Field,PEN,2025-10-29,7,USA,SOC,,6.0,F,,6F,D,3,3.0,3.0,,,1.0,1,150.0,20.0,0.0,0.0,0.0,0.0,10.0,100.0,0.0,0.0,150.0,325.0,24,8,20000,0,0,0,6.0,1207.008,6F,0,22003364|PEN|2025-10-29|7
X,22003414,Devastating,LRL,2025-12-14,5,USA,SOC,,6.0,F,,6F,D,6,4.0,4.0,,,3.0,1,410.0,160.0,0.0,0.0,200.0,0.0,10.0,150.0,0.0,0.0,150.0,100.0,15,7,31850,0,0,1,6.0,1207.008,6F,0,22003414|LRL|2025-12-14|5
X,22003414,Devastating,LRL,2025-11-27,4,USA,SOC,,7.0,F,,7F,D,7,5.0,4.0,,,1.0,2,400.0,300.0,0.0,0.0,0.0,300.0,200.0,100.0,0.0,0.0,10.0,200.0,8,7,30950,0,0,1,7.0,1408.176,7F,0,22003414|LRL|2025-11-27|4
X,22003414,Devastating,LRL,2025-10-24,3,USA,CLM,,9.0,F,,1 1/8M,T,1,3.0,4.0,4.0,,4.0,2,450.0,400.0,300.0,0.0,70.0,25.0,10.0,150.0,150.0,0.0,150.0,225.0,11,9,42100,0,0,1,9.0,1810.5120000000002,1 1/8M,0,22003414|LRL|2025-10-24|3
X,22003414,Devastating,LRL,2025-10-03,7,USA,CLM,,7.0,F,,7F,D,4,3.0,4.0,,,4.0,4,150.0,160.0,0.0,0.0,610.0,1150.0,100.0,100.0,0.0,0.0,150.0,150.0,29,6,41800,0,0,1,7.0,1408.176,7F,0,22003414|LRL|2025-10-03|7
,22003495,Tap Dancin Cowgirl,PRX,2025-12-29,9,USA,AOC,,6.5,F,,6 1/2F,D,6,6.0,5.0,,,4.0,2,410.0,220.0,0.0,0.0,160.0,5.0,50.0,50.0,0.0,0.0,200.0,50.0,27,11,52000,0,0,0,6.5,1307.592,6 1/2F,0,22003495|PRX|2025-12-29|9
X,22003495,Tap Dancin Cowgirl,LRL,2025-11-29,7,USA,STK,,7.0,F,,7F,D,1,4.0,4.0,,,5.0,4,110.0,510.0,0.0,0.0,500.0,675.0,300.0,10.0,0.0,0.0,350.0,450.0,102,7,100000,0,0,1,7.0,1408.176,7F,0,22003495|LRL|2025-11-29|7
,22003495,Tap Dancin Cowgirl,PRX,2025-11-10,8,USA,AOC,,6.5,F,,6 1/2F,D,3,2.0,1.0,,,1.0,1,10.0,0.0,0.0,0.0,0.0,0.0,50.0,50.0,0.0,0.0,300.0,675.0,100,7,42000,0,0,0,6.5,1307.592,6 1/2F,0,22003495|PRX|2025-11-10|8
,22003519,Explosive Love,PEN,2025-12-18,6,USA,MSW,,5.5,F,,5 1/2F,D,7,7.0,4.0,,,3.0,2,480.0,600.0,0.0,0.0,400.0,125.0,0.0,10.0,0.0,0.0,100.0,400.0,97,7,34000,0,0,0,5.5,1106.424,5 1/2F,0,22003519|PEN|2025-12-18|6
,22003519,Explosive Love,PEN,2025-11-19,7,USA,MSW,,6.0,F,,6F,D,5,5.0,4.0,,,4.0,4,500.0,550.0,0.0,0.0,800.0,975.0,400.0,100.0,0.0,0.0,100.0,475.0,89,7,34000,0,0,0,6.0,1207.008,6F,0,22003519|PEN|2025-11-19|7
,22003519,Explosive Love,PEN,2025-10-22,1,USA,MSW,,6.0,F,,6F,D,5,3.0,3.0,,,3.0,4,200.0,400.0,0.0,0.0,500.0,425.0,50.0,150.0,0.0,0.0,50.0,675.0,35,5,34000,0,0,0,6.0,1207.008,6F,0,22003519|PEN|2025-10-22|1
X,22003704,Divine Swagger,CNL,2025-07-26,2,USA,MCL,,6.0,F,,6F,D,7,6.0,6.0,,,5.0,6,320.0,360.0,0.0,0.0,500.0,1500.0,150.0,450.0,0.0,0.0,50.0,650.0,116,7,40000,0,0,1,6.0,1207.008,6F,0,22003704|CNL|2025-07-26|2
X,22003704,Divine Swagger,LRL,2025-06-29,4,USA,MSW,,6.0,F,,6F,D,2,6.0,6.0,,,6.0,5,460.0,720.0,0.0,0.0,860.0,960.0,250.0,50.0,0.0,0.0,300.0,25.0,254,7,48710,0,0,1,6.0,1207.008,6F,0,22003704|LRL|2025-06-29|4
X,22003704,Divine Swagger,LRL,2025-06-08,7,USA,MCL,,6.0,F,,6F,D,1,7.0,6.0,,,6.0,2,1300.0,850.0,0.0,0.0,560.0,75.0,200.0,350.0,0.0,0.0,200.0,175.0,485,9,31800,0,0,1,6.0,1207.008,6F,0,22003704|LRL|2025-06-08|7
X,22003776,Love You More,LRL,2025-12-14,7,USA,ALW,,7.0,F,,7F,D,1,1.0,1.0,,,1.0,1,0.0,0.0,0.0,0.0,0.0,0.0,10.0,10.0,0.0,0.0,250.0,25.0,17,6,49735,0,0,1,7.0,1408.176,7F,0,22003776|LRL|2025-12-14|7
X,22003776,Love You More,LRL,2025-10-26,8,USA,MSW,,8.0,F,,1M,D,4,1.0,2.0,1.0,,1.0,1,0.0,10.0,0.0,0.0,0.0,0.0,10.0,350.0,150.0,0.0,450.0,200.0,25,7,47500,0,0,1,8.0,1609.344,1M,0,22003776|LRL|2025-10-26|8
X,22003776,Love You More,LRL,2025-09-20,6,USA,MSW,,7.0,F,,7F,D,4,7.0,5.0,,,2.0,2,420.0,410.0,0.0,0.0,300.0,500.0,700.0,550.0,0.0,0.0,150.0,525.0,63,8,48000,0,0,1,7.0,1408.176,7F,0,22003776|LRL|2025-09-20|6
X,22003776,Love You More,WO,2025-07-26,7,CAN,MSW,,6.5,F,,6 1/2F,D,1,10.0,9.0,,,7.0,6,690.0,800.0,0.0,0.0,1150.0,875.0,400.0,50.0,0.0,0.0,100.0,10.0,90,11,83999,0,0,1,6.5,1307.592,6 1/2F,0,22003776|WO|2025-07-26|7
X,22003918,Showpiece,LRL,2025-11-27,6,USA,MCL,,8.5,F,,1 1/16M,T,10,3.0,3.0,4.0,,11.0,11,200.0,160.0,360.0,0.0,1470.0,2860.0,250.0,300.0,50.0,0.0,0.0,0.0,151,11,26520,0,0,1,8.5,1709.928,1 1/16M,0,22003918|LRL|2025-11-27|6
X,22003918,Showpiece,LRL,2025-10-25,3,USA,MCL,,7.0,F,,7F,D,4,4.0,4.0,,,4.0,4,350.0,500.0,0.0,0.0,450.0,500.0,50.0,100.0,0.0,0.0,150.0,125.0,23,5,32100,0,0,1,7.0,1408.176,7F,0,22003918|LRL|2025-10-25|3
X,22003918,Showpiece,LRL,2025-10-04,10,USA,MCL,,5.5,F,,5 1/2F,D,3,7.0,7.0,,,7.0,5,1100.0,1370.0,0.0,0.0,960.0,800.0,100.0,100.0,0.0,0.0,50.0,10.0,168,8,32350,0,0,1,5.5,1106.424,5 1/2F,0,22003918|LRL|2025-10-04|10
X,22003953,Vanilla Sundae,LRL,2025-12-28,6,USA,CLM,,7.0,F,,7F,D,2,4.0,4.0,,,2.0,1,310.0,450.0,0.0,0.0,300.0,0.0,50.0,100.0,0.0,0.0,150.0,50.0,18,9,24550,0,0,1,7.0,1408.176,7F,0,22003953|LRL|2025-12-28|6
X,22003953,Vanilla Sundae,LRL,2025-12-14,7,USA,ALW,,7.0,F,,7F,D,5,3.0,6.0,,,6.0,6,110.0,760.0,0.0,0.0,1560.0,3105.0,200.0,0.0,0.0,0.0,0.0,0.0,64,6,49735,0,0,1,7.0,1408.176,7F,0,22003953|LRL|2025-12-14|7
,22003953,Vanilla Sundae,PEN,2025-11-05,6,USA,ALW,,8.32,F,,1M 70Y,D,4,1.0,1.0,2.0,,4.0,6,0.0,0.0,50.0,0.0,850.0,1680.0,100.0,200.0,10.0,0.0,200.0,0.0,16,6,35000,0,0,0,8.32,1673.71776,1M 70Y,1,22003953|PEN|2025-11-05|6
X,22003953,Vanilla Sundae,MTH,2025-07-06,3,USA,AOC,,8.0,F,,1M,D,4,6.0,6.0,5.0,,5.0,5,310.0,310.0,510.0,0.0,1050.0,1360.0,0.0,0.0,100.0,0.0,100.0,25.0,46,6,55000,0,0,1,8.0,1609.344,1M,0,22003953|MTH|2025-07-06|3
X,22003953,Vanilla Sundae,MTH,2025-05-18,6,USA,AOC,,8.0,F,,1M,D,6,7.0,8.0,6.0,,5.0,5,370.0,460.0,460.0,0.0,950.0,1150.0,50.0,0.0,100.0,0.0,500.0,1100.0,23,8,55050,0,0,1,8.0,1609.344,1M,0,22003953|MTH|2025-05-18|6
X,22004135,Aggro,TP,2025-12-04,3,USA,CLM,,6.0,F,,6F,D,1,6.0,7.0,,,7.0,7,520.0,680.0,0.0,0.0,470.0,505.0,150.0,10.0,0.0,0.0,200.0,25.0,352,9,43500,0,0,1,6.0,1207.008,6F,0,22004135|TP|2025-12-04|3
X,22004135,Aggro,CD,2025-11-22,7,USA,CLM,,8.5,F,,1 1/16M,D,1,2.0,2.0,2.0,,5.0,5,150.0,150.0,250.0,0.0,610.0,1200.0,10.0,50.0,200.0,0.0,300.0,25.0,88,9,63000,0,0,1,8.5,1709.928,1 1/16M,0,22004135|CD|2025-11-22|7
X,22004135,Aggro,CD,2025-10-29,6,USA,CLM,,8.0,F,,1M,D,12,2.0,2.0,1.0,,1.0,2,50.0,50.0,0.0,0.0,0.0,200.0,100.0,100.0,200.0,0.0,50.0,200.0,52,12,58000,0,0,1,8.0,1609.344,1M,0,22004135|CD|2025-10-29|6
X,22004260,Safe Trust,LRL,2025-10-11,7,USA,STK,,7.0,F,,7F,D,5,3.0,4.0,,,6.0,9,300.0,260.0,0.0,0.0,650.0,1325.0,10.0,150.0,0.0,0.0,100.0,900.0,281,12,102030,0,0,1,7.0,1408.176,7F,0,22004260|LRL|2025-10-11|7
X,22004260,Safe Trust,LRL,2025-09-26,8,USA,AOC,,6.0,F,,6F,D,5,5.0,4.0,,,4.0,5,420.0,360.0,0.0,0.0,500.0,850.0,10.0,350.0,0.0,0.0,300.0,525.0,106,7,58180,0,0,1,6.0,1207.008,6F,0,22004260|LRL|2025-09-26|8
,22004260,Safe Trust,DEL,2025-07-17,6,USA,STK,,6.0,F,,6F,D,1,2.0,2.0,,,2.0,3,10.0,100.0,0.0,0.0,200.0,850.0,50.0,100.0,0.0,0.0,150.0,0.0,81,3,125000,0,0,0,6.0,1207.008,6F,0,22004260|DEL|2025-07-17|6
,22004294,Pneumo Warrior,CT,2025-12-04,4,USA,MSW,,4.5,F,,4 1/2F,D,2,4.0,,,,5.0,5,350.0,0.0,0.0,0.0,550.0,725.0,10.0,0.0,0.0,0.0,100.0,175.0,26,7,30600,0,0,0,4.5,905.2560000000001,4 1/2F,0,22004294|CT|2025-12-04|4
X,22004294,Pneumo Warrior,LRL,2025-11-09,7,USA,MSW,,6.0,F,,6F,D,1,3.0,4.0,,,3.0,2,410.0,650.0,0.0,0.0,550.0,725.0,10.0,300.0,0.0,0.0,150.0,175.0,145,6,52640,0,0,1,6.0,1207.008,6F,0,22004294|LRL|2025-11-09|7
X,22004294,Pneumo Warrior,LRL,2025-06-29,2,USA,MSW,,6.0,F,,6F,D,4,6.0,3.0,,,2.0,3,560.0,210.0,0.0,0.0,250.0,425.0,0.0,100.0,0.0,0.0,10.0,75.0,135,6,47705,0,0,1,6.0,1207.008,6F,0,22004294|LRL|2025-06-29|2
X,22004324,Robert's Moon,LRL,2025-12-27,2,USA,SOC,,8.0,F,,1M,D,3,1.0,1.0,2.0,,3.0,3,0.0,0.0,250.0,0.0,450.0,675.0,200.0,10.0,50.0,0.0,0.0,0.0,48,3,30000,0,0,1,8.0,1609.344,1M,0,22004324|LRL|2025-12-27|2
X,22004324,Robert's Moon,LRL,2025-12-05,3,USA,SOC,,7.0,F,,7F,D,6,2.0,4.0,,,6.0,5,700.0,560.0,0.0,0.0,460.0,1125.0,50.0,100.0,0.0,0.0,1500.0,700.0,22,7,27040,0,0,1,7.0,1408.176,7F,0,22004324|LRL|2025-12-05|3
X,22004324,Robert's Moon,LRL,2025-11-16,6,USA,SOC,,8.5,F,,1 1/16M,T,1,1.0,1.0,1.0,,2.0,3,0.0,0.0,0.0,0.0,10.0,200.0,200.0,250.0,200.0,0.0,200.0,75.0,30,10,26740,0,0,1,8.5,1709.928,1 1/16M,0,22004324|LRL|2025-11-16|6
X,22004324,Robert's Moon,LRL,2025-10-24,1,USA,SOC,,8.0,F,,1M,T,9,4.0,3.0,3.0,,5.0,4,300.0,160.0,110.0,0.0,310.0,425.0,200.0,200.0,150.0,0.0,50.0,25.0,443,10,32000,0,0,1,8.0,1609.344,1M,0,22004324|LRL|2025-10-24|1
X,22004555,Platform,AQU,2025-11-23,7,USA,CLM,,7.0,F,,7F,D,4,4.0,2.0,,,4.0,6,170.0,100.0,0.0,0.0,310.0,375.0,10.0,10.0,0.0,0.0,50.0,875.0,85,8,55000,0,0,1,7.0,1408.176,7F,0,22004555|AQU|2025-11-23|7
,22004555,Platform,DEL,2025-10-01,8,USA,AOC,,6.0,F,,6F,D,8,7.0,4.0,,,4.0,4,330.0,120.0,0.0,0.0,120.0,180.0,500.0,100.0,0.0,0.0,200.0,375.0,234,8,46000,0,0,0,6.0,1207.008,6F,0,22004555|DEL|2025-10-01|8
,22004555,Platform,DEL,2025-08-27,6,USA,AOC,,8.5,F,,1 1/16M,D,1,1.0,1.0,2.0,,2.0,5,0.0,0.0,50.0,0.0,10.0,800.0,50.0,10.0,10.0,0.0,10.0,25.0,144,7,46000,0,0,0,8.5,1709.928,1 1/16M,0,22004555|DEL|2025-08-27|6
X,22004613,Ithadtobeblu,LRL,2025-11-21,3,USA,MCL,,8.0,F,,1M,T,10,8.0,7.0,7.0,,8.0,8,760.0,580.0,510.0,0.0,610.0,525.0,10.0,50.0,150.0,0.0,150.0,325.0,619,10,32900,0,0,1,8.0,1609.344,1M,0,22004613|LRL|2025-11-21|3
X,22004627,Just for the Money,LRL,2025-12-13,6,USA,SOC,,6.0,F,,6F,D,5,5.0,3.0,,,3.0,3,220.0,200.0,0.0,0.0,260.0,575.0,100.0,150.0,0.0,0.0,300.0,50.0,186,7,27760,0,0,1,6.0,1207.008,6F,0,22004627|LRL|2025-12-13|6
X,22004627,Just for the Money,LRL,2025-11-27,9,USA,SOC,,6.0,F,,6F,D,3,3.0,3.0,,,4.0,4,200.0,250.0,0.0,0.0,510.0,725.0,50.0,200.0,0.0,0.0,400.0,200.0,180,6,30450,0,0,1,6.0,1207.008,6F,0,22004627|LRL|2025-11-27|9
X,22004627,Just for the Money,LRL,2025-11-14,7,USA,ALW,,6.0,F,,6F,D,4,7.0,8.0,,,7.0,6,560.0,620.0,0.0,0.0,820.0,1150.0,50.0,150.0,0.0,0.0,50.0,50.0,551,9,49500,0,0,1,6.0,1207.008,6F,0,22004627|LRL|2025-11-14|7
,22004627,Just for the Money,DEL,2025-10-18,9,USA,CLM,,5.5,F,,5 1/2F,D,3,1.0,1.0,,,1.0,1,0.0,0.0,0.0,0.0,0.0,0.0,200.0,300.0,0.0,0.0,200.0,100.0,13,7,22000,0,0,0,5.5,1106.424,5 1/2F,0,22004627|DEL|2025-10-18|9
X,22004645,Bourbon N Lace,LRL,2025-12-27,6,USA,SOC,,6.0,F,,6F,D,7,9.0,8.0,,,6.0,4,1030.0,960.0,0.0,0.0,460.0,255.0,0.0,50.0,0.0,0.0,50.0,125.0,121,9,28760,0,0,1,6.0,1207.008,6F,0,22004645|LRL|2025-12-27|6
X,22004645,Bourbon N Lace,LRL,2025-12-12,1,USA,SOC,,7.0,F,,7F,D,7,7.0,7.0,,,2.0,1,610.0,1010.0,0.0,0.0,200.0,0.0,150.0,600.0,0.0,0.0,150.0,575.0,62,8,27900,0,0,1,7.0,1408.176,7F,0,22004645|LRL|2025-12-12|1
X,22004645,Bourbon N Lace,AQU,2025-11-12,2,USA,CLM,,8.0,F,,1M,D,3,6.0,6.0,6.0,,6.0,5,320.0,320.0,660.0,0.0,700.0,610.0,200.0,100.0,400.0,0.0,1000.0,25.0,104,7,31000,0,0,1,8.0,1609.344,1M,0,22004645|AQU|2025-11-12|2
,22004645,Bourbon N Lace,DEL,2025-10-15,8,USA,CLM,,5.5,F,,5 1/2F,D,5,9.0,9.0,,,4.0,3,450.0,590.0,0.0,0.0,250.0,100.0,100.0,10.0,0.0,0.0,10.0,10.0,36,11,21000,0,0,0,5.5,1106.424,5 1/2F,0,22004645|DEL|2025-10-15|8
,22004645,Bourbon N Lace,DEL,2025-09-13,8,USA,CLM,,8.32,F,,1M 70Y,T,12,6.0,6.0,9.0,,8.0,9,320.0,310.0,450.0,0.0,530.0,455.0,10.0,50.0,200.0,0.0,10.0,25.0,119,12,32000,0,0,0,8.32,1673.71776,1M 70Y,1,22004645|DEL|2025-09-13|8
X,22004675,Schrader,LRL,2025-12-13,1,USA,SOC,,7.0,F,,7F,D,6,2.0,2.0,,,2.0,3,10.0,10.0,0.0,0.0,10.0,725.0,800.0,500.0,0.0,0.0,150.0,400.0,34,6,33150,0,0,1,7.0,1408.176,7F,0,22004675|LRL|2025-12-13|1
X,22004675,Schrader,LRL,2025-11-27,9,USA,SOC,,6.0,F,,6F,D,1,6.0,6.0,,,6.0,5,360.0,760.0,0.0,0.0,920.0,925.0,0.0,0.0,0.0,0.0,0.0,25.0,27,6,30450,0,0,1,6.0,1207.008,6F,0,22004675|LRL|2025-11-27|9
,22004675,Schrader,DEL,2025-09-28,9,USA,ALW,,8.5,F,,1 1/16M,D,4,2.0,3.0,2.0,,2.0,2,100.0,250.0,100.0,0.0,10.0,175.0,10.0,10.0,10.0,0.0,10.0,100.0,170,8,72000,0,0,0,8.5,1709.928,1 1/16M,0,22004675|DEL|2025-09-28|9
X,22004675,Schrader,CNL,2025-09-13,3,USA,STR,,7.0,F,,7F,D,6,2.0,2.0,,,2.0,6,100.0,200.0,0.0,0.0,400.0,550.0,50.0,200.0,0.0,0.0,500.0,450.0,84,6,40000,0,0,1,7.0,1408.176,7F,0,22004675|CNL|2025-09-13|3
X,22004733,Roll On Jesse,LRL,2025-12-06,2,USA,CLM,,8.0,F,,1M,D,3,5.0,6.0,5.0,,3.0,4,550.0,850.0,510.0,0.0,550.0,425.0,200.0,550.0,10.0,0.0,150.0,50.0,67,7,44100,0,0,1,8.0,1609.344,1M,0,22004733|LRL|2025-12-06|2
X,22004733,Roll On Jesse,LRL,2025-10-31,9,USA,ALW,,8.0,F,,1M,D,4,2.0,5.0,3.0,,4.0,4,150.0,460.0,300.0,0.0,810.0,1275.0,100.0,0.0,200.0,0.0,400.0,175.0,76,5,48000,0,0,1,8.0,1609.344,1M,0,22004733|LRL|2025-10-31|9
,22004733,Roll On Jesse,DEL,2025-09-25,8,USA,STR,,8.0,F,,1M,D,4,4.0,4.0,4.0,,4.0,3,400.0,350.0,500.0,0.0,900.0,1125.0,500.0,200.0,150.0,0.0,100.0,500.0,117,5,32000,0,0,0,8.0,1609.344,1M,0,22004733|DEL|2025-09-25|8
X,22004783,Maidstone,AQU,2026-01-02,8,USA,CLM,,6.5,F,,6 1/2F,D,2,2.0,2.0,,,5.0,4,100.0,350.0,0.0,0.0,750.0,300.0,100.0,100.0,0.0,0.0,50.0,5.0,151,8,41000,0,0,1,6.5,1307.592,6 1/2F,0,22004783|AQU|2026-01-02|8
,22004783,Maidstone,PEN,2025-11-28,6,USA,ALW,,6.0,F,,6F,D,8,9.0,9.0,,,9.0,8,580.0,390.0,0.0,0.0,1170.0,1350.0,200.0,100.0,0.0,0.0,10.0,250.0,68,10,35000,0,0,0,6.0,1207.008,6F,0,22004783|PEN|2025-11-28|6
,22004783,Maidstone,PID,2025-09-22,5,USA,ALW,,6.0,F,,6F,D,2,3.0,4.0,,,4.0,4,400.0,400.0,0.0,0.0,710.0,1525.0,50.0,0.0,0.0,0.0,0.0,0.0,35,4,38000,0,0,0,6.0,1207.008,6F,0,22004783|PID|2025-09-22|5
X,22004786,Thunder in Paris,LRL,2025-11-16,5,USA,CLM,,6.0,F,,6F,D,9,9.0,9.0,,,9.0,9,630.0,1210.0,0.0,0.0,1850.0,2330.0,0.0,0.0,0.0,0.0,0.0,0.0,30,9,24550,0,0,1,6.0,1207.008,6F,0,22004786|LRL|2025-11-16|5
,22004786,Thunder in Paris,DEL,2025-07-26,2,USA,SOC,,5.5,F,,5 1/2F,D,5,3.0,2.0,,,2.0,4,200.0,100.0,0.0,0.0,100.0,265.0,100.0,50.0,0.0,0.0,50.0,775.0,29,5,22000,0,0,0,5.5,1106.424,5 1/2F,0,22004786|DEL|2025-07-26|2
X,22004786,Thunder in Paris,LRL,2025-06-13,4,USA,CLM,,6.0,F,,6F,D,4,3.0,3.0,,,3.0,2,200.0,260.0,0.0,0.0,210.0,50.0,10.0,500.0,0.0,0.0,450.0,25.0,16,7,25020,0,0,1,6.0,1207.008,6F,0,22004786|LRL|2025-06-13|4
X,22004800,Tony Eclipse,LRL,2025-03-22,8,USA,STK,,8.5,F,,1 1/16M,D,2,1.0,1.0,3.0,,4.0,5,0.0,0.0,20.0,0.0,500.0,1375.0,10.0,10.0,200.0,0.0,150.0,0.0,10,5,100000,0,0,1,8.5,1709.928,1 1/16M,0,22004800|LRL|2025-03-22|8
X,22004800,Tony Eclipse,LRL,2025-01-25,9,USA,STK,,7.0,F,,7F,D,6,2.0,6.0,,,6.0,6,100.0,660.0,0.0,0.0,360.0,835.0,50.0,100.0,0.0,0.0,450.0,575.0,6,8,100000,0,0,1,7.0,1408.176,7F,0,22004800|LRL|2025-01-25|9
X,22004800,Tony Eclipse,LRL,2024-12-07,8,USA,STK,,7.0,F,,7F,D,4,2.0,2.0,,,1.0,1,50.0,10.0,0.0,0.0,0.0,0.0,100.0,150.0,0.0,0.0,300.0,375.0,21,7,100000,0,0,1,7.0,1408.176,7F,0,22004800|LRL|2024-12-07|8
X,22004844,Over My Cents,LRL,2025-12-12,1,USA,SOC,,7.0,F,,7F,D,5,2.0,2.0,,,3.0,6,100.0,350.0,0.0,0.0,350.0,900.0,50.0,10.0,0.0,0.0,100.0,300.0,35,8,27900,0,0,1,7.0,1408.176,7F,0,22004844|LRL|2025-12-12|1
X,22004844,Over My Cents,LRL,2025-11-29,1,USA,MCL,,6.0,F,,6F,D,10,2.0,2.0,,,1.0,1,150.0,200.0,0.0,0.0,0.0,0.0,150.0,200.0,0.0,0.0,10.0,75.0,15,10,26370,0,0,1,6.0,1207.008,6F,0,22004844|LRL|2025-11-29|1
X,22004844,Over My Cents,LRL,2025-11-21,9,USA,MCL,,6.0,F,,6F,D,6,4.0,3.0,,,3.0,3,260.0,210.0,0.0,0.0,200.0,325.0,150.0,10.0,0.0,0.0,150.0,125.0,25,6,34050,0,0,1,6.0,1207.008,6F,0,22004844|LRL|2025-11-21|9
X,22004844,Over My Cents,LRL,2025-10-04,4,USA,MCL,,5.5,F,,5 1/2F,D,7,3.0,2.0,,,3.0,3,110.0,150.0,0.0,0.0,450.0,175.0,150.0,10.0,0.0,0.0,250.0,650.0,34,7,31850,0,0,1,5.5,1106.424,5 1/2F,0,22004844|LRL|2025-10-04|4
X,22004906,Candycrumbs,LRL,2025-12-27,9,USA,CLM,,8.5,F,,1 1/16M,D,2,3.0,4.0,5.0,,6.0,6,250.0,210.0,550.0,0.0,810.0,1430.0,10.0,10.0,250.0,0.0,800.0,2275.0,84,7,22560,0,0,1,8.5,1709.928,1 1/16M,0,22004906|LRL|2025-12-27|9
X,22004906,Candycrumbs,LRL,2025-12-05,6,USA,CLM,,5.5,F,,5 1/2F,D,6,8.0,8.0,,,7.0,6,1360.0,1320.0,0.0,0.0,960.0,585.0,100.0,100.0,0.0,0.0,100.0,500.0,58,9,25870,0,0,1,5.5,1106.424,5 1/2F,0,22004906|LRL|2025-12-05|6
X,22004906,Candycrumbs,LRL,2025-11-14,1,USA,CLM,,6.0,F,,6F,D,4,8.0,4.0,,,5.0,6,330.0,260.0,0.0,0.0,650.0,545.0,150.0,100.0,0.0,0.0,50.0,150.0,37,9,23890,0,0,1,6.0,1207.008,6F,0,22004906|LRL|2025-11-14|1
X,22004906,Candycrumbs,LRL,2025-10-12,3,USA,SOC,,5.5,F,,5 1/2F,T,7,10.0,10.0,,,10.0,9,750.0,1060.0,0.0,0.0,790.0,875.0,0.0,0.0,0.0,0.0,0.0,0.0,172,10,26380,0,0,1,5.5,1106.424,5 1/2F,0,22004906|LRL|2025-10-12|3
X,22004908,Quahog Republic,LRL,2025-12-26,6,USA,MCL,,5.5,F,,5 1/2F,D,4,7.0,7.0,,,3.0,5,710.0,610.0,0.0,0.0,400.0,725.0,300.0,500.0,0.0,0.0,10.0,200.0,97,11,27200,0,0,1,5.5,1106.424,5 1/2F,0,22004908|LRL|2025-12-26|6
X,22004908,Quahog Republic,LRL,2025-11-09,3,USA,MCL,,5.5,F,,5 1/2F,T,5,8.0,7.0,,,7.0,9,470.0,510.0,0.0,0.0,520.0,355.0,200.0,50.0,0.0,0.0,10.0,10.0,125,10,28540,0,0,1,5.5,1106.424,5 1/2F,0,22004908|LRL|2025-11-09|3
,22004908,Quahog Republic,DEL,2025-10-16,3,USA,MCL,,6.0,F,,6F,D,10,9.0,6.0,,,6.0,3,580.0,320.0,0.0,0.0,370.0,175.0,10.0,100.0,0.0,0.0,10.0,100.0,392,11,14000,0,0,0,6.0,1207.008,6F,0,22004908|DEL|2025-10-16|3
,22004908,Quahog Republic,DEL,2025-08-06,3,USA,MCL,,8.32,F,A,1M 70Y,T,2,7.0,7.0,8.0,,7.0,8,650.0,920.0,810.0,0.0,810.0,885.0,50.0,10.0,600.0,0.0,100.0,300.0,1187,10,22000,1,0,0,8.32,1673.71776,1M 70Y,1,22004908|DEL|2025-08-06|3
,22005270,Boutwell Time,PRX,2025-11-24,9,USA,SOC,,6.5,F,,6 1/2F,D,2,5.0,3.0,,,1.0,1,320.0,100.0,0.0,0.0,0.0,0.0,10.0,10.0,0.0,0.0,800.0,1150.0,30,9,28000,0,0,0,6.5,1307.592,6 1/2F,0,22005270|PRX|2025-11-24|9
,22005270,Boutwell Time,PRX,2025-10-27,4,USA,SOC,,6.5,F,,6 1/2F,D,1,5.0,2.0,,,2.0,2,210.0,100.0,0.0,0.0,250.0,575.0,500.0,10.0,0.0,0.0,500.0,725.0,23,6,28000,0,0,0,6.5,1307.592,6 1/2F,0,22005270|PRX|2025-10-27|4
,22005270,Boutwell Time,PRX,2025-07-02,9,USA,AOC,,7.0,F,,7F,D,6,6.0,5.0,,,4.0,6,710.0,360.0,0.0,0.0,1000.0,2050.0,100.0,50.0,0.0,0.0,100.0,225.0,151,7,42000,0,0,0,7.0,1408.176,7F,0,22005270|PRX|2025-07-02|9
X,22005320,Hysterics,LRL,2025-11-07,1,USA,MCL,,8.0,F,,1M,T,8,6.0,5.0,6.0,,4.0,2,710.0,500.0,650.0,0.0,410.0,5.0,100.0,10.0,200.0,0.0,50.0,10.0,52,10,26020,0,0,1,8.0,1609.344,1M,0,22005320|LRL|2025-11-07|1
X,22005320,Hysterics,LRL,2025-10-10,3,USA,MCL,,8.0,F,,1M,T,2,7.0,7.0,5.0,,5.0,6,760.0,610.0,310.0,0.0,360.0,380.0,300.0,150.0,150.0,0.0,50.0,175.0,234,11,32500,0,0,1,8.0,1609.344,1M,0,22005320|LRL|2025-10-10|3
X,22005320,Hysterics,CNL,2025-09-13,5,USA,MCL,,8.5,F,,1 1/16M,T,5,5.0,6.0,6.0,,7.0,6,350.0,310.0,260.0,0.0,560.0,300.0,50.0,100.0,100.0,0.0,0.0,150.0,38,7,40000,0,0,1,8.5,1709.928,1 1/16M,0,22005320|CNL|2025-09-13|5
X,22005591,Sunflower State,LRL,2025-12-14,5,USA,SOC,,6.0,F,,6F,D,5,2.0,5.0,,,7.0,7,250.0,310.0,0.0,0.0,1050.0,1505.0,10.0,50.0,0.0,0.0,0.0,0.0,49,7,31850,0,0,1,6.0,1207.008,6F,0,22005591|LRL|2025-12-14|5
X,22005591,Sunflower State,CNL,2025-03-14,8,USA,ALW,,5.5,F,,5 1/2F,D,2,9.0,9.0,,,8.0,5,1160.0,870.0,0.0,0.0,800.0,425.0,0.0,0.0,0.0,0.0,250.0,5.0,661,9,100000,0,0,1,5.5,1106.424,5 1/2F,0,22005591|CNL|2025-03-14|8
X,22005591,Sunflower State,LRL,2024-07-06,5,USA,MCL,,5.0,F,,5F,D,6,3.0,3.0,,,2.0,1,160.0,160.0,0.0,0.0,50.0,0.0,150.0,200.0,0.0,0.0,10.0,300.0,100,7,33795,0,0,1,5.0,1005.84,5F,0,22005591|LRL|2024-07-06|5
X,22005591,Sunflower State,LRL,2024-06-01,3,USA,MCL,,4.5,F,,4 1/2F,D,6,7.0,,,,7.0,5,1450.0,0.0,0.0,0.0,1050.0,1385.0,0.0,0.0,0.0,0.0,0.0,325.0,82,7,45605,0,0,1,4.5,905.2560000000001,4 1/2F,0,22005591|LRL|2024-06-01|3
,22005635,J. Belkin,FL,2025-11-19,6,USA,MSW,,8.5,F,,1 1/16M,D,6,5.0,6.0,7.0,,7.0,7,560.0,650.0,950.0,0.0,1750.0,2260.0,10.0,50.0,0.0,0.0,0.0,0.0,134,7,32600,0,0,0,8.5,1709.928,1 1/16M,0,22005635|FL|2025-11-19|6
,22005635,J. Belkin,FL,2025-11-10,7,USA,MSW,,6.0,F,,6F,D,6,6.0,6.0,,,5.0,4,560.0,1300.0,0.0,0.0,1950.0,1475.0,0.0,0.0,0.0,0.0,400.0,175.0,65,6,32600,0,0,0,6.0,1207.008,6F,0,22005635|FL|2025-11-10|7
X,22005771,Musical Entourage,LRL,2025-11-27,6,USA,MCL,,8.5,F,,1 1/16M,T,2,1.0,1.0,2.0,,9.0,9,0.0,0.0,10.0,0.0,670.0,1635.0,150.0,10.0,250.0,0.0,500.0,450.0,64,11,26520,0,0,1,8.5,1709.928,1 1/16M,0,22005771|LRL|2025-11-27|6
X,22005771,Musical Entourage,LRL,2025-11-02,6,USA,MCL,,8.0,F,,1M,T,4,1.0,2.0,3.0,,1.0,3,0.0,150.0,160.0,0.0,0.0,85.0,100.0,50.0,150.0,0.0,100.0,25.0,127,12,27020,0,0,1,8.0,1609.344,1M,0,22005771|LRL|2025-11-02|6
X,22005771,Musical Entourage,LRL,2025-10-12,1,USA,MCL,,8.5,F,,1 1/16M,T,3,2.0,2.0,1.0,,1.0,3,10.0,10.0,0.0,0.0,0.0,35.0,200.0,200.0,10.0,0.0,150.0,25.0,352,12,29180,0,0,1,8.5,1709.928,1 1/16M,0,22005771|LRL|2025-10-12|1
X,22005832,Think Fast,LRL,2025-11-29,7,USA,STK,,7.0,F,,7F,D,6,3.0,3.0,,,2.0,2,60.0,160.0,0.0,0.0,50.0,225.0,50.0,350.0,0.0,0.0,50.0,50.0,43,7,100000,0,0,1,7.0,1408.176,7F,0,22005832|LRL|2025-11-29|7
,22005832,Think Fast,HAW,2025-09-18,6,USA,ALW,,6.5,F,,6 1/2F,D,7,6.0,3.0,,,2.0,1,180.0,260.0,0.0,0.0,350.0,0.0,150.0,10.0,0.0,0.0,100.0,125.0,23,8,31000,0,0,0,6.5,1307.592,6 1/2F,0,22005832|HAW|2025-09-18|6
,22005832,Think Fast,FP,2025-08-30,3,USA,MSW,,6.0,F,,6F,D,4,3.0,1.0,,,1.0,1,110.0,0.0,0.0,0.0,0.0,0.0,150.0,200.0,0.0,0.0,700.0,2875.0,5,6,15000,0,0,0,6.0,1207.008,6F,0,22005832|FP|2025-08-30|3
,22005862,My Military Hero,PRX,2025-11-28,3,USA,MSW,,6.5,F,,6 1/2F,D,4,7.0,5.0,,,3.0,2,720.0,510.0,0.0,0.0,400.0,325.0,0.0,400.0,0.0,0.0,10.0,250.0,112,7,50000,0,0,0,6.5,1307.592,6 1/2F,0,22005862|PRX|2025-11-28|3
,22005862,My Military Hero,PRX,2025-07-24,1,USA,MSW,,6.0,F,,6F,D,2,7.0,7.0,,,7.0,7,240.0,370.0,0.0,0.0,850.0,1285.0,200.0,50.0,0.0,0.0,300.0,800.0,424,8,50000,0,0,0,6.0,1207.008,6F,0,22005862|PRX|2025-07-24|1
,22005862,My Military Hero,PRX,2024-11-25,7,USA,MSW,,7.0,F,,7F,D,3,8.0,8.0,,,3.0,3,530.0,330.0,0.0,0.0,450.0,750.0,100.0,200.0,0.0,0.0,50.0,125.0,233,12,50000,0,0,0,7.0,1408.176,7F,0,22005862|PRX|2024-11-25|7
X,22005925,Market Watch,AQU,2026-01-10,1,USA,MOC,,6.5,F,,6 1/2F,D,1,6.0,6.0,,,6.0,3,460.0,670.0,0.0,0.0,600.0,425.0,0.0,0.0,0.0,0.0,0.0,150.0,39,6,75000,0,0,1,6.5,1307.592,6 1/2F,0,22005925|AQU|2026-01-10|1
X,22005925,Market Watch,CD,2024-09-25,5,USA,MSW,,6.0,F,,6F,D,6,10.0,10.0,,,8.0,7,720.0,970.0,0.0,0.0,950.0,980.0,150.0,450.0,0.0,0.0,250.0,25.0,296,11,92000,0,0,1,6.0,1207.008,6F,0,22005925|CD|2024-09-25|5
X,22006002,Esroh,LRL,2025-11-14,9,USA,ALW,,6.0,F,,6F,D,6,3.0,2.0,,,5.0,5,60.0,50.0,0.0,0.0,610.0,775.0,150.0,100.0,0.0,0.0,300.0,25.0,27,7,48500,0,0,1,6.0,1207.008,6F,0,22006002|LRL|2025-11-14|9
X,22006002,Esroh,LRL,2025-10-11,7,USA,STK,,7.0,F,,7F,D,10,2.0,2.0,,,5.0,8,100.0,100.0,0.0,0.0,450.0,1175.0,200.0,150.0,0.0,0.0,200.0,150.0,514,12,102030,0,0,1,7.0,1408.176,7F,0,22006002|LRL|2025-10-11|7
X,22006002,Esroh,LRL,2025-09-12,2,USA,CLM,,6.0,F,,6F,D,5,1.0,1.0,,,1.0,1,0.0,0.0,0.0,0.0,0.0,0.0,150.0,50.0,0.0,0.0,250.0,500.0,38,6,45400,0,0,1,6.0,1207.008,6F,0,22006002|LRL|2025-09-12|2
X,22006107,Apolaustic,LRL,2025-11-30,6,USA,MCL,,6.0,F,,6F,D,8,8.0,8.0,,,8.0,7,1600.0,1650.0,0.0,0.0,1200.0,1230.0,100.0,10.0,0.0,0.0,50.0,200.0,308,10,25050,0,0,1,6.0,1207.008,6F,0,22006107|LRL|2025-11-30|6
X,22006107,Apolaustic,LRL,2025-11-09,3,USA,MCL,,5.5,F,,5 1/2F,T,8,10.0,10.0,,,10.0,8,920.0,860.0,0.0,0.0,690.0,255.0,0.0,0.0,0.0,0.0,0.0,100.0,540,10,28540,0,0,1,5.5,1106.424,5 1/2F,0,22006107|LRL|2025-11-09|3
X,22006107,Apolaustic,LRL,2025-10-12,1,USA,MCL,,8.5,F,,1 1/16M,T,1,12.0,12.0,12.0,,12.0,12,1760.0,1180.0,1240.0,0.0,1570.0,1560.0,0.0,0.0,0.0,0.0,0.0,0.0,271,12,29180,0,0,1,8.5,1709.928,1 1/16M,0,22006107|LRL|2025-10-12|1
X,22006112,Furious George,LRL,2025-12-26,6,USA,MCL,,5.5,F,,5 1/2F,D,7,6.0,5.0,,,7.0,6,660.0,550.0,0.0,0.0,720.0,925.0,50.0,50.0,0.0,0.0,150.0,50.0,230,11,27200,0,0,1,5.5,1106.424,5 1/2F,0,22006112|LRL|2025-12-26|6
X,22006112,Furious George,LRL,2025-11-30,6,USA,MCL,,6.0,F,,6F,D,10,7.0,5.0,,,4.0,4,1100.0,750.0,0.0,0.0,450.0,750.0,500.0,50.0,0.0,0.0,50.0,125.0,40,10,25050,0,0,1,6.0,1207.008,6F,0,22006112|LRL|2025-11-30|6
X,22006112,Furious George,LRL,2025-11-09,10,USA,MCL,,6.0,F,,6F,D,6,4.0,4.0,,,4.0,4,510.0,1000.0,0.0,0.0,1300.0,1450.0,150.0,400.0,0.0,0.0,350.0,50.0,75,8,25370,0,0,1,6.0,1207.008,6F,0,22006112|LRL|2025-11-09|10
X,22006112,Furious George,LRL,2025-10-19,4,USA,MCL,,6.0,F,,6F,D,7,8.0,8.0,,,7.0,7,1310.0,1310.0,0.0,0.0,670.0,1155.0,0.0,0.0,0.0,0.0,600.0,2775.0,25,8,25370,0,0,1,6.0,1207.008,6F,0,22006112|LRL|2025-10-19|4
X,22006170,Probale Ten,KEE,2025-10-24,1,USA,CLM,,6.5,F,,6 1/2F,D,6,4.0,4.0,,,5.0,6,400.0,610.0,0.0,0.0,810.0,1285.0,300.0,50.0,0.0,0.0,50.0,0.0,258,6,72000,0,0,1,6.5,1307.592,6 1/2F,0,22006170|KEE|2025-10-24|1
,22006170,Probale Ten,MNR,2025-08-31,7,USA,CLM,,5.5,F,,5 1/2F,D,5,3.0,3.0,,,1.0,1,60.0,60.0,0.0,0.0,0.0,0.0,10.0,50.0,0.0,0.0,50.0,350.0,113,7,12200,0,0,0,5.5,1106.424,5 1/2F,0,22006170|MNR|2025-08-31|7
,22006170,Probale Ten,MNR,2025-07-08,5,USA,CLM,,8.0,F,,1M,D,1,1.0,1.0,2.0,,2.0,1,0.0,0.0,10.0,0.0,150.0,0.0,10.0,10.0,100.0,0.0,300.0,75.0,6,6,7900,0,0,0,8.0,1609.344,1M,0,22006170|MNR|2025-07-08|5
X,22006185,She's a Bombshell,LRL,2025-12-12,3,USA,SOC,,6.0,F,,6F,D,3,4.0,5.0,,,5.0,5,110.0,360.0,0.0,0.0,850.0,1400.0,450.0,250.0,0.0,0.0,150.0,75.0,189,6,30450,0,0,1,6.0,1207.008,6F,0,22006185|LRL|2025-12-12|3
X,22006185,She's a Bombshell,BAQ,2025-09-25,3,USA,SOC,,6.0,F,,6F,D,6,4.0,5.0,,,7.0,8,300.0,560.0,0.0,0.0,1260.0,1755.0,100.0,100.0,0.0,0.0,700.0,0.0,208,8,65000,0,0,1,6.0,1207.008,6F,0,22006185|BAQ|2025-09-25|3
X,22006185,She's a Bombshell,MTH,2025-09-13,8,USA,STK,,5.0,F,,5F,T,1,4.0,4.0,,,5.0,8,210.0,210.0,0.0,0.0,500.0,935.0,50.0,150.0,0.0,0.0,10.0,50.0,312,11,93500,0,0,1,5.0,1005.84,5F,0,22006185|MTH|2025-09-13|8
X,22006185,She's a Bombshell,MTH,2025-08-24,3,USA,AOC,,6.0,F,,6F,D,8,1.0,1.0,,,1.0,1,0.0,0.0,0.0,0.0,0.0,0.0,50.0,250.0,0.0,0.0,350.0,550.0,66,8,68750,0,0,1,6.0,1207.008,6F,0,22006185|MTH|2025-08-24|3
X,22006485,Fear Nothing,LRL,2025-12-26,8,USA,ALW,,5.5,F,,5 1/2F,D,1,5.0,5.0,,,3.0,3,620.0,420.0,0.0,0.0,350.0,60.0,300.0,400.0,0.0,0.0,50.0,100.0,94,8,49000,0,0,1,5.5,1106.424,5 1/2F,0,22006485|LRL|2025-12-26|8
X,22006485,Fear Nothing,LRL,2025-12-13,6,USA,SOC,,6.0,F,,6F,D,7,3.0,2.0,,,1.0,1,110.0,50.0,0.0,0.0,0.0,0.0,100.0,150.0,0.0,0.0,10.0,100.0,46,7,27760,0,0,1,6.0,1207.008,6F,0,22006485|LRL|2025-12-13|6
X,22006485,Fear Nothing,LRL,2025-10-04,8,USA,CLM,,6.0,F,,6F,D,3,4.0,4.0,,,2.0,1,300.0,210.0,0.0,0.0,10.0,0.0,100.0,200.0,0.0,0.0,150.0,75.0,11,7,24870,0,0,1,6.0,1207.008,6F,0,22006485|LRL|2025-10-04|8
X,22006485,Fear Nothing,LRL,2025-09-21,5,USA,SOC,,5.5,F,,5 1/2F,T,3,10.0,10.0,,,10.0,10,770.0,640.0,0.0,0.0,820.0,630.0,150.0,150.0,0.0,0.0,150.0,550.0,573,11,26880,0,0,1,5.5,1106.424,5 1/2F,0,22006485|LRL|2025-09-21|5
,22006485,Fear Nothing,TIM,2025-08-24,2,USA,CLM,,6.5,F,A,6 1/2F,D,1,3.0,3.0,,,2.0,1,510.0,200.0,0.0,0.0,200.0,0.0,50.0,250.0,0.0,0.0,300.0,25.0,26,6,23980,1,0,0,6.5,1307.592,6 1/2F,0,22006485|TIM|2025-08-24|2
X,22006543,Let's Have a Party,LRL,2025-12-12,6,USA,SOC,,7.0,F,,7F,D,8,6.0,6.0,,,7.0,7,510.0,510.0,0.0,0.0,1150.0,1750.0,400.0,400.0,0.0,0.0,400.0,350.0,885,8,25020,0,0,1,7.0,1408.176,7F,0,22006543|LRL|2025-12-12|6
X,22006543,Let's Have a Party,LRL,2025-11-14,1,USA,CLM,,6.0,F,,6F,D,1,5.0,7.0,,,6.0,7,120.0,510.0,0.0,0.0,700.0,695.0,50.0,150.0,0.0,0.0,50.0,50.0,159,9,23890,0,0,1,6.0,1207.008,6F,0,22006543|LRL|2025-11-14|1
X,22006543,Let's Have a Party,LRL,2025-11-01,11,USA,SOC,,6.0,F,,6F,D,6,5.0,5.0,,,6.0,5,370.0,520.0,0.0,0.0,610.0,1300.0,600.0,200.0,0.0,0.0,400.0,125.0,536,7,25600,0,0,1,6.0,1207.008,6F,0,22006543|LRL|2025-11-01|11
X,22006543,Let's Have a Party,LRL,2025-10-12,8,USA,SOC,,7.0,F,,7F,D,1,5.0,7.0,,,7.0,7,1000.0,860.0,0.0,0.0,1210.0,2425.0,10.0,0.0,0.0,0.0,0.0,0.0,248,7,29500,0,0,1,7.0,1408.176,7F,0,22006543|LRL|2025-10-12|8
X,22006600,Railroad Inn,LRL,2025-12-26,6,USA,MCL,,5.5,F,,5 1/2F,D,8,9.0,9.0,,,6.0,2,1160.0,1160.0,0.0,0.0,520.0,425.0,10.0,200.0,0.0,0.0,200.0,50.0,169,11,27200,0,0,1,5.5,1106.424,5 1/2F,0,22006600|LRL|2025-12-26|6
X,22006600,Railroad Inn,LRL,2025-11-27,1,USA,MCL,,8.0,F,,1M,D,5,7.0,8.0,8.0,,9.0,9,700.0,860.0,670.0,0.0,730.0,950.0,200.0,10.0,50.0,0.0,0.0,0.0,82,9,25870,0,0,1,8.0,1609.344,1M,0,22006600|LRL|2025-11-27|1
X,22006600,Railroad Inn,LRL,2025-11-09,10,USA,MCL,,6.0,F,,6F,D,3,7.0,5.0,,,5.0,3,1010.0,1400.0,0.0,0.0,1650.0,1250.0,350.0,200.0,0.0,0.0,400.0,200.0,54,8,25370,0,0,1,6.0,1207.008,6F,0,22006600|LRL|2025-11-09|10
X,22006600,Railroad Inn,LRL,2025-10-19,4,USA,MCL,,6.0,F,,6F,D,5,7.0,6.0,,,5.0,5,1260.0,960.0,0.0,0.0,510.0,855.0,50.0,200.0,0.0,0.0,10.0,50.0,31,8,25370,0,0,1,6.0,1207.008,6F,0,22006600|LRL|2025-10-19|4
X,22006616,American Litigator,LRL,2026-01-09,1,USA,CLM,,8.0,F,,1M,D,4,8.0,7.0,9.0,,9.0,9,470.0,600.0,780.0,0.0,1710.0,2585.0,10.0,10.0,0.0,0.0,0.0,0.0,90,9,25870,0,0,1,8.0,1609.344,1M,0,22006616|LRL|2026-01-09|1
,22006616,American Litigator,FL,2025-11-19,8,USA,CLM,,8.0,F,,1M,D,5,4.0,3.0,6.0,,6.0,6,250.0,200.0,270.0,0.0,500.0,950.0,10.0,10.0,100.0,0.0,400.0,775.0,85,7,17500,0,0,0,8.0,1609.344,1M,0,22006616|FL|2025-11-19|8
,22006616,American Litigator,FL,2025-11-03,6,USA,MSW,,8.32,F,,1M 70Y,D,8,8.0,7.0,5.0,,4.0,1,1160.0,960.0,750.0,0.0,400.0,0.0,0.0,300.0,500.0,0.0,200.0,175.0,28,8,32600,0,0,0,8.32,1673.71776,1M 70Y,1,22006616|FL|2025-11-03|6
,22006616,American Litigator,FL,2025-10-13,6,USA,MSW,,6.0,F,,6F,D,7,6.0,6.0,,,5.0,5,400.0,750.0,0.0,0.0,760.0,650.0,100.0,100.0,0.0,0.0,100.0,575.0,18,7,32600,0,0,0,6.0,1207.008,6F,0,22006616|FL|2025-10-13|6
X,22006627,Seaside Road,LRL,2025-11-14,5,USA,ALW,,5.5,F,,5 1/2F,T,6,8.0,7.0,,,6.0,6,1080.0,660.0,0.0,0.0,510.0,310.0,200.0,150.0,0.0,0.0,300.0,225.0,171,9,49500,0,0,1,5.5,1106.424,5 1/2F,0,22006627|LRL|2025-11-14|5
X,22006627,Seaside Road,LRL,2025-10-24,2,USA,CLM,,6.0,F,,6F,D,3,3.0,1.0,,,1.0,2,250.0,0.0,0.0,0.0,0.0,10.0,50.0,100.0,0.0,0.0,200.0,325.0,22,7,45300,0,0,1,6.0,1207.008,6F,0,22006627|LRL|2025-10-24|2
X,22006627,Seaside Road,LRL,2025-10-03,7,USA,CLM,,7.0,F,,7F,D,1,1.0,1.0,,,2.0,3,0.0,0.0,0.0,0.0,10.0,375.0,50.0,100.0,0.0,0.0,300.0,775.0,34,6,41800,0,0,1,7.0,1408.176,7F,0,22006627|LRL|2025-10-03|7
X,22006659,Wunderkind,CNL,2025-08-30,1,USA,MCL,,5.0,F,,5F,T,7,5.0,4.0,,,2.0,1,260.0,250.0,0.0,0.0,300.0,0.0,10.0,50.0,0.0,0.0,10.0,25.0,38,8,56000,0,0,1,5.0,1005.84,5F,0,22006659|CNL|2025-08-30|1
X,22006659,Wunderkind,CNL,2025-07-30,9,USA,MSW,,5.5,F,,5 1/2F,T,7,3.0,3.0,,,5.0,5,150.0,160.0,0.0,0.0,170.0,685.0,150.0,150.0,0.0,0.0,150.0,225.0,47,10,87500,0,0,1,5.5,1106.424,5 1/2F,0,22006659|CNL|2025-07-30|9
X,22006659,Wunderkind,CNL,2025-07-09,5,USA,MSW,,5.5,F,,5 1/2F,D,2,1.0,1.0,,,1.0,4,0.0,0.0,0.0,0.0,0.0,90.0,50.0,100.0,0.0,0.0,50.0,150.0,173,10,87500,0,0,1,5.5,1106.424,5 1/2F,0,22006659|CNL|2025-07-09|5
X,22006685,City Panda,LRL,2025-12-28,1,USA,CLM,,6.0,F,,6F,D,3,6.0,6.0,,,3.0,4,510.0,520.0,0.0,0.0,460.0,1100.0,100.0,10.0,0.0,0.0,50.0,675.0,139,8,24050,0,0,1,6.0,1207.008,6F,0,22006685|LRL|2025-12-28|1
X,22006685,City Panda,LRL,2025-12-05,6,USA,CLM,,5.5,F,,5 1/2F,D,4,7.0,6.0,,,5.0,4,1060.0,1060.0,0.0,0.0,560.0,500.0,300.0,10.0,0.0,0.0,200.0,75.0,80,9,25870,0,0,1,5.5,1106.424,5 1/2F,0,22006685|LRL|2025-12-05|6
X,22006685,City Panda,LRL,2025-11-14,1,USA,CLM,,6.0,F,,6F,D,9,4.0,3.0,,,3.0,5,110.0,60.0,0.0,0.0,300.0,535.0,10.0,200.0,0.0,0.0,150.0,10.0,35,9,23890,0,0,1,6.0,1207.008,6F,0,22006685|LRL|2025-11-14|1
X,22006685,City Panda,LRL,2025-10-19,2,USA,CLM,,6.0,F,,6F,D,6,2.0,2.0,,,1.0,1,150.0,150.0,0.0,0.0,0.0,0.0,100.0,150.0,0.0,0.0,50.0,375.0,23,7,22560,0,0,1,6.0,1207.008,6F,0,22006685|LRL|2025-10-19|2
,22006714,Where's My Chew,PEN,2025-12-04,2,USA,SOC,,8.0,F,,1M,D,3,4.0,2.0,2.0,,2.0,3,300.0,400.0,450.0,0.0,600.0,1000.0,50.0,50.0,250.0,0.0,50.0,100.0,13,6,21000,0,0,0,8.0,1609.344,1M,0,22006714|PEN|2025-12-04|2
,22006714,Where's My Chew,PEN,2025-10-30,6,USA,SOC,,8.32,F,,1M 70Y,D,6,3.0,2.0,2.0,,2.0,2,200.0,100.0,100.0,0.0,300.0,375.0,50.0,10.0,400.0,0.0,400.0,100.0,46,6,21000,0,0,0,8.32,1673.71776,1M 70Y,1,22006714|PEN|2025-10-30|6
,22006714,Where's My Chew,DEL,2025-10-09,9,USA,CLM,,6.0,F,,6F,D,4,6.0,6.0,,,6.0,3,190.0,270.0,0.0,0.0,130.0,175.0,50.0,200.0,0.0,0.0,400.0,25.0,48,7,22000,0,0,0,6.0,1207.008,6F,0,22006714|DEL|2025-10-09|9
,22006914,Very Bad Guy,PRX,2025-11-28,3,USA,MSW,,6.5,F,,6 1/2F,D,2,1.0,2.0,,,4.0,5,0.0,10.0,0.0,0.0,410.0,1000.0,100.0,200.0,0.0,0.0,400.0,850.0,56,7,50000,0,0,0,6.5,1307.592,6 1/2F,0,22006914|PRX|2025-11-28|3
,22006914,Very Bad Guy,PRX,2025-02-27,8,USA,MSW,,6.5,F,,6 1/2F,D,2,1.0,2.0,,,6.0,9,0.0,100.0,0.0,0.0,1250.0,2650.0,100.0,100.0,0.0,0.0,10.0,1200.0,127,10,50000,0,0,0,6.5,1307.592,6 1/2F,0,22006914|PRX|2025-02-27|8
,22006914,Very Bad Guy,PRX,2024-12-30,3,USA,MSW,,7.0,F,,7F,D,5,3.0,5.0,,,5.0,5,60.0,370.0,0.0,0.0,1410.0,2675.0,100.0,100.0,0.0,0.0,600.0,975.0,39,7,50000,0,0,0,7.0,1408.176,7F,0,22006914|PRX|2024-12-30|3
X,22007040,Superpower,PIM,2025-05-11,4,USA,AOC,,8.5,F,,1 1/16M,D,4,2.0,1.0,1.0,,3.0,3,50.0,0.0,0.0,0.0,60.0,275.0,10.0,10.0,50.0,0.0,150.0,10.0,14,7,49300,0,0,1,8.5,1709.928,1 1/16M,0,22007040|PIM|2025-05-11|4
X,22007040,Superpower,LRL,2025-03-23,6,USA,AOC,,8.5,F,,1 1/16M,D,10,4.0,4.0,1.0,,2.0,3,360.0,210.0,0.0,0.0,150.0,300.0,100.0,50.0,100.0,0.0,100.0,375.0,31,10,50200,0,0,1,8.5,1709.928,1 1/16M,0,22007040|LRL|2025-03-23|6
X,22007040,Superpower,AQU,2025-01-25,9,USA,MSW,,8.0,F,,1M,D,5,1.0,1.0,1.0,,2.0,1,0.0,0.0,0.0,0.0,10.0,0.0,50.0,100.0,100.0,0.0,150.0,125.0,372,10,80000,0,0,1,8.0,1609.344,1M,0,22007040|AQU|2025-01-25|9
X,22007066,Anotherhope,LRL,2025-12-27,6,USA,SOC,,6.0,F,,6F,D,8,5.0,4.0,,,1.0,2,710.0,360.0,0.0,0.0,0.0,5.0,200.0,50.0,0.0,0.0,10.0,125.0,47,9,28760,0,0,1,6.0,1207.008,6F,0,22007066|LRL|2025-12-27|6
X,22007066,Anotherhope,LRL,2025-12-07,5,USA,CLM,,8.0,F,,1M,D,7,7.0,6.0,4.0,,3.0,3,550.0,410.0,110.0,0.0,310.0,280.0,100.0,200.0,200.0,0.0,100.0,450.0,96,8,26030,0,0,1,8.0,1609.344,1M,0,22007066|LRL|2025-12-07|5
X,22007066,Anotherhope,LRL,2025-11-16,5,USA,CLM,,6.0,F,,6F,D,6,6.0,6.0,,,5.0,4,510.0,760.0,0.0,0.0,750.0,380.0,10.0,100.0,0.0,0.0,250.0,625.0,36,9,24550,0,0,1,6.0,1207.008,6F,0,22007066|LRL|2025-11-16|5
X,22007066,Anotherhope,LRL,2025-10-26,4,USA,CLM,,6.0,F,,6F,D,8,4.0,2.0,,,2.0,1,160.0,150.0,0.0,0.0,10.0,0.0,100.0,100.0,0.0,0.0,10.0,25.0,37,9,26530,0,0,1,6.0,1207.008,6F,0,22007066|LRL|2025-10-26|4
X,22007116,Arise My Love,LRL,2025-12-05,7,USA,ALW,,8.5,F,,1 1/16M,D,2,4.0,5.0,4.0,,2.0,3,220.0,360.0,560.0,0.0,500.0,975.0,150.0,250.0,200.0,0.0,100.0,300.0,406,8,50735,0,0,1,8.5,1709.928,1 1/16M,0,22007116|LRL|2025-12-05|7
X,22007116,Arise My Love,LRL,2025-10-24,3,USA,CLM,,9.0,F,,1 1/8M,T,9,7.0,8.0,8.0,,8.0,3,910.0,710.0,700.0,0.0,430.0,250.0,200.0,200.0,150.0,0.0,200.0,75.0,179,9,42100,0,0,1,9.0,1810.5120000000002,1 1/8M,0,22007116|LRL|2025-10-24|3
X,22007116,Arise My Love,LRL,2025-09-20,1,USA,SOC,,9.0,F,,1 1/8M,T,3,1.0,1.0,1.0,,3.0,5,0.0,0.0,0.0,0.0,250.0,605.0,50.0,50.0,10.0,0.0,150.0,10.0,60,6,30450,0,0,1,9.0,1810.5120000000002,1 1/8M,0,22007116|LRL|2025-09-20|1
X,22007300,Farooq,LRL,2025-12-06,3,USA,MCL,,6.0,F,,6F,D,4,5.0,4.0,,,4.0,3,660.0,460.0,0.0,0.0,310.0,500.0,250.0,50.0,0.0,0.0,200.0,5.0,31,6,46535,0,0,1,6.0,1207.008,6F,0,22007300|LRL|2025-12-06|3
X,22007300,Farooq,LRL,2025-10-24,6,USA,MCL,,6.0,F,,6F,T,1,5.0,4.0,,,6.0,9,300.0,350.0,0.0,0.0,660.0,785.0,150.0,50.0,0.0,0.0,10.0,200.0,285,10,43615,0,0,1,6.0,1207.008,6F,0,22007300|LRL|2025-10-24|6
X,22007300,Farooq,LRL,2025-10-04,10,USA,MCL,,5.5,F,,5 1/2F,D,1,6.0,6.0,,,4.0,2,700.0,670.0,0.0,0.0,550.0,350.0,400.0,700.0,0.0,0.0,300.0,375.0,45,8,32350,0,0,1,5.5,1106.424,5 1/2F,0,22007300|LRL|2025-10-04|10
X,22007331,Synergism,LRL,2025-11-28,2,USA,SOC,,8.0,F,,1M,D,8,4.0,3.0,1.0,,1.0,1,160.0,110.0,0.0,0.0,0.0,0.0,10.0,50.0,250.0,0.0,400.0,425.0,15,8,25740,0,0,1,8.0,1609.344,1M,0,22007331|LRL|2025-11-28|2
X,22007331,Synergism,LRL,2025-11-15,8,USA,ALW,,8.5,F,,1 1/16M,D,2,5.0,4.0,4.0,,5.0,5,360.0,160.0,400.0,0.0,1160.0,2110.0,10.0,150.0,350.0,0.0,150.0,200.0,26,7,49500,0,0,1,8.5,1709.928,1 1/16M,0,22007331|LRL|2025-11-15|8
X,22007331,Synergism,LRL,2025-10-05,5,USA,SOC,,8.5,F,,1 1/16M,D,5,2.0,2.0,1.0,,1.0,1,50.0,10.0,0.0,0.0,0.0,0.0,200.0,250.0,250.0,0.0,500.0,900.0,21,5,24000,0,0,1,8.5,1709.928,1 1/16M,0,22007331|LRL|2025-10-05|5
X,22007555,Slam Notion,LRL,2025-10-11,12,USA,STK,,6.0,F,,6F,D,5,5.0,3.0,,,1.0,1,270.0,60.0,0.0,0.0,0.0,0.0,200.0,300.0,0.0,0.0,50.0,125.0,26,8,100000,0,0,1,6.0,1207.008,6F,0,22007555|LRL|2025-10-11|12
X,22007555,Slam Notion,CNL,2025-09-10,7,USA,AOC,,7.0,F,,7F,D,3,3.0,4.0,,,2.0,1,200.0,200.0,0.0,0.0,50.0,0.0,10.0,50.0,0.0,0.0,50.0,225.0,49,7,80000,0,0,1,7.0,1408.176,7F,0,22007555|CNL|2025-09-10|7
X,22007555,Slam Notion,CNL,2025-07-30,8,USA,ALW,,5.5,F,,5 1/2F,T,4,8.0,7.0,,,7.0,7,610.0,470.0,0.0,0.0,370.0,430.0,0.0,150.0,0.0,0.0,500.0,475.0,48,8,74000,0,0,1,5.5,1106.424,5 1/2F,0,22007555|CNL|2025-07-30|8
X,22007775,Who Says So,LRL,2025-12-21,4,USA,CLM,,7.0,F,,7F,D,3,3.0,3.0,,,3.0,3,250.0,160.0,0.0,0.0,510.0,675.0,300.0,350.0,0.0,0.0,150.0,225.0,22,7,23550,0,0,1,7.0,1408.176,7F,0,22007775|LRL|2025-12-21|4
X,22007775,Who Says So,LRL,2025-11-14,2,USA,CLM,,5.5,F,,5 1/2F,D,2,8.0,6.0,,,6.0,6,1400.0,1000.0,0.0,0.0,900.0,675.0,1500.0,10.0,0.0,0.0,50.0,475.0,33,9,23560,0,0,1,5.5,1106.424,5 1/2F,0,22007775|LRL|2025-11-14|2
X,22007775,Who Says So,LRL,2025-10-31,2,USA,SOC,,7.0,F,,7F,D,3,1.0,2.0,,,3.0,4,0.0,10.0,0.0,0.0,300.0,950.0,10.0,350.0,0.0,0.0,400.0,125.0,15,6,26180,0,0,1,7.0,1408.176,7F,0,22007775|LRL|2025-10-31|2
X,22007775,Who Says So,LRL,2025-09-28,5,USA,CLM,,6.0,F,,6F,D,6,3.0,1.0,,,1.0,2,160.0,0.0,0.0,0.0,0.0,100.0,100.0,100.0,0.0,0.0,10.0,100.0,47,8,23720,0,0,1,6.0,1207.008,6F,0,22007775|LRL|2025-09-28|5
X,22007910,And Sum,LRL,2025-12-26,8,USA,ALW,,5.5,F,,5 1/2F,D,5,1.0,2.0,,,2.0,6,0.0,10.0,0.0,0.0,150.0,335.0,10.0,300.0,0.0,0.0,200.0,175.0,26,8,49000,0,0,1,5.5,1106.424,5 1/2F,0,22007910|LRL|2025-12-26|8
X,22007910,And Sum,LRL,2025-11-22,9,USA,MSW,,6.0,F,,6F,D,6,1.0,1.0,,,1.0,1,0.0,0.0,0.0,0.0,0.0,0.0,10.0,10.0,0.0,0.0,400.0,675.0,53,8,54345,0,0,1,6.0,1207.008,6F,0,22007910|LRL|2025-11-22|9
X,22007924,Rylnnslookinglucky,LRL,2025-10-17,10,USA,MCL,,8.0,F,,1M,D,3,2.0,1.0,3.0,,3.0,3,10.0,0.0,450.0,0.0,900.0,1700.0,50.0,10.0,50.0,0.0,100.0,225.0,157,8,26030,0,0,1,8.0,1609.344,1M,0,22007924|LRL|2025-10-17|10
X,22007924,Rylnnslookinglucky,LRL,2025-10-04,4,USA,MCL,,5.5,F,,5 1/2F,D,1,6.0,6.0,,,6.0,6,370.0,860.0,0.0,0.0,1350.0,1350.0,350.0,400.0,0.0,0.0,300.0,225.0,372,7,31850,0,0,1,5.5,1106.424,5 1/2F,0,22007924|LRL|2025-10-04|4
X,22007924,Rylnnslookinglucky,LRL,2025-02-16,6,USA,MCL,,6.0,F,,6F,D,8,6.0,7.0,,,7.0,5,1350.0,1650.0,0.0,0.0,1000.0,950.0,400.0,300.0,0.0,0.0,800.0,25.0,342,9,27680,0,0,1,6.0,1207.008,6F,0,22007924|LRL|2025-02-16|6
X,22008047,Summer Vibes,LRL,2025-12-13,6,USA,SOC,,6.0,F,,6F,D,3,7.0,7.0,,,6.0,4,920.0,810.0,0.0,0.0,810.0,625.0,0.0,0.0,0.0,0.0,400.0,425.0,71,7,27760,0,0,1,6.0,1207.008,6F,0,22008047|LRL|2025-12-13|6
X,22008047,Summer Vibes,LRL,2025-11-23,1,USA,SOC,,8.5,F,,1 1/16M,T,5,4.0,3.0,2.0,,1.0,2,400.0,310.0,50.0,0.0,0.0,75.0,100.0,50.0,50.0,0.0,10.0,50.0,31,10,26380,0,0,1,8.5,1709.928,1 1/16M,0,22008047|LRL|2025-11-23|1
X,22008047,Summer Vibes,LRL,2025-11-01,8,USA,SOC,,5.5,F,,5 1/2F,T,3,10.0,9.0,,,9.0,3,820.0,910.0,0.0,0.0,790.0,235.0,300.0,100.0,0.0,0.0,50.0,100.0,42,11,26520,0,0,1,5.5,1106.424,5 1/2F,0,22008047|LRL|2025-11-01|8
X,22008047,Summer Vibes,LRL,2025-10-03,9,USA,SOC,,6.0,F,,6F,T,6,9.0,8.0,,,5.0,1,940.0,770.0,0.0,0.0,410.0,0.0,0.0,150.0,0.0,0.0,250.0,250.0,69,9,25520,0,0,1,6.0,1207.008,6F,0,22008047|LRL|2025-10-03|9
X,22008084,National Law,TP,2025-12-27,8,USA,STK,,9.0,F,,1 1/8M,D,4,4.0,4.0,4.0,,7.0,7,260.0,560.0,250.0,0.0,340.0,855.0,50.0,200.0,150.0,0.0,0.0,0.0,303,7,125000,0,0,1,9.0,1810.5120000000002,1 1/8M,0,22008084|TP|2025-12-27|8
X,22008084,National Law,LRL,2025-11-14,4,USA,AOC,,8.5,F,,1 1/16M,D,3,6.0,6.0,2.0,,2.0,2,460.0,510.0,300.0,0.0,150.0,225.0,400.0,350.0,100.0,0.0,50.0,25.0,20,7,54295,0,0,1,8.5,1709.928,1 1/16M,0,22008084|LRL|2025-11-14|4
X,22008084,National Law,MTH,2025-07-19,12,USA,STK,1,9.0,F,,1 1/8M,D,5,6.0,6.0,7.0,,6.0,6,320.0,520.0,760.0,0.0,910.0,1350.0,350.0,100.0,10.0,0.0,10.0,325.0,523,8,1017500,0,1,1,9.0,1810.5120000000002,1 1/8M,0,22008084|MTH|2025-07-19|12
X,22008315,On a Proud Note,LRL,2025-12-13,3,USA,CLM,,5.5,F,,5 1/2F,D,5,2.0,2.0,,,1.0,1,10.0,10.0,0.0,0.0,0.0,0.0,100.0,150.0,0.0,0.0,150.0,475.0,13,6,24700,0,0,1,5.5,1106.424,5 1/2F,0,22008315|LRL|2025-12-13|3
X,22008315,On a Proud Note,LRL,2025-10-26,4,USA,CLM,,6.0,F,,6F,D,5,9.0,8.0,,,7.0,3,710.0,820.0,0.0,0.0,720.0,125.0,0.0,300.0,0.0,0.0,10.0,150.0,13,9,26530,0,0,1,6.0,1207.008,6F,0,22008315|LRL|2025-10-26|4
X,22008315,On a Proud Note,CNL,2025-09-12,2,USA,CLM,,6.5,F,,6 1/2F,D,1,1.0,1.0,,,1.0,1,0.0,0.0,0.0,0.0,0.0,0.0,50.0,10.0,0.0,0.0,10.0,75.0,19,8,28000,0,0,1,6.5,1307.592,6 1/2F,0,22008315|CNL|2025-09-12|2
X,22008315,On a Proud Note,CNL,2025-08-06,4,USA,CLM,,6.0,F,,6F,D,4,4.0,4.0,,,2.0,1,360.0,360.0,0.0,0.0,100.0,0.0,150.0,400.0,0.0,0.0,200.0,225.0,25,7,28000,0,0,1,6.0,1207.008,6F,0,22008315|CNL|2025-08-06|4
X,22008352,Rina Is Fire,LRL,2025-11-29,4,USA,ALW,,5.5,F,,5 1/2F,D,9,4.0,3.0,,,2.0,2,120.0,310.0,0.0,0.0,350.0,325.0,350.0,100.0,0.0,0.0,600.0,375.0,7,9,49500,0,0,1,5.5,1106.424,5 1/2F,0,22008352|LRL|2025-11-29|4
X,22008352,Rina Is Fire,LRL,2025-11-09,7,USA,MSW,,6.0,F,,6F,D,4,1.0,1.0,,,1.0,1,0.0,0.0,0.0,0.0,0.0,0.0,10.0,300.0,0.0,0.0,400.0,425.0,6,6,52640,0,0,1,6.0,1207.008,6F,0,22008352|LRL|2025-11-09|7
X,22008352,Rina Is Fire,LRL,2025-02-22,9,USA,MSW,,6.0,F,,6F,D,3,1.0,1.0,,,1.0,2,0.0,0.0,0.0,0.0,0.0,5.0,200.0,300.0,0.0,0.0,150.0,525.0,29,6,49115,0,0,1,6.0,1207.008,6F,0,22008352|LRL|2025-02-22|9
X,22008378,Complexity Jane,LRL,2025-11-09,9,USA,STK,,8.5,F,,1 1/16M,D,7,2.0,1.0,1.0,,1.0,1,200.0,0.0,0.0,0.0,0.0,0.0,50.0,10.0,50.0,0.0,350.0,325.0,29,7,100000,0,0,1,8.5,1709.928,1 1/16M,0,22008378|LRL|2025-11-09|9
X,22008378,Complexity Jane,CNL,2025-08-09,6,USA,STK,,7.0,F,,7F,D,5,2.0,4.0,,,6.0,5,100.0,210.0,0.0,0.0,1200.0,1775.0,50.0,100.0,0.0,0.0,400.0,425.0,174,8,100000,0,0,1,7.0,1408.176,7F,0,22008378|CNL|2025-08-09|6
,22008378,Complexity Jane,DEL,2025-06-14,9,USA,STK,3,8.5,F,,1 1/16M,D,3,3.0,3.0,3.0,,3.0,8,110.0,110.0,150.0,0.0,200.0,810.0,10.0,10.0,10.0,0.0,50.0,325.0,200,9,300000,0,1,0,8.5,1709.928,1 1/16M,0,22008378|DEL|2025-06-14|9
X,22008443,Amazing Bernie,LRL,2025-12-27,9,USA,CLM,,8.5,F,,1 1/16M,D,5,7.0,6.0,6.0,,5.0,5,910.0,720.0,800.0,0.0,710.0,1205.0,0.0,100.0,700.0,0.0,100.0,225.0,206,7,22560,0,0,1,8.5,1709.928,1 1/16M,0,22008443|LRL|2025-12-27|9
X,22008443,Amazing Bernie,LRL,2025-12-06,5,USA,CLM,,8.0,F,,1M,D,2,4.0,4.0,5.0,,5.0,4,400.0,400.0,360.0,0.0,760.0,925.0,50.0,100.0,150.0,0.0,50.0,50.0,175,9,23890,0,0,1,8.0,1609.344,1M,0,22008443|LRL|2025-12-06|5
X,22008443,Amazing Bernie,LRL,2025-11-23,5,USA,SOC,,8.0,F,,1M,D,8,5.0,4.0,7.0,,7.0,8,450.0,200.0,760.0,0.0,1250.0,1630.0,50.0,100.0,200.0,0.0,100.0,5.0,191,9,26240,0,0,1,8.0,1609.344,1M,0,22008443|LRL|2025-11-23|5
X,22008443,Amazing Bernie,LRL,2025-10-18,7,USA,CLM,,8.5,F,,1 1/16M,D,7,8.0,8.0,4.0,,1.0,1,720.0,870.0,460.0,0.0,0.0,0.0,500.0,700.0,200.0,0.0,10.0,350.0,17,9,25540,0,0,1,8.5,1709.928,1 1/16M,0,22008443|LRL|2025-10-18|7
,22008533,Total Sensation,CT,2026-01-09,7,USA,ALW,,6.5,F,,6 1/2F,D,6,3.0,1.0,,,1.0,1,150.0,0.0,0.0,0.0,0.0,0.0,100.0,10.0,0.0,0.0,100.0,150.0,74,7,32800,0,0,0,6.5,1307.592,6 1/2F,0,22008533|CT|2026-01-09|7
X,22008533,Total Sensation,WO,2025-12-12,4,CAN,CLM,,6.0,F,,6F,D,1,3.0,3.0,,,1.0,1,200.0,200.0,0.0,0.0,0.0,0.0,50.0,100.0,0.0,0.0,150.0,400.0,9,11,24836,0,0,1,6.0,1207.008,6F,0,22008533|WO|2025-12-12|4
X,22008533,Total Sensation,WO,2025-11-23,7,CAN,MOC,,6.0,F,,6F,D,6,4.0,3.0,,,1.0,1,410.0,150.0,0.0,0.0,0.0,0.0,200.0,100.0,0.0,0.0,50.0,200.0,25,6,46598,0,0,1,6.0,1207.008,6F,0,22008533|WO|2025-11-23|7
X,22008556,Barbadian Runner,LRL,2025-11-22,8,USA,STK,,9.0,F,,1 1/8M,D,5,4.0,4.0,3.0,,1.0,1,460.0,560.0,300.0,0.0,0.0,0.0,600.0,700.0,300.0,0.0,50.0,425.0,4,6,100000,0,0,1,9.0,1810.5120000000002,1 1/8M,0,22008556|LRL|2025-11-22|8
X,22008556,Barbadian Runner,LRL,2025-10-11,11,USA,STK,,9.0,F,,1 1/8M,D,2,3.0,3.0,3.0,,2.0,1,460.0,200.0,350.0,0.0,50.0,0.0,100.0,150.0,100.0,0.0,10.0,75.0,63,6,150000,0,0,1,9.0,1810.5120000000002,1 1/8M,0,22008556|LRL|2025-10-11|11
,22008556,Barbadian Runner,CT,2025-08-22,9,USA,STK,,7.0,F,,7F,D,8,7.0,7.0,,,4.0,1,910.0,610.0,0.0,0.0,160.0,0.0,200.0,50.0,0.0,0.0,150.0,250.0,98,8,500000,0,0,0,7.0,1408.176,7F,0,22008556|CT|2025-08-22|9
X,22008704,Jose Can't Say,LRL,2026-01-09,3,USA,MCL,,5.5,F,,5 1/2F,D,3,7.0,7.0,,,6.0,3,1650.0,1560.0,0.0,0.0,660.0,325.0,10.0,400.0,0.0,0.0,200.0,475.0,299,10,24390,0,0,1,5.5,1106.424,5 1/2F,0,22008704|LRL|2026-01-09|3
X,22008704,Jose Can't Say,LRL,2025-12-19,3,USA,MCL,,8.5,F,,1 1/16M,D,6,6.0,6.0,5.0,,4.0,5,560.0,570.0,500.0,0.0,560.0,2000.0,200.0,450.0,500.0,0.0,300.0,450.0,134,7,23550,0,0,1,8.5,1709.928,1 1/16M,0,22008704|LRL|2025-12-19|3
X,22008704,Jose Can't Say,LRL,2025-11-27,1,USA,MCL,,8.0,F,,1M,D,6,3.0,3.0,2.0,,3.0,5,350.0,350.0,150.0,0.0,400.0,700.0,50.0,100.0,100.0,0.0,10.0,25.0,439,9,25870,0,0,1,8.0,1609.344,1M,0,22008704|LRL|2025-11-27|1
X,22008704,Jose Can't Say,LRL,2025-11-09,10,USA,MCL,,6.0,F,,6F,D,4,3.0,3.0,,,3.0,5,500.0,850.0,0.0,0.0,950.0,1500.0,10.0,150.0,0.0,0.0,350.0,650.0,141,8,25370,0,0,1,6.0,1207.008,6F,0,22008704|LRL|2025-11-09|10
X,22008704,Jose Can't Say,LRL,2025-10-19,4,USA,MCL,,6.0,F,,6F,D,6,6.0,7.0,,,6.0,4,1110.0,1160.0,0.0,0.0,520.0,850.0,150.0,150.0,0.0,0.0,150.0,5.0,227,8,25370,0,0,1,6.0,1207.008,6F,0,22008704|LRL|2025-10-19|4
X,22008736,Shot for the Moon,LRL,2026-01-09,3,USA,MCL,,5.5,F,,5 1/2F,D,6,5.0,4.0,,,2.0,1,1400.0,1200.0,0.0,0.0,250.0,0.0,100.0,10.0,0.0,0.0,10.0,250.0,47,10,24390,0,0,1,5.5,1106.424,5 1/2F,0,22008736|LRL|2026-01-09|3
X,22008736,Shot for the Moon,LRL,2025-12-21,5,USA,MCL,,6.0,F,,6F,D,5,5.0,6.0,,,6.0,7,610.0,810.0,0.0,0.0,960.0,1050.0,400.0,400.0,0.0,0.0,150.0,0.0,59,7,30500,0,0,1,6.0,1207.008,6F,0,22008736|LRL|2025-12-21|5
X,22008884,Brother Bobo,LRL,2025-12-19,9,USA,MCL,,8.5,F,,1 1/16M,D,3,1.0,2.0,6.0,,8.0,8,0.0,10.0,1900.0,0.0,3200.0,10450.0,10.0,200.0,100.0,0.0,0.0,0.0,87,8,23720,0,0,1,8.5,1709.928,1 1/16M,0,22008884|LRL|2025-12-19|9
X,22008884,Brother Bobo,LRL,2025-11-30,6,USA,MCL,,6.0,F,,6F,D,2,4.0,4.0,,,2.0,3,650.0,400.0,0.0,0.0,200.0,300.0,200.0,350.0,0.0,0.0,50.0,450.0,122,10,25050,0,0,1,6.0,1207.008,6F,0,22008884|LRL|2025-11-30|6
X,22008884,Brother Bobo,LRL,2025-11-02,3,USA,MCL,,8.5,F,,1 1/16M,D,5,3.0,3.0,4.0,,8.0,8,300.0,500.0,750.0,0.0,1950.0,3560.0,50.0,100.0,100.0,0.0,0.0,0.0,47,8,25700,0,0,1,8.5,1709.928,1 1/16M,0,22008884|LRL|2025-11-02|3
X,22008884,Brother Bobo,LRL,2025-10-25,3,USA,MCL,,7.0,F,,7F,D,1,3.0,3.0,,,2.0,5,300.0,400.0,0.0,0.0,350.0,625.0,50.0,100.0,0.0,0.0,50.0,0.0,38,5,32100,0,0,1,7.0,1408.176,7F,0,22008884|LRL|2025-10-25|3
X,22008993,Nancy Mary,LRL,2025-11-14,9,USA,ALW,,6.0,F,,6F,D,5,5.0,5.0,,,2.0,2,360.0,260.0,0.0,0.0,300.0,125.0,250.0,250.0,0.0,0.0,150.0,425.0,117,7,48500,0,0,1,6.0,1207.008,6F,0,22008993|LRL|2025-11-14|9
X,22008993,Nancy Mary,LRL,2025-10-24,2,USA,CLM,,6.0,F,,6F,D,6,4.0,3.0,,,3.0,1,300.0,350.0,0.0,0.0,300.0,0.0,50.0,50.0,0.0,0.0,250.0,10.0,28,7,45300,0,0,1,6.0,1207.008,6F,0,22008993|LRL|2025-10-24|2
X,22008993,Nancy Mary,LRL,2025-10-03,7,USA,CLM,,7.0,F,,7F,D,3,4.0,5.0,,,3.0,2,250.0,260.0,0.0,0.0,310.0,250.0,10.0,150.0,0.0,0.0,300.0,125.0,68,6,41800,0,0,1,7.0,1408.176,7F,0,22008993|LRL|2025-10-03|7
X,22009002,Winning Trip,LRL,2025-12-20,2,USA,ALW,,7.0,F,,7F,D,1,2.0,1.0,,,1.0,2,100.0,0.0,0.0,0.0,0.0,125.0,200.0,10.0,0.0,0.0,150.0,175.0,39,7,53910,0,0,1,7.0,1408.176,7F,0,22009002|LRL|2025-12-20|2
X,22009002,Winning Trip,LRL,2025-11-27,9,USA,SOC,,6.0,F,,6F,D,6,2.0,1.0,,,1.0,1,50.0,0.0,0.0,0.0,0.0,0.0,150.0,100.0,0.0,0.0,250.0,400.0,56,6,30450,0,0,1,6.0,1207.008,6F,0,22009002|LRL|2025-11-27|9
X,22009002,Winning Trip,LRL,2025-11-15,2,USA,SOC,,7.0,F,,7F,D,7,2.0,2.0,,,1.0,1,100.0,100.0,0.0,0.0,0.0,0.0,300.0,200.0,0.0,0.0,50.0,5.0,57,7,30950,0,0,1,7.0,1408.176,7F,0,22009002|LRL|2025-11-15|2
,22009002,Winning Trip,DEL,2025-09-25,1,USA,MCL,,6.0,F,,6F,D,1,5.0,4.0,,,4.0,1,320.0,360.0,0.0,0.0,120.0,0.0,0.0,500.0,0.0,0.0,700.0,300.0,41,5,24000,0,0,0,6.0,1207.008,6F,0,22009002|DEL|2025-09-25|1
X,22009021,Onyx Ten,LRL,2025-11-29,7,USA,STK,,7.0,F,,7F,D,3,2.0,1.0,,,1.0,3,10.0,0.0,0.0,0.0,0.0,275.0,50.0,10.0,0.0,0.0,50.0,400.0,6,7,100000,0,0,1,7.0,1408.176,7F,0,22009021|LRL|2025-11-29|7
X,22009021,Onyx Ten,LRL,2025-10-11,7,USA,STK,,7.0,F,,7F,D,3,7.0,5.0,,,3.0,1,560.0,410.0,0.0,0.0,250.0,0.0,100.0,50.0,0.0,0.0,150.0,175.0,66,12,102030,0,0,1,7.0,1408.176,7F,0,22009021|LRL|2025-10-11|7
,22009021,Onyx Ten,DEL,2025-09-14,4,USA,ALW,,6.0,F,,6F,D,3,3.0,2.0,,,1.0,1,60.0,10.0,0.0,0.0,0.0,0.0,50.0,50.0,0.0,0.0,200.0,150.0,26,5,100000,0,0,0,6.0,1207.008,6F,0,22009021|DEL|2025-09-14|4
X,22009085,Omaha Omaha,LRL,2025-12-21,7,USA,AOC,,8.0,F,,1M,D,4,8.0,7.0,7.0,,5.0,3,470.0,610.0,600.0,0.0,560.0,625.0,0.0,400.0,400.0,0.0,100.0,50.0,68,8,54000,0,0,1,8.0,1609.344,1M,0,22009085|LRL|2025-12-21|7
X,22009085,Omaha Omaha,LRL,2025-11-30,7,USA,AOC,,8.5,F,,1 1/16M,D,2,5.0,5.0,5.0,,3.0,2,460.0,660.0,650.0,0.0,700.0,900.0,600.0,800.0,1200.0,0.0,200.0,50.0,84,6,53000,0,0,1,8.5,1709.928,1 1/16M,0,22009085|LRL|2025-11-30|7
,22009085,Omaha Omaha,DEL,2025-06-14,8,USA,STK,,8.5,F,,1 1/16M,D,8,8.0,8.0,7.0,,7.0,7,1020.0,680.0,370.0,0.0,760.0,1900.0,0.0,0.0,200.0,0.0,10.0,650.0,251,8,200000,0,0,0,8.5,1709.928,1 1/16M,0,22009085|DEL|2025-06-14|8
X,22009085,Omaha Omaha,AQU,2025-04-05,12,USA,STK,2,9.0,F,,1 1/8M,D,10,10.0,9.0,10.0,,9.0,9,580.0,340.0,820.0,0.0,2110.0,2325.0,0.0,10.0,0.0,0.0,350.0,900.0,265,10,750000,0,1,1,9.0,1810.5120000000002,1 1/8M,0,22009085|AQU|2025-04-05|12
,22009137,Amadea,CT,2026-01-10,2,USA,MCL,,7.0,F,,7F,D,7,4.0,1.0,,,1.0,1,120.0,0.0,0.0,0.0,0.0,0.0,150.0,10.0,0.0,0.0,100.0,50.0,27,8,19100,0,0,0,7.0,1408.176,7F,0,22009137|CT|2026-01-10|2
X,22009137,Amadea,LRL,2025-11-29,1,USA,MCL,,6.0,F,,6F,D,8,7.0,8.0,,,8.0,6,710.0,1060.0,0.0,0.0,930.0,1175.0,50.0,300.0,0.0,0.0,200.0,50.0,89,10,26370,0,0,1,6.0,1207.008,6F,0,22009137|LRL|2025-11-29|1
X,22009137,Amadea,LRL,2025-11-07,8,USA,MCL,,8.0,F,,1M,T,2,4.0,4.0,6.0,,9.0,9,360.0,350.0,620.0,0.0,1010.0,980.0,150.0,50.0,10.0,0.0,0.0,0.0,675,9,43115,0,0,1,8.0,1609.344,1M,0,22009137|LRL|2025-11-07|8
X,22009165,Chipotle,LRL,2025-12-21,8,USA,AOC,,5.5,F,,5 1/2F,D,2,1.0,1.0,,,1.0,1,0.0,0.0,0.0,0.0,0.0,0.0,150.0,100.0,0.0,0.0,10.0,25.0,44,8,57000,0,0,1,5.5,1106.424,5 1/2F,0,22009165|LRL|2025-12-21|8
X,22009165,Chipotle,LRL,2025-11-29,8,USA,STK,,7.0,F,,7F,D,8,2.0,1.0,,,1.0,5,100.0,0.0,0.0,0.0,0.0,325.0,250.0,10.0,0.0,0.0,10.0,75.0,56,9,100000,0,0,1,7.0,1408.176,7F,0,22009165|LRL|2025-11-29|8
,22009165,Chipotle,DEL,2025-10-08,7,USA,AOC,,6.0,F,,6F,D,5,2.0,3.0,,,5.0,5,100.0,20.0,0.0,0.0,230.0,500.0,50.0,50.0,0.0,0.0,50.0,325.0,19,6,48000,0,0,0,6.0,1207.008,6F,0,22009165|DEL|2025-10-08|7
,22009165,Chipotle,DEL,2025-09-14,2,USA,ALW,,6.0,F,,6F,D,1,3.0,3.0,,,4.0,4,150.0,210.0,0.0,0.0,320.0,105.0,50.0,100.0,0.0,0.0,400.0,775.0,62,5,100000,0,0,0,6.0,1207.008,6F,0,22009165|DEL|2025-09-14|2
X,22009217,Wiffleball,LRL,2025-11-27,3,USA,SOC,,5.5,F,,5 1/2F,T,2,5.0,4.0,,,2.0,5,410.0,120.0,0.0,0.0,50.0,285.0,400.0,50.0,0.0,0.0,10.0,10.0,75,9,31500,0,0,1,5.5,1106.424,5 1/2F,0,22009217|LRL|2025-11-27|3
,22009217,Wiffleball,PRX,2025-10-27,2,USA,SOC,,6.0,F,,6F,D,2,2.0,1.0,,,1.0,1,50.0,0.0,0.0,0.0,0.0,0.0,100.0,50.0,0.0,0.0,100.0,25.0,6,6,28000,0,0,0,6.0,1207.008,6F,0,22009217|PRX|2025-10-27|2
X,22009217,Wiffleball,LRL,2025-10-05,2,USA,SOC,,6.0,F,,6F,D,5,1.0,1.0,,,2.0,2,0.0,0.0,0.0,0.0,150.0,625.0,50.0,10.0,0.0,0.0,600.0,200.0,5,6,30000,0,0,1,6.0,1207.008,6F,0,22009217|LRL|2025-10-05|2
X,22009309,Pay Billy,LRL,2025-12-20,8,USA,STK,,8.5,F,,1 1/16M,D,5,3.0,3.0,4.0,,4.0,3,200.0,400.0,250.0,0.0,650.0,1650.0,200.0,10.0,150.0,0.0,100.0,200.0,101,5,100000,0,0,1,8.5,1709.928,1 1/16M,0,22009309|LRL|2025-12-20|8
X,22009309,Pay Billy,LRL,2025-11-29,8,USA,STK,,7.0,F,,7F,D,6,5.0,6.0,,,6.0,6,800.0,720.0,0.0,0.0,760.0,400.0,50.0,150.0,0.0,0.0,50.0,125.0,42,9,100000,0,0,1,7.0,1408.176,7F,0,22009309|LRL|2025-11-29|8
X,22009309,Pay Billy,PIM,2025-05-17,13,USA,STK,1,9.5,F,,1 3/16M,D,5,7.0,7.0,8.0,,8.0,7,510.0,660.0,1160.0,0.0,1230.0,1550.0,200.0,200.0,400.0,0.0,100.0,175.0,173,9,2000000,0,1,1,9.5,1911.096,1 3/16M,0,22009309|PIM|2025-05-17|13
X,22009309,Pay Billy,LRL,2025-04-19,11,USA,STK,,9.0,F,,1 1/8M,D,9,4.0,3.0,2.0,,1.0,1,200.0,100.0,10.0,0.0,0.0,0.0,100.0,150.0,50.0,0.0,10.0,150.0,23,10,150000,0,0,1,9.0,1810.5120000000002,1 1/8M,0,22009309|LRL|2025-04-19|11
X,22009436,Itsamonstamash,LRL,2026-01-10,9,USA,AOC,,6.0,F,,6F,D,4,4.0,4.0,,,3.0,2,400.0,220.0,0.0,0.0,300.0,200.0,50.0,250.0,0.0,0.0,300.0,350.0,27,7,55885,0,0,1,6.0,1207.008,6F,0,22009436|LRL|2026-01-10|9
X,22009436,Itsamonstamash,LRL,2025-12-20,7,USA,STK,,6.0,F,,6F,D,8,6.0,4.0,,,3.0,2,510.0,170.0,0.0,0.0,60.0,100.0,300.0,50.0,0.0,0.0,150.0,275.0,545,8,100000,0,0,1,6.0,1207.008,6F,0,22009436|LRL|2025-12-20|7
X,22009436,Itsamonstamash,LRL,2025-11-30,9,USA,CLM,,6.0,F,,6F,D,2,2.0,1.0,,,1.0,1,10.0,0.0,0.0,0.0,0.0,0.0,100.0,10.0,0.0,0.0,150.0,275.0,14,6,44800,0,0,1,6.0,1207.008,6F,0,22009436|LRL|2025-11-30|9
X,22009436,Itsamonstamash,LRL,2025-11-14,9,USA,ALW,,6.0,F,,6F,D,7,2.0,1.0,,,1.0,1,50.0,0.0,0.0,0.0,0.0,0.0,10.0,50.0,0.0,0.0,300.0,125.0,36,7,48500,0,0,1,6.0,1207.008,6F,0,22009436|LRL|2025-11-14|9
,22009436,Itsamonstamash,DEL,2025-09-13,9,USA,ALW,,6.0,F,,6F,D,3,4.0,5.0,,,4.0,6,360.0,610.0,0.0,0.0,350.0,395.0,200.0,200.0,0.0,0.0,50.0,10.0,48,8,72000,0,0,0,6.0,1207.008,6F,0,22009436|DEL|2025-09-13|9
X,22009565,Zeta Jones,LRL,2025-12-06,9,USA,MCL,,7.0,F,,7F,D,2,6.0,5.0,,,4.0,5,560.0,860.0,0.0,0.0,560.0,525.0,400.0,100.0,0.0,0.0,200.0,875.0,153,7,31850,0,0,1,7.0,1408.176,7F,0,22009565|LRL|2025-12-06|9
X,22009565,Zeta Jones,LRL,2025-11-21,3,USA,MCL,,8.0,F,,1M,T,4,4.0,3.0,5.0,,6.0,5,200.0,210.0,410.0,0.0,360.0,225.0,150.0,10.0,50.0,0.0,100.0,150.0,140,10,32900,0,0,1,8.0,1609.344,1M,0,22009565|LRL|2025-11-21|3
X,22009565,Zeta Jones,LRL,2025-10-18,10,USA,MSW,,5.5,F,,5 1/2F,T,4,4.0,3.0,,,7.0,10,310.0,350.0,0.0,0.0,1220.0,1460.0,50.0,50.0,0.0,0.0,200.0,0.0,139,10,49000,0,0,1,5.5,1106.424,5 1/2F,0,22009565|LRL|2025-10-18|10
,22009594,Manseeyasway,CT,2026-01-14,5,USA,MSW,,4.5,F,,4 1/2F,D,7,4.0,,,,3.0,3,160.0,0.0,0.0,0.0,250.0,475.0,10.0,0.0,0.0,0.0,10.0,250.0,24,8,30600,0,0,0,4.5,905.2560000000001,4 1/2F,0,22009594|CT|2026-01-14|5
X,22009594,Manseeyasway,LRL,2025-12-21,5,USA,MCL,,6.0,F,,6F,D,3,3.0,3.0,,,2.0,3,160.0,110.0,0.0,0.0,250.0,675.0,250.0,350.0,0.0,0.0,10.0,75.0,151,7,30500,0,0,1,6.0,1207.008,6F,0,22009594|LRL|2025-12-21|5
X,22009594,Manseeyasway,LRL,2025-11-22,9,USA,MSW,,6.0,F,,6F,D,7,3.0,4.0,,,5.0,6,160.0,170.0,0.0,0.0,560.0,1275.0,100.0,150.0,0.0,0.0,150.0,200.0,209,8,54345,0,0,1,6.0,1207.008,6F,0,22009594|LRL|2025-11-22|9
,22009594,Manseeyasway,CT,2025-09-19,4,USA,MSW,,6.5,F,,6 1/2F,D,7,3.0,2.0,,,3.0,3,150.0,50.0,0.0,0.0,110.0,525.0,50.0,100.0,0.0,0.0,200.0,100.0,85,8,30600,0,0,0,6.5,1307.592,6 1/2F,0,22009594|CT|2025-09-19|4
X,22009594,Manseeyasway,CNL,2025-09-04,3,USA,MSW,,5.0,F,,5F,T,4,6.0,7.0,,,8.0,8,420.0,460.0,0.0,0.0,660.0,805.0,10.0,200.0,0.0,0.0,0.0,0.0,493,8,70000,0,0,1,5.0,1005.84,5F,0,22009594|CNL|2025-09-04|3
X,22009607,My Dear Antonia,LRL,2025-12-14,8,USA,SOC,,8.5,F,,1 1/16M,D,2,5.0,5.0,1.0,,1.0,1,470.0,500.0,0.0,0.0,0.0,0.0,300.0,200.0,100.0,0.0,350.0,525.0,11,6,30900,0,0,1,8.5,1709.928,1 1/16M,0,22009607|LRL|2025-12-14|8
X,22009607,My Dear Antonia,LRL,2025-11-01,1,USA,SOC,,8.0,F,,1M,T,9,9.0,9.0,7.0,,2.0,2,1510.0,1160.0,480.0,0.0,250.0,375.0,0.0,0.0,50.0,0.0,50.0,150.0,75,9,31950,0,0,1,8.0,1609.344,1M,0,22009607|LRL|2025-11-01|1
X,22009607,My Dear Antonia,LRL,2025-10-05,1,USA,SOC,,8.5,F,,1 1/16M,T,4,4.0,4.0,4.0,,2.0,3,650.0,1150.0,360.0,0.0,300.0,325.0,50.0,100.0,50.0,0.0,10.0,175.0,29,8,34600,0,0,1,8.5,1709.928,1 1/16M,0,22009607|LRL|2025-10-05|1
X,22009607,My Dear Antonia,LRL,2025-09-12,2,USA,CLM,,6.0,F,,6F,D,4,4.0,3.0,,,4.0,4,210.0,350.0,0.0,0.0,800.0,1125.0,100.0,50.0,0.0,0.0,50.0,375.0,33,6,45400,0,0,1,6.0,1207.008,6F,0,22009607|LRL|2025-09-12|2
,22009792,Aeronyx,FP,2025-10-14,3,USA,MSW,,6.0,F,,6F,D,4,2.0,2.0,,,2.0,3,500.0,700.0,0.0,0.0,600.0,575.0,50.0,400.0,0.0,0.0,250.0,900.0,72,6,15000,0,0,0,6.0,1207.008,6F,0,22009792|FP|2025-10-14|3
,22009792,Aeronyx,FP,2025-09-27,7,USA,MSW,,6.0,F,,6F,D,1,2.0,3.0,,,2.0,2,50.0,250.0,0.0,0.0,600.0,1350.0,10.0,100.0,0.0,0.0,150.0,350.0,13,7,15000,0,0,0,6.0,1207.008,6F,0,22009792|FP|2025-09-27|7
,22009792,Aeronyx,FP,2025-07-22,3,USA,MCL,,5.5,F,,5 1/2F,D,2,2.0,1.0,,,1.0,2,150.0,0.0,0.0,0.0,0.0,75.0,50.0,50.0,0.0,0.0,50.0,5.0,14,5,12000,0,0,0,5.5,1106.424,5 1/2F,0,22009792|FP|2025-07-22|3
X,22009796,Green Eyed Monster,LRL,2025-12-20,7,USA,STK,,6.0,F,,6F,D,7,4.0,3.0,,,1.0,3,250.0,20.0,0.0,0.0,0.0,375.0,250.0,150.0,0.0,0.0,50.0,250.0,94,8,100000,0,0,1,6.0,1207.008,6F,0,22009796|LRL|2025-12-20|7
X,22009796,Green Eyed Monster,LRL,2025-10-11,7,USA,STK,,7.0,F,,7F,D,8,1.0,1.0,,,1.0,2,0.0,0.0,0.0,0.0,0.0,175.0,100.0,100.0,0.0,0.0,200.0,250.0,76,12,102030,0,0,1,7.0,1408.176,7F,0,22009796|LRL|2025-10-11|7
,22009796,Green Eyed Monster,CT,2025-09-26,7,USA,ALW,,6.5,F,,6 1/2F,D,2,1.0,1.0,,,1.0,1,0.0,0.0,0.0,0.0,0.0,0.0,150.0,100.0,0.0,0.0,100.0,250.0,10,8,31700,0,0,0,6.5,1307.592,6 1/2F,0,22009796|CT|2025-09-26|7
,22009796,Green Eyed Monster,DEL,2025-08-09,5,USA,AOC,,6.0,F,,6F,D,7,4.0,2.0,,,2.0,2,250.0,10.0,0.0,0.0,300.0,400.0,100.0,10.0,0.0,0.0,100.0,175.0,87,7,46000,0,0,0,6.0,1207.008,6F,0,22009796|DEL|2025-08-09|5
X,22009964,Spotafreeone,LRL,2025-11-29,8,USA,STK,,7.0,F,,7F,D,2,9.0,9.0,,,9.0,7,1700.0,1720.0,0.0,0.0,1010.0,525.0,0.0,0.0,0.0,0.0,0.0,200.0,57,9,100000,0,0,1,7.0,1408.176,7F,0,22009964|LRL|2025-11-29|8
,22009964,Spotafreeone,CT,2025-10-11,6,USA,STK,,7.0,F,,7F,D,3,4.0,4.0,,,1.0,1,420.0,260.0,0.0,0.0,0.0,0.0,50.0,50.0,0.0,0.0,100.0,25.0,19,10,75000,0,0,0,7.0,1408.176,7F,0,22009964|CT|2025-10-11|6
,22009964,Spotafreeone,CT,2025-07-19,7,USA,STK,,7.0,F,,7F,D,4,5.0,5.0,,,3.0,1,210.0,350.0,0.0,0.0,110.0,0.0,300.0,700.0,0.0,0.0,100.0,25.0,39,7,75000,0,0,0,7.0,1408.176,7F,0,22009964|CT|2025-07-19|7
X,22010064,Buckin' Right,LRL,2025-12-28,6,USA,CLM,,7.0,F,,7F,D,3,2.0,1.0,,,1.0,2,50.0,0.0,0.0,0.0,0.0,50.0,250.0,100.0,0.0,0.0,300.0,475.0,45,9,24550,0,0,1,7.0,1408.176,7F,0,22010064|LRL|2025-12-28|6
X,22010064,Buckin' Right,LRL,2025-12-12,1,USA,SOC,,7.0,F,,7F,D,1,1.0,1.0,,,1.0,2,0.0,0.0,0.0,0.0,0.0,575.0,100.0,350.0,0.0,0.0,200.0,50.0,44,8,27900,0,0,1,7.0,1408.176,7F,0,22010064|LRL|2025-12-12|1
X,22010064,Buckin' Right,LRL,2025-11-22,1,USA,SOC,,5.5,F,,5 1/2F,T,4,9.0,8.0,,,9.0,9,520.0,720.0,0.0,0.0,1070.0,950.0,0.0,50.0,0.0,0.0,0.0,0.0,62,9,28040,0,0,1,5.5,1106.424,5 1/2F,0,22010064|LRL|2025-11-22|1
X,22010064,Buckin' Right,LRL,2025-11-01,1,USA,SOC,,8.0,F,,1M,T,2,2.0,2.0,4.0,,6.0,6,250.0,200.0,310.0,0.0,470.0,960.0,300.0,100.0,150.0,0.0,250.0,50.0,242,9,31950,0,0,1,8.0,1609.344,1M,0,22010064|LRL|2025-11-01|1
X,22010064,Buckin' Right,LRL,2025-10-05,1,USA,SOC,,8.5,F,,1 1/16M,T,6,3.0,3.0,5.0,,5.0,5,500.0,1000.0,410.0,0.0,570.0,550.0,150.0,150.0,50.0,0.0,250.0,150.0,183,8,34600,0,0,1,8.5,1709.928,1 1/16M,0,22010064|LRL|2025-10-05|1
X,22010120,Julia's a Fox,LRL,2025-12-20,1,USA,MCL,,8.5,F,,1 1/16M,D,7,7.0,7.0,6.0,,4.0,1,1100.0,1120.0,720.0,0.0,210.0,0.0,100.0,300.0,600.0,0.0,100.0,25.0,72,9,26200,0,0,1,8.5,1709.928,1 1/16M,0,22010120|LRL|2025-12-20|1
X,22010120,Julia's a Fox,LRL,2025-11-28,6,USA,MCL,,8.0,F,,1M,D,6,6.0,6.0,5.0,,4.0,5,570.0,760.0,810.0,0.0,650.0,475.0,350.0,400.0,150.0,0.0,250.0,100.0,148,11,24560,0,0,1,8.0,1609.344,1M,0,22010120|LRL|2025-11-28|6
X,22010120,Julia's a Fox,LRL,2025-11-08,6,USA,MCL,,5.5,F,,5 1/2F,T,7,6.0,7.0,,,7.0,6,510.0,810.0,0.0,0.0,920.0,525.0,250.0,200.0,0.0,0.0,100.0,10.0,150,12,28100,0,0,1,5.5,1106.424,5 1/2F,0,22010120|LRL|2025-11-08|6
X,22010120,Julia's a Fox,LRL,2025-10-18,3,USA,MCL,,5.5,F,,5 1/2F,T,11,6.0,6.0,,,5.0,5,460.0,370.0,0.0,0.0,500.0,475.0,100.0,150.0,0.0,0.0,150.0,100.0,130,12,30260,0,0,1,5.5,1106.424,5 1/2F,0,22010120|LRL|2025-10-18|3
X,22010143,Infastuation,LRL,2026-01-09,10,USA,CLM,,6.0,F,,6F,D,1,3.0,2.0,,,1.0,1,60.0,10.0,0.0,0.0,0.0,0.0,200.0,50.0,0.0,0.0,10.0,125.0,68,8,23390,0,0,1,6.0,1207.008,6F,0,22010143|LRL|2026-01-09|10
X,22010143,Infastuation,LRL,2025-12-13,3,USA,CLM,,5.5,F,,5 1/2F,D,2,6.0,6.0,,,6.0,6,770.0,910.0,0.0,0.0,960.0,1050.0,0.0,0.0,0.0,0.0,0.0,0.0,108,6,24700,0,0,1,5.5,1106.424,5 1/2F,0,22010143|LRL|2025-12-13|3
X,22010143,Infastuation,LRL,2025-11-15,10,USA,CLM,,5.5,F,,5 1/2F,D,2,2.0,1.0,,,1.0,1,50.0,0.0,0.0,0.0,0.0,0.0,250.0,150.0,0.0,0.0,300.0,475.0,40,7,23220,0,0,1,5.5,1106.424,5 1/2F,0,22010143|LRL|2025-11-15|10
X,22010143,Infastuation,LRL,2025-10-25,7,USA,CLM,,6.0,F,,6F,D,3,2.0,3.0,,,3.0,3,300.0,400.0,0.0,0.0,500.0,800.0,10.0,10.0,0.0,0.0,50.0,175.0,30,8,25700,0,0,1,6.0,1207.008,6F,0,22010143|LRL|2025-10-25|7
X,22010143,Infastuation,LRL,2025-09-28,3,USA,SOC,,8.0,F,,1M,T,8,3.0,4.0,4.0,,11.0,11,350.0,310.0,350.0,0.0,1310.0,945.0,50.0,10.0,10.0,0.0,0.0,0.0,326,11,27600,0,0,1,8.0,1609.344,1M,0,22010143|LRL|2025-09-28|3
X,22010227,Passage East,LRL,2025-11-30,8,USA,AOC,,6.0,F,,6F,D,6,4.0,1.0,,,1.0,1,250.0,0.0,0.0,0.0,0.0,0.0,200.0,100.0,0.0,0.0,200.0,125.0,6,7,57340,0,0,1,6.0,1207.008,6F,0,22010227|LRL|2025-11-30|8
X,22010227,Passage East,BAQ,2025-10-18,1,USA,STR,,6.5,F,,6 1/2F,D,3,4.0,3.0,,,4.0,3,250.0,200.0,0.0,0.0,160.0,275.0,0.0,10.0,0.0,0.0,0.0,75.0,18,4,90000,0,0,1,6.5,1307.592,6 1/2F,0,22010227|BAQ|2025-10-18|1
X,22010227,Passage East,CNL,2025-09-11,5,USA,AOC,,7.0,F,,7F,D,3,6.0,2.0,,,1.0,1,480.0,250.0,0.0,0.0,0.0,0.0,0.0,100.0,0.0,0.0,50.0,150.0,5,6,74000,0,0,1,7.0,1408.176,7F,0,22010227|CNL|2025-09-11|5
X,22010286,Hold Your Breath,AQU,2025-12-07,6,USA,STK,,6.0,F,,6F,D,7,1.0,1.0,,,1.0,1,0.0,0.0,0.0,0.0,0.0,0.0,100.0,100.0,0.0,0.0,10.0,200.0,30,7,150000,0,0,1,6.0,1207.008,6F,0,22010286|AQU|2025-12-07|6
,22010286,Hold Your Breath,PRX,2025-11-12,9,USA,AOC,,6.5,F,,6 1/2F,D,3,1.0,1.0,,,1.0,1,0.0,0.0,0.0,0.0,0.0,0.0,10.0,250.0,0.0,0.0,800.0,975.0,19,7,52000,0,0,0,6.5,1307.592,6 1/2F,0,22010286|PRX|2025-11-12|9
X,22010286,Hold Your Breath,LRL,2025-10-19,9,USA,AOC,,8.0,F,,1M,T,10,2.0,1.0,2.0,,4.0,9,10.0,0.0,10.0,0.0,120.0,635.0,150.0,10.0,200.0,0.0,250.0,1100.0,60,10,59770,0,0,1,8.0,1609.344,1M,0,22010286|LRL|2025-10-19|9
X,22010453,Lost River,LRL,2025-12-13,3,USA,CLM,,5.5,F,,5 1/2F,D,1,1.0,1.0,,,2.0,3,0.0,0.0,0.0,0.0,150.0,725.0,10.0,10.0,0.0,0.0,300.0,50.0,21,6,24700,0,0,1,5.5,1106.424,5 1/2F,0,22010453|LRL|2025-12-13|3
X,22010453,Lost River,LRL,2025-11-16,5,USA,CLM,,6.0,F,,6F,D,2,1.0,1.0,,,1.0,1,0.0,0.0,0.0,0.0,0.0,0.0,50.0,250.0,0.0,0.0,350.0,300.0,25,9,24550,0,0,1,6.0,1207.008,6F,0,22010453|LRL|2025-11-16|5
,22010453,Lost River,CT,2025-10-24,6,USA,ALW,,4.5,F,,4 1/2F,D,4,4.0,,,,4.0,4,150.0,0.0,0.0,0.0,350.0,675.0,100.0,0.0,0.0,0.0,150.0,125.0,46,5,31700,0,0,0,4.5,905.2560000000001,4 1/2F,0,22010453|CT|2025-10-24|6
,22010453,Lost River,CT,2025-10-01,1,USA,CLM,,4.5,F,,4 1/2F,D,4,2.0,,,,2.0,1,10.0,0.0,0.0,0.0,10.0,0.0,50.0,0.0,0.0,0.0,10.0,150.0,30,6,21500,0,0,0,4.5,905.2560000000001,4 1/2F,0,22010453|CT|2025-10-01|1
X,22010488,Why Not Grace,LRL,2025-12-26,3,USA,CLM,,8.5,F,,1 1/16M,D,1,3.0,4.0,5.0,,3.0,3,300.0,300.0,220.0,0.0,300.0,625.0,10.0,10.0,200.0,0.0,200.0,375.0,106,6,24700,0,0,1,8.5,1709.928,1 1/16M,0,22010488|LRL|2025-12-26|3
X,22010488,Why Not Grace,LRL,2025-12-07,5,USA,CLM,,8.0,F,,1M,D,5,4.0,2.0,3.0,,4.0,5,350.0,100.0,60.0,0.0,410.0,1055.0,50.0,100.0,50.0,0.0,100.0,625.0,174,8,26030,0,0,1,8.0,1609.344,1M,0,22010488|LRL|2025-12-07|5
X,22010488,Why Not Grace,LRL,2025-10-25,2,USA,CLM,,8.5,F,,1 1/16M,D,5,1.0,1.0,1.0,,1.0,1,0.0,0.0,0.0,0.0,0.0,0.0,50.0,10.0,200.0,0.0,300.0,600.0,65,7,23220,0,0,1,8.5,1709.928,1 1/16M,0,22010488|LRL|2025-10-25|2
,22010488,Why Not Grace,DEL,2025-08-09,4,USA,CLM,,7.5,F,A,7 1/2F,T,1,3.0,6.0,,,6.0,8,160.0,380.0,0.0,0.0,470.0,785.0,50.0,100.0,0.0,0.0,50.0,0.0,276,8,21000,1,0,0,7.5,1508.76,7 1/2F,0,22010488|DEL|2025-08-09|4
,22010639,Phlying Phyllis,DEL,2025-10-01,2,USA,STR,,6.0,F,,6F,D,2,4.0,3.0,,,3.0,1,160.0,60.0,0.0,0.0,20.0,0.0,0.0,100.0,0.0,0.0,10.0,50.0,16,4,29000,0,0,0,6.0,1207.008,6F,0,22010639|DEL|2025-10-01|2
,22010639,Phlying Phyllis,DEL,2025-09-04,2,USA,STR,,5.5,F,,5 1/2F,D,4,2.0,3.0,,,3.0,2,200.0,100.0,0.0,0.0,300.0,475.0,50.0,10.0,0.0,0.0,100.0,50.0,34,5,29000,0,0,0,5.5,1106.424,5 1/2F,0,22010639|DEL|2025-09-04|2
,22010639,Phlying Phyllis,DEL,2024-07-11,5,USA,MCL,,5.0,F,,5F,D,6,5.0,3.0,,,2.0,1,260.0,110.0,0.0,0.0,50.0,0.0,500.0,10.0,0.0,0.0,10.0,10.0,15,6,30000,0,0,0,5.0,1005.84,5F,0,22010639|DEL|2024-07-11|5
X,22010651,Edelweiss,LRL,2025-12-19,9,USA,MCL,,8.5,F,,1 1/16M,D,8,7.0,7.0,5.0,,3.0,3,1760.0,1570.0,1100.0,0.0,950.0,2225.0,150.0,100.0,800.0,0.0,400.0,825.0,64,8,23720,0,0,1,8.5,1709.928,1 1/16M,0,22010651|LRL|2025-12-19|9
X,22010651,Edelweiss,LRL,2025-11-27,1,USA,MCL,,8.0,F,,1M,D,2,9.0,9.0,6.0,,6.0,6,910.0,870.0,650.0,0.0,560.0,725.0,0.0,0.0,10.0,0.0,10.0,100.0,110,9,25870,0,0,1,8.0,1609.344,1M,0,22010651|LRL|2025-11-27|1
X,22010651,Edelweiss,LRL,2025-11-02,3,USA,MCL,,8.5,F,,1 1/16M,D,6,7.0,7.0,6.0,,4.0,3,1050.0,1450.0,860.0,0.0,500.0,325.0,1200.0,1500.0,400.0,0.0,600.0,10.0,85,8,25700,0,0,1,8.5,1709.928,1 1/16M,0,22010651|LRL|2025-11-02|3
X,22010651,Edelweiss,LRL,2025-10-12,6,USA,MCL,,8.0,F,,1M,D,3,3.0,4.0,5.0,,6.0,6,160.0,220.0,900.0,0.0,1500.0,2125.0,10.0,150.0,150.0,0.0,100.0,150.0,94,8,23390,0,0,1,8.0,1609.344,1M,0,22010651|LRL|2025-10-12|6
X,22010701,Salty Lime,CNL,2025-09-03,8,USA,MCL,,5.5,F,,5 1/2F,T,5,4.0,5.0,,,7.0,7,160.0,460.0,0.0,0.0,1410.0,1885.0,200.0,100.0,0.0,0.0,1200.0,1075.0,551,8,40000,0,0,1,5.5,1106.424,5 1/2F,0,22010701|CNL|2025-09-03|8
X,22010701,Salty Lime,CNL,2025-08-22,5,USA,MCL,,5.0,F,,5F,T,3,8.0,8.0,,,7.0,7,810.0,700.0,0.0,0.0,950.0,1200.0,0.0,0.0,0.0,0.0,150.0,50.0,641,8,32000,0,0,1,5.0,1005.84,5F,0,22010701|CNL|2025-08-22|5
X,22010973,Shkhara Fire,LRL,2025-12-07,6,USA,AOC,,5.5,F,,5 1/2F,D,2,7.0,7.0,,,5.0,3,670.0,620.0,0.0,0.0,560.0,450.0,600.0,500.0,0.0,0.0,300.0,50.0,107,8,59565,0,0,1,5.5,1106.424,5 1/2F,0,22010973|LRL|2025-12-07|6
X,22010973,Shkhara Fire,LRL,2025-10-25,11,USA,AOC,,7.0,F,,7F,D,2,1.0,1.0,,,3.0,4,0.0,0.0,0.0,0.0,200.0,450.0,200.0,150.0,0.0,0.0,400.0,475.0,242,8,55590,0,0,1,7.0,1408.176,7F,0,22010973|LRL|2025-10-25|11
X,22010973,Shkhara Fire,LRL,2025-10-11,7,USA,STK,,7.0,F,,7F,D,11,9.0,7.0,,,11.0,10,670.0,860.0,0.0,0.0,1300.0,2225.0,150.0,200.0,0.0,0.0,300.0,275.0,736,12,102030,0,0,1,7.0,1408.176,7F,0,22010973|LRL|2025-10-11|7
X,22011173,Kerness K,AQU,2025-12-31,6,USA,CLM,,6.0,F,,6F,D,4,3.0,3.0,,,5.0,7,20.0,20.0,0.0,0.0,260.0,1250.0,150.0,50.0,0.0,0.0,150.0,0.0,13,7,43000,0,0,1,6.0,1207.008,6F,0,22011173|AQU|2025-12-31|6
X,22011173,Kerness K,LRL,2025-11-28,7,USA,ALW,,6.0,F,,6F,D,7,4.0,3.0,,,5.0,7,550.0,160.0,0.0,0.0,560.0,1230.0,50.0,150.0,0.0,0.0,10.0,200.0,14,9,54910,0,0,1,6.0,1207.008,6F,0,22011173|LRL|2025-11-28|7
X,22011173,Kerness K,LRL,2025-10-18,9,USA,ALW,,6.0,F,,6F,D,5,1.0,1.0,,,1.0,1,0.0,0.0,0.0,0.0,0.0,0.0,10.0,50.0,0.0,0.0,50.0,100.0,36,8,49000,0,0,1,6.0,1207.008,6F,0,22011173|LRL|2025-10-18|9
X,22011224,Strategist,LRL,2025-12-27,9,USA,CLM,,8.5,F,,1 1/16M,D,1,1.0,1.0,1.0,,2.0,2,0.0,0.0,0.0,0.0,10.0,450.0,100.0,50.0,100.0,0.0,250.0,5.0,18,7,22560,0,0,1,8.5,1709.928,1 1/16M,0,22011224|LRL|2025-12-27|9
X,22011224,Strategist,LRL,2025-12-06,5,USA,CLM,,8.0,F,,1M,D,4,1.0,1.0,2.0,,4.0,6,0.0,0.0,10.0,0.0,610.0,1000.0,200.0,50.0,200.0,0.0,150.0,425.0,26,9,23890,0,0,1,8.0,1609.344,1M,0,22011224|LRL|2025-12-06|5
,22011224,Strategist,CT,2025-11-20,6,USA,CLM,,7.0,F,,7F,D,8,3.0,3.0,,,2.0,2,60.0,110.0,0.0,0.0,150.0,25.0,200.0,200.0,0.0,0.0,200.0,400.0,19,8,13600,0,0,0,7.0,1408.176,7F,0,22011224|CT|2025-11-20|6
,22011224,Strategist,MVR,2025-11-05,7,USA,ALW,,8.32,F,,1M 70Y,D,6,7.0,7.0,8.0,,8.0,8,430.0,520.0,1030.0,0.0,1260.0,1685.0,450.0,400.0,0.0,0.0,0.0,0.0,41,8,25900,0,0,0,8.32,1673.71776,1M 70Y,1,22011224|MVR|2025-11-05|7
X,22011518,Docsgotallthecandy,LRL,2025-12-28,1,USA,CLM,,6.0,F,,6F,D,2,3.0,4.0,,,4.0,3,200.0,360.0,0.0,0.0,510.0,1000.0,100.0,150.0,0.0,0.0,50.0,100.0,164,8,24050,0,0,1,6.0,1207.008,6F,0,22011518|LRL|2025-12-28|1
,22011518,Docsgotallthecandy,DEL,2025-05-28,8,USA,CLM,,6.0,F,,6F,D,4,1.0,1.0,,,2.0,1,0.0,0.0,0.0,0.0,10.0,0.0,10.0,10.0,0.0,0.0,400.0,50.0,12,5,19000,0,0,0,6.0,1207.008,6F,0,22011518|DEL|2025-05-28|8
X,22011518,Docsgotallthecandy,LRL,2025-04-27,10,USA,MCL,,5.5,F,,5 1/2F,D,3,1.0,1.0,,,1.0,1,0.0,0.0,0.0,0.0,0.0,0.0,10.0,10.0,0.0,0.0,400.0,650.0,1,7,24610,0,0,1,5.5,1106.424,5 1/2F,0,22011518|LRL|2025-04-27|10
X,22011518,Docsgotallthecandy,LRL,2025-04-04,1,USA,MCL,,6.0,F,,6F,D,5,2.0,2.0,,,2.0,2,350.0,150.0,0.0,0.0,100.0,275.0,50.0,200.0,0.0,0.0,200.0,150.0,20,7,23290,0,0,1,6.0,1207.008,6F,0,22011518|LRL|2025-04-04|1
X,22011846,Rehoboth Avenue,LRL,2025-12-12,1,USA,SOC,,7.0,F,,7F,D,2,4.0,6.0,,,6.0,4,400.0,860.0,0.0,0.0,800.0,650.0,10.0,150.0,0.0,0.0,10.0,100.0,67,8,27900,0,0,1,7.0,1408.176,7F,0,22011846|LRL|2025-12-12|1
X,22011846,Rehoboth Avenue,LRL,2025-11-23,4,USA,SOC,,8.0,F,,1M,T,5,5.0,6.0,6.0,,7.0,4,1050.0,1510.0,1210.0,0.0,570.0,525.0,100.0,50.0,200.0,0.0,50.0,10.0,63,12,29900,0,0,1,8.0,1609.344,1M,0,22011846|LRL|2025-11-23|4
X,22011846,Rehoboth Avenue,LRL,2025-10-24,3,USA,CLM,,9.0,F,,1 1/8M,T,5,2.0,2.0,2.0,,7.0,9,250.0,150.0,100.0,0.0,280.0,785.0,200.0,150.0,150.0,0.0,150.0,0.0,1369,9,42100,0,0,1,9.0,1810.5120000000002,1 1/8M,0,22011846|LRL|2025-10-24|3
X,22011846,Rehoboth Avenue,LRL,2025-10-05,1,USA,SOC,,8.5,F,,1 1/16M,T,3,2.0,2.0,3.0,,3.0,4,350.0,600.0,110.0,0.0,310.0,500.0,150.0,400.0,250.0,0.0,10.0,50.0,190,8,34600,0,0,1,8.5,1709.928,1 1/16M,0,22011846|LRL|2025-10-05|1
X,22012128,Fitness,LRL,2025-12-26,3,USA,CLM,,8.5,F,,1 1/16M,D,2,1.0,1.0,1.0,,1.0,1,0.0,0.0,0.0,0.0,0.0,0.0,100.0,100.0,50.0,0.0,50.0,200.0,22,6,24700,0,0,1,8.5,1709.928,1 1/16M,0,22012128|LRL|2025-12-26|3
X,22012128,Fitness,LRL,2025-12-07,5,USA,CLM,,8.0,F,,1M,D,2,1.0,1.0,1.0,,1.0,2,0.0,0.0,0.0,0.0,0.0,5.0,50.0,100.0,10.0,0.0,10.0,275.0,292,8,26030,0,0,1,8.0,1609.344,1M,0,22012128|LRL|2025-12-07|5
X,22012128,Fitness,LRL,2025-10-26,4,USA,CLM,,6.0,F,,6F,D,7,3.0,3.0,,,4.0,5,110.0,250.0,0.0,0.0,170.0,280.0,50.0,100.0,0.0,0.0,200.0,175.0,118,9,26530,0,0,1,6.0,1207.008,6F,0,22012128|LRL|2025-10-26|4
X,22012128,Fitness,LRL,2025-10-05,5,USA,SOC,,8.5,F,,1 1/16M,D,3,4.0,4.0,5.0,,5.0,5,550.0,560.0,1000.0,0.0,1550.0,2625.0,200.0,100.0,0.0,0.0,0.0,0.0,304,5,24000,0,0,1,8.5,1709.928,1 1/16M,0,22012128|LRL|2025-10-05|5
X,22012513,Christmas Spirit,LRL,2025-12-19,9,USA,MCL,,8.5,F,,1 1/16M,D,7,4.0,4.0,2.0,,2.0,2,260.0,460.0,200.0,0.0,800.0,1625.0,100.0,10.0,500.0,0.0,150.0,600.0,12,8,23720,0,0,1,8.5,1709.928,1 1/16M,0,22012513|LRL|2025-12-19|9
X,22012513,Christmas Spirit,LRL,2025-11-27,1,USA,MCL,,8.0,F,,1M,D,8,6.0,5.0,7.0,,5.0,4,550.0,650.0,660.0,0.0,510.0,375.0,150.0,100.0,10.0,0.0,50.0,325.0,32,9,25870,0,0,1,8.0,1609.344,1M,0,22012513|LRL|2025-11-27|1
X,22012513,Christmas Spirit,LRL,2025-11-02,3,USA,MCL,,8.5,F,,1 1/16M,D,3,2.0,2.0,2.0,,2.0,2,200.0,400.0,200.0,0.0,300.0,250.0,100.0,100.0,200.0,0.0,100.0,75.0,22,8,25700,0,0,1,8.5,1709.928,1 1/16M,0,22012513|LRL|2025-11-02|3
X,22012513,Christmas Spirit,LRL,2025-10-12,6,USA,MCL,,8.0,F,,1M,D,4,7.0,6.0,4.0,,4.0,3,530.0,520.0,550.0,0.0,800.0,1025.0,250.0,10.0,350.0,0.0,500.0,50.0,62,8,23390,0,0,1,8.0,1609.344,1M,0,22012513|LRL|2025-10-12|6
X,22012576,Class and Sass,CNL,2025-09-10,3,USA,MCL,,6.0,F,,6F,D,2,4.0,6.0,,,6.0,6,310.0,460.0,0.0,0.0,750.0,975.0,10.0,150.0,0.0,0.0,900.0,925.0,305,8,28000,0,0,1,6.0,1207.008,6F,0,22012576|CNL|2025-09-10|3
X,22012576,Class and Sass,CNL,2025-07-12,1,USA,MCL,,5.5,F,,5 1/2F,T,9,9.0,10.0,,,10.0,10,1310.0,1320.0,0.0,0.0,1140.0,1835.0,200.0,0.0,0.0,0.0,0.0,0.0,320,10,45000,0,0,1,5.5,1106.424,5 1/2F,0,22012576|CNL|2025-07-12|1
X,22012730,Krissi N,LRL,2025-12-19,8,USA,AOC,,8.0,F,,1M,D,1,1.0,2.0,5.0,,8.0,8,0.0,10.0,320.0,0.0,1110.0,1335.0,50.0,100.0,150.0,0.0,0.0,0.0,398,8,55590,0,0,1,8.0,1609.344,1M,0,22012730|LRL|2025-12-19|8
X,22012730,Krissi N,LRL,2025-10-25,11,USA,AOC,,7.0,F,,7F,D,1,6.0,6.0,,,8.0,7,560.0,650.0,0.0,0.0,1050.0,1225.0,350.0,150.0,0.0,0.0,0.0,525.0,114,8,55590,0,0,1,7.0,1408.176,7F,0,22012730|LRL|2025-10-25|11
X,22012730,Krissi N,LRL,2025-06-21,4,USA,AOC,,6.0,F,,6F,D,6,6.0,5.0,,,6.0,5,270.0,220.0,0.0,0.0,410.0,420.0,50.0,50.0,0.0,0.0,600.0,75.0,140,7,55180,0,0,1,6.0,1207.008,6F,0,22012730|LRL|2025-06-21|4
,22012730,Krissi N,DEL,2025-05-21,6,USA,AOC,,6.0,F,,6F,D,4,7.0,7.0,,,5.0,4,570.0,870.0,0.0,0.0,1100.0,700.0,200.0,200.0,0.0,0.0,200.0,25.0,257,8,46000,0,0,0,6.0,1207.008,6F,0,22012730|DEL|2025-05-21|6
X,22012789,Feel the Bolt,LRL,2025-12-06,9,USA,MCL,,7.0,F,,7F,D,7,5.0,4.0,,,6.0,6,410.0,460.0,0.0,0.0,910.0,1400.0,150.0,400.0,0.0,0.0,600.0,1325.0,811,7,31850,0,0,1,7.0,1408.176,7F,0,22012789|LRL|2025-12-06|9
X,22012789,Feel the Bolt,LRL,2025-11-29,1,USA,MCL,,6.0,F,,6F,D,4,4.0,4.0,,,4.0,4,500.0,650.0,0.0,0.0,520.0,875.0,100.0,150.0,0.0,0.0,10.0,25.0,1000,10,26370,0,0,1,6.0,1207.008,6F,0,22012789|LRL|2025-11-29|1
X,22012789,Feel the Bolt,LRL,2025-11-07,1,USA,MCL,,8.0,F,,1M,T,7,4.0,3.0,4.0,,7.0,9,410.0,150.0,350.0,0.0,810.0,905.0,200.0,150.0,250.0,0.0,10.0,575.0,854,10,26020,0,0,1,8.0,1609.344,1M,0,22012789|LRL|2025-11-07|1
X,22013097,Tuff Luck,LRL,2025-11-23,5,USA,SOC,,8.0,F,,1M,D,4,6.0,6.0,4.0,,4.0,4,500.0,400.0,560.0,0.0,700.0,1225.0,10.0,50.0,100.0,0.0,300.0,150.0,27,9,26240,0,0,1,8.0,1609.344,1M,0,22013097|LRL|2025-11-23|5
X,22013097,Tuff Luck,LRL,2025-09-27,2,USA,SOC,,8.5,F,,1 1/16M,D,6,4.0,3.0,2.0,,2.0,2,410.0,250.0,100.0,0.0,150.0,300.0,50.0,10.0,350.0,0.0,450.0,925.0,9,7,25600,0,0,1,8.5,1709.928,1 1/16M,0,22013097|LRL|2025-09-27|2
,22013097,Tuff Luck,TIM,2025-09-01,7,USA,ALW,,8.5,F,,1 1/16M,D,2,3.0,3.0,4.0,,4.0,3,250.0,200.0,350.0,0.0,660.0,675.0,250.0,250.0,0.0,0.0,0.0,150.0,24,4,44000,0,0,0,8.5,1709.928,1 1/16M,0,22013097|TIM|2025-09-01|7
X,22013102,Blo By'em,LRL,2026-01-10,2,USA,CLM,,6.0,F,,6F,D,3,5.0,6.0,,,6.0,6,510.0,700.0,0.0,0.0,1060.0,2125.0,150.0,0.0,0.0,0.0,0.0,0.0,12,6,24370,0,0,1,6.0,1207.008,6F,0,22013102|LRL|2026-01-10|2
X,22013102,Blo By'em,LRL,2025-12-21,4,USA,CLM,,7.0,F,,7F,D,1,6.0,6.0,,,4.0,2,760.0,670.0,0.0,0.0,660.0,275.0,50.0,150.0,0.0,0.0,50.0,400.0,18,7,23550,0,0,1,7.0,1408.176,7F,0,22013102|LRL|2025-12-21|4
X,22013102,Blo By'em,LRL,2025-12-05,3,USA,SOC,,7.0,F,,7F,D,5,5.0,3.0,,,1.0,3,1000.0,510.0,0.0,0.0,0.0,550.0,100.0,50.0,0.0,0.0,10.0,475.0,121,7,27040,0,0,1,7.0,1408.176,7F,0,22013102|LRL|2025-12-05|3
X,22013102,Blo By'em,LRL,2025-10-31,2,USA,SOC,,7.0,F,,7F,D,2,5.0,6.0,,,5.0,6,410.0,670.0,0.0,0.0,750.0,1125.0,50.0,0.0,0.0,0.0,150.0,0.0,50,6,26180,0,0,1,7.0,1408.176,7F,0,22013102|LRL|2025-10-31|2
X,22013102,Blo By'em,LRL,2025-10-05,2,USA,SOC,,6.0,F,,6F,D,2,6.0,6.0,,,6.0,5,370.0,720.0,0.0,0.0,1060.0,1400.0,0.0,0.0,0.0,0.0,0.0,75.0,144,6,30000,0,0,1,6.0,1207.008,6F,0,22013102|LRL|2025-10-05|2
X,22013122,Preacha Meyers,LRL,2025-11-15,2,USA,SOC,,7.0,F,,7F,D,4,5.0,3.0,,,2.0,2,420.0,300.0,0.0,0.0,50.0,5.0,600.0,10.0,0.0,0.0,500.0,725.0,8,7,30950,0,0,1,7.0,1408.176,7F,0,22013122|LRL|2025-11-15|2
X,22013122,Preacha Meyers,LRL,2025-10-24,1,USA,SOC,,8.0,F,,1M,T,8,6.0,4.0,4.0,,1.0,2,700.0,360.0,260.0,0.0,0.0,125.0,100.0,10.0,10.0,0.0,50.0,175.0,96,10,32000,0,0,1,8.0,1609.344,1M,0,22013122|LRL|2025-10-24|1
X,22013122,Preacha Meyers,LRL,2025-10-05,2,USA,SOC,,6.0,F,,6F,D,4,5.0,5.0,,,4.0,3,360.0,670.0,0.0,0.0,760.0,825.0,10.0,50.0,0.0,0.0,50.0,100.0,58,6,30000,0,0,1,6.0,1207.008,6F,0,22013122|LRL|2025-10-05|2
X,22013268,Conquerthosewecan,LRL,2025-11-30,8,USA,AOC,,6.0,F,,6F,D,3,1.0,2.0,,,2.0,3,0.0,100.0,0.0,0.0,200.0,225.0,150.0,50.0,0.0,0.0,150.0,175.0,26,7,57340,0,0,1,6.0,1207.008,6F,0,22013268|LRL|2025-11-30|8
X,22013268,Conquerthosewecan,LRL,2025-09-20,8,USA,STK,,6.0,F,,6F,D,3,3.0,3.0,,,3.0,3,300.0,500.0,0.0,0.0,850.0,1400.0,100.0,200.0,0.0,0.0,600.0,550.0,46,5,100000,0,0,1,6.0,1207.008,6F,0,22013268|LRL|2025-09-20|8
X,22013268,Conquerthosewecan,CNL,2025-08-28,3,USA,AOC,,6.0,F,,6F,D,1,1.0,1.0,,,1.0,1,0.0,0.0,0.0,0.0,0.0,0.0,10.0,10.0,0.0,0.0,100.0,325.0,31,5,74000,0,0,1,6.0,1207.008,6F,0,22013268|CNL|2025-08-28|3
X,22013314,Maclean's Rook,LRL,2025-12-06,7,USA,ALW,,8.5,F,,1 1/16M,D,7,5.0,3.0,3.0,,1.0,1,1000.0,1000.0,400.0,0.0,0.0,0.0,200.0,50.0,500.0,0.0,150.0,725.0,14,8,54410,0,0,1,8.5,1709.928,1 1/16M,0,22013314|LRL|2025-12-06|7
X,22013314,Maclean's Rook,LRL,2025-10-31,9,USA,ALW,,8.0,F,,1M,D,2,4.0,2.0,1.0,,1.0,1,260.0,200.0,0.0,0.0,0.0,0.0,100.0,200.0,50.0,0.0,300.0,625.0,39,5,48000,0,0,1,8.0,1609.344,1M,0,22013314|LRL|2025-10-31|9
X,22013314,Maclean's Rook,LRL,2025-10-03,8,USA,ALW,,8.5,F,,1 1/16M,T,3,6.0,5.0,5.0,,5.0,4,810.0,750.0,510.0,0.0,460.0,350.0,150.0,100.0,50.0,0.0,150.0,75.0,34,8,50000,0,0,1,8.5,1709.928,1 1/16M,0,22013314|LRL|2025-10-03|8
X,22013360,Persian,LRL,2025-11-21,9,USA,MCL,,6.0,F,,6F,D,1,3.0,2.0,,,2.0,1,210.0,200.0,0.0,0.0,150.0,0.0,50.0,10.0,0.0,0.0,50.0,175.0,33,6,34050,0,0,1,6.0,1207.008,6F,0,22013360|LRL|2025-11-21|9
X,22013360,Persian,LRL,2025-09-20,6,USA,MSW,,7.0,F,,7F,D,6,3.0,3.0,,,3.0,4,150.0,200.0,0.0,0.0,450.0,1250.0,10.0,200.0,0.0,0.0,10.0,100.0,201,8,48000,0,0,1,7.0,1408.176,7F,0,22013360|LRL|2025-09-20|6
X,22013360,Persian,LRL,2025-09-13,1,USA,MCL,,5.5,F,,5 1/2F,T,7,6.0,6.0,,,6.0,5,620.0,530.0,0.0,0.0,570.0,900.0,250.0,150.0,0.0,0.0,200.0,75.0,38,8,34150,0,0,1,5.5,1106.424,5 1/2F,0,22013360|LRL|2025-09-13|1
X,22013479,Bold Diversion,LRL,2026-01-09,9,USA,AOC,,6.0,F,,6F,D,3,5.0,2.0,,,2.0,1,370.0,200.0,0.0,0.0,200.0,0.0,450.0,50.0,0.0,0.0,10.0,50.0,20,6,57770,0,0,1,6.0,1207.008,6F,0,22013479|LRL|2026-01-09|9
X,22013479,Bold Diversion,LRL,2025-12-20,5,USA,STK,,7.0,F,,7F,D,2,5.0,4.0,,,3.0,3,360.0,110.0,0.0,0.0,550.0,925.0,0.0,150.0,0.0,0.0,150.0,475.0,149,5,100000,0,0,1,7.0,1408.176,7F,0,22013479|LRL|2025-12-20|5
X,22013479,Bold Diversion,LRL,2025-11-29,8,USA,STK,,7.0,F,,7F,D,5,8.0,8.0,,,5.0,3,1350.0,1020.0,0.0,0.0,410.0,75.0,350.0,700.0,0.0,0.0,350.0,75.0,127,9,100000,0,0,1,7.0,1408.176,7F,0,22013479|LRL|2025-11-29|8
X,22013479,Bold Diversion,LRL,2025-11-07,9,USA,ALW,,6.0,F,,6F,D,5,8.0,5.0,,,4.0,1,380.0,410.0,0.0,0.0,160.0,0.0,400.0,100.0,0.0,0.0,150.0,175.0,20,9,54910,0,0,1,6.0,1207.008,6F,0,22013479|LRL|2025-11-07|9
X,22013479,Bold Diversion,LRL,2025-10-11,12,USA,STK,,6.0,F,,6F,D,2,7.0,6.0,,,5.0,4,480.0,760.0,0.0,0.0,700.0,500.0,10.0,150.0,0.0,0.0,10.0,150.0,184,8,100000,0,0,1,6.0,1207.008,6F,0,22013479|LRL|2025-10-11|12
X,22013499,Thunder Cry,LRL,2025-11-30,6,USA,MCL,,6.0,F,,6F,D,5,1.0,1.0,,,3.0,6,0.0,0.0,0.0,0.0,250.0,1225.0,250.0,100.0,0.0,0.0,200.0,5.0,45,10,25050,0,0,1,6.0,1207.008,6F,0,22013499|LRL|2025-11-30|6
X,22013499,Thunder Cry,LRL,2025-09-28,6,USA,MCL,,5.5,F,,5 1/2F,T,3,1.0,1.0,,,8.0,9,0.0,0.0,0.0,0.0,760.0,1410.0,150.0,200.0,0.0,0.0,100.0,375.0,323,10,44230,0,0,1,5.5,1106.424,5 1/2F,0,22013499|LRL|2025-09-28|6
X,22013499,Thunder Cry,LRL,2025-09-06,7,USA,MSW,,6.0,F,,6F,D,2,1.0,1.0,,,3.0,4,0.0,0.0,0.0,0.0,450.0,2075.0,50.0,150.0,0.0,0.0,500.0,50.0,209,6,45000,0,0,1,6.0,1207.008,6F,0,22013499|LRL|2025-09-06|7
,22013651,Imperial Spy,PRX,2026-01-05,3,USA,MCL,,6.5,F,,6 1/2F,D,6,7.0,6.0,,,2.0,2,450.0,310.0,0.0,0.0,400.0,300.0,250.0,100.0,0.0,0.0,50.0,150.0,20,9,22000,0,0,0,6.5,1307.592,6 1/2F,0,22013651|PRX|2026-01-05|3
X,22013651,Imperial Spy,LRL,2025-06-28,12,USA,MCL,,8.0,F,,1M,T,1,7.0,7.0,6.0,,4.0,3,1210.0,1060.0,570.0,0.0,360.0,175.0,10.0,10.0,10.0,0.0,10.0,300.0,24,10,25560,0,0,1,8.0,1609.344,1M,0,22013651|LRL|2025-06-28|12
X,22013651,Imperial Spy,LRL,2025-06-06,6,USA,MCL,,8.5,F,,1 1/16M,T,9,8.0,9.0,6.0,,7.0,5,1200.0,960.0,660.0,0.0,580.0,185.0,100.0,0.0,100.0,0.0,500.0,125.0,93,9,27060,0,0,1,8.5,1709.928,1 1/16M,0,22013651|LRL|2025-06-06|6
X,22013665,Night Preacher,LRL,2025-11-27,3,USA,SOC,,5.5,F,,5 1/2F,T,1,2.0,2.0,,,5.0,8,10.0,10.0,0.0,0.0,120.0,920.0,100.0,100.0,0.0,0.0,100.0,600.0,180,9,31500,0,0,1,5.5,1106.424,5 1/2F,0,22013665|LRL|2025-11-27|3
X,22013665,Night Preacher,LRL,2025-11-01,11,USA,SOC,,6.0,F,,6F,D,1,1.0,2.0,,,4.0,7,0.0,10.0,0.0,0.0,310.0,1725.0,50.0,250.0,0.0,0.0,250.0,0.0,18,7,25600,0,0,1,6.0,1207.008,6F,0,22013665|LRL|2025-11-01|11
X,22013665,Night Preacher,LRL,2025-10-17,8,USA,SOC,,6.0,F,,6F,D,4,1.0,1.0,,,1.0,4,0.0,0.0,0.0,0.0,0.0,375.0,200.0,150.0,0.0,0.0,150.0,300.0,93,7,30500,0,0,1,6.0,1207.008,6F,0,22013665|LRL|2025-10-17|8
X,22013670,Centsamilla,LRL,2025-12-07,1,USA,CLM,,6.0,F,,6F,D,4,2.0,2.0,,,3.0,2,100.0,400.0,0.0,0.0,250.0,100.0,100.0,10.0,0.0,0.0,300.0,100.0,59,8,23390,0,0,1,6.0,1207.008,6F,0,22013670|LRL|2025-12-07|1
X,22013670,Centsamilla,LRL,2025-11-27,4,USA,SOC,,7.0,F,,7F,D,5,1.0,1.0,,,4.0,5,0.0,0.0,0.0,0.0,410.0,975.0,100.0,200.0,0.0,0.0,200.0,825.0,62,7,30950,0,0,1,7.0,1408.176,7F,0,22013670|LRL|2025-11-27|4
X,22013670,Centsamilla,LRL,2025-11-01,2,USA,SOC,,6.0,F,,6F,D,5,1.0,1.0,,,1.0,2,0.0,0.0,0.0,0.0,0.0,175.0,150.0,150.0,0.0,0.0,100.0,150.0,29,6,24380,0,0,1,6.0,1207.008,6F,0,22013670|LRL|2025-11-01|2
X,22013715,Grayson's Girl,LRL,2025-11-29,7,USA,STK,,7.0,F,,7F,D,4,6.0,5.0,,,3.0,1,460.0,520.0,0.0,0.0,100.0,0.0,50.0,400.0,0.0,0.0,150.0,225.0,58,7,100000,0,0,1,7.0,1408.176,7F,0,22013715|LRL|2025-11-29|7
X,22013715,Grayson's Girl,LRL,2025-09-19,7,USA,ALW,,6.0,F,,6F,D,2,4.0,4.0,,,2.0,1,300.0,260.0,0.0,0.0,250.0,0.0,100.0,400.0,0.0,0.0,300.0,50.0,23,8,49000,0,0,1,6.0,1207.008,6F,0,22013715|LRL|2025-09-19|7
,22013715,Grayson's Girl,TIM,2025-08-29,8,USA,ALW,,6.5,F,A,6 1/2F,D,4,3.0,2.0,,,3.0,3,160.0,350.0,0.0,0.0,210.0,325.0,50.0,50.0,0.0,0.0,350.0,10.0,9,5,44000,1,0,0,6.5,1307.592,6 1/2F,0,22013715|TIM|2025-08-29|8
,22013748,Bjorn,DEL,2025-06-14,2,USA,SOC,,8.5,F,,1 1/16M,T,9,7.0,8.0,9.0,,9.0,9,400.0,570.0,350.0,0.0,710.0,1820.0,100.0,200.0,0.0,0.0,0.0,0.0,456,9,44000,0,0,0,8.5,1709.928,1 1/16M,0,22013748|DEL|2025-06-14|2
X,22013748,Bjorn,LRL,2025-05-03,9,USA,ALW,,8.5,F,,1 1/16M,T,3,3.0,4.0,4.0,,5.0,5,300.0,300.0,350.0,0.0,870.0,1235.0,10.0,100.0,10.0,0.0,0.0,0.0,122,5,48000,0,0,1,8.5,1709.928,1 1/16M,0,22013748|LRL|2025-05-03|9
X,22013748,Bjorn,LRL,2025-02-28,4,USA,AOC,,8.0,F,,1M,D,1,2.0,2.0,4.0,,5.0,5,150.0,100.0,510.0,0.0,910.0,1455.0,350.0,100.0,50.0,0.0,700.0,1175.0,37,6,49000,0,0,1,8.0,1609.344,1M,0,22013748|LRL|2025-02-28|4
,22013759,Qualified Hire,PEN,2025-12-11,1,USA,ALW,,8.5,F,,1 1/16M,D,1,4.0,6.0,4.0,,4.0,4,250.0,430.0,250.0,0.0,450.0,1000.0,50.0,0.0,50.0,0.0,250.0,800.0,33,6,35000,0,0,0,8.5,1709.928,1 1/16M,0,22013759|PEN|2025-12-11|1
,22013759,Qualified Hire,PEN,2025-11-05,6,USA,ALW,,8.32,F,,1M 70Y,D,6,3.0,3.0,4.0,,3.0,3,150.0,250.0,110.0,0.0,800.0,1200.0,50.0,50.0,150.0,0.0,50.0,200.0,60,6,35000,0,0,0,8.32,1673.71776,1M 70Y,1,22013759|PEN|2025-11-05|6
,22013759,Qualified Hire,DEL,2025-10-18,10,USA,SOC,,8.32,F,,1M 70Y,D,8,7.0,3.0,1.0,,1.0,1,670.0,400.0,0.0,0.0,0.0,0.0,10.0,10.0,50.0,0.0,300.0,425.0,32,9,20000,0,0,0,8.32,1673.71776,1M 70Y,1,22013759|DEL|2025-10-18|10
X,22013799,Summerinthecountry,LRL,2025-12-06,3,USA,MCL,,6.0,F,,6F,D,6,2.0,1.0,,,1.0,2,10.0,0.0,0.0,0.0,0.0,100.0,350.0,200.0,0.0,0.0,10.0,400.0,61,6,46535,0,0,1,6.0,1207.008,6F,0,22013799|LRL|2025-12-06|3
X,22013799,Summerinthecountry,LRL,2025-09-06,7,USA,MSW,,6.0,F,,6F,D,4,2.0,3.0,,,2.0,2,50.0,160.0,0.0,0.0,400.0,1125.0,350.0,600.0,0.0,0.0,50.0,900.0,35,6,45000,0,0,1,6.0,1207.008,6F,0,22013799|LRL|2025-09-06|7
X,22013799,Summerinthecountry,LRL,2025-04-19,3,USA,MSW,,5.5,F,,5 1/2F,T,8,6.0,8.0,,,10.0,10,560.0,1210.0,0.0,0.0,1970.0,1975.0,150.0,300.0,0.0,0.0,0.0,0.0,85,10,49610,0,0,1,5.5,1106.424,5 1/2F,0,22013799|LRL|2025-04-19|3
X,22013858,Spring Decision,LRL,2025-11-28,7,USA,ALW,,6.0,F,,6F,D,3,6.0,4.0,,,3.0,4,750.0,310.0,0.0,0.0,300.0,180.0,50.0,150.0,0.0,0.0,10.0,125.0,86,9,54910,0,0,1,6.0,1207.008,6F,0,22013858|LRL|2025-11-28|7
X,22013858,Spring Decision,LRL,2025-11-07,9,USA,ALW,,6.0,F,,6F,D,9,4.0,3.0,,,3.0,3,120.0,160.0,0.0,0.0,60.0,200.0,150.0,100.0,0.0,0.0,100.0,75.0,61,9,54910,0,0,1,6.0,1207.008,6F,0,22013858|LRL|2025-11-07|9
X,22013858,Spring Decision,LRL,2025-10-18,4,USA,MSW,,6.0,F,,6F,D,2,2.0,2.0,,,1.0,1,10.0,100.0,0.0,0.0,0.0,0.0,10.0,400.0,0.0,0.0,100.0,350.0,10,6,48410,0,0,1,6.0,1207.008,6F,0,22013858|LRL|2025-10-18|4
,22013867,Soo Handsome,PEN,2025-12-05,9,USA,MCL,,8.5,F,,1 1/16M,D,6,3.0,3.0,4.0,,3.0,3,250.0,150.0,300.0,0.0,260.0,625.0,10.0,50.0,50.0,0.0,200.0,350.0,66,8,15000,0,0,0,8.5,1709.928,1 1/16M,0,22013867|PEN|2025-12-05|9
,22013867,Soo Handsome,PEN,2025-11-19,2,USA,MCL,,8.32,F,,1M 70Y,D,8,3.0,2.0,2.0,,2.0,2,150.0,300.0,150.0,0.0,200.0,750.0,50.0,50.0,300.0,0.0,400.0,125.0,31,8,15000,0,0,0,8.32,1673.71776,1M 70Y,1,22013867|PEN|2025-11-19|2
,22013867,Soo Handsome,PEN,2025-10-30,8,USA,MCL,,8.0,F,,1M,D,4,4.0,5.0,3.0,,2.0,2,450.0,560.0,250.0,0.0,150.0,250.0,100.0,400.0,10.0,0.0,100.0,550.0,101,8,15000,0,0,0,8.0,1609.344,1M,0,22013867|PEN|2025-10-30|8
X,22013886,Bodybuilder,LRL,2025-11-02,6,USA,MCL,,8.0,F,,1M,T,9,9.0,9.0,7.0,,8.0,8,760.0,630.0,480.0,0.0,620.0,885.0,150.0,200.0,10.0,0.0,150.0,5.0,101,12,27020,0,0,1,8.0,1609.344,1M,0,22013886|LRL|2025-11-02|6
X,22013886,Bodybuilder,LRL,2025-10-25,3,USA,MCL,,7.0,F,,7F,D,3,2.0,2.0,,,3.0,3,200.0,200.0,0.0,0.0,400.0,450.0,100.0,200.0,0.0,0.0,50.0,50.0,20,5,32100,0,0,1,7.0,1408.176,7F,0,22013886|LRL|2025-10-25|3
X,22013886,Bodybuilder,LRL,2025-09-21,7,USA,MCL,,8.0,F,,1M,T,7,8.0,5.0,5.0,,5.0,5,1620.0,1210.0,660.0,0.0,460.0,310.0,0.0,100.0,150.0,0.0,100.0,175.0,59,8,25020,0,0,1,8.0,1609.344,1M,0,22013886|LRL|2025-09-21|7
,22013926,Daguerre,CT,2025-12-05,2,USA,MSW,,8.5,F,,1 1/16M,D,5,4.0,3.0,3.0,,4.0,4,350.0,200.0,210.0,0.0,360.0,825.0,10.0,10.0,10.0,0.0,100.0,450.0,589,6,31600,0,0,0,8.5,1709.928,1 1/16M,0,22013926|CT|2025-12-05|2
,22013926,Daguerre,CT,2025-10-31,5,USA,MCL,,7.0,F,,7F,D,9,6.0,5.0,,,4.0,4,310.0,210.0,0.0,0.0,410.0,650.0,300.0,400.0,0.0,0.0,150.0,475.0,34,9,12400,0,0,0,7.0,1408.176,7F,0,22013926|CT|2025-10-31|5
,22013926,Daguerre,CT,2025-10-23,3,USA,MSW,,8.5,F,,1 1/16M,D,2,7.0,7.0,7.0,,6.0,5,670.0,1360.0,1320.0,0.0,860.0,1135.0,0.0,0.0,0.0,0.0,100.0,675.0,586,7,31600,0,0,0,8.5,1709.928,1 1/16M,0,22013926|CT|2025-10-23|3
X,22013966,Keen Surge,LRL,2026-01-10,1,USA,SOC,,8.5,F,,1 1/16M,D,6,7.0,7.0,7.0,,7.0,7,710.0,570.0,580.0,0.0,580.0,1150.0,0.0,0.0,0.0,0.0,0.0,0.0,72,7,27280,0,0,1,8.5,1709.928,1 1/16M,0,22013966|LRL|2026-01-10|1
X,22013966,Keen Surge,LRL,2025-12-19,4,USA,CLM,,8.5,F,,1 1/16M,D,5,4.0,4.0,1.0,,1.0,1,700.0,650.0,0.0,0.0,0.0,0.0,10.0,300.0,100.0,0.0,350.0,925.0,7,5,22000,0,0,1,8.5,1709.928,1 1/16M,0,22013966|LRL|2025-12-19|4
X,22013966,Keen Surge,LRL,2025-11-16,1,USA,SOC,,8.5,F,,1 1/16M,T,5,8.0,8.0,8.0,,8.0,6,980.0,1180.0,1270.0,0.0,1080.0,970.0,250.0,50.0,200.0,0.0,100.0,150.0,67,10,28540,0,0,1,8.5,1709.928,1 1/16M,0,22013966|LRL|2025-11-16|1
X,22013966,Keen Surge,LRL,2025-11-07,7,USA,CLM,,8.0,F,,1M,D,4,6.0,5.0,3.0,,2.0,2,460.0,410.0,300.0,0.0,100.0,50.0,600.0,150.0,200.0,0.0,100.0,225.0,7,8,25370,0,0,1,8.0,1609.344,1M,0,22013966|LRL|2025-11-07|7
X,22013966,Keen Surge,LRL,2025-10-26,3,USA,SOC,,9.0,F,,1 1/8M,T,2,7.0,7.0,6.0,,5.0,4,510.0,430.0,610.0,0.0,410.0,300.0,200.0,150.0,10.0,0.0,200.0,25.0,67,10,27100,0,0,1,9.0,1810.5120000000002,1 1/8M,0,22013966|LRL|2025-10-26|3
X,22014043,Maupansant,LRL,2026-01-09,1,USA,CLM,,8.0,F,,1M,D,8,6.0,8.0,7.0,,4.0,4,370.0,610.0,430.0,0.0,410.0,460.0,50.0,50.0,300.0,0.0,200.0,225.0,107,9,25870,0,0,1,8.0,1609.344,1M,0,22014043|LRL|2026-01-09|1
X,22014043,Maupansant,LRL,2025-11-30,2,USA,CLM,,8.0,F,,1M,D,6,7.0,7.0,5.0,,4.0,4,820.0,1010.0,1110.0,0.0,760.0,625.0,0.0,0.0,10.0,0.0,10.0,325.0,46,7,25200,0,0,1,8.0,1609.344,1M,0,22014043|LRL|2025-11-30|2
X,22014043,Maupansant,LRL,2025-11-16,1,USA,SOC,,8.5,F,,1 1/16M,T,3,5.0,5.0,5.0,,7.0,2,520.0,620.0,810.0,0.0,1070.0,875.0,200.0,300.0,200.0,0.0,10.0,10.0,707,10,28540,0,0,1,8.5,1709.928,1 1/16M,0,22014043|LRL|2025-11-16|1
,22014043,Maupansant,PEN,2025-08-06,4,USA,MCL,,8.5,F,,1 1/16M,D,3,6.0,3.0,2.0,,2.0,1,600.0,400.0,100.0,0.0,50.0,0.0,50.0,10.0,200.0,0.0,100.0,50.0,24,8,17000,0,0,0,8.5,1709.928,1 1/16M,0,22014043|PEN|2025-08-06|4
X,22014238,Indy Charges On,LRL,2025-12-06,7,USA,ALW,,8.5,F,,1 1/16M,D,4,1.0,1.0,1.0,,2.0,2,0.0,0.0,0.0,0.0,150.0,725.0,100.0,300.0,100.0,0.0,250.0,625.0,18,8,54410,0,0,1,8.5,1709.928,1 1/16M,0,22014238|LRL|2025-12-06|7
X,22014238,Indy Charges On,LRL,2025-11-23,5,USA,SOC,,8.0,F,,1M,D,9,1.0,1.0,1.0,,1.0,1,0.0,0.0,0.0,0.0,0.0,0.0,50.0,100.0,350.0,0.0,300.0,600.0,18,9,26240,0,0,1,8.0,1609.344,1M,0,22014238|LRL|2025-11-23|5
X,22014238,Indy Charges On,CD,2025-09-19,8,USA,CLM,,8.5,F,,1 1/16M,D,2,1.0,1.0,1.0,,3.0,2,0.0,0.0,0.0,0.0,60.0,100.0,50.0,50.0,10.0,0.0,250.0,125.0,41,6,63000,0,0,1,8.5,1709.928,1 1/16M,0,22014238|CD|2025-09-19|8
X,22014247,Luminous Secret,LRL,2025-11-23,4,USA,SOC,,8.0,F,,1M,T,3,12.0,12.0,11.0,,9.0,7,2110.0,2470.0,1780.0,0.0,920.0,590.0,0.0,0.0,250.0,0.0,200.0,225.0,84,12,29900,0,0,1,8.0,1609.344,1M,0,22014247|LRL|2025-11-23|4
X,22014247,Luminous Secret,LRL,2025-11-01,1,USA,SOC,,8.0,F,,1M,T,3,8.0,8.0,9.0,,7.0,5,1310.0,960.0,730.0,0.0,720.0,760.0,200.0,200.0,0.0,0.0,100.0,200.0,364,9,31950,0,0,1,8.0,1609.344,1M,0,22014247|LRL|2025-11-01|1
X,22014247,Luminous Secret,LRL,2025-04-25,2,USA,CLM,,7.0,F,,7F,D,5,5.0,5.0,,,6.0,5,760.0,710.0,0.0,0.0,1400.0,1385.0,700.0,200.0,0.0,0.0,0.0,150.0,114,6,45305,0,0,1,7.0,1408.176,7F,0,22014247|LRL|2025-04-25|2
,22014344,First Pearl,PEN,2025-11-20,6,USA,SOC,,8.0,F,,1M,D,5,5.0,6.0,6.0,,6.0,5,450.0,510.0,560.0,0.0,810.0,1250.0,50.0,0.0,0.0,0.0,0.0,425.0,77,6,21000,0,0,0,8.0,1609.344,1M,0,22014344|PEN|2025-11-20|6
X,22014344,First Pearl,LRL,2025-10-03,4,USA,CLM,,8.0,F,,1M,D,3,3.0,2.0,1.0,,1.0,1,60.0,10.0,0.0,0.0,0.0,0.0,150.0,50.0,400.0,0.0,600.0,700.0,24,7,25200,0,0,1,8.0,1609.344,1M,0,22014344|LRL|2025-10-03|4
,22014344,First Pearl,TIM,2025-08-30,3,USA,CLM,,6.5,F,A,6 1/2F,D,1,2.0,2.0,,,3.0,3,350.0,350.0,0.0,0.0,650.0,605.0,50.0,10.0,0.0,0.0,0.0,0.0,19,3,22000,1,0,0,6.5,1307.592,6 1/2F,0,22014344|TIM|2025-08-30|3
X,22014410,Suremeanttoobe,LRL,2025-09-20,4,USA,ALW,,6.0,F,,6F,D,1,1.0,1.0,,,4.0,4,0.0,0.0,0.0,0.0,160.0,455.0,50.0,10.0,0.0,0.0,0.0,0.0,34,4,48000,0,0,1,6.0,1207.008,6F,0,22014410|LRL|2025-09-20|4
X,22014410,Suremeanttoobe,CNL,2025-09-04,2,USA,AOC,,6.0,F,,6F,D,2,4.0,5.0,,,5.0,4,220.0,460.0,0.0,0.0,500.0,725.0,150.0,0.0,0.0,0.0,0.0,200.0,146,5,72000,0,0,1,6.0,1207.008,6F,0,22014410|CNL|2025-09-04|2
X,22014410,Suremeanttoobe,CNL,2025-08-08,5,USA,ALW,,5.5,F,,5 1/2F,T,1,5.0,6.0,,,7.0,9,210.0,320.0,0.0,0.0,230.0,475.0,50.0,100.0,0.0,0.0,10.0,10.0,73,11,72000,0,0,1,5.5,1106.424,5 1/2F,0,22014410|CNL|2025-08-08|5
X,22014529,Tyson's Delivery,LRL,2025-09-13,4,USA,SOC,,8.5,F,,1 1/16M,T,3,4.0,4.0,4.0,,2.0,2,450.0,450.0,310.0,0.0,300.0,300.0,300.0,250.0,250.0,0.0,150.0,5.0,21,9,28040,0,0,1,8.5,1709.928,1 1/16M,0,22014529|LRL|2025-09-13|4
X,22014529,Tyson's Delivery,CNL,2025-08-23,6,USA,ALW,,8.0,F,,1M,T,3,2.0,4.0,5.0,,5.0,6,50.0,150.0,260.0,0.0,600.0,750.0,50.0,50.0,350.0,0.0,150.0,25.0,547,10,90000,0,0,1,8.0,1609.344,1M,0,22014529|CNL|2025-08-23|6
,22014529,Tyson's Delivery,PEN,2025-08-01,4,USA,SOC,,8.32,F,,1M 70Y,T,4,4.0,4.0,3.0,,2.0,4,260.0,300.0,60.0,0.0,50.0,250.0,150.0,250.0,150.0,0.0,150.0,225.0,37,7,20000,0,0,0,8.32,1673.71776,1M 70Y,1,22014529|PEN|2025-08-01|4
X,22014975,Lord's Lady,LRL,2025-10-05,5,USA,SOC,,8.5,F,,1 1/16M,D,2,5.0,5.0,4.0,,3.0,3,750.0,660.0,750.0,0.0,700.0,1250.0,0.0,0.0,250.0,0.0,50.0,375.0,77,5,24000,0,0,1,8.5,1709.928,1 1/16M,0,22014975|LRL|2025-10-05|5
,22014975,Lord's Lady,PEN,2025-07-05,1,USA,SOC,,8.0,F,,1M,D,1,6.0,6.0,3.0,,1.0,1,720.0,520.0,250.0,0.0,0.0,0.0,0.0,0.0,10.0,0.0,300.0,600.0,15,6,20000,0,0,0,8.0,1609.344,1M,0,22014975|PEN|2025-07-05|1
,22014975,Lord's Lady,DEL,2025-06-12,3,USA,MCL,,8.0,F,,1M,D,7,8.0,7.0,3.0,,1.0,1,1030.0,830.0,210.0,0.0,0.0,0.0,0.0,10.0,100.0,0.0,100.0,675.0,18,8,24000,0,0,0,8.0,1609.344,1M,0,22014975|DEL|2025-06-12|3
X,22015089,Bigtonten,LRL,2025-12-06,5,USA,CLM,,8.0,F,,1M,D,5,2.0,2.0,1.0,,1.0,1,200.0,50.0,0.0,0.0,0.0,0.0,100.0,100.0,10.0,0.0,400.0,275.0,93,9,23890,0,0,1,8.0,1609.344,1M,0,22015089|LRL|2025-12-06|5
X,22015089,Bigtonten,LRL,2025-11-23,5,USA,SOC,,8.0,F,,1M,D,3,8.0,7.0,6.0,,6.0,9,710.0,450.0,710.0,0.0,1150.0,1635.0,50.0,400.0,50.0,0.0,100.0,0.0,338,9,26240,0,0,1,8.0,1609.344,1M,0,22015089|LRL|2025-11-23|5
X,22015089,Bigtonten,LRL,2025-11-14,1,USA,CLM,,6.0,F,,6F,D,3,6.0,6.0,,,4.0,2,170.0,460.0,0.0,0.0,450.0,300.0,10.0,50.0,0.0,0.0,200.0,10.0,82,9,23890,0,0,1,6.0,1207.008,6F,0,22015089|LRL|2025-11-14|1
X,22015100,Do It for Michael,LRL,2025-12-13,6,USA,SOC,,6.0,F,,6F,D,6,1.0,1.0,,,2.0,2,0.0,0.0,0.0,0.0,10.0,100.0,100.0,50.0,0.0,0.0,250.0,475.0,4,7,27760,0,0,1,6.0,1207.008,6F,0,22015100|LRL|2025-12-13|6
X,22015100,Do It for Michael,LRL,2025-11-27,9,USA,SOC,,6.0,F,,6F,D,4,1.0,2.0,,,2.0,3,0.0,100.0,0.0,0.0,250.0,450.0,50.0,150.0,0.0,0.0,250.0,275.0,12,6,30450,0,0,1,6.0,1207.008,6F,0,22015100|LRL|2025-11-27|9
,22015100,Do It for Michael,DEL,2025-10-01,8,USA,AOC,,6.0,F,,6F,D,5,6.0,6.0,,,6.0,5,230.0,230.0,0.0,0.0,420.0,555.0,100.0,50.0,0.0,0.0,10.0,150.0,13,8,46000,0,0,0,6.0,1207.008,6F,0,22015100|DEL|2025-10-01|8
,22015100,Do It for Michael,DEL,2025-08-06,8,USA,CLM,,6.0,F,,6F,D,3,2.0,2.0,,,2.0,4,200.0,300.0,0.0,0.0,300.0,600.0,50.0,10.0,0.0,0.0,10.0,475.0,6,6,34000,0,0,0,6.0,1207.008,6F,0,22015100|DEL|2025-08-06|8
,22015103,Snookie Bear,PRX,2025-11-25,5,USA,AOC,,8.0,F,,1M,D,6,4.0,4.0,3.0,,5.0,5,170.0,210.0,110.0,0.0,550.0,525.0,10.0,10.0,50.0,0.0,600.0,525.0,12,6,42000,0,0,0,8.0,1609.344,1M,0,22015103|PRX|2025-11-25|5
X,22015103,Snookie Bear,BAQ,2025-11-01,10,USA,ALW,,8.0,F,,1M,T,4,9.0,9.0,10.0,,10.0,8,1120.0,1060.0,910.0,0.0,1120.0,760.0,50.0,10.0,0.0,0.0,0.0,225.0,153,10,88000,0,0,1,8.0,1609.344,1M,0,22015103|BAQ|2025-11-01|10
,22015103,Snookie Bear,DEL,2025-09-27,9,USA,STK,,9.0,F,,1 1/8M,T,5,5.0,5.0,6.0,,7.0,6,320.0,170.0,310.0,0.0,870.0,1505.0,50.0,10.0,10.0,0.0,200.0,525.0,79,9,150000,0,0,0,9.0,1810.5120000000002,1 1/8M,0,22015103|DEL|2025-09-27|9
X,22015126,Fabia,LRL,2025-12-27,6,USA,SOC,,6.0,F,,6F,D,5,6.0,6.0,,,7.0,5,910.0,560.0,0.0,0.0,510.0,380.0,10.0,250.0,0.0,0.0,50.0,200.0,97,9,28760,0,0,1,6.0,1207.008,6F,0,22015126|LRL|2025-12-27|6
X,22015126,Fabia,LRL,2025-11-28,2,USA,SOC,,8.0,F,,1M,D,2,7.0,8.0,8.0,,7.0,6,520.0,620.0,1020.0,0.0,1310.0,1275.0,10.0,0.0,0.0,0.0,250.0,1000.0,75,8,25740,0,0,1,8.0,1609.344,1M,0,22015126|LRL|2025-11-28|2
X,22015126,Fabia,LRL,2025-11-01,2,USA,SOC,,6.0,F,,6F,D,2,5.0,5.0,,,2.0,1,500.0,220.0,0.0,0.0,100.0,0.0,10.0,400.0,0.0,0.0,10.0,175.0,18,6,24380,0,0,1,6.0,1207.008,6F,0,22015126|LRL|2025-11-01|2
X,22015126,Fabia,LRL,2025-10-05,1,USA,SOC,,8.5,F,,1 1/16M,T,1,8.0,8.0,8.0,,8.0,8,1100.0,1950.0,1210.0,0.0,2220.0,2450.0,0.0,0.0,0.0,0.0,0.0,0.0,93,8,34600,0,0,1,8.5,1709.928,1 1/16M,0,22015126|LRL|2025-10-05|1
X,22015381,Hey Alexa,LRL,2024-12-29,6,USA,MCL,,7.0,F,,7F,D,8,5.0,5.0,,,9.0,9,320.0,460.0,0.0,0.0,1220.0,2645.0,350.0,50.0,0.0,0.0,500.0,300.0,623,11,37965,0,0,1,7.0,1408.176,7F,0,22015381|LRL|2024-12-29|6
X,22015381,Hey Alexa,LRL,2024-12-08,7,USA,MSW,,6.0,F,,6F,D,4,7.0,7.0,,,7.0,7,1350.0,1000.0,0.0,0.0,1150.0,1600.0,0.0,0.0,0.0,0.0,0.0,0.0,277,7,48710,0,0,1,6.0,1207.008,6F,0,22015381|LRL|2024-12-08|7
X,22015422,Built by Khozan,LRL,2025-11-28,7,USA,ALW,,6.0,F,,6F,D,4,1.0,2.0,,,2.0,5,0.0,10.0,0.0,0.0,250.0,305.0,350.0,150.0,0.0,0.0,50.0,800.0,740,9,54910,0,0,1,6.0,1207.008,6F,0,22015422|LRL|2025-11-28|7
X,22015422,Built by Khozan,LRL,2025-10-19,1,USA,CLM,,5.5,F,,5 1/2F,T,4,2.0,2.0,,,2.0,3,50.0,10.0,0.0,0.0,200.0,350.0,200.0,250.0,0.0,0.0,200.0,125.0,90,9,41500,0,0,1,5.5,1106.424,5 1/2F,0,22015422|LRL|2025-10-19|1
,22015422,Built by Khozan,TIM,2025-08-30,9,USA,MCL,,4.0,F,,4F,D,1,1.0,,,,1.0,1,0.0,0.0,0.0,0.0,0.0,0.0,10.0,0.0,0.0,0.0,10.0,250.0,11,5,36360,0,0,0,4.0,804.672,4F,0,22015422|TIM|2025-08-30|9
X,22015599,Judith's Cross,LRL,2025-11-27,5,USA,CLM,,8.0,F,,1M,D,4,5.0,7.0,9.0,,9.0,9,410.0,660.0,1370.0,0.0,2210.0,3455.0,100.0,10.0,0.0,0.0,0.0,0.0,402,9,21530,0,0,1,8.0,1609.344,1M,0,22015599|LRL|2025-11-27|5
,22015599,Judith's Cross,CT,2025-11-13,2,USA,CLM,,7.0,F,,7F,D,5,1.0,1.0,,,1.0,2,0.0,0.0,0.0,0.0,0.0,0.0,100.0,250.0,0.0,0.0,10.0,25.0,177,7,15800,0,0,0,7.0,1408.176,7F,0,22015599|CT|2025-11-13|2
,22015599,Judith's Cross,CT,2025-10-31,4,USA,CLM,,7.0,F,,7F,D,4,1.0,2.0,,,4.0,8,0.0,10.0,0.0,0.0,550.0,1760.0,10.0,250.0,0.0,0.0,50.0,3425.0,243,9,14600,0,0,0,7.0,1408.176,7F,0,22015599|CT|2025-10-31|4
X,22015796,Top Blood,LRL,2025-12-06,2,USA,CLM,,8.0,F,,1M,D,1,1.0,1.0,3.0,,6.0,7,0.0,0.0,210.0,0.0,1310.0,2400.0,50.0,50.0,250.0,0.0,100.0,0.0,99,7,44100,0,0,1,8.0,1609.344,1M,0,22015796|LRL|2025-12-06|2
X,22015796,Top Blood,LRL,2025-11-29,8,USA,STK,,7.0,F,,7F,D,3,7.0,7.0,,,7.0,8,950.0,870.0,0.0,0.0,810.0,725.0,400.0,150.0,0.0,0.0,150.0,200.0,521,9,100000,0,0,1,7.0,1408.176,7F,0,22015796|LRL|2025-11-29|8
X,22015796,Top Blood,LRL,2025-11-14,4,USA,AOC,,8.5,F,,1 1/16M,D,1,5.0,5.0,6.0,,6.0,6,360.0,500.0,650.0,0.0,710.0,1450.0,100.0,10.0,50.0,0.0,10.0,175.0,356,7,54295,0,0,1,8.5,1709.928,1 1/16M,0,22015796|LRL|2025-11-14|4
X,22016018,Close Up,LRL,2025-11-28,6,USA,MCL,,8.0,F,,1M,D,5,2.0,2.0,2.0,,1.0,2,10.0,10.0,10.0,0.0,0.0,225.0,10.0,50.0,400.0,0.0,50.0,200.0,18,11,24560,0,0,1,8.0,1609.344,1M,0,22016018|LRL|2025-11-28|6
X,22016018,Close Up,LRL,2025-11-07,1,USA,MCL,,8.0,F,,1M,T,9,2.0,2.0,2.0,,1.0,4,200.0,100.0,100.0,0.0,0.0,20.0,10.0,50.0,200.0,0.0,10.0,250.0,95,10,26020,0,0,1,8.0,1609.344,1M,0,22016018|LRL|2025-11-07|1
X,22016018,Close Up,LRL,2025-10-17,3,USA,MCL,,8.5,F,,1 1/16M,T,8,5.0,4.0,5.0,,3.0,2,570.0,1200.0,1110.0,0.0,300.0,300.0,250.0,10.0,400.0,0.0,150.0,25.0,83,9,25520,0,0,1,8.5,1709.928,1 1/16M,0,22016018|LRL|2025-10-17|3
,22016072,Hot Rod Kitty,PID,2025-10-16,7,USA,ALW,,8.0,F,,1M,D,6,3.0,5.0,5.0,,5.0,4,250.0,260.0,410.0,0.0,770.0,825.0,10.0,200.0,200.0,0.0,400.0,550.0,158,6,38000,0,0,0,8.0,1609.344,1M,0,22016072|PID|2025-10-16|7
,22016072,Hot Rod Kitty,PRX,2025-09-19,11,USA,ALW,,6.5,F,,6 1/2F,D,6,6.0,7.0,,,7.0,7,710.0,870.0,0.0,0.0,1010.0,1060.0,10.0,0.0,0.0,0.0,0.0,0.0,626,7,70000,0,0,0,6.5,1307.592,6 1/2F,0,22016072|PRX|2025-09-19|11
,22016072,Hot Rod Kitty,PEN,2025-08-13,3,USA,ALW,,8.0,F,,1M,D,1,3.0,4.0,4.0,,4.0,3,350.0,700.0,700.0,0.0,900.0,1050.0,150.0,0.0,0.0,0.0,0.0,50.0,68,4,39000,0,0,0,8.0,1609.344,1M,0,22016072|PEN|2025-08-13|3
,22016262,Cocktail Humor,PEN,2025-12-18,2,USA,SOC,,6.0,F,,6F,D,5,1.0,1.0,,,1.0,3,0.0,0.0,0.0,0.0,0.0,250.0,10.0,10.0,0.0,0.0,10.0,450.0,19,6,21000,0,0,0,6.0,1207.008,6F,0,22016262|PEN|2025-12-18|2
,22016262,Cocktail Humor,PRX,2025-12-03,5,USA,SOC,,6.0,F,,6F,D,8,1.0,1.0,,,1.0,1,0.0,0.0,0.0,0.0,0.0,0.0,50.0,100.0,0.0,0.0,300.0,125.0,7,9,26000,0,0,0,6.0,1207.008,6F,0,22016262|PRX|2025-12-03|5
,22016262,Cocktail Humor,PRX,2025-11-18,1,USA,SOC,,6.0,F,,6F,D,7,1.0,1.0,,,1.0,3,0.0,0.0,0.0,0.0,0.0,150.0,150.0,300.0,0.0,0.0,150.0,200.0,6,7,26000,0,0,0,6.0,1207.008,6F,0,22016262|PRX|2025-11-18|1
X,22016308,Straight to Water,LRL,2025-12-13,1,USA,SOC,,7.0,F,,7F,D,1,4.0,3.0,,,1.0,1,820.0,510.0,0.0,0.0,0.0,0.0,10.0,50.0,0.0,0.0,10.0,225.0,43,6,33150,0,0,1,7.0,1408.176,7F,0,22016308|LRL|2025-12-13|1
X,22016308,Straight to Water,LRL,2025-11-23,5,USA,SOC,,8.0,F,,1M,D,7,4.0,3.0,3.0,,2.0,2,300.0,150.0,360.0,0.0,300.0,600.0,150.0,50.0,200.0,0.0,50.0,100.0,32,9,26240,0,0,1,8.0,1609.344,1M,0,22016308|LRL|2025-11-23|5
X,22016308,Straight to Water,LRL,2025-10-31,2,USA,SOC,,7.0,F,,7F,D,1,3.0,3.0,,,1.0,1,210.0,360.0,0.0,0.0,0.0,0.0,50.0,250.0,0.0,0.0,200.0,675.0,28,6,26180,0,0,1,7.0,1408.176,7F,0,22016308|LRL|2025-10-31|2
X,22016308,Straight to Water,LRL,2025-09-21,1,USA,SOC,,5.5,F,,5 1/2F,T,6,6.0,7.0,,,7.0,7,420.0,430.0,0.0,0.0,1010.0,1150.0,100.0,0.0,0.0,0.0,0.0,0.0,251,7,31400,0,0,1,5.5,1106.424,5 1/2F,0,22016308|LRL|2025-09-21|1
X,22016324,Bugged Out,LRL,2025-12-26,3,USA,CLM,,8.5,F,,1 1/16M,D,4,6.0,6.0,6.0,,5.0,5,560.0,460.0,420.0,0.0,800.0,1275.0,0.0,0.0,0.0,0.0,10.0,50.0,268,6,24700,0,0,1,8.5,1709.928,1 1/16M,0,22016324|LRL|2025-12-26|3
X,22016324,Bugged Out,LRL,2025-12-13,3,USA,CLM,,5.5,F,,5 1/2F,D,4,4.0,5.0,,,5.0,4,510.0,660.0,0.0,0.0,710.0,775.0,10.0,250.0,0.0,0.0,250.0,100.0,121,6,24700,0,0,1,5.5,1106.424,5 1/2F,0,22016324|LRL|2025-12-13|3
,22016324,Bugged Out,PEN,2025-11-19,8,USA,CLM,,6.0,F,,6F,D,3,3.0,4.0,,,4.0,3,110.0,160.0,0.0,0.0,160.0,150.0,100.0,10.0,0.0,0.0,100.0,600.0,83,6,17000,0,0,0,6.0,1207.008,6F,0,22016324|PEN|2025-11-19|8
,22016324,Bugged Out,PEN,2025-10-29,8,USA,CLM,,6.0,F,,6F,D,3,5.0,6.0,,,6.0,6,310.0,620.0,0.0,0.0,660.0,850.0,150.0,300.0,0.0,0.0,10.0,150.0,40,7,17000,0,0,0,6.0,1207.008,6F,0,22016324|PEN|2025-10-29|8
,22016324,Bugged Out,DEL,2025-10-16,2,USA,CLM,,5.5,F,,5 1/2F,D,2,2.0,2.0,,,2.0,2,100.0,100.0,0.0,0.0,250.0,25.0,10.0,10.0,0.0,0.0,300.0,500.0,57,7,16000,0,0,0,5.5,1106.424,5 1/2F,0,22016324|DEL|2025-10-16|2
X,22017307,A Cozy Thing,LRL,2025-11-28,2,USA,SOC,,8.0,F,,1M,D,4,5.0,7.0,6.0,,5.0,4,170.0,420.0,570.0,0.0,810.0,575.0,100.0,200.0,150.0,0.0,400.0,500.0,208,8,25740,0,0,1,8.0,1609.344,1M,0,22017307|LRL|2025-11-28|2
,22017307,A Cozy Thing,CT,2025-10-30,1,USA,CLM,,6.5,F,,6 1/2F,D,4,6.0,5.0,,,4.0,3,770.0,700.0,0.0,0.0,650.0,460.0,300.0,200.0,0.0,0.0,300.0,50.0,27,7,21500,0,0,0,6.5,1307.592,6 1/2F,0,22017307|CT|2025-10-30|1
,22017307,A Cozy Thing,MED,2025-10-10,4,USA,AOC,,5.0,F,,5F,T,11,9.0,9.0,,,5.0,3,810.0,780.0,0.0,0.0,750.0,325.0,100.0,200.0,0.0,0.0,10.0,100.0,144,11,53550,0,0,0,5.0,1005.84,5F,0,22017307|MED|2025-10-10|4
X,22017349,Star Atlas,LRL,2025-10-24,6,USA,MCL,,6.0,F,,6F,T,4,3.0,5.0,,,8.0,8,150.0,400.0,0.0,0.0,770.0,735.0,100.0,100.0,0.0,0.0,10.0,50.0,74,10,43615,0,0,1,6.0,1207.008,6F,0,22017349|LRL|2025-10-24|6
X,22017349,Star Atlas,LRL,2025-09-28,6,USA,MCL,,5.5,F,,5 1/2F,T,8,8.0,8.0,,,7.0,6,880.0,920.0,0.0,0.0,710.0,185.0,150.0,10.0,0.0,0.0,50.0,100.0,301,10,44230,0,0,1,5.5,1106.424,5 1/2F,0,22017349|LRL|2025-09-28|6
X,22017700,Change My World,LRL,2025-11-30,4,USA,ALW,,6.0,F,,6F,D,2,4.0,5.0,,,5.0,5,210.0,510.0,0.0,0.0,710.0,925.0,100.0,100.0,0.0,0.0,200.0,475.0,44,6,48000,0,0,1,6.0,1207.008,6F,0,22017700|LRL|2025-11-30|4
X,22017700,Change My World,LRL,2025-11-14,7,USA,ALW,,6.0,F,,6F,D,3,2.0,7.0,,,6.0,3,100.0,320.0,0.0,0.0,620.0,525.0,10.0,300.0,0.0,0.0,200.0,25.0,35,9,49500,0,0,1,6.0,1207.008,6F,0,22017700|LRL|2025-11-14|7
X,22017700,Change My World,LRL,2025-10-10,9,USA,ALW,,6.0,F,,6F,D,4,3.0,4.0,,,2.0,1,350.0,170.0,0.0,0.0,10.0,0.0,10.0,350.0,0.0,0.0,150.0,100.0,71,8,55880,0,0,1,6.0,1207.008,6F,0,22017700|LRL|2025-10-10|9
X,22017709,Nancy's Notion,LRL,2025-09-06,9,USA,MCL,,5.5,F,,5 1/2F,T,1,5.0,4.0,,,5.0,6,260.0,260.0,0.0,0.0,360.0,760.0,10.0,100.0,0.0,0.0,100.0,525.0,374,7,27180,0,0,1,5.5,1106.424,5 1/2F,0,22017709|LRL|2025-09-06|9
X,22017709,Nancy's Notion,LRL,2025-05-24,3,USA,MCL,,5.5,F,,5 1/2F,T,6,4.0,8.0,,,11.0,11,350.0,770.0,0.0,0.0,1630.0,2310.0,10.0,10.0,0.0,0.0,0.0,0.0,1210,11,31500,0,0,1,5.5,1106.424,5 1/2F,0,22017709|LRL|2025-05-24|3
X,22017709,Nancy's Notion,LRL,2025-05-04,1,USA,MCL,,5.5,F,,5 1/2F,D,3,8.0,8.0,,,8.0,8,1510.0,2010.0,0.0,0.0,1960.0,2850.0,0.0,0.0,0.0,0.0,0.0,0.0,536,8,31050,0,0,1,5.5,1106.424,5 1/2F,0,22017709|LRL|2025-05-04|1
X,22017992,Nobody's Girl,LRL,2025-11-28,6,USA,MCL,,8.0,F,,1M,D,11,5.0,4.0,4.0,,3.0,1,120.0,360.0,560.0,0.0,250.0,0.0,450.0,100.0,250.0,0.0,400.0,225.0,85,11,24560,0,0,1,8.0,1609.344,1M,0,22017992|LRL|2025-11-28|6
X,22017992,Nobody's Girl,LRL,2025-11-07,1,USA,MCL,,8.0,F,,1M,T,1,5.0,6.0,5.0,,5.0,5,610.0,510.0,600.0,0.0,460.0,270.0,100.0,200.0,50.0,0.0,250.0,50.0,282,10,26020,0,0,1,8.0,1609.344,1M,0,22017992|LRL|2025-11-07|1
X,22017992,Nobody's Girl,LRL,2025-09-27,3,USA,MCL,,8.0,F,,1M,T,7,8.0,8.0,8.0,,8.0,8,1250.0,1050.0,960.0,0.0,1350.0,795.0,0.0,0.0,0.0,0.0,0.0,0.0,102,8,25020,0,0,1,8.0,1609.344,1M,0,22017992|LRL|2025-09-27|3
X,22018029,World On Fire,LRL,2025-11-30,1,USA,CLM,,6.0,F,,6F,D,2,4.0,4.0,,,4.0,2,710.0,700.0,0.0,0.0,310.0,225.0,50.0,50.0,0.0,0.0,200.0,375.0,152,6,22660,0,0,1,6.0,1207.008,6F,0,22018029|LRL|2025-11-30|1
X,22018029,World On Fire,LRL,2025-11-14,2,USA,CLM,,5.5,F,,5 1/2F,D,4,7.0,7.0,,,5.0,4,1000.0,1010.0,0.0,0.0,850.0,550.0,400.0,300.0,0.0,0.0,50.0,50.0,316,9,23560,0,0,1,5.5,1106.424,5 1/2F,0,22018029|LRL|2025-11-14|2
X,22018029,World On Fire,LRL,2025-10-19,4,USA,MCL,,6.0,F,,6F,D,8,5.0,4.0,,,1.0,1,960.0,410.0,0.0,0.0,0.0,0.0,150.0,300.0,0.0,0.0,10.0,150.0,110,8,25370,0,0,1,6.0,1207.008,6F,0,22018029|LRL|2025-10-19|4
X,22018034,She's No Uncle,LRL,2025-11-29,4,USA,ALW,,5.5,F,,5 1/2F,D,8,1.0,4.0,,,8.0,8,0.0,410.0,0.0,0.0,1260.0,1125.0,10.0,200.0,0.0,0.0,150.0,150.0,224,9,49500,0,0,1,5.5,1106.424,5 1/2F,0,22018034|LRL|2025-11-29|4
X,22018034,She's No Uncle,LRL,2025-11-07,3,USA,SOC,,5.5,F,,5 1/2F,T,1,1.0,1.0,,,1.0,1,0.0,0.0,0.0,0.0,0.0,0.0,200.0,150.0,0.0,0.0,50.0,75.0,15,11,29760,0,0,1,5.5,1106.424,5 1/2F,0,22018034|LRL|2025-11-07|3
X,22018034,She's No Uncle,LRL,2025-10-18,5,USA,SOC,,5.5,F,,5 1/2F,T,9,1.0,1.0,,,2.0,2,0.0,0.0,0.0,0.0,10.0,100.0,200.0,150.0,0.0,0.0,300.0,175.0,30,9,28760,0,0,1,5.5,1106.424,5 1/2F,0,22018034|LRL|2025-10-18|5
X,22018092,Vieux Carre,LRL,2025-12-19,8,USA,AOC,,8.0,F,,1M,D,3,8.0,8.0,8.0,,5.0,3,1400.0,1760.0,970.0,0.0,750.0,10.0,0.0,0.0,0.0,0.0,10.0,275.0,211,8,55590,0,0,1,8.0,1609.344,1M,0,22018092|LRL|2025-12-19|8
,22018092,Vieux Carre,PEN,2025-11-13,5,USA,AOC,,8.0,F,,1M,D,5,4.0,4.0,4.0,,4.0,2,900.0,960.0,660.0,0.0,810.0,875.0,50.0,50.0,10.0,0.0,10.0,150.0,25,6,36000,0,0,0,8.0,1609.344,1M,0,22018092|PEN|2025-11-13|5
X,22018092,Vieux Carre,LRL,2025-10-25,11,USA,AOC,,7.0,F,,7F,D,7,8.0,8.0,,,5.0,3,1710.0,1400.0,0.0,0.0,800.0,375.0,0.0,0.0,0.0,0.0,150.0,75.0,118,8,55590,0,0,1,7.0,1408.176,7F,0,22018092|LRL|2025-10-25|11
,22018092,Vieux Carre,DEL,2025-10-09,8,USA,AOC,,5.5,F,,5 1/2F,D,7,7.0,7.0,,,7.0,3,760.0,570.0,0.0,0.0,520.0,250.0,0.0,0.0,0.0,0.0,0.0,175.0,52,7,47000,0,0,0,5.5,1106.424,5 1/2F,0,22018092|DEL|2025-10-09|8
X,22018268,Lonesome Road,LRL,2025-12-26,7,USA,MSW,,6.0,F,,6F,D,5,2.0,1.0,,,1.0,1,100.0,0.0,0.0,0.0,0.0,0.0,200.0,300.0,0.0,0.0,550.0,850.0,43,8,49410,0,0,1,6.0,1207.008,6F,0,22018268|LRL|2025-12-26|7
X,22018268,Lonesome Road,CNL,2025-09-12,5,USA,MSW,,5.5,F,,5 1/2F,T,2,3.0,3.0,,,2.0,2,200.0,60.0,0.0,0.0,250.0,375.0,200.0,150.0,0.0,0.0,10.0,10.0,40,6,87500,0,0,1,5.5,1106.424,5 1/2F,0,22018268|CNL|2025-09-12|5
X,22018268,Lonesome Road,CNL,2025-07-16,2,USA,MSW,,8.0,F,,1M,T,1,8.0,8.0,7.0,,7.0,7,470.0,580.0,460.0,0.0,810.0,600.0,0.0,0.0,10.0,0.0,150.0,325.0,61,8,87500,0,0,1,8.0,1609.344,1M,0,22018268|CNL|2025-07-16|2
X,22018416,It a Lee,AQU,2025-11-12,5,USA,MCL,,6.0,F,,6F,T,1,10.0,10.0,,,10.0,9,710.0,1020.0,0.0,0.0,1000.0,1200.0,0.0,0.0,0.0,0.0,0.0,100.0,237,10,48000,0,0,1,6.0,1207.008,6F,0,22018416|AQU|2025-11-12|5
X,22018492,Whiskey Brew,LRL,2025-11-28,6,USA,MCL,,8.0,F,,1M,D,7,9.0,9.0,8.0,,6.0,4,1370.0,1810.0,1260.0,0.0,1050.0,450.0,50.0,200.0,150.0,0.0,50.0,25.0,732,11,24560,0,0,1,8.0,1609.344,1M,0,22018492|LRL|2025-11-28|6
X,22018492,Whiskey Brew,LRL,2025-11-08,10,USA,MCL,,6.0,F,,6F,D,3,7.0,7.0,,,6.0,5,520.0,670.0,0.0,0.0,820.0,1555.0,600.0,400.0,0.0,0.0,50.0,75.0,521,9,26200,0,0,1,6.0,1207.008,6F,0,22018492|LRL|2025-11-08|10
X,22018492,Whiskey Brew,LRL,2025-09-21,9,USA,MCL,,7.0,F,,7F,D,5,4.0,6.0,,,7.0,7,700.0,860.0,0.0,0.0,1450.0,1900.0,100.0,100.0,0.0,0.0,0.0,0.0,165,7,34100,0,0,1,7.0,1408.176,7F,0,22018492|LRL|2025-09-21|9
,22018608,Lou's Birthday,PRX,2026-01-07,8,USA,SOC,,6.5,F,,6 1/2F,D,5,5.0,7.0,,,7.0,6,220.0,610.0,0.0,0.0,950.0,2050.0,100.0,250.0,0.0,0.0,200.0,2500.0,383,8,26000,0,0,0,6.5,1307.592,6 1/2F,0,22018608|PRX|2026-01-07|8
X,22018608,Lou's Birthday,LRL,2025-12-05,6,USA,CLM,,5.5,F,,5 1/2F,D,3,5.0,4.0,,,3.0,2,710.0,810.0,0.0,0.0,400.0,100.0,300.0,50.0,0.0,0.0,10.0,225.0,163,9,25870,0,0,1,5.5,1106.424,5 1/2F,0,22018608|LRL|2025-12-05|6
X,22018608,Lou's Birthday,LRL,2025-11-14,1,USA,CLM,,6.0,F,,6F,D,2,1.0,5.0,,,7.0,9,0.0,360.0,0.0,0.0,750.0,1070.0,10.0,100.0,0.0,0.0,100.0,0.0,175,9,23890,0,0,1,6.0,1207.008,6F,0,22018608|LRL|2025-11-14|1
,22018661,English Daddy,DEL,2025-09-18,2,USA,CLM,,6.0,F,,6F,D,1,3.0,3.0,,,4.0,5,300.0,300.0,0.0,0.0,800.0,1360.0,200.0,300.0,0.0,0.0,200.0,0.0,7,5,22000,0,0,0,6.0,1207.008,6F,0,22018661|DEL|2025-09-18|2
,22018661,English Daddy,DEL,2025-08-16,4,USA,CLM,,6.0,F,,6F,D,6,1.0,1.0,,,1.0,1,0.0,0.0,0.0,0.0,0.0,0.0,100.0,200.0,0.0,0.0,300.0,675.0,37,10,15000,0,0,0,6.0,1207.008,6F,0,22018661|DEL|2025-08-16|4
,22018661,English Daddy,PEN,2025-07-31,1,USA,CLM,,5.0,F,,5F,T,5,7.0,7.0,,,6.0,8,570.0,760.0,0.0,0.0,660.0,1285.0,150.0,150.0,0.0,0.0,50.0,0.0,54,8,16000,0,0,0,5.0,1005.84,5F,0,22018661|PEN|2025-07-31|1
X,22018734,Final Offer,LRL,2025-11-30,6,USA,MCL,,6.0,F,,6F,D,6,3.0,3.0,,,5.0,9,350.0,350.0,0.0,0.0,500.0,1780.0,300.0,50.0,0.0,0.0,100.0,1875.0,52,10,25050,0,0,1,6.0,1207.008,6F,0,22018734|LRL|2025-11-30|6
,22018734,Final Offer,CT,2024-12-11,3,USA,MSW,,6.5,F,,6 1/2F,D,8,2.0,1.0,,,2.0,3,100.0,0.0,0.0,0.0,100.0,575.0,150.0,10.0,0.0,0.0,200.0,175.0,13,9,26500,0,0,0,6.5,1307.592,6 1/2F,0,22018734|CT|2024-12-11|3
,22018734,Final Offer,CT,2024-11-27,3,USA,MSW,,4.5,F,,4 1/2F,D,4,2.0,,,,1.0,2,10.0,0.0,0.0,0.0,0.0,100.0,150.0,0.0,0.0,0.0,10.0,350.0,65,8,26500,0,0,0,4.5,905.2560000000001,4 1/2F,0,22018734|CT|2024-11-27|3
X,22018737,Ade,LRL,2025-12-26,3,USA,CLM,,8.5,F,,1 1/16M,D,3,4.0,5.0,4.0,,2.0,2,310.0,310.0,210.0,0.0,50.0,200.0,150.0,150.0,10.0,0.0,250.0,425.0,12,6,24700,0,0,1,8.5,1709.928,1 1/16M,0,22018737|LRL|2025-12-26|3
X,22018737,Ade,LRL,2025-12-07,5,USA,CLM,,8.0,F,,1M,D,1,3.0,4.0,2.0,,2.0,1,200.0,210.0,10.0,0.0,10.0,0.0,150.0,50.0,50.0,0.0,300.0,5.0,17,8,26030,0,0,1,8.0,1609.344,1M,0,22018737|LRL|2025-12-07|5
X,22018737,Ade,LRL,2025-11-28,2,USA,SOC,,8.0,F,,1M,D,5,2.0,4.0,4.0,,3.0,2,50.0,160.0,270.0,0.0,410.0,425.0,10.0,200.0,100.0,0.0,300.0,25.0,118,8,25740,0,0,1,8.0,1609.344,1M,0,22018737|LRL|2025-11-28|2
X,22018737,Ade,LRL,2025-11-16,5,USA,CLM,,6.0,F,,6F,D,5,3.0,4.0,,,3.0,3,150.0,600.0,0.0,0.0,600.0,375.0,10.0,10.0,0.0,0.0,100.0,5.0,72,9,24550,0,0,1,6.0,1207.008,6F,0,22018737|LRL|2025-11-16|5
,22018747,Double Airo,PEN,2025-10-30,1,USA,ALW,,6.0,F,,6F,D,6,3.0,2.0,,,1.0,1,20.0,10.0,0.0,0.0,0.0,0.0,500.0,100.0,0.0,0.0,50.0,175.0,48,6,39000,0,0,0,6.0,1207.008,6F,0,22018747|PEN|2025-10-30|1
,22018747,Double Airo,PRX,2025-09-19,9,USA,STK,,7.0,F,,7F,D,5,4.0,3.0,,,4.0,4,120.0,110.0,0.0,0.0,1000.0,1675.0,300.0,10.0,0.0,0.0,200.0,425.0,21,6,100000,0,0,0,7.0,1408.176,7F,0,22018747|PRX|2025-09-19|9
,22018747,Double Airo,PEN,2025-08-14,6,USA,ALW,,6.0,F,,6F,D,7,3.0,2.0,,,2.0,3,200.0,150.0,0.0,0.0,150.0,400.0,100.0,150.0,0.0,0.0,200.0,350.0,15,8,39000,0,0,0,6.0,1207.008,6F,0,22018747|PEN|2025-08-14|6
X,22018757,Late Nite Call,LRL,2025-12-20,6,USA,STK,,9.0,F,,1 1/8M,D,3,1.0,1.0,1.0,,1.0,2,0.0,0.0,0.0,0.0,0.0,25.0,100.0,250.0,250.0,0.0,10.0,250.0,479,9,100000,0,0,1,9.0,1810.5120000000002,1 1/8M,0,22018757|LRL|2025-12-20|6
X,22018757,Late Nite Call,LRL,2025-11-29,7,USA,STK,,7.0,F,,7F,D,7,7.0,6.0,,,7.0,7,510.0,920.0,0.0,0.0,1150.0,1775.0,0.0,10.0,0.0,0.0,0.0,0.0,146,7,100000,0,0,1,7.0,1408.176,7F,0,22018757|LRL|2025-11-29|7
,22018757,Late Nite Call,DEL,2025-06-14,9,USA,STK,3,8.5,F,,1 1/16M,D,2,5.0,6.0,6.0,,4.0,5,170.0,230.0,270.0,0.0,250.0,485.0,200.0,10.0,10.0,0.0,10.0,100.0,569,9,300000,0,1,0,8.5,1709.928,1 1/16M,0,22018757|DEL|2025-06-14|9
X,22018757,Late Nite Call,PIM,2025-05-09,8,USA,AOC,,8.5,F,,1 1/16M,D,4,1.0,1.0,1.0,,2.0,1,0.0,0.0,0.0,0.0,10.0,0.0,100.0,200.0,100.0,0.0,450.0,50.0,21,5,49000,0,0,1,8.5,1709.928,1 1/16M,0,22018757|PIM|2025-05-09|8
X,22018758,Beshareit,LRL,2025-10-05,6,USA,MCL,,8.5,F,,1 1/16M,T,5,8.0,8.0,9.0,,9.0,8,1110.0,960.0,970.0,0.0,1180.0,1695.0,150.0,150.0,0.0,0.0,0.0,525.0,680,9,46190,0,0,1,8.5,1709.928,1 1/16M,0,22018758|LRL|2025-10-05|6
X,22018758,Beshareit,LRL,2025-09-06,3,USA,MCL,,5.5,F,,5 1/2F,T,5,7.0,7.0,,,7.0,7,1160.0,1360.0,0.0,0.0,1380.0,1500.0,0.0,0.0,0.0,0.0,0.0,0.0,580,7,44990,0,0,1,5.5,1106.424,5 1/2F,0,22018758|LRL|2025-09-06|3
X,22018806,Tasty Time,LRL,2025-11-21,9,USA,MCL,,6.0,F,,6F,D,3,2.0,4.0,,,5.0,6,10.0,220.0,0.0,0.0,650.0,1100.0,200.0,100.0,0.0,0.0,150.0,0.0,144,6,34050,0,0,1,6.0,1207.008,6F,0,22018806|LRL|2025-11-21|9
X,22018806,Tasty Time,LRL,2025-10-17,10,USA,MCL,,8.0,F,,1M,D,4,7.0,6.0,4.0,,2.0,2,520.0,620.0,500.0,0.0,700.0,1250.0,100.0,10.0,250.0,0.0,200.0,450.0,201,8,26030,0,0,1,8.0,1609.344,1M,0,22018806|LRL|2025-10-17|10
X,22018806,Tasty Time,LRL,2025-09-21,9,USA,MCL,,7.0,F,,7F,D,2,5.0,4.0,,,3.0,5,800.0,310.0,0.0,0.0,400.0,1200.0,500.0,450.0,0.0,0.0,250.0,125.0,311,7,34100,0,0,1,7.0,1408.176,7F,0,22018806|LRL|2025-09-21|9
X,22018894,Neverworkedaday,LRL,2025-12-06,3,USA,MCL,,6.0,F,,6F,D,3,4.0,3.0,,,2.0,1,460.0,210.0,0.0,0.0,10.0,0.0,200.0,250.0,0.0,0.0,200.0,100.0,8,6,46535,0,0,1,6.0,1207.008,6F,0,22018894|LRL|2025-12-06|3
X,22018894,Neverworkedaday,LRL,2025-11-22,9,USA,MSW,,6.0,F,,6F,D,4,5.0,3.0,,,2.0,2,410.0,160.0,0.0,0.0,400.0,675.0,10.0,10.0,0.0,0.0,100.0,25.0,14,8,54345,0,0,1,6.0,1207.008,6F,0,22018894|LRL|2025-11-22|9
X,22018894,Neverworkedaday,LRL,2025-10-18,4,USA,MSW,,6.0,F,,6F,D,6,1.0,1.0,,,2.0,2,0.0,0.0,0.0,0.0,100.0,350.0,10.0,100.0,0.0,0.0,350.0,650.0,62,6,48410,0,0,1,6.0,1207.008,6F,0,22018894|LRL|2025-10-18|4
X,22019160,All the Hardways,LRL,2025-12-26,8,USA,ALW,,5.5,F,,5 1/2F,D,4,6.0,6.0,,,5.0,1,920.0,820.0,0.0,0.0,500.0,0.0,50.0,250.0,0.0,0.0,200.0,50.0,102,8,49000,0,0,1,5.5,1106.424,5 1/2F,0,22019160|LRL|2025-12-26|8
X,22019160,All the Hardways,LRL,2025-12-13,8,USA,ALW,,8.0,F,,1M,D,3,2.0,3.0,4.0,,3.0,5,100.0,200.0,160.0,0.0,200.0,975.0,50.0,50.0,150.0,0.0,10.0,575.0,23,6,48000,0,0,1,8.0,1609.344,1M,0,22019160|LRL|2025-12-13|8
X,22019160,All the Hardways,LRL,2025-11-30,4,USA,ALW,,6.0,F,,6F,D,6,2.0,2.0,,,2.0,3,10.0,300.0,0.0,0.0,150.0,150.0,100.0,50.0,0.0,0.0,10.0,50.0,34,6,48000,0,0,1,6.0,1207.008,6F,0,22019160|LRL|2025-11-30|4
X,22019160,All the Hardways,LRL,2025-10-31,9,USA,ALW,,8.0,F,,1M,D,1,3.0,3.0,4.0,,3.0,3,250.0,400.0,500.0,0.0,800.0,1200.0,10.0,50.0,350.0,0.0,10.0,75.0,6,5,48000,0,0,1,8.0,1609.344,1M,0,22019160|LRL|2025-10-31|9
X,22019160,All the Hardways,LRL,2025-10-11,11,USA,STK,,9.0,F,,1 1/8M,D,6,4.0,4.0,4.0,,5.0,5,560.0,350.0,450.0,0.0,810.0,1300.0,100.0,100.0,100.0,0.0,250.0,700.0,374,6,150000,0,0,1,9.0,1810.5120000000002,1 1/8M,0,22019160|LRL|2025-10-11|11
X,22019251,Zio Lino,LRL,2025-12-21,5,USA,MCL,,6.0,F,,6F,D,4,1.0,2.0,,,3.0,6,0.0,10.0,0.0,0.0,260.0,1025.0,10.0,100.0,0.0,0.0,100.0,25.0,41,7,30500,0,0,1,6.0,1207.008,6F,0,22019251|LRL|2025-12-21|5
X,22019251,Zio Lino,LRL,2025-04-25,8,USA,MCL,,6.0,F,,6F,D,4,5.0,5.0,,,8.0,10,370.0,750.0,0.0,0.0,1010.0,1125.0,50.0,10.0,0.0,0.0,150.0,575.0,145,11,48035,0,0,1,6.0,1207.008,6F,0,22019251|LRL|2025-04-25|8
X,22019251,Zio Lino,CNL,2025-03-13,8,USA,MSW,,6.0,F,,6F,D,1,1.0,1.0,,,3.0,3,0.0,0.0,0.0,0.0,150.0,475.0,50.0,10.0,0.0,0.0,500.0,150.0,27,7,93750,0,0,1,6.0,1207.008,6F,0,22019251|CNL|2025-03-13|8
X,22019251,Zio Lino,LRL,2025-02-21,1,USA,MCL,,6.0,F,,6F,D,7,1.0,1.0,,,1.0,2,0.0,0.0,0.0,0.0,0.0,10.0,150.0,10.0,0.0,0.0,250.0,225.0,79,7,29810,0,0,1,6.0,1207.008,6F,0,22019251|LRL|2025-02-21|1
X,22019572,Stanza,LRL,2025-11-22,9,USA,MSW,,6.0,F,,6F,D,2,8.0,5.0,,,4.0,3,820.0,320.0,0.0,0.0,550.0,700.0,0.0,150.0,0.0,0.0,10.0,425.0,52,8,54345,0,0,1,6.0,1207.008,6F,0,22019572|LRL|2025-11-22|9
X,22019572,Stanza,LRL,2025-10-24,6,USA,MCL,,6.0,F,,6F,T,2,9.0,10.0,,,7.0,4,750.0,1050.0,0.0,0.0,670.0,525.0,50.0,0.0,0.0,0.0,100.0,100.0,49,10,43615,0,0,1,6.0,1207.008,6F,0,22019572|LRL|2025-10-24|6
X,22019572,Stanza,LRL,2025-09-28,6,USA,MCL,,5.5,F,,5 1/2F,T,6,9.0,9.0,,,6.0,2,1030.0,930.0,0.0,0.0,460.0,75.0,200.0,400.0,0.0,0.0,250.0,50.0,43,10,44230,0,0,1,5.5,1106.424,5 1/2F,0,22019572|LRL|2025-09-28|6
X,23000245,First Officer,LRL,2025-11-29,3,USA,MSW,,7.0,F,,7F,D,4,9.0,9.0,,,8.0,8,970.0,2270.0,0.0,0.0,2510.0,2875.0,0.0,0.0,0.0,0.0,800.0,1900.0,1259,9,48500,0,0,1,7.0,1408.176,7F,0,23000245|LRL|2025-11-29|3
X,23000245,First Officer,LRL,2025-11-09,1,USA,MSW,,8.5,F,,1 1/16M,T,11,10.0,10.0,8.0,,6.0,6,960.0,580.0,480.0,0.0,810.0,705.0,50.0,300.0,50.0,0.0,10.0,10.0,886,11,51615,0,0,1,8.5,1709.928,1 1/16M,0,23000245|LRL|2025-11-09|1
,23000245,First Officer,DEL,2025-10-18,1,USA,MSW,,8.0,F,,1M,D,3,2.0,2.0,2.0,,5.0,5,10.0,10.0,10.0,0.0,260.0,660.0,100.0,100.0,10.0,0.0,500.0,375.0,507,6,45000,0,0,0,8.0,1609.344,1M,0,23000245|DEL|2025-10-18|1
X,23000349,Sugar On Fire,LRL,2026-01-09,6,USA,MCL,,6.0,F,,6F,D,1,1.0,1.0,,,3.0,3,0.0,0.0,0.0,0.0,20.0,250.0,10.0,10.0,0.0,0.0,200.0,5.0,40,11,24890,0,0,1,6.0,1207.008,6F,0,23000349|LRL|2026-01-09|6
X,23000349,Sugar On Fire,LRL,2025-12-21,3,USA,MCL,,6.0,F,,6F,D,7,2.0,3.0,,,2.0,2,300.0,60.0,0.0,0.0,200.0,500.0,50.0,250.0,0.0,0.0,150.0,200.0,39,9,28400,0,0,1,6.0,1207.008,6F,0,23000349|LRL|2025-12-21|3
X,23000349,Sugar On Fire,LRL,2025-11-30,5,USA,MCL,,5.5,F,,5 1/2F,D,1,4.0,5.0,,,4.0,2,300.0,650.0,0.0,0.0,800.0,425.0,10.0,400.0,0.0,0.0,300.0,125.0,110,7,27400,0,0,1,5.5,1106.424,5 1/2F,0,23000349|LRL|2025-11-30|5
X,23000349,Sugar On Fire,LRL,2025-10-25,5,USA,MCL,,5.5,F,,5 1/2F,D,3,3.0,5.0,,,8.0,8,210.0,360.0,0.0,0.0,1070.0,950.0,50.0,10.0,0.0,0.0,500.0,10.0,179,11,29760,0,0,1,5.5,1106.424,5 1/2F,0,23000349|LRL|2025-10-25|5
,23000349,Sugar On Fire,DEL,2025-10-11,1,USA,MCL,,6.0,F,,6F,D,4,2.0,2.0,,,2.0,2,10.0,10.0,0.0,0.0,10.0,350.0,50.0,100.0,0.0,0.0,50.0,425.0,426,8,18000,0,0,0,6.0,1207.008,6F,0,23000349|DEL|2025-10-11|1
X,23000358,Gonna Make It,LRL,2025-12-19,6,USA,MCL,,8.5,F,,1 1/16M,D,7,3.0,2.0,2.0,,3.0,3,350.0,250.0,200.0,0.0,500.0,375.0,10.0,10.0,10.0,0.0,50.0,175.0,12,8,25740,0,0,1,8.5,1709.928,1 1/16M,0,23000358|LRL|2025-12-19|6
X,23000358,Gonna Make It,LRL,2025-10-19,6,USA,MCL,,6.0,F,,6F,D,1,8.0,8.0,,,8.0,8,1270.0,1950.0,0.0,0.0,2150.0,1780.0,0.0,0.0,0.0,0.0,0.0,0.0,144,8,34600,0,0,1,6.0,1207.008,6F,0,23000358|LRL|2025-10-19|6
X,23000400,Paynted Lion,LRL,2025-11-28,1,USA,MCL,,8.0,F,,1M,D,10,6.0,6.0,1.0,,1.0,1,510.0,360.0,0.0,0.0,0.0,25.0,10.0,50.0,10.0,0.0,10.0,100.0,93,12,29180,0,0,1,8.0,1609.344,1M,0,23000400|LRL|2025-11-28|1
X,23000400,Paynted Lion,LRL,2025-11-08,2,USA,MCL,,8.5,F,,1 1/16M,D,6,6.0,5.0,3.0,,2.0,2,1220.0,910.0,650.0,0.0,700.0,1275.0,400.0,700.0,100.0,0.0,200.0,300.0,121,7,27760,0,0,1,8.5,1709.928,1 1/16M,0,23000400|LRL|2025-11-08|2
,23000400,Paynted Lion,DEL,2025-10-16,1,USA,MCL,,8.0,F,,1M,D,6,4.0,4.0,4.0,,4.0,3,110.0,510.0,260.0,0.0,400.0,300.0,200.0,50.0,10.0,0.0,100.0,10.0,534,7,20000,0,0,0,8.0,1609.344,1M,0,23000400|DEL|2025-10-16|1
X,23000425,Ever Yours,LRL,2025-11-29,6,USA,MCL,,5.5,F,,5 1/2F,D,8,7.0,9.0,,,11.0,8,1300.0,1380.0,0.0,0.0,1430.0,1495.0,10.0,10.0,0.0,0.0,1500.0,125.0,292,12,30260,0,0,1,5.5,1106.424,5 1/2F,0,23000425|LRL|2025-11-29|6
X,23000425,Ever Yours,LRL,2025-10-31,3,USA,MCL,,8.0,F,,1M,D,1,2.0,1.0,5.0,,6.0,6,10.0,0.0,600.0,0.0,1710.0,2825.0,100.0,10.0,350.0,0.0,350.0,350.0,494,8,33700,0,0,1,8.0,1609.344,1M,0,23000425|LRL|2025-10-31|3
X,23000425,Ever Yours,LRL,2025-10-17,6,USA,MCL,,6.0,F,,6F,D,6,9.0,9.0,,,7.0,5,1310.0,1100.0,0.0,0.0,1200.0,1225.0,0.0,0.0,0.0,0.0,50.0,250.0,310,10,32900,0,0,1,6.0,1207.008,6F,0,23000425|LRL|2025-10-17|6
X,23000429,Stroll Trippin,LRL,2025-12-14,6,USA,MCL,,5.5,F,,5 1/2F,D,2,6.0,6.0,,,3.0,3,570.0,530.0,0.0,0.0,550.0,775.0,450.0,250.0,0.0,0.0,250.0,475.0,259,7,33650,0,0,1,5.5,1106.424,5 1/2F,0,23000429|LRL|2025-12-14|6
X,23000429,Stroll Trippin,CNL,2025-08-06,5,USA,MSW,,5.5,F,,5 1/2F,T,3,10.0,10.0,,,10.0,10,1070.0,1420.0,0.0,0.0,1110.0,1010.0,0.0,0.0,0.0,0.0,0.0,0.0,354,10,70000,0,0,1,5.5,1106.424,5 1/2F,0,23000429|CNL|2025-08-06|5
X,23000429,Stroll Trippin,CNL,2025-07-12,3,USA,MOC,,5.5,F,,5 1/2F,D,5,8.0,8.0,,,6.0,5,1320.0,1320.0,0.0,0.0,910.0,455.0,0.0,0.0,0.0,0.0,150.0,100.0,178,8,55000,0,0,1,5.5,1106.424,5 1/2F,0,23000429|CNL|2025-07-12|3
X,23000429,Stroll Trippin,LRL,2025-05-03,2,USA,MSW,,4.5,F,,4 1/2F,D,6,5.0,,,,4.0,4,500.0,0.0,0.0,0.0,1060.0,2175.0,700.0,0.0,0.0,0.0,50.0,800.0,73,6,51935,0,0,1,4.5,905.2560000000001,4 1/2F,0,23000429|LRL|2025-05-03|2
X,23000452,Cosmic Fate,LRL,2025-11-14,10,USA,MCL,,6.0,F,,6F,D,5,9.0,9.0,,,9.0,8,1370.0,2900.0,0.0,0.0,4100.0,4975.0,0.0,0.0,0.0,0.0,0.0,5.0,178,9,28400,0,0,1,6.0,1207.008,6F,0,23000452|LRL|2025-11-14|10
X,23000688,Juniper's Jubilee,LRL,2025-12-12,5,USA,MSW,,7.0,F,,7F,D,5,4.0,2.0,,,1.0,2,900.0,800.0,0.0,0.0,0.0,50.0,250.0,200.0,0.0,0.0,50.0,150.0,11,5,51700,0,0,1,7.0,1408.176,7F,0,23000688|LRL|2025-12-12|5
X,23000688,Juniper's Jubilee,LRL,2025-11-21,6,USA,MSW,,6.0,F,,6F,D,8,1.0,1.0,,,1.0,2,0.0,0.0,0.0,0.0,0.0,600.0,50.0,300.0,0.0,0.0,200.0,475.0,9,8,49410,0,0,1,6.0,1207.008,6F,0,23000688|LRL|2025-11-21|6
X,23000688,Juniper's Jubilee,LRL,2025-10-31,5,USA,MSW,,6.0,F,,6F,D,4,3.0,2.0,,,2.0,3,200.0,10.0,0.0,0.0,200.0,600.0,50.0,100.0,0.0,0.0,200.0,450.0,30,9,50615,0,0,1,6.0,1207.008,6F,0,23000688|LRL|2025-10-31|5
,23000688,Juniper's Jubilee,DEL,2025-10-08,1,USA,MSW,,6.0,F,,6F,D,8,4.0,3.0,,,3.0,2,300.0,110.0,0.0,0.0,300.0,200.0,10.0,200.0,0.0,0.0,200.0,5.0,48,8,45000,0,0,0,6.0,1207.008,6F,0,23000688|DEL|2025-10-08|1
X,23000766,Pichu,LRL,2025-12-26,4,USA,CLM,,5.5,F,,5 1/2F,D,7,2.0,2.0,,,1.0,1,10.0,10.0,0.0,0.0,0.0,0.0,100.0,250.0,0.0,0.0,50.0,75.0,18,7,27760,0,0,1,5.5,1106.424,5 1/2F,0,23000766|LRL|2025-12-26|4
X,23000766,Pichu,LRL,2025-11-23,2,USA,CLM,,6.0,F,,6F,D,5,2.0,2.0,,,1.0,3,50.0,10.0,0.0,0.0,0.0,335.0,50.0,100.0,0.0,0.0,10.0,200.0,234,6,34050,0,0,1,6.0,1207.008,6F,0,23000766|LRL|2025-11-23|2
X,23000766,Pichu,LRL,2025-10-10,2,USA,CLM,,6.0,F,,6F,D,1,2.0,2.0,,,3.0,4,10.0,200.0,0.0,0.0,400.0,1025.0,50.0,50.0,0.0,0.0,100.0,0.0,58,4,30000,0,0,1,6.0,1207.008,6F,0,23000766|LRL|2025-10-10|2
,23000766,Pichu,DEL,2025-07-26,1,USA,MCL,,5.0,F,,5F,D,2,1.0,1.0,,,1.0,1,0.0,0.0,0.0,0.0,0.0,0.0,10.0,50.0,0.0,0.0,350.0,675.0,38,6,20000,0,0,0,5.0,1005.84,5F,0,23000766|DEL|2025-07-26|1
X,23000894,My Girl Back Home,LRL,2025-11-21,6,USA,MSW,,6.0,F,,6F,D,1,2.0,2.0,,,3.0,4,50.0,300.0,0.0,0.0,400.0,1085.0,300.0,150.0,0.0,0.0,250.0,375.0,185,8,49410,0,0,1,6.0,1207.008,6F,0,23000894|LRL|2025-11-21|6
X,23001038,Just a Click,BAQ,2025-11-02,11,USA,MSW,,6.0,F,,6F,T,12,6.0,6.0,,,8.0,7,410.0,270.0,0.0,0.0,660.0,745.0,10.0,100.0,0.0,0.0,250.0,100.0,361,12,80000,0,0,1,6.0,1207.008,6F,0,23001038|BAQ|2025-11-02|11
X,23001038,Just a Click,BAQ,2025-10-05,5,USA,MSW,,6.0,F,,6F,T,6,3.0,7.0,,,7.0,7,160.0,760.0,0.0,0.0,720.0,650.0,10.0,100.0,0.0,0.0,100.0,75.0,741,12,80000,0,0,1,6.0,1207.008,6F,0,23001038|BAQ|2025-10-05|5
,23001038,Just a Click,FL,2025-09-08,5,USA,MSW,,5.5,F,,5 1/2F,D,1,4.0,3.0,,,3.0,3,350.0,700.0,0.0,0.0,1200.0,875.0,50.0,250.0,0.0,0.0,600.0,650.0,34,6,32600,0,0,0,5.5,1106.424,5 1/2F,0,23001038|FL|2025-09-08|5
X,23001085,Rebel Prince,LRL,2025-11-28,3,USA,MSW,,6.0,F,,6F,D,2,6.0,6.0,,,5.0,6,450.0,670.0,0.0,0.0,750.0,1450.0,100.0,600.0,0.0,0.0,10.0,3050.0,352,7,45500,0,0,1,6.0,1207.008,6F,0,23001085|LRL|2025-11-28|3
X,23001085,Rebel Prince,LRL,2025-11-08,7,USA,MSW,,6.0,F,,6F,D,3,9.0,9.0,,,8.0,5,1660.0,1620.0,0.0,0.0,1270.0,2000.0,400.0,200.0,0.0,0.0,50.0,75.0,302,10,49000,0,0,1,6.0,1207.008,6F,0,23001085|LRL|2025-11-08|7
,23001085,Rebel Prince,DEL,2025-10-18,5,USA,MCL,,6.0,F,,6F,D,3,6.0,6.0,,,5.0,4,300.0,180.0,0.0,0.0,220.0,180.0,10.0,10.0,0.0,0.0,200.0,550.0,86,7,28000,0,0,0,6.0,1207.008,6F,0,23001085|DEL|2025-10-18|5
X,23001371,Plenty On Tap,LRL,2026-01-10,4,USA,MCL,,8.5,F,,1 1/16M,D,4,5.0,4.0,2.0,,2.0,2,270.0,310.0,250.0,0.0,200.0,375.0,300.0,100.0,150.0,0.0,350.0,425.0,50,6,24700,0,0,1,8.5,1709.928,1 1/16M,0,23001371|LRL|2026-01-10|4
X,23001371,Plenty On Tap,LRL,2025-11-28,1,USA,MCL,,8.0,F,,1M,D,9,10.0,5.0,5.0,,4.0,4,630.0,310.0,170.0,0.0,220.0,400.0,250.0,50.0,10.0,0.0,10.0,25.0,123,12,29180,0,0,1,8.0,1609.344,1M,0,23001371|LRL|2025-11-28|1
X,23001371,Plenty On Tap,LRL,2025-11-07,10,USA,MCL,,5.5,F,,5 1/2F,T,1,7.0,7.0,,,7.0,7,510.0,830.0,0.0,0.0,580.0,650.0,200.0,600.0,0.0,0.0,400.0,200.0,56,12,37050,0,0,1,5.5,1106.424,5 1/2F,0,23001371|LRL|2025-11-07|10
X,23001371,Plenty On Tap,LRL,2025-09-26,6,USA,MCL,,5.5,F,,5 1/2F,D,7,7.0,7.0,,,9.0,8,680.0,1050.0,0.0,0.0,1870.0,2775.0,50.0,10.0,0.0,0.0,150.0,100.0,99,10,44845,0,0,1,5.5,1106.424,5 1/2F,0,23001371|LRL|2025-09-26|6
X,23001383,Spidey Man,LRL,2025-12-12,4,USA,AOC,,6.0,F,,6F,D,2,2.0,1.0,,,1.0,1,50.0,0.0,0.0,0.0,0.0,0.0,200.0,10.0,0.0,0.0,250.0,50.0,9,5,53165,0,0,1,6.0,1207.008,6F,0,23001383|LRL|2025-12-12|4
X,23001383,Spidey Man,CNL,2025-09-13,2,USA,MOC,,5.5,F,,5 1/2F,T,8,3.0,2.0,,,1.0,1,60.0,50.0,0.0,0.0,0.0,0.0,100.0,50.0,0.0,0.0,150.0,10.0,73,9,55000,0,0,1,5.5,1106.424,5 1/2F,0,23001383|CNL|2025-09-13|2
X,23001436,Iamdependingonyou,LRL,2026-01-09,7,USA,MSW,,8.0,F,,1M,D,3,3.0,2.0,3.0,,7.0,8,210.0,450.0,500.0,0.0,1360.0,2000.0,100.0,10.0,150.0,0.0,200.0,0.0,590,8,49410,0,0,1,8.0,1609.344,1M,0,23001436|LRL|2026-01-09|7
X,23001436,Iamdependingonyou,LRL,2025-12-07,8,USA,MCL,,8.5,F,,1 1/16M,D,5,6.0,5.0,5.0,,5.0,3,560.0,600.0,760.0,0.0,860.0,1525.0,50.0,10.0,700.0,0.0,1000.0,400.0,676,7,42115,0,0,1,8.5,1709.928,1 1/16M,0,23001436|LRL|2025-12-07|8
X,23001436,Iamdependingonyou,LRL,2025-11-22,3,USA,MCL,,6.0,F,,6F,D,4,6.0,5.0,,,7.0,7,420.0,1050.0,0.0,0.0,1210.0,1280.0,100.0,10.0,0.0,0.0,1000.0,1125.0,501,9,32400,0,0,1,6.0,1207.008,6F,0,23001436|LRL|2025-11-22|3
X,23001436,Iamdependingonyou,LRL,2025-10-31,3,USA,MCL,,8.0,F,,1M,D,5,1.0,2.0,7.0,,8.0,8,0.0,10.0,1150.0,0.0,2310.0,3800.0,10.0,150.0,10.0,0.0,0.0,0.0,74,8,33700,0,0,1,8.0,1609.344,1M,0,23001436|LRL|2025-10-31|3
X,23001458,Take Charge Candy,LRL,2025-12-20,9,USA,MCL,,6.0,F,,6F,D,2,6.0,6.0,,,4.0,4,710.0,710.0,0.0,0.0,600.0,630.0,0.0,0.0,0.0,0.0,100.0,75.0,110,6,24380,0,0,1,6.0,1207.008,6F,0,23001458|LRL|2025-12-20|9
X,23001458,Take Charge Candy,GP,2025-09-19,2,USA,MCL,,8.32,F,,1M 70Y,D,3,6.0,6.0,7.0,,7.0,7,600.0,560.0,750.0,0.0,1060.0,1425.0,50.0,50.0,50.0,0.0,150.0,750.0,289,9,34000,0,0,1,8.32,1673.71776,1M 70Y,1,23001458|GP|2025-09-19|2
X,23001458,Take Charge Candy,GP,2025-08-22,4,USA,MCL,,6.0,F,,6F,D,1,7.0,7.0,,,7.0,6,1210.0,1310.0,0.0,0.0,1400.0,2575.0,0.0,0.0,0.0,0.0,0.0,800.0,77,7,34000,0,0,1,6.0,1207.008,6F,0,23001458|GP|2025-08-22|4
X,23001495,Profound Change,LRL,2025-11-28,3,USA,MSW,,6.0,F,,6F,D,3,3.0,3.0,,,2.0,2,250.0,450.0,0.0,0.0,400.0,775.0,100.0,200.0,0.0,0.0,150.0,325.0,86,7,45500,0,0,1,6.0,1207.008,6F,0,23001495|LRL|2025-11-28|3
X,23001790,Flying Perfection,LRL,2025-11-29,6,USA,MCL,,5.5,F,,5 1/2F,D,4,6.0,6.0,,,8.0,10,1000.0,1170.0,0.0,0.0,1170.0,1670.0,300.0,10.0,0.0,0.0,200.0,50.0,803,12,30260,0,0,1,5.5,1106.424,5 1/2F,0,23001790|LRL|2025-11-29|6
X,23001790,Flying Perfection,LRL,2025-11-02,7,USA,MCL,,6.0,F,,6F,D,2,8.0,8.0,,,7.0,5,1060.0,860.0,0.0,0.0,900.0,1350.0,0.0,0.0,0.0,0.0,100.0,300.0,962,8,33700,0,0,1,6.0,1207.008,6F,0,23001790|LRL|2025-11-02|7
,23001790,Flying Perfection,DEL,2025-10-15,1,USA,MCL,,6.0,F,,6F,D,1,7.0,7.0,,,7.0,6,570.0,370.0,0.0,0.0,570.0,950.0,0.0,0.0,0.0,0.0,0.0,25.0,683,7,20000,0,0,0,6.0,1207.008,6F,0,23001790|DEL|2025-10-15|1
X,23002053,Gonzalo,LRL,2025-12-21,3,USA,MCL,,6.0,F,,6F,D,4,5.0,5.0,,,5.0,5,600.0,510.0,0.0,0.0,850.0,1275.0,200.0,150.0,0.0,0.0,250.0,550.0,144,9,28400,0,0,1,6.0,1207.008,6F,0,23002053|LRL|2025-12-21|3
X,23002053,Gonzalo,LRL,2025-11-30,5,USA,MCL,,5.5,F,,5 1/2F,D,7,5.0,3.0,,,2.0,3,310.0,250.0,0.0,0.0,250.0,550.0,500.0,150.0,0.0,0.0,150.0,725.0,54,7,27400,0,0,1,5.5,1106.424,5 1/2F,0,23002053|LRL|2025-11-30|5
X,23002053,Gonzalo,LRL,2025-11-14,10,USA,MCL,,6.0,F,,6F,D,1,8.0,4.0,,,4.0,3,820.0,1050.0,0.0,0.0,1550.0,1650.0,550.0,50.0,0.0,0.0,50.0,100.0,151,9,28400,0,0,1,6.0,1207.008,6F,0,23002053|LRL|2025-11-14|10
,23002053,Gonzalo,MVR,2025-11-05,1,USA,MCL,,5.0,F,,5F,D,1,4.0,5.0,,,5.0,3,260.0,310.0,0.0,0.0,320.0,310.0,100.0,0.0,0.0,0.0,0.0,25.0,16,5,15600,0,0,0,5.0,1005.84,5F,0,23002053|MVR|2025-11-05|1
X,23002277,Above the Norm,LRL,2025-12-21,3,USA,MCL,,6.0,F,,6F,D,1,1.0,1.0,,,3.0,3,0.0,0.0,0.0,0.0,350.0,700.0,300.0,10.0,0.0,0.0,150.0,175.0,7,9,28400,0,0,1,6.0,1207.008,6F,0,23002277|LRL|2025-12-21|3
X,23002277,Above the Norm,GP,2025-11-01,5,USA,MSW,,8.0,F,,1M,D,7,3.0,4.0,7.0,,8.0,8,150.0,200.0,1000.0,0.0,1660.0,4725.0,10.0,50.0,150.0,0.0,0.0,0.0,66,8,70000,0,0,1,8.0,1609.344,1M,0,23002277|GP|2025-11-01|5
X,23002365,Nemain,LRL,2025-12-26,4,USA,CLM,,5.5,F,,5 1/2F,D,2,5.0,5.0,,,5.0,4,410.0,810.0,0.0,0.0,750.0,725.0,100.0,100.0,0.0,0.0,100.0,75.0,106,7,27760,0,0,1,5.5,1106.424,5 1/2F,0,23002365|LRL|2025-12-26|4
X,23002365,Nemain,LRL,2025-11-23,2,USA,CLM,,6.0,F,,6F,D,6,3.0,6.0,,,6.0,6,100.0,270.0,0.0,0.0,810.0,1385.0,150.0,0.0,0.0,0.0,0.0,0.0,15,6,34050,0,0,1,6.0,1207.008,6F,0,23002365|LRL|2025-11-23|2
X,23002365,Nemain,LRL,2025-11-02,5,USA,CLM,,6.0,F,,6F,D,1,6.0,6.0,,,4.0,3,850.0,710.0,0.0,0.0,650.0,400.0,0.0,0.0,0.0,0.0,200.0,50.0,29,6,33600,0,0,1,6.0,1207.008,6F,0,23002365|LRL|2025-11-02|5
X,23002365,Nemain,CNL,2025-08-16,2,USA,MCL,,6.0,F,,6F,D,1,3.0,2.0,,,1.0,1,200.0,200.0,0.0,0.0,0.0,0.0,100.0,150.0,0.0,0.0,250.0,25.0,77,7,40000,0,0,1,6.0,1207.008,6F,0,23002365|CNL|2025-08-16|2
X,23002465,Pie Phi,LRL,2025-10-10,6,USA,MSW,,7.0,F,,7F,D,12,4.0,2.0,,,6.0,4,160.0,150.0,0.0,0.0,920.0,1300.0,50.0,10.0,0.0,0.0,150.0,10.0,879,12,50705,0,0,1,7.0,1408.176,7F,0,23002465|LRL|2025-10-10|6
X,23002465,Pie Phi,LRL,2025-09-19,6,USA,MSW,,8.0,F,,1M,T,10,3.0,4.0,5.0,,6.0,6,250.0,560.0,450.0,0.0,1060.0,1575.0,50.0,150.0,200.0,0.0,250.0,275.0,190,10,49000,0,0,1,8.0,1609.344,1M,0,23002465|LRL|2025-09-19|6
X,23002465,Pie Phi,SAR,2025-08-31,7,USA,MSW,,6.0,F,,6F,D,9,10.0,12.0,,,12.0,12,1080.0,1030.0,0.0,0.0,1370.0,2025.0,350.0,0.0,0.0,0.0,0.0,0.0,530,12,100000,0,0,1,6.0,1207.008,6F,0,23002465|SAR|2025-08-31|7
,23002688,Secret Oaks,PRX,2026-01-05,1,USA,MCL,,8.32,F,,1M 70Y,D,1,6.0,5.0,3.0,,3.0,1,500.0,360.0,800.0,0.0,650.0,0.0,10.0,200.0,50.0,0.0,300.0,10.0,49,9,19000,0,0,0,8.32,1673.71776,1M 70Y,1,23002688|PRX|2026-01-05|1
X,23002688,Secret Oaks,LRL,2025-12-14,3,USA,MCL,,6.0,F,,6F,D,2,8.0,6.0,,,6.0,3,710.0,660.0,0.0,0.0,600.0,525.0,0.0,10.0,0.0,0.0,350.0,100.0,39,8,25700,0,0,1,6.0,1207.008,6F,0,23002688|LRL|2025-12-14|3
X,23002714,Lundi Loot,LRL,2025-12-12,4,USA,AOC,,6.0,F,,6F,D,3,4.0,4.0,,,2.0,3,300.0,270.0,0.0,0.0,250.0,75.0,350.0,350.0,0.0,0.0,200.0,775.0,12,5,53165,0,0,1,6.0,1207.008,6F,0,23002714|LRL|2025-12-12|4
X,23002714,Lundi Loot,LRL,2025-11-08,9,USA,STK,,6.0,F,,6F,D,6,6.0,6.0,,,6.0,4,270.0,550.0,0.0,0.0,710.0,760.0,550.0,500.0,0.0,0.0,10.0,100.0,78,10,100000,0,0,1,6.0,1207.008,6F,0,23002714|LRL|2025-11-08|9
X,23002714,Lundi Loot,LRL,2025-10-11,9,USA,STK,,6.0,F,,6F,D,1,5.0,4.0,,,3.0,3,220.0,350.0,0.0,0.0,200.0,100.0,200.0,10.0,0.0,0.0,10.0,100.0,56,13,102040,0,0,1,6.0,1207.008,6F,0,23002714|LRL|2025-10-11|9
,23002714,Lundi Loot,DEL,2025-09-28,2,USA,AOC,,6.0,F,,6F,D,5,2.0,2.0,,,2.0,2,50.0,10.0,0.0,0.0,100.0,225.0,50.0,100.0,0.0,0.0,200.0,450.0,6,8,72000,0,0,0,6.0,1207.008,6F,0,23002714|DEL|2025-09-28|2
X,23002915,My Boy Bud,LRL,2025-12-05,1,USA,CLM,,7.0,F,,7F,D,6,6.0,8.0,,,8.0,7,1200.0,1860.0,0.0,0.0,1600.0,1585.0,10.0,0.0,0.0,0.0,0.0,100.0,326,8,28260,0,0,1,7.0,1408.176,7F,0,23002915|LRL|2025-12-05|1
X,23002915,My Boy Bud,LRL,2025-10-19,8,USA,MCL,,8.0,F,,1M,D,5,5.0,4.0,1.0,,1.0,1,360.0,200.0,0.0,0.0,0.0,0.0,50.0,50.0,50.0,0.0,150.0,50.0,33,7,27760,0,0,1,8.0,1609.344,1M,0,23002915|LRL|2025-10-19|8
X,23002915,My Boy Bud,LRL,2025-10-03,2,USA,MCL,,8.0,F,,1M,D,4,4.0,3.0,3.0,,3.0,3,210.0,210.0,700.0,0.0,1100.0,1450.0,10.0,50.0,100.0,0.0,400.0,625.0,63,6,27260,0,0,1,8.0,1609.344,1M,0,23002915|LRL|2025-10-03|2
,23002961,Tap Into Grace,PEN,2025-11-26,4,USA,STK,,6.0,F,,6F,D,3,3.0,3.0,,,2.0,2,110.0,110.0,0.0,0.0,200.0,50.0,100.0,100.0,0.0,0.0,10.0,325.0,33,5,50000,0,0,0,6.0,1207.008,6F,0,23002961|PEN|2025-11-26|4
X,23002961,Tap Into Grace,LRL,2025-10-25,6,USA,AOC,,6.0,F,,6F,T,3,10.0,10.0,,,7.0,1,970.0,1060.0,0.0,0.0,570.0,0.0,0.0,0.0,0.0,0.0,50.0,5.0,175,10,51000,0,0,1,6.0,1207.008,6F,0,23002961|LRL|2025-10-25|6
X,23002961,Tap Into Grace,CNL,2025-09-12,3,USA,MOC,,5.0,F,,5F,D,7,5.0,3.0,,,2.0,1,610.0,250.0,0.0,0.0,10.0,0.0,50.0,200.0,0.0,0.0,150.0,175.0,33,8,55000,0,0,1,5.0,1005.84,5F,0,23002961|CNL|2025-09-12|3
X,23002970,Hoof and Boots,LRL,2025-11-21,6,USA,MSW,,6.0,F,,6F,D,6,8.0,5.0,,,5.0,5,1010.0,750.0,0.0,0.0,950.0,1460.0,0.0,150.0,0.0,0.0,350.0,700.0,85,8,49410,0,0,1,6.0,1207.008,6F,0,23002970|LRL|2025-11-21|6
X,23002970,Hoof and Boots,LRL,2025-10-17,6,USA,MCL,,6.0,F,,6F,D,3,8.0,8.0,,,4.0,3,1060.0,750.0,0.0,0.0,650.0,425.0,250.0,350.0,0.0,0.0,250.0,450.0,68,10,32900,0,0,1,6.0,1207.008,6F,0,23002970|LRL|2025-10-17|6
X,23002970,Hoof and Boots,LRL,2025-09-19,6,USA,MSW,,8.0,F,,1M,T,2,10.0,9.0,10.0,,10.0,10,1350.0,1120.0,1200.0,0.0,2010.0,2675.0,0.0,10.0,0.0,0.0,0.0,0.0,57,10,49000,0,0,1,8.0,1609.344,1M,0,23002970|LRL|2025-09-19|6
,23003171,Emma Mermaid,TIM,2025-08-24,4,USA,MSW,,4.0,F,,4F,D,1,7.0,,,,7.0,7,1760.0,0.0,0.0,0.0,1760.0,1535.0,0.0,0.0,0.0,0.0,0.0,0.0,35,7,46710,0,0,0,4.0,804.672,4F,0,23003171|TIM|2025-08-24|4
,23003420,Princess Azara,FL,2025-10-20,6,USA,MSW,,6.0,F,,6F,D,7,2.0,1.0,,,1.0,2,10.0,0.0,0.0,0.0,0.0,475.0,250.0,10.0,0.0,0.0,150.0,275.0,24,9,32600,0,0,0,6.0,1207.008,6F,0,23003420|FL|2025-10-20|6
,23003420,Princess Azara,FL,2025-09-24,2,USA,MSW,,6.0,F,,6F,D,3,1.0,1.0,,,1.0,2,0.0,0.0,0.0,0.0,0.0,150.0,100.0,350.0,0.0,0.0,300.0,425.0,30,5,32600,0,0,0,6.0,1207.008,6F,0,23003420|FL|2025-09-24|2
X,23003420,Princess Azara,SAR,2025-08-28,6,USA,MSW,,6.0,F,,6F,D,8,8.0,8.0,,,8.0,8,860.0,1570.0,0.0,0.0,2170.0,3950.0,900.0,1400.0,0.0,0.0,1250.0,2400.0,370,9,90000,0,0,1,6.0,1207.008,6F,0,23003420|SAR|2025-08-28|6
X,23003648,Beautiful Quality,LRL,2025-12-19,1,USA,MCL,,5.5,F,,5 1/2F,D,7,5.0,6.0,,,6.0,7,970.0,870.0,0.0,0.0,1010.0,1600.0,10.0,700.0,0.0,0.0,50.0,0.0,241,7,30950,0,0,1,5.5,1106.424,5 1/2F,0,23003648|LRL|2025-12-19|1
X,23004092,Pencil Me In,LRL,2026-01-10,4,USA,MCL,,8.5,F,,1 1/16M,D,2,3.0,1.0,1.0,,1.0,1,20.0,0.0,0.0,0.0,0.0,0.0,50.0,100.0,250.0,0.0,200.0,375.0,20,6,24700,0,0,1,8.5,1709.928,1 1/16M,0,23004092|LRL|2026-01-10|4
X,23004092,Pencil Me In,LRL,2025-12-19,6,USA,MCL,,8.5,F,,1 1/16M,D,5,4.0,3.0,3.0,,2.0,2,360.0,260.0,210.0,0.0,250.0,50.0,200.0,150.0,200.0,0.0,250.0,325.0,98,8,25740,0,0,1,8.5,1709.928,1 1/16M,0,23004092|LRL|2025-12-19|6
X,23004092,Pencil Me In,LRL,2025-11-28,9,USA,MCL,,6.0,F,,6F,D,5,5.0,6.0,,,6.0,5,320.0,720.0,0.0,0.0,970.0,1575.0,250.0,250.0,0.0,0.0,150.0,400.0,146,7,31850,0,0,1,6.0,1207.008,6F,0,23004092|LRL|2025-11-28|9
X,23004092,Pencil Me In,LRL,2025-11-01,4,USA,MSW,,8.5,F,,1 1/16M,D,4,5.0,3.0,6.0,,7.0,7,460.0,210.0,870.0,0.0,1600.0,2925.0,10.0,150.0,100.0,0.0,400.0,575.0,219,8,46000,0,0,1,8.5,1709.928,1 1/16M,0,23004092|LRL|2025-11-01|4
X,23004092,Pencil Me In,LRL,2025-09-28,2,USA,MCL,,8.0,F,,1M,D,7,2.0,2.0,5.0,,4.0,4,150.0,150.0,710.0,0.0,1700.0,2300.0,10.0,200.0,200.0,0.0,300.0,450.0,90,7,47035,0,0,1,8.0,1609.344,1M,0,23004092|LRL|2025-09-28|2
,23004126,Eimear,PEN,2025-12-11,3,USA,MCL,,6.0,F,,6F,D,4,6.0,4.0,,,4.0,4,330.0,650.0,0.0,0.0,600.0,410.0,10.0,50.0,0.0,0.0,200.0,225.0,112,9,21000,0,0,0,6.0,1207.008,6F,0,23004126|PEN|2025-12-11|3
X,23004126,Eimear,LRL,2025-11-22,5,USA,MSW,,8.0,F,,1M,T,12,6.0,6.0,7.0,,10.0,10,460.0,460.0,810.0,0.0,1970.0,2400.0,50.0,200.0,150.0,0.0,200.0,200.0,1613,12,50000,0,0,1,8.0,1609.344,1M,0,23004126|LRL|2025-11-22|5
X,23004126,Eimear,LRL,2025-11-02,7,USA,MCL,,6.0,F,,6F,D,3,2.0,3.0,,,4.0,6,50.0,250.0,0.0,0.0,500.0,1650.0,10.0,10.0,0.0,0.0,100.0,50.0,265,8,33700,0,0,1,6.0,1207.008,6F,0,23004126|LRL|2025-11-02|7
X,23004204,Play It Cool,LRL,2025-10-18,1,USA,MSW,,8.0,F,,1M,T,10,7.0,7.0,7.0,,5.0,4,720.0,610.0,610.0,0.0,800.0,750.0,50.0,150.0,200.0,0.0,10.0,10.0,54,10,53935,0,0,1,8.0,1609.344,1M,0,23004204|LRL|2025-10-18|1
X,23004204,Play It Cool,LRL,2025-10-04,5,USA,MSW,,8.0,F,,1M,T,4,5.0,5.0,6.0,,7.0,8,560.0,370.0,570.0,0.0,370.0,855.0,10.0,10.0,250.0,0.0,400.0,1850.0,40,9,48500,0,0,1,8.0,1609.344,1M,0,23004204|LRL|2025-10-04|5
X,23004204,Play It Cool,CNL,2025-09-10,1,USA,MSW,,8.0,F,,1M,T,4,5.0,6.0,5.0,,5.0,2,410.0,450.0,400.0,0.0,420.0,225.0,10.0,250.0,500.0,0.0,500.0,10.0,147,7,87500,0,0,1,8.0,1609.344,1M,0,23004204|CNL|2025-09-10|1
X,23004276,As the Bell Toles,LRL,2025-11-21,1,USA,MSW,,5.5,F,,5 1/2F,T,9,10.0,11.0,,,11.0,9,1150.0,1130.0,0.0,0.0,970.0,495.0,10.0,0.0,0.0,0.0,0.0,100.0,86,11,49500,0,0,1,5.5,1106.424,5 1/2F,0,23004276|LRL|2025-11-21|1
X,23004276,As the Bell Toles,LRL,2025-10-31,7,USA,MSW,,5.5,F,,5 1/2F,D,6,5.0,5.0,,,5.0,4,310.0,610.0,0.0,0.0,950.0,860.0,450.0,300.0,0.0,0.0,250.0,275.0,41,11,54435,0,0,1,5.5,1106.424,5 1/2F,0,23004276|LRL|2025-10-31|7
X,23004276,As the Bell Toles,LRL,2025-10-10,5,USA,MSW,,5.5,F,,5 1/2F,T,6,2.0,7.0,,,7.0,7,100.0,760.0,0.0,0.0,1000.0,435.0,10.0,250.0,0.0,0.0,250.0,350.0,54,10,49000,0,0,1,5.5,1106.424,5 1/2F,0,23004276|LRL|2025-10-10|5
X,23004415,Tiz the Great,LRL,2025-12-13,4,USA,MCL,,8.0,F,,1M,D,4,3.0,3.0,5.0,,6.0,6,300.0,160.0,260.0,0.0,620.0,860.0,100.0,100.0,10.0,0.0,0.0,0.0,17,6,30450,0,0,1,8.0,1609.344,1M,0,23004415|LRL|2025-12-13|4
X,23004415,Tiz the Great,LRL,2025-11-23,9,USA,MCL,,8.5,F,,1 1/16M,D,8,3.0,2.0,1.0,,1.0,2,150.0,10.0,0.0,0.0,0.0,25.0,100.0,10.0,250.0,0.0,350.0,75.0,24,9,32400,0,0,1,8.5,1709.928,1 1/16M,0,23004415|LRL|2025-11-23|9
X,23004415,Tiz the Great,LRL,2025-10-19,6,USA,MCL,,6.0,F,,6F,D,3,7.0,7.0,,,6.0,5,1260.0,1550.0,0.0,0.0,1300.0,655.0,10.0,400.0,0.0,0.0,350.0,375.0,43,8,34600,0,0,1,6.0,1207.008,6F,0,23004415|LRL|2025-10-19|6
,23004415,Tiz the Great,DEL,2025-09-25,7,USA,MCL,,6.0,F,,6F,D,1,5.0,3.0,,,3.0,5,320.0,210.0,0.0,0.0,200.0,240.0,150.0,400.0,0.0,0.0,100.0,325.0,81,7,28000,0,0,0,6.0,1207.008,6F,0,23004415|DEL|2025-09-25|7
X,23004610,Bala de Plata,LRL,2025-11-23,3,USA,AOC,,8.0,F,,1M,D,3,1.0,1.0,1.0,,1.0,2,0.0,0.0,0.0,0.0,0.0,5.0,100.0,200.0,300.0,0.0,250.0,575.0,73,7,49500,0,0,1,8.0,1609.344,1M,0,23004610|LRL|2025-11-23|3
X,23004610,Bala de Plata,LRL,2025-11-02,9,USA,AOC,,8.5,F,,1 1/16M,D,7,1.0,1.0,1.0,,1.0,1,0.0,0.0,0.0,0.0,0.0,0.0,150.0,250.0,250.0,0.0,400.0,250.0,69,7,50970,0,0,1,8.5,1709.928,1 1/16M,0,23004610|LRL|2025-11-02|9
,23004610,Bala de Plata,PRX,2025-10-14,3,USA,MCL,,8.0,F,,1M,D,4,5.0,3.0,1.0,,1.0,1,130.0,60.0,0.0,0.0,0.0,0.0,600.0,150.0,100.0,0.0,300.0,50.0,7,7,32000,0,0,0,8.0,1609.344,1M,0,23004610|PRX|2025-10-14|3
X,23004717,Stylish Gem,LRL,2025-12-14,6,USA,MCL,,5.5,F,,5 1/2F,D,3,4.0,4.0,,,4.0,4,170.0,170.0,0.0,0.0,800.0,1250.0,50.0,10.0,0.0,0.0,300.0,700.0,71,7,33650,0,0,1,5.5,1106.424,5 1/2F,0,23004717|LRL|2025-12-14|6
X,23004717,Stylish Gem,LRL,2025-11-22,3,USA,MCL,,6.0,F,,6F,D,5,8.0,7.0,,,5.0,4,720.0,1210.0,0.0,0.0,710.0,530.0,400.0,200.0,0.0,0.0,100.0,200.0,54,9,32400,0,0,1,6.0,1207.008,6F,0,23004717|LRL|2025-11-22|3
X,23004717,Stylish Gem,LRL,2025-11-02,7,USA,MCL,,6.0,F,,6F,D,5,4.0,2.0,,,2.0,2,210.0,50.0,0.0,0.0,300.0,725.0,200.0,200.0,0.0,0.0,150.0,200.0,46,8,33700,0,0,1,6.0,1207.008,6F,0,23004717|LRL|2025-11-02|7
X,23004717,Stylish Gem,LRL,2025-10-03,5,USA,MCL,,6.0,F,,6F,D,7,6.0,3.0,,,3.0,3,700.0,250.0,0.0,0.0,350.0,425.0,10.0,10.0,0.0,0.0,100.0,225.0,10,11,29400,0,0,1,6.0,1207.008,6F,0,23004717|LRL|2025-10-03|5
X,23004937,Holy Storm,LRL,2025-12-13,9,USA,CLM,,6.0,F,,6F,D,1,4.0,4.0,,,2.0,3,400.0,210.0,0.0,0.0,200.0,185.0,300.0,200.0,0.0,0.0,100.0,875.0,70,7,34550,0,0,1,6.0,1207.008,6F,0,23004937|LRL|2025-12-13|9
X,23004937,Holy Storm,LRL,2025-11-02,5,USA,CLM,,6.0,F,,6F,D,5,3.0,3.0,,,3.0,2,250.0,200.0,0.0,0.0,350.0,375.0,50.0,400.0,0.0,0.0,300.0,25.0,66,6,33600,0,0,1,6.0,1207.008,6F,0,23004937|LRL|2025-11-02|5
X,23004937,Holy Storm,LRL,2025-10-03,5,USA,MCL,,6.0,F,,6F,D,8,2.0,2.0,,,1.0,1,400.0,100.0,0.0,0.0,0.0,0.0,100.0,150.0,0.0,0.0,300.0,400.0,44,11,29400,0,0,1,6.0,1207.008,6F,0,23004937|LRL|2025-10-03|5
X,23004937,Holy Storm,LRL,2025-09-07,6,USA,MCL,,5.5,F,,5 1/2F,D,8,4.0,4.0,,,1.0,2,210.0,170.0,0.0,0.0,0.0,10.0,50.0,100.0,0.0,0.0,150.0,475.0,77,8,27480,0,0,1,5.5,1106.424,5 1/2F,0,23004937|LRL|2025-09-07|6
X,23004968,Sin Sin,LRL,2026-01-09,6,USA,MCL,,6.0,F,,6F,D,3,4.0,5.0,,,6.0,4,420.0,320.0,0.0,0.0,330.0,255.0,50.0,200.0,0.0,0.0,150.0,25.0,60,11,24890,0,0,1,6.0,1207.008,6F,0,23004968|LRL|2026-01-09|6
X,23004968,Sin Sin,LRL,2025-12-21,3,USA,MCL,,6.0,F,,6F,D,5,3.0,4.0,,,4.0,4,350.0,310.0,0.0,0.0,500.0,875.0,150.0,200.0,0.0,0.0,350.0,400.0,49,9,28400,0,0,1,6.0,1207.008,6F,0,23004968|LRL|2025-12-21|3
X,23004968,Sin Sin,LRL,2025-11-14,10,USA,MCL,,6.0,F,,6F,D,2,6.0,7.0,,,6.0,4,610.0,1400.0,0.0,0.0,1750.0,1750.0,200.0,300.0,0.0,0.0,250.0,225.0,44,9,28400,0,0,1,6.0,1207.008,6F,0,23004968|LRL|2025-11-14|10
,23004968,Sin Sin,DEL,2025-10-16,1,USA,MCL,,8.0,F,,1M,D,1,1.0,1.0,3.0,,6.0,7,0.0,0.0,60.0,0.0,510.0,1585.0,50.0,50.0,200.0,0.0,50.0,0.0,119,7,20000,0,0,0,8.0,1609.344,1M,0,23004968|DEL|2025-10-16|1
,23004968,Sin Sin,DEL,2025-10-02,4,USA,MCL,,5.5,F,,5 1/2F,D,7,5.0,4.0,,,3.0,4,250.0,110.0,0.0,0.0,250.0,385.0,50.0,100.0,0.0,0.0,100.0,225.0,15,7,20000,0,0,0,5.5,1106.424,5 1/2F,0,23004968|DEL|2025-10-02|4
X,23004974,Fiesta La Luna,LRL,2025-12-05,4,USA,CLM,,5.5,F,,5 1/2F,D,4,4.0,4.0,,,4.0,4,260.0,360.0,0.0,0.0,660.0,1375.0,0.0,0.0,0.0,0.0,0.0,0.0,52,4,41600,0,0,1,5.5,1106.424,5 1/2F,0,23004974|LRL|2025-12-05|4
X,23004974,Fiesta La Luna,LRL,2025-11-09,5,USA,MCL,,6.0,F,,6F,D,7,2.0,2.0,,,1.0,1,100.0,100.0,0.0,0.0,0.0,0.0,250.0,600.0,0.0,0.0,50.0,775.0,37,7,27760,0,0,1,6.0,1207.008,6F,0,23004974|LRL|2025-11-09|5
X,23004974,Fiesta La Luna,LRL,2025-10-17,6,USA,MCL,,6.0,F,,6F,D,9,1.0,2.0,,,3.0,4,0.0,100.0,0.0,0.0,350.0,875.0,10.0,100.0,0.0,0.0,300.0,350.0,268,10,32900,0,0,1,6.0,1207.008,6F,0,23004974|LRL|2025-10-17|6
X,23005036,Princess Charming,LRL,2025-12-19,7,USA,MCL,,6.0,F,,6F,D,1,7.0,7.0,,,7.0,7,2210.0,3650.0,0.0,0.0,3760.0,6325.0,0.0,0.0,0.0,0.0,0.0,0.0,55,7,42730,0,0,1,6.0,1207.008,6F,0,23005036|LRL|2025-12-19|7
X,23005036,Princess Charming,LRL,2025-11-22,3,USA,MCL,,6.0,F,,6F,D,8,7.0,6.0,,,6.0,2,520.0,1060.0,0.0,0.0,810.0,475.0,200.0,150.0,0.0,0.0,400.0,50.0,127,9,32400,0,0,1,6.0,1207.008,6F,0,23005036|LRL|2025-11-22|3
X,23005036,Princess Charming,LRL,2025-10-17,6,USA,MCL,,6.0,F,,6F,D,4,7.0,7.0,,,8.0,7,910.0,600.0,0.0,0.0,1250.0,1750.0,150.0,150.0,0.0,0.0,150.0,100.0,44,10,32900,0,0,1,6.0,1207.008,6F,0,23005036|LRL|2025-10-17|6
X,23005036,Princess Charming,LRL,2025-09-20,2,USA,MCL,,6.0,F,,6F,D,8,2.0,2.0,,,2.0,2,50.0,50.0,0.0,0.0,10.0,425.0,50.0,300.0,0.0,0.0,200.0,50.0,21,8,34600,0,0,1,6.0,1207.008,6F,0,23005036|LRL|2025-09-20|2
X,23005166,Fowl Mouth,LRL,2025-12-13,5,USA,CLM,,8.0,F,,1M,D,7,3.0,2.0,4.0,,7.0,7,300.0,50.0,210.0,0.0,1450.0,2475.0,300.0,100.0,50.0,0.0,0.0,0.0,29,7,45300,0,0,1,8.0,1609.344,1M,0,23005166|LRL|2025-12-13|5
X,23005166,Fowl Mouth,LRL,2025-11-09,2,USA,CLM,,6.0,F,,6F,D,3,5.0,5.0,,,3.0,2,850.0,810.0,0.0,0.0,650.0,500.0,50.0,250.0,0.0,0.0,10.0,150.0,10,6,31350,0,0,1,6.0,1207.008,6F,0,23005166|LRL|2025-11-09|2
,23005166,Fowl Mouth,DEL,2025-09-28,2,USA,AOC,,6.0,F,,6F,D,3,8.0,7.0,,,7.0,6,400.0,420.0,0.0,0.0,610.0,925.0,0.0,10.0,0.0,0.0,50.0,75.0,74,8,72000,0,0,0,6.0,1207.008,6F,0,23005166|DEL|2025-09-28|2
,23005166,Fowl Mouth,DEL,2025-09-14,6,USA,STK,,6.0,F,,6F,D,2,1.0,2.0,,,3.0,6,0.0,100.0,0.0,0.0,250.0,1210.0,50.0,10.0,0.0,0.0,100.0,225.0,27,8,100000,0,0,0,6.0,1207.008,6F,0,23005166|DEL|2025-09-14|6
X,23005168,Greyline Station,LRL,2025-12-13,4,USA,MCL,,8.0,F,,1M,D,2,6.0,5.0,3.0,,2.0,2,600.0,270.0,150.0,0.0,10.0,50.0,0.0,50.0,100.0,0.0,100.0,350.0,31,6,30450,0,0,1,8.0,1609.344,1M,0,23005168|LRL|2025-12-13|4
X,23005168,Greyline Station,LRL,2025-11-29,3,USA,MSW,,7.0,F,,7F,D,7,7.0,6.0,,,7.0,5,670.0,1410.0,0.0,0.0,1010.0,900.0,150.0,10.0,0.0,0.0,1500.0,50.0,326,9,48500,0,0,1,7.0,1408.176,7F,0,23005168|LRL|2025-11-29|3
X,23005168,Greyline Station,LRL,2025-10-19,6,USA,MCL,,6.0,F,,6F,D,4,6.0,5.0,,,5.0,4,1160.0,1250.0,0.0,0.0,1000.0,650.0,100.0,100.0,0.0,0.0,300.0,5.0,75,8,34600,0,0,1,6.0,1207.008,6F,0,23005168|LRL|2025-10-19|6
X,23005289,Disney Belle,LRL,2025-12-07,8,USA,MCL,,8.5,F,,1 1/16M,D,4,2.0,2.0,2.0,,3.0,4,50.0,50.0,10.0,0.0,700.0,1925.0,150.0,100.0,100.0,0.0,10.0,75.0,61,7,42115,0,0,1,8.5,1709.928,1 1/16M,0,23005289|LRL|2025-12-07|8
X,23005289,Disney Belle,LRL,2025-10-31,3,USA,MCL,,8.0,F,,1M,D,8,4.0,5.0,4.0,,4.0,3,160.0,360.0,400.0,0.0,660.0,725.0,100.0,10.0,200.0,0.0,800.0,50.0,97,8,33700,0,0,1,8.0,1609.344,1M,0,23005289|LRL|2025-10-31|3
X,23005289,Disney Belle,LRL,2025-10-10,6,USA,MSW,,7.0,F,,7F,D,11,3.0,3.0,,,11.0,11,110.0,160.0,0.0,0.0,1770.0,3445.0,50.0,10.0,0.0,0.0,1500.0,1525.0,411,12,50705,0,0,1,7.0,1408.176,7F,0,23005289|LRL|2025-10-10|6
X,23005429,Paid Vacation,LRL,2025-12-13,4,USA,MCL,,8.0,F,,1M,D,1,2.0,2.0,4.0,,5.0,5,200.0,150.0,250.0,0.0,470.0,850.0,100.0,10.0,10.0,0.0,150.0,10.0,99,6,30450,0,0,1,8.0,1609.344,1M,0,23005429|LRL|2025-12-13|4
X,23005429,Paid Vacation,LRL,2025-11-23,9,USA,MCL,,8.5,F,,1 1/16M,D,2,1.0,1.0,2.0,,3.0,5,0.0,0.0,250.0,0.0,360.0,300.0,50.0,10.0,10.0,0.0,10.0,800.0,295,9,32400,0,0,1,8.5,1709.928,1 1/16M,0,23005429|LRL|2025-11-23|9
X,23005429,Paid Vacation,LRL,2025-11-01,4,USA,MSW,,8.5,F,,1 1/16M,D,1,2.0,4.0,5.0,,6.0,5,200.0,360.0,860.0,0.0,1250.0,1775.0,200.0,10.0,10.0,0.0,350.0,250.0,733,8,46000,0,0,1,8.5,1709.928,1 1/16M,0,23005429|LRL|2025-11-01|4
X,23005429,Paid Vacation,LRL,2025-09-26,6,USA,MCL,,5.5,F,,5 1/2F,D,6,8.0,8.0,,,5.0,6,730.0,1060.0,0.0,0.0,1550.0,2100.0,500.0,250.0,0.0,0.0,50.0,100.0,441,10,44845,0,0,1,5.5,1106.424,5 1/2F,0,23005429|LRL|2025-09-26|6
X,23005541,Curlene's Spirit,LRL,2025-11-23,2,USA,CLM,,6.0,F,,6F,D,4,6.0,3.0,,,2.0,1,410.0,110.0,0.0,0.0,10.0,0.0,0.0,50.0,0.0,0.0,100.0,10.0,31,6,34050,0,0,1,6.0,1207.008,6F,0,23005541|LRL|2025-11-23|2
X,23005541,Curlene's Spirit,LRL,2025-11-02,7,USA,MCL,,6.0,F,,6F,D,4,3.0,1.0,,,1.0,1,60.0,0.0,0.0,0.0,0.0,0.0,150.0,50.0,0.0,0.0,300.0,725.0,11,8,33700,0,0,1,6.0,1207.008,6F,0,23005541|LRL|2025-11-02|7
X,23005541,Curlene's Spirit,LRL,2025-10-24,4,USA,MCL,,5.5,F,,5 1/2F,D,4,3.0,3.0,,,2.0,2,60.0,20.0,0.0,0.0,50.0,25.0,10.0,300.0,0.0,0.0,10.0,175.0,10,8,25740,0,0,1,5.5,1106.424,5 1/2F,0,23005541|LRL|2025-10-24|4
X,23005607,Mo Missile,LRL,2025-11-21,4,USA,AOC,,6.0,F,,6F,D,1,4.0,5.0,,,7.0,7,260.0,400.0,0.0,0.0,960.0,1430.0,50.0,150.0,0.0,0.0,0.0,0.0,93,7,53910,0,0,1,6.0,1207.008,6F,0,23005607|LRL|2025-11-21|4
X,23005607,Mo Missile,LRL,2025-10-10,2,USA,CLM,,6.0,F,,6F,D,4,1.0,1.0,,,1.0,1,0.0,0.0,0.0,0.0,0.0,0.0,10.0,200.0,0.0,0.0,250.0,225.0,6,4,30000,0,0,1,6.0,1207.008,6F,0,23005607|LRL|2025-10-10|2
X,23005607,Mo Missile,LRL,2025-09-13,5,USA,MCL,,5.5,F,,5 1/2F,D,9,1.0,1.0,,,1.0,1,0.0,0.0,0.0,0.0,0.0,0.0,300.0,150.0,0.0,0.0,250.0,50.0,11,10,27100,0,0,1,5.5,1106.424,5 1/2F,0,23005607|LRL|2025-09-13|5
X,23005638,Slewperstitus,LRL,2025-12-06,8,USA,STK,,7.0,F,,7F,D,4,3.0,3.0,,,2.0,2,250.0,150.0,0.0,0.0,150.0,175.0,50.0,400.0,0.0,0.0,250.0,600.0,16,5,125000,0,0,1,7.0,1408.176,7F,0,23005638|LRL|2025-12-06|8
X,23005638,Slewperstitus,LRL,2025-10-11,5,USA,STK,,6.0,F,,6F,D,7,7.0,4.0,,,2.0,1,320.0,170.0,0.0,0.0,50.0,0.0,200.0,100.0,0.0,0.0,150.0,25.0,8,9,101000,0,0,1,6.0,1207.008,6F,0,23005638|LRL|2025-10-11|5
X,23005638,Slewperstitus,CNL,2025-08-23,3,USA,STK,,5.5,F,,5 1/2F,T,3,4.0,5.0,,,4.0,2,250.0,260.0,0.0,0.0,460.0,450.0,50.0,0.0,0.0,0.0,150.0,50.0,29,5,125000,0,0,1,5.5,1106.424,5 1/2F,0,23005638|CNL|2025-08-23|3
X,23005659,Diamond N Dress,LRL,2025-12-26,4,USA,CLM,,5.5,F,,5 1/2F,D,1,3.0,3.0,,,4.0,5,110.0,260.0,0.0,0.0,500.0,800.0,200.0,150.0,0.0,0.0,250.0,150.0,91,7,27760,0,0,1,5.5,1106.424,5 1/2F,0,23005659|LRL|2025-12-26|4
X,23005659,Diamond N Dress,LRL,2025-12-13,9,USA,CLM,,6.0,F,,6F,D,5,7.0,7.0,,,7.0,5,950.0,960.0,0.0,0.0,1100.0,1160.0,0.0,0.0,0.0,0.0,0.0,250.0,294,7,34550,0,0,1,6.0,1207.008,6F,0,23005659|LRL|2025-12-13|9
X,23005659,Diamond N Dress,IND,2025-11-03,5,USA,ALW,,5.0,F,,5F,T,6,9.0,9.0,,,7.0,6,770.0,910.0,0.0,0.0,710.0,775.0,800.0,1000.0,0.0,0.0,150.0,200.0,829,10,34000,0,0,1,5.0,1005.84,5F,0,23005659|IND|2025-11-03|5
X,23005659,Diamond N Dress,KEE,2025-10-10,2,USA,CLM,,6.0,F,,6F,D,7,6.0,7.0,,,7.0,7,500.0,950.0,0.0,0.0,1410.0,2400.0,100.0,450.0,0.0,0.0,600.0,700.0,336,8,58000,0,0,1,6.0,1207.008,6F,0,23005659|KEE|2025-10-10|2
,23005659,Diamond N Dress,FP,2025-09-27,1,USA,MSW,,5.0,F,,5F,D,7,1.0,1.0,,,1.0,1,0.0,0.0,0.0,0.0,0.0,0.0,200.0,400.0,0.0,0.0,500.0,1200.0,10,9,15000,0,0,0,5.0,1005.84,5F,0,23005659|FP|2025-09-27|1
X,23005943,Golden Sand,LRL,2025-11-23,3,USA,AOC,,8.0,F,,1M,D,6,6.0,6.0,6.0,,5.0,5,650.0,700.0,1200.0,0.0,1400.0,1430.0,50.0,10.0,200.0,0.0,200.0,575.0,160,7,49500,0,0,1,8.0,1609.344,1M,0,23005943|LRL|2025-11-23|3
X,23005943,Golden Sand,LRL,2025-10-11,9,USA,STK,,6.0,F,,6F,D,7,9.0,10.0,,,9.0,7,740.0,1220.0,0.0,0.0,820.0,1050.0,200.0,400.0,0.0,0.0,150.0,25.0,195,13,102040,0,0,1,6.0,1207.008,6F,0,23005943|LRL|2025-10-11|9
X,23005943,Golden Sand,LRL,2025-09-28,2,USA,MCL,,8.0,F,,1M,D,4,7.0,7.0,1.0,,1.0,1,1260.0,870.0,0.0,0.0,0.0,0.0,0.0,0.0,300.0,0.0,500.0,450.0,11,7,47035,0,0,1,8.0,1609.344,1M,0,23005943|LRL|2025-09-28|2
X,23006099,Cupid's Choice,LRL,2025-10-31,5,USA,MSW,,6.0,F,,6F,D,2,1.0,3.0,,,4.0,7,0.0,110.0,0.0,0.0,550.0,1500.0,150.0,50.0,0.0,0.0,150.0,50.0,69,9,50615,0,0,1,6.0,1207.008,6F,0,23006099|LRL|2025-10-31|5
X,23006099,Cupid's Choice,CNL,2025-09-12,3,USA,MOC,,5.0,F,,5F,D,1,2.0,2.0,,,1.0,2,350.0,150.0,0.0,0.0,0.0,175.0,200.0,100.0,0.0,0.0,10.0,350.0,78,8,55000,0,0,1,5.0,1005.84,5F,0,23006099|CNL|2025-09-12|3
,23006203,Vida,CT,2026-01-03,9,USA,MSW,,6.5,F,,6 1/2F,D,8,3.0,1.0,,,1.0,2,150.0,0.0,0.0,0.0,0.0,100.0,200.0,100.0,0.0,0.0,100.0,350.0,18,10,30600,0,0,0,6.5,1307.592,6 1/2F,0,23006203|CT|2026-01-03|9
X,23006203,Vida,LRL,2025-12-19,1,USA,MCL,,5.5,F,,5 1/2F,D,3,1.0,2.0,,,2.0,3,0.0,10.0,0.0,0.0,250.0,725.0,10.0,450.0,0.0,0.0,400.0,275.0,48,7,30950,0,0,1,5.5,1106.424,5 1/2F,0,23006203|LRL|2025-12-19|1
X,23006203,Vida,LRL,2025-11-28,9,USA,MCL,,6.0,F,,6F,D,6,2.0,2.0,,,3.0,3,10.0,200.0,0.0,0.0,160.0,875.0,10.0,10.0,0.0,0.0,600.0,50.0,28,7,31850,0,0,1,6.0,1207.008,6F,0,23006203|LRL|2025-11-28|9
X,23006203,Vida,LRL,2025-11-07,10,USA,MCL,,5.5,F,,5 1/2F,T,10,4.0,4.0,,,4.0,2,260.0,420.0,0.0,0.0,170.0,225.0,100.0,150.0,0.0,0.0,10.0,25.0,78,12,37050,0,0,1,5.5,1106.424,5 1/2F,0,23006203|LRL|2025-11-07|10
X,23006203,Vida,LRL,2025-10-25,9,USA,MSW,,6.0,F,,6F,D,1,1.0,3.0,,,5.0,6,0.0,60.0,0.0,0.0,310.0,875.0,50.0,50.0,0.0,0.0,200.0,350.0,350,9,46500,0,0,1,6.0,1207.008,6F,0,23006203|LRL|2025-10-25|9
,23006295,Impressiveness,PRX,2026-01-05,6,USA,MCL,,6.0,F,,6F,D,3,3.0,4.0,,,3.0,2,150.0,160.0,0.0,0.0,260.0,250.0,50.0,200.0,0.0,0.0,200.0,475.0,52,11,26000,0,0,0,6.0,1207.008,6F,0,23006295|PRX|2026-01-05|6
X,23006295,Impressiveness,LRL,2025-11-28,9,USA,MCL,,6.0,F,,6F,D,2,4.0,4.0,,,5.0,6,120.0,510.0,0.0,0.0,770.0,1975.0,200.0,10.0,0.0,0.0,200.0,1025.0,29,7,31850,0,0,1,6.0,1207.008,6F,0,23006295|LRL|2025-11-28|9
X,23006295,Impressiveness,LRL,2025-11-01,4,USA,MSW,,8.5,F,,1 1/16M,D,5,1.0,1.0,2.0,,3.0,6,0.0,0.0,10.0,0.0,750.0,2025.0,200.0,200.0,250.0,0.0,350.0,900.0,51,8,46000,0,0,1,8.5,1709.928,1 1/16M,0,23006295|LRL|2025-11-01|4
X,23006307,Eastcoastgirlsrhip,LRL,2025-12-19,7,USA,MCL,,6.0,F,,6F,D,5,3.0,4.0,,,6.0,6,110.0,800.0,0.0,0.0,1260.0,2850.0,350.0,250.0,0.0,0.0,2500.0,3475.0,164,7,42730,0,0,1,6.0,1207.008,6F,0,23006307|LRL|2025-12-19|7
X,23006308,Zencat,LRL,2025-11-09,1,USA,MSW,,8.5,F,,1 1/16M,T,2,1.0,1.0,1.0,,3.0,2,0.0,0.0,0.0,0.0,160.0,200.0,100.0,50.0,10.0,0.0,200.0,75.0,235,11,51615,0,0,1,8.5,1709.928,1 1/16M,0,23006308|LRL|2025-11-09|1
X,23006308,Zencat,LRL,2025-10-17,7,USA,MSW,,5.5,F,,5 1/2F,T,10,4.0,3.0,,,4.0,5,160.0,160.0,0.0,0.0,350.0,335.0,150.0,50.0,0.0,0.0,50.0,5.0,140,10,50410,0,0,1,5.5,1106.424,5 1/2F,0,23006308|LRL|2025-10-17|7
X,23006366,Flatter My Dad,LRL,2025-11-28,3,USA,MSW,,6.0,F,,6F,D,1,5.0,5.0,,,6.0,4,400.0,660.0,0.0,0.0,760.0,1125.0,50.0,10.0,0.0,0.0,1500.0,200.0,118,7,45500,0,0,1,6.0,1207.008,6F,0,23006366|LRL|2025-11-28|3
X,23006366,Flatter My Dad,LRL,2025-11-08,3,USA,MSW,,5.5,F,,5 1/2F,T,9,4.0,3.0,,,3.0,4,360.0,210.0,0.0,0.0,300.0,425.0,250.0,10.0,0.0,0.0,10.0,150.0,119,10,54640,0,0,1,5.5,1106.424,5 1/2F,0,23006366|LRL|2025-11-08|3
X,23006366,Flatter My Dad,LRL,2025-09-14,3,USA,MSW,,5.5,F,,5 1/2F,T,3,2.0,3.0,,,2.0,2,50.0,160.0,0.0,0.0,10.0,125.0,150.0,150.0,0.0,0.0,250.0,350.0,53,8,50115,0,0,1,5.5,1106.424,5 1/2F,0,23006366|LRL|2025-09-14|3
X,23006388,Sweet Shenanigans,LRL,2025-12-27,1,USA,AOC,,5.5,F,,5 1/2F,D,1,2.0,2.0,,,3.0,3,10.0,150.0,0.0,0.0,160.0,425.0,250.0,100.0,0.0,0.0,200.0,275.0,7,7,49500,0,0,1,5.5,1106.424,5 1/2F,0,23006388|LRL|2025-12-27|1
X,23006388,Sweet Shenanigans,LRL,2025-12-06,4,USA,AOC,,6.0,F,,6F,D,4,2.0,1.0,,,2.0,2,200.0,0.0,0.0,0.0,10.0,250.0,200.0,10.0,0.0,0.0,1000.0,450.0,67,5,49000,0,0,1,6.0,1207.008,6F,0,23006388|LRL|2025-12-06|4
X,23006388,Sweet Shenanigans,LRL,2025-11-14,3,USA,AOC,,6.0,F,,6F,D,2,1.0,1.0,,,2.0,2,0.0,0.0,0.0,0.0,150.0,425.0,50.0,10.0,0.0,0.0,300.0,350.0,47,4,49000,0,0,1,6.0,1207.008,6F,0,23006388|LRL|2025-11-14|3
,23006388,Sweet Shenanigans,DEL,2025-09-14,3,USA,STK,,6.0,F,,6F,D,6,1.0,2.0,,,4.0,5,0.0,100.0,0.0,0.0,700.0,1475.0,100.0,50.0,0.0,0.0,10.0,50.0,44,6,100000,0,0,0,6.0,1207.008,6F,0,23006388|DEL|2025-09-14|3
X,23006394,Make It Quick,LRL,2025-11-16,2,USA,MSW,,6.0,F,,6F,D,5,3.0,6.0,,,6.0,6,210.0,900.0,0.0,0.0,1460.0,3325.0,10.0,0.0,0.0,0.0,0.0,0.0,37,6,45000,0,0,1,6.0,1207.008,6F,0,23006394|LRL|2025-11-16|2
,23006398,Miss Mary Ann,PEN,2025-12-05,1,USA,MSW,,6.0,F,,6F,D,5,9.0,8.0,,,7.0,7,660.0,620.0,0.0,0.0,520.0,675.0,100.0,10.0,0.0,0.0,100.0,175.0,148,10,34000,0,0,0,6.0,1207.008,6F,0,23006398|PEN|2025-12-05|1
X,23006633,Sculcos Folly,LRL,2025-11-09,2,USA,CLM,,6.0,F,,6F,D,2,1.0,1.0,,,1.0,1,0.0,0.0,0.0,0.0,0.0,0.0,200.0,200.0,0.0,0.0,450.0,500.0,128,6,31350,0,0,1,6.0,1207.008,6F,0,23006633|LRL|2025-11-09|2
X,23006633,Sculcos Folly,MTH,2025-07-26,2,USA,MCL,,5.0,F,,5F,D,2,2.0,2.0,,,1.0,1,300.0,10.0,0.0,0.0,0.0,0.0,100.0,100.0,0.0,0.0,100.0,250.0,26,3,22000,0,0,1,5.0,1005.84,5F,0,23006633|MTH|2025-07-26|2
X,23006633,Sculcos Folly,SAR,2025-07-06,2,USA,MSW,,5.5,F,,5 1/2F,D,5,8.0,8.0,,,8.0,8,870.0,1660.0,0.0,0.0,2620.0,4665.0,0.0,0.0,0.0,0.0,0.0,0.0,68,8,90000,0,0,1,5.5,1106.424,5 1/2F,0,23006633|SAR|2025-07-06|2
X,23006656,Worker Bee,LRL,2025-12-06,6,USA,STK,,7.0,F,,7F,D,2,1.0,1.0,,,3.0,6,0.0,0.0,0.0,0.0,160.0,650.0,10.0,50.0,0.0,0.0,150.0,10.0,57,9,125000,0,0,1,7.0,1408.176,7F,0,23006656|LRL|2025-12-06|6
X,23006656,Worker Bee,LRL,2025-11-21,4,USA,AOC,,6.0,F,,6F,D,3,1.0,1.0,,,1.0,1,0.0,0.0,0.0,0.0,0.0,0.0,10.0,50.0,0.0,0.0,250.0,150.0,26,7,53910,0,0,1,6.0,1207.008,6F,0,23006656|LRL|2025-11-21|4
X,23006656,Worker Bee,LRL,2025-10-26,6,USA,AOC,,5.5,F,,5 1/2F,D,1,6.0,7.0,,,7.0,4,800.0,1150.0,0.0,0.0,1250.0,850.0,150.0,0.0,0.0,0.0,0.0,150.0,40,7,50235,0,0,1,5.5,1106.424,5 1/2F,0,23006656|LRL|2025-10-26|6
X,23006689,Truly Thrilling,LRL,2025-12-12,5,USA,MSW,,7.0,F,,7F,D,1,2.0,4.0,,,5.0,5,300.0,1050.0,0.0,0.0,1010.0,2125.0,200.0,150.0,0.0,0.0,0.0,0.0,74,5,51700,0,0,1,7.0,1408.176,7F,0,23006689|LRL|2025-12-12|5
X,23006721,Little Lino,LRL,2025-11-16,2,USA,MSW,,6.0,F,,6F,D,1,4.0,3.0,,,4.0,4,220.0,350.0,0.0,0.0,410.0,800.0,400.0,350.0,0.0,0.0,450.0,425.0,354,6,45000,0,0,1,6.0,1207.008,6F,0,23006721|LRL|2025-11-16|2
X,23006925,Awesome Andy,LRL,2026-01-09,8,USA,AOC,,5.5,F,,5 1/2F,D,1,4.0,2.0,,,1.0,1,250.0,50.0,0.0,0.0,0.0,0.0,150.0,100.0,0.0,0.0,10.0,75.0,28,7,50235,0,0,1,5.5,1106.424,5 1/2F,0,23006925|LRL|2026-01-09|8
X,23006925,Awesome Andy,LRL,2025-12-20,3,USA,MSW,,7.0,F,,7F,D,3,5.0,4.0,,,2.0,1,900.0,650.0,0.0,0.0,150.0,0.0,50.0,10.0,0.0,0.0,100.0,250.0,10,7,47500,0,0,1,7.0,1408.176,7F,0,23006925|LRL|2025-12-20|3
X,23006925,Awesome Andy,LRL,2025-11-29,3,USA,MSW,,7.0,F,,7F,D,6,3.0,4.0,,,3.0,2,410.0,1110.0,0.0,0.0,650.0,250.0,50.0,150.0,0.0,0.0,150.0,75.0,13,9,48500,0,0,1,7.0,1408.176,7F,0,23006925|LRL|2025-11-29|3
X,23006925,Awesome Andy,LRL,2025-11-08,7,USA,MSW,,6.0,F,,6F,D,4,3.0,3.0,,,3.0,3,250.0,550.0,0.0,0.0,510.0,975.0,10.0,300.0,0.0,0.0,350.0,600.0,5,10,49000,0,0,1,6.0,1207.008,6F,0,23006925|LRL|2025-11-08|7
,23006925,Awesome Andy,DEL,2025-10-09,3,USA,MSW,,6.0,F,,6F,D,3,1.0,2.0,,,1.0,3,0.0,10.0,0.0,0.0,0.0,235.0,10.0,10.0,0.0,0.0,10.0,75.0,65,7,45000,0,0,0,6.0,1207.008,6F,0,23006925|DEL|2025-10-09|3
,23006988,Chambourcin,PRX,2025-11-18,8,USA,AOC,,6.0,F,,6F,D,1,3.0,3.0,,,2.0,1,210.0,350.0,0.0,0.0,150.0,0.0,500.0,400.0,0.0,0.0,250.0,25.0,20,4,42000,0,0,0,6.0,1207.008,6F,0,23006988|PRX|2025-11-18|8
X,23006988,Chambourcin,KEE,2025-10-10,2,USA,CLM,,6.0,F,,6F,D,8,5.0,4.0,,,4.0,3,400.0,450.0,0.0,0.0,600.0,375.0,100.0,200.0,0.0,0.0,200.0,150.0,35,8,58000,0,0,1,6.0,1207.008,6F,0,23006988|KEE|2025-10-10|2
,23006988,Chambourcin,KD,2025-08-31,11,USA,STK,,8.0,F,,1M,T,4,4.0,4.0,9.0,,10.0,10,170.0,200.0,530.0,0.0,870.0,950.0,50.0,50.0,150.0,0.0,0.0,0.0,602,10,1000000,0,0,0,8.0,1609.344,1M,0,23006988|KD|2025-08-31|11
X,23007154,Broadside Salvo,LRL,2025-11-14,10,USA,MCL,,6.0,F,,6F,D,6,3.0,8.0,,,8.0,9,350.0,1700.0,0.0,0.0,3500.0,4980.0,10.0,1200.0,0.0,0.0,600.0,0.0,293,9,28400,0,0,1,6.0,1207.008,6F,0,23007154|LRL|2025-11-14|10
X,23007154,Broadside Salvo,LRL,2025-10-25,9,USA,MSW,,6.0,F,,6F,D,3,9.0,9.0,,,9.0,9,,,0.0,0.0,,,,,0.0,0.0,,,1022,9,46500,0,0,1,6.0,1207.008,6F,0,23007154|LRL|2025-10-25|9
X,23007473,Boorada,LRL,2025-12-20,3,USA,MSW,,7.0,F,,7F,D,2,7.0,7.0,,,7.0,7,1300.0,1460.0,0.0,0.0,1560.0,2850.0,0.0,0.0,0.0,0.0,0.0,0.0,363,7,47500,0,0,1,7.0,1408.176,7F,0,23007473|LRL|2025-12-20|3
X,23007499,Unfaithful Rose,FG,2025-12-04,7,USA,AOC,,6.0,F,,6F,D,4,3.0,2.0,,,1.0,3,150.0,50.0,0.0,0.0,0.0,75.0,100.0,100.0,0.0,0.0,50.0,200.0,182,6,55000,0,0,1,6.0,1207.008,6F,0,23007499|FG|2025-12-04|7
,23007499,Unfaithful Rose,MVR,2025-10-22,2,USA,MSW,,5.5,F,,5 1/2F,D,4,2.0,1.0,,,1.0,1,10.0,0.0,0.0,0.0,0.0,0.0,50.0,200.0,0.0,0.0,600.0,1200.0,14,7,24300,0,0,0,5.5,1106.424,5 1/2F,0,23007499|MVR|2025-10-22|2
,23007499,Unfaithful Rose,BTP,2025-09-12,4,USA,MSW,,6.0,F,,6F,D,2,1.0,2.0,,,2.0,2,0.0,10.0,0.0,0.0,100.0,300.0,100.0,300.0,0.0,0.0,700.0,1375.0,8,4,14000,0,0,0,6.0,1207.008,6F,0,23007499|BTP|2025-09-12|4
,23007621,C'est Chouette,PRX,2025-11-26,9,USA,STK,,6.0,F,,6F,D,3,2.0,2.0,,,2.0,2,200.0,100.0,0.0,0.0,300.0,300.0,10.0,200.0,0.0,0.0,10.0,25.0,19,7,100000,0,0,0,6.0,1207.008,6F,0,23007621|PRX|2025-11-26|9
,23007621,C'est Chouette,DEL,2025-10-01,4,USA,MCL,,6.0,F,,6F,D,8,1.0,1.0,,,1.0,1,0.0,0.0,0.0,0.0,0.0,0.0,50.0,100.0,0.0,0.0,500.0,425.0,11,8,28000,0,0,0,6.0,1207.008,6F,0,23007621|DEL|2025-10-01|4
,23007621,C'est Chouette,DEL,2025-08-28,5,USA,MSW,,7.5,F,A,7 1/2F,T,6,6.0,7.0,,,8.0,8,360.0,370.0,0.0,0.0,1120.0,785.0,100.0,150.0,0.0,0.0,0.0,0.0,88,8,45000,1,0,0,7.5,1508.76,7 1/2F,0,23007621|DEL|2025-08-28|5
X,23007671,Big Bolton,LRL,2025-12-06,6,USA,STK,,7.0,F,,7F,D,8,3.0,3.0,,,1.0,5,60.0,100.0,0.0,0.0,0.0,400.0,300.0,350.0,0.0,0.0,10.0,250.0,83,9,125000,0,0,1,7.0,1408.176,7F,0,23007671|LRL|2025-12-06|6
X,23007671,Big Bolton,LRL,2025-11-08,3,USA,MSW,,5.5,F,,5 1/2F,T,6,2.0,2.0,,,1.0,1,10.0,10.0,0.0,0.0,0.0,0.0,150.0,200.0,0.0,0.0,150.0,225.0,101,10,54640,0,0,1,5.5,1106.424,5 1/2F,0,23007671|LRL|2025-11-08|3
X,23007699,Kuaga,LRL,2025-11-29,6,USA,MCL,,5.5,F,,5 1/2F,D,5,2.0,2.0,,,1.0,1,200.0,10.0,0.0,0.0,0.0,0.0,500.0,600.0,0.0,0.0,500.0,1200.0,45,12,30260,0,0,1,5.5,1106.424,5 1/2F,0,23007699|LRL|2025-11-29|6
X,23007699,Kuaga,LRL,2025-11-01,5,USA,MCL,,5.5,F,,5 1/2F,T,3,3.0,3.0,,,3.0,7,160.0,20.0,0.0,0.0,250.0,1085.0,50.0,50.0,0.0,0.0,100.0,150.0,195,9,31950,0,0,1,5.5,1106.424,5 1/2F,0,23007699|LRL|2025-11-01|5
X,23007699,Kuaga,LRL,2025-10-24,4,USA,MCL,,5.5,F,,5 1/2F,D,6,2.0,2.0,,,3.0,4,50.0,10.0,0.0,0.0,60.0,600.0,10.0,10.0,0.0,0.0,250.0,275.0,171,8,25740,0,0,1,5.5,1106.424,5 1/2F,0,23007699|LRL|2025-10-24|4
X,23008098,Probably Dreaming,BAQ,2025-11-01,4,USA,STK,,8.0,F,,1M,D,2,4.0,4.0,3.0,,2.0,2,160.0,160.0,160.0,0.0,50.0,350.0,1000.0,1000.0,10.0,0.0,250.0,725.0,18,5,150000,0,0,1,8.0,1609.344,1M,0,23008098|BAQ|2025-11-01|4
,23008098,Probably Dreaming,DEL,2025-10-11,9,USA,STK,,8.0,F,,1M,D,6,6.0,6.0,3.0,,1.0,1,170.0,270.0,20.0,0.0,0.0,0.0,250.0,200.0,100.0,0.0,300.0,450.0,1,7,100000,0,0,0,8.0,1609.344,1M,0,23008098|DEL|2025-10-11|9
,23008098,Probably Dreaming,DEL,2025-09-14,6,USA,STK,,6.0,F,,6F,D,6,2.0,1.0,,,1.0,1,50.0,0.0,0.0,0.0,0.0,0.0,100.0,100.0,0.0,0.0,50.0,225.0,24,8,100000,0,0,0,6.0,1207.008,6F,0,23008098|DEL|2025-09-14|6
X,23008213,Ballinaclash,LRL,2025-12-20,3,USA,MSW,,7.0,F,,7F,D,1,2.0,2.0,,,1.0,2,200.0,150.0,0.0,0.0,0.0,250.0,200.0,150.0,0.0,0.0,150.0,325.0,81,7,47500,0,0,1,7.0,1408.176,7F,0,23008213|LRL|2025-12-20|3
X,23008213,Ballinaclash,LRL,2025-11-08,7,USA,MSW,,6.0,F,,6F,D,6,4.0,5.0,,,4.0,4,260.0,860.0,0.0,0.0,860.0,1575.0,200.0,100.0,0.0,0.0,100.0,425.0,347,10,49000,0,0,1,6.0,1207.008,6F,0,23008213|LRL|2025-11-08|7
X,23008262,Flying to Work,LRL,2026-01-09,6,USA,MCL,,6.0,F,,6F,D,4,7.0,7.0,,,4.0,5,920.0,670.0,0.0,0.0,220.0,280.0,100.0,350.0,0.0,0.0,10.0,75.0,57,11,24890,0,0,1,6.0,1207.008,6F,0,23008262|LRL|2026-01-09|6
X,23008262,Flying to Work,LRL,2025-11-30,5,USA,MCL,,5.5,F,,5 1/2F,D,4,7.0,7.0,,,7.0,4,2310.0,2250.0,0.0,0.0,1450.0,1275.0,0.0,0.0,0.0,0.0,0.0,10.0,83,7,27400,0,0,1,5.5,1106.424,5 1/2F,0,23008262|LRL|2025-11-30|5
,23008409,Capos Sugar Kane,PRX,2025-10-22,6,USA,AOC,,6.0,F,,6F,D,5,5.0,6.0,,,6.0,6,510.0,860.0,0.0,0.0,1350.0,2550.0,10.0,500.0,0.0,0.0,800.0,2350.0,270,7,42000,0,0,0,6.0,1207.008,6F,0,23008409|PRX|2025-10-22|6
,23008409,Capos Sugar Kane,DEL,2025-09-27,4,USA,AOC,,6.0,F,,6F,D,6,3.0,3.0,,,6.0,6,60.0,110.0,0.0,0.0,430.0,1080.0,50.0,10.0,0.0,0.0,200.0,125.0,622,10,72000,0,0,0,6.0,1207.008,6F,0,23008409|DEL|2025-09-27|4
,23008409,Capos Sugar Kane,DEL,2025-08-14,2,USA,MCL,,5.5,F,,5 1/2F,D,2,2.0,1.0,,,1.0,1,10.0,0.0,0.0,0.0,0.0,0.0,100.0,50.0,0.0,0.0,200.0,275.0,68,6,28000,0,0,0,5.5,1106.424,5 1/2F,0,23008409|DEL|2025-08-14|2
,23008615,Paintmymasterpeace,CT,2026-01-03,9,USA,MSW,,6.5,F,,6 1/2F,D,10,6.0,4.0,,,3.0,3,900.0,450.0,0.0,0.0,200.0,450.0,50.0,100.0,0.0,0.0,600.0,1450.0,13,10,30600,0,0,0,6.5,1307.592,6 1/2F,0,23008615|CT|2026-01-03|9
X,23008615,Paintmymasterpeace,LRL,2025-12-20,3,USA,MSW,,7.0,F,,7F,D,5,6.0,6.0,,,6.0,4,950.0,1060.0,0.0,0.0,560.0,650.0,350.0,400.0,0.0,0.0,1000.0,275.0,176,7,47500,0,0,1,7.0,1408.176,7F,0,23008615|LRL|2025-12-20|3
X,23008615,Paintmymasterpeace,LRL,2025-12-05,5,USA,MSW,,8.0,F,,1M,D,2,6.0,7.0,7.0,,6.0,6,320.0,340.0,530.0,0.0,820.0,1710.0,500.0,0.0,0.0,0.0,400.0,800.0,36,7,51730,0,0,1,8.0,1609.344,1M,0,23008615|LRL|2025-12-05|5
X,23008615,Paintmymasterpeace,LRL,2025-11-01,4,USA,MSW,,8.5,F,,1 1/16M,D,3,8.0,6.0,3.0,,2.0,2,780.0,380.0,260.0,0.0,450.0,825.0,0.0,100.0,450.0,0.0,300.0,475.0,95,8,46000,0,0,1,8.5,1709.928,1 1/16M,0,23008615|LRL|2025-11-01|4
X,23008615,Paintmymasterpeace,LRL,2025-09-26,6,USA,MCL,,5.5,F,,5 1/2F,D,2,9.0,9.0,,,6.0,4,1230.0,1310.0,0.0,0.0,1600.0,1675.0,150.0,200.0,0.0,0.0,10.0,275.0,72,10,44845,0,0,1,5.5,1106.424,5 1/2F,0,23008615|LRL|2025-09-26|6
X,23008616,I'm a Lil Wicked,LRL,2025-12-14,3,USA,MCL,,6.0,F,,6F,D,5,2.0,3.0,,,4.0,4,10.0,160.0,0.0,0.0,450.0,625.0,50.0,100.0,0.0,0.0,50.0,125.0,89,8,25700,0,0,1,6.0,1207.008,6F,0,23008616|LRL|2025-12-14|3
X,23008616,I'm a Lil Wicked,LRL,2025-11-09,5,USA,MCL,,6.0,F,,6F,D,4,5.0,5.0,,,3.0,3,460.0,810.0,0.0,0.0,650.0,780.0,100.0,150.0,0.0,0.0,10.0,10.0,229,7,27760,0,0,1,6.0,1207.008,6F,0,23008616|LRL|2025-11-09|5
X,23008616,I'm a Lil Wicked,LRL,2025-10-03,5,USA,MCL,,6.0,F,,6F,D,5,8.0,8.0,,,8.0,7,760.0,710.0,0.0,0.0,860.0,1000.0,500.0,300.0,0.0,0.0,400.0,5.0,763,11,29400,0,0,1,6.0,1207.008,6F,0,23008616|LRL|2025-10-03|5
X,23008616,I'm a Lil Wicked,LRL,2025-09-20,2,USA,MCL,,6.0,F,,6F,D,5,7.0,7.0,,,7.0,7,850.0,1310.0,0.0,0.0,2110.0,3325.0,350.0,350.0,0.0,0.0,150.0,0.0,178,8,34600,0,0,1,6.0,1207.008,6F,0,23008616|LRL|2025-09-20|2
X,23008625,Fastfeld,LRL,2025-12-20,9,USA,MCL,,6.0,F,,6F,D,4,4.0,5.0,,,5.0,3,500.0,560.0,0.0,0.0,700.0,625.0,10.0,150.0,0.0,0.0,250.0,5.0,74,6,24380,0,0,1,6.0,1207.008,6F,0,23008625|LRL|2025-12-20|9
X,23008625,Fastfeld,LRL,2025-11-29,6,USA,MCL,,5.5,F,,5 1/2F,D,12,5.0,5.0,,,5.0,4,950.0,820.0,0.0,0.0,860.0,1260.0,50.0,350.0,0.0,0.0,200.0,10.0,238,12,30260,0,0,1,5.5,1106.424,5 1/2F,0,23008625|LRL|2025-11-29|6
X,23008719,Pont Aven,LRL,2025-12-20,3,USA,MSW,,7.0,F,,7F,D,7,3.0,3.0,,,4.0,5,400.0,300.0,0.0,0.0,400.0,925.0,400.0,350.0,0.0,0.0,10.0,875.0,41,7,47500,0,0,1,7.0,1408.176,7F,0,23008719|LRL|2025-12-20|3
X,23008719,Pont Aven,LRL,2025-11-29,3,USA,MSW,,7.0,F,,7F,D,3,8.0,5.0,,,4.0,4,820.0,1260.0,0.0,0.0,800.0,575.0,150.0,150.0,0.0,0.0,150.0,325.0,72,9,48500,0,0,1,7.0,1408.176,7F,0,23008719|LRL|2025-11-29|3
X,23008719,Pont Aven,LRL,2025-10-25,9,USA,MSW,,6.0,F,,6F,D,6,2.0,1.0,,,2.0,3,50.0,0.0,0.0,0.0,50.0,150.0,10.0,10.0,0.0,0.0,100.0,50.0,11,9,46500,0,0,1,6.0,1207.008,6F,0,23008719|LRL|2025-10-25|9
X,23008752,Blind Love,LRL,2025-12-05,1,USA,CLM,,7.0,F,,7F,D,3,7.0,6.0,,,7.0,6,1210.0,1010.0,0.0,0.0,1000.0,1335.0,300.0,50.0,0.0,0.0,600.0,250.0,128,8,28260,0,0,1,7.0,1408.176,7F,0,23008752|LRL|2025-12-05|1
X,23008752,Blind Love,LRL,2025-11-02,5,USA,CLM,,6.0,F,,6F,D,2,5.0,5.0,,,6.0,6,450.0,700.0,0.0,0.0,860.0,650.0,400.0,10.0,0.0,0.0,0.0,0.0,38,6,33600,0,0,1,6.0,1207.008,6F,0,23008752|LRL|2025-11-02|5
X,23008752,Blind Love,LRL,2025-10-11,5,USA,STK,,6.0,F,,6F,D,9,4.0,7.0,,,7.0,7,210.0,570.0,0.0,0.0,660.0,940.0,10.0,250.0,0.0,0.0,200.0,350.0,550,9,101000,0,0,1,6.0,1207.008,6F,0,23008752|LRL|2025-10-11|5
,23008967,Ihaveanappforthat,CT,2025-10-11,4,USA,STK,,6.5,F,,6 1/2F,D,1,4.0,4.0,,,4.0,3,450.0,1360.0,0.0,0.0,1200.0,1575.0,500.0,10.0,0.0,0.0,50.0,75.0,260,6,75000,0,0,0,6.5,1307.592,6 1/2F,0,23008967|CT|2025-10-11|4
X,23008967,Ihaveanappforthat,CNL,2025-09-03,2,USA,MCL,,6.0,F,,6F,D,7,3.0,1.0,,,1.0,1,20.0,0.0,0.0,0.0,0.0,0.0,150.0,50.0,0.0,0.0,100.0,150.0,202,7,56000,0,0,1,6.0,1207.008,6F,0,23008967|CNL|2025-09-03|2
,23008967,Ihaveanappforthat,CT,2025-08-23,3,USA,MSW,,6.5,F,,6 1/2F,D,7,2.0,2.0,,,2.0,2,150.0,100.0,0.0,0.0,500.0,600.0,50.0,100.0,0.0,0.0,150.0,75.0,135,8,30600,0,0,0,6.5,1307.592,6 1/2F,0,23008967|CT|2025-08-23|3
X,23008991,Q Got Hops,LRL,2026-01-09,6,USA,MCL,,6.0,F,,6F,D,6,9.0,9.0,,,9.0,7,1370.0,1320.0,0.0,0.0,930.0,655.0,250.0,300.0,0.0,0.0,700.0,200.0,550,11,24890,0,0,1,6.0,1207.008,6F,0,23008991|LRL|2026-01-09|6
X,23008991,Q Got Hops,LRL,2025-12-19,6,USA,MCL,,8.5,F,,1 1/16M,D,6,8.0,6.0,7.0,,7.0,7,670.0,610.0,1130.0,0.0,1460.0,1980.0,0.0,10.0,150.0,0.0,50.0,650.0,112,8,25740,0,0,1,8.5,1709.928,1 1/16M,0,23008991|LRL|2025-12-19|6
X,23008991,Q Got Hops,LRL,2025-11-14,10,USA,MCL,,6.0,F,,6F,D,8,7.0,5.0,,,7.0,7,810.0,1100.0,0.0,0.0,2000.0,2475.0,10.0,100.0,0.0,0.0,1500.0,2500.0,46,9,28400,0,0,1,6.0,1207.008,6F,0,23008991|LRL|2025-11-14|10
X,23009002,Honor Our Country,LRL,2025-12-07,8,USA,MCL,,8.5,F,,1 1/16M,D,1,1.0,1.0,1.0,,2.0,1,0.0,0.0,0.0,0.0,100.0,275.0,50.0,50.0,10.0,0.0,600.0,1250.0,21,7,42115,0,0,1,8.5,1709.928,1 1/16M,0,23009002|LRL|2025-12-07|8
X,23009002,Honor Our Country,LRL,2025-10-10,6,USA,MSW,,7.0,F,,7F,D,5,7.0,9.0,,,10.0,10,310.0,490.0,0.0,0.0,1470.0,2295.0,10.0,50.0,0.0,0.0,300.0,1150.0,83,12,50705,0,0,1,7.0,1408.176,7F,0,23009002|LRL|2025-10-10|6
X,23009002,Honor Our Country,CNL,2025-09-10,2,USA,MSW,,7.0,F,,7F,D,6,3.0,3.0,,,3.0,3,150.0,250.0,0.0,0.0,550.0,880.0,10.0,50.0,0.0,0.0,10.0,50.0,79,7,70000,0,0,1,7.0,1408.176,7F,0,23009002|CNL|2025-09-10|2
X,23009056,Our Ham Sandwich,LRL,2025-11-23,9,USA,MCL,,8.5,F,,1 1/16M,D,5,4.0,4.0,4.0,,6.0,6,250.0,320.0,660.0,0.0,720.0,1100.0,150.0,250.0,300.0,0.0,800.0,1125.0,256,9,32400,0,0,1,8.5,1709.928,1 1/16M,0,23009056|LRL|2025-11-23|9
X,23009056,Our Ham Sandwich,LRL,2025-10-19,8,USA,MCL,,8.0,F,,1M,D,7,6.0,6.0,2.0,,2.0,2,410.0,260.0,50.0,0.0,150.0,50.0,500.0,400.0,150.0,0.0,10.0,350.0,51,7,27760,0,0,1,8.0,1609.344,1M,0,23009056|LRL|2025-10-19|8
X,23009056,Our Ham Sandwich,LRL,2025-09-28,2,USA,MCL,,8.0,F,,1M,D,3,5.0,5.0,7.0,,6.0,6,510.0,460.0,1060.0,0.0,2100.0,2800.0,200.0,10.0,0.0,0.0,400.0,2325.0,77,7,47035,0,0,1,8.0,1609.344,1M,0,23009056|LRL|2025-09-28|2
X,23009173,Bulma,LRL,2025-11-29,6,USA,MCL,,5.5,F,,5 1/2F,D,7,4.0,3.0,,,4.0,6,750.0,610.0,0.0,0.0,660.0,1345.0,200.0,10.0,0.0,0.0,200.0,100.0,64,12,30260,0,0,1,5.5,1106.424,5 1/2F,0,23009173|LRL|2025-11-29|6
X,23009173,Bulma,LRL,2025-10-31,3,USA,MCL,,8.0,F,,1M,D,3,7.0,8.0,6.0,,5.0,5,470.0,720.0,950.0,0.0,1460.0,2275.0,250.0,0.0,200.0,0.0,250.0,550.0,347,8,33700,0,0,1,8.0,1609.344,1M,0,23009173|LRL|2025-10-31|3
X,23009173,Bulma,LRL,2025-10-17,6,USA,MCL,,6.0,F,,6F,D,1,6.0,6.0,,,5.0,6,860.0,550.0,0.0,0.0,900.0,1475.0,50.0,50.0,0.0,0.0,200.0,275.0,157,10,32900,0,0,1,6.0,1207.008,6F,0,23009173|LRL|2025-10-17|6
X,23009267,Mezzo Soprano,LRL,2025-11-22,3,USA,MCL,,6.0,F,,6F,D,6,9.0,9.0,,,8.0,8,1120.0,1560.0,0.0,0.0,2210.0,2405.0,0.0,0.0,0.0,0.0,400.0,625.0,229,9,32400,0,0,1,6.0,1207.008,6F,0,23009267|LRL|2025-11-22|3
X,23009437,Rerun Table,LRL,2025-12-05,4,USA,CLM,,5.5,F,,5 1/2F,D,3,2.0,1.0,,,1.0,1,50.0,0.0,0.0,0.0,0.0,0.0,10.0,10.0,0.0,0.0,200.0,300.0,12,4,41600,0,0,1,5.5,1106.424,5 1/2F,0,23009437|LRL|2025-12-05|4
X,23009437,Rerun Table,LRL,2025-11-14,3,USA,AOC,,6.0,F,,6F,D,1,2.0,3.0,,,3.0,3,50.0,260.0,0.0,0.0,450.0,775.0,150.0,600.0,0.0,0.0,800.0,1250.0,54,4,49000,0,0,1,6.0,1207.008,6F,0,23009437|LRL|2025-11-14|3
X,23009437,Rerun Table,LRL,2025-10-11,5,USA,STK,,6.0,F,,6F,D,5,2.0,2.0,,,3.0,5,10.0,10.0,0.0,0.0,200.0,740.0,50.0,150.0,0.0,0.0,10.0,150.0,86,9,101000,0,0,1,6.0,1207.008,6F,0,23009437|LRL|2025-10-11|5
X,23009522,Velocity Girl,LRL,2025-11-01,9,USA,MSW,,8.0,F,,1M,D,6,2.0,2.0,3.0,,4.0,4,50.0,50.0,210.0,0.0,700.0,925.0,100.0,200.0,150.0,0.0,800.0,925.0,98,8,48705,0,0,1,8.0,1609.344,1M,0,23009522|LRL|2025-11-01|9
X,23009522,Velocity Girl,LRL,2025-10-10,6,USA,MSW,,7.0,F,,7F,D,8,9.0,7.0,,,4.0,5,420.0,380.0,0.0,0.0,900.0,1310.0,100.0,100.0,0.0,0.0,10.0,25.0,201,12,50705,0,0,1,7.0,1408.176,7F,0,23009522|LRL|2025-10-10|6
X,23009522,Velocity Girl,CNL,2025-08-23,2,USA,MSW,,6.0,F,,6F,D,5,5.0,3.0,,,3.0,3,600.0,400.0,0.0,0.0,650.0,1100.0,300.0,50.0,0.0,0.0,10.0,125.0,129,9,70000,0,0,1,6.0,1207.008,6F,0,23009522|CNL|2025-08-23|2
X,23009535,Aqua Blaze,LRL,2025-12-19,7,USA,MCL,,6.0,F,,6F,D,2,4.0,3.0,,,3.0,3,460.0,200.0,0.0,0.0,210.0,525.0,200.0,600.0,0.0,0.0,800.0,425.0,60,7,42730,0,0,1,6.0,1207.008,6F,0,23009535|LRL|2025-12-19|7
X,23009571,Rhodes,LRL,2025-11-29,3,USA,MSW,,7.0,F,,7F,D,2,1.0,2.0,,,2.0,6,0.0,100.0,0.0,0.0,500.0,950.0,10.0,1000.0,0.0,0.0,150.0,150.0,69,9,48500,0,0,1,7.0,1408.176,7F,0,23009571|LRL|2025-11-29|3
X,23009571,Rhodes,SA,2025-10-13,2,USA,MSW,,8.0,F,,1M,D,6,3.0,3.0,7.0,,7.0,7,110.0,60.0,820.0,0.0,1750.0,7155.0,50.0,10.0,0.0,0.0,0.0,0.0,297,7,60000,0,0,1,8.0,1609.344,1M,0,23009571|SA|2025-10-13|2
,23009571,Rhodes,LRC,2025-09-20,4,USA,MSW,,6.5,F,,6 1/2F,D,1,1.0,2.0,,,4.0,4,0.0,10.0,0.0,0.0,560.0,1775.0,10.0,200.0,0.0,0.0,700.0,2000.0,38,7,45000,0,0,0,6.5,1307.592,6 1/2F,0,23009571|LRC|2025-09-20|4
,23009795,Higher Sense,PRX,2025-12-30,8,USA,STK,,7.0,F,,7F,D,3,2.0,3.0,,,2.0,2,10.0,210.0,0.0,0.0,1200.0,1900.0,50.0,0.0,0.0,0.0,500.0,800.0,87,3,75000,0,0,0,7.0,1408.176,7F,0,23009795|PRX|2025-12-30|8
,23009795,Higher Sense,PRX,2025-11-24,8,USA,MSW,,8.0,F,,1M,D,4,6.0,6.0,4.0,,4.0,5,330.0,320.0,400.0,0.0,510.0,875.0,150.0,150.0,250.0,0.0,300.0,850.0,13,7,50000,0,0,0,8.0,1609.344,1M,0,23009795|PRX|2025-11-24|8
,23009795,Higher Sense,PRX,2025-10-29,6,USA,MSW,,8.0,F,,1M,D,1,2.0,3.0,2.0,,2.0,2,50.0,110.0,50.0,0.0,50.0,250.0,10.0,100.0,150.0,0.0,500.0,500.0,588,8,50000,0,0,0,8.0,1609.344,1M,0,23009795|PRX|2025-10-29|6
X,23009832,Watch Me Sparkle,LRL,2025-12-07,8,USA,MCL,,8.5,F,,1 1/16M,D,2,3.0,4.0,4.0,,1.0,2,200.0,200.0,160.0,0.0,0.0,0.0,10.0,400.0,600.0,0.0,100.0,275.0,13,7,42115,0,0,1,8.5,1709.928,1 1/16M,0,23009832|LRL|2025-12-07|8
X,23009832,Watch Me Sparkle,LRL,2025-10-31,3,USA,MCL,,8.0,F,,1M,D,4,8.0,7.0,3.0,,3.0,2,720.0,620.0,300.0,0.0,360.0,75.0,0.0,100.0,100.0,0.0,300.0,650.0,107,8,33700,0,0,1,8.0,1609.344,1M,0,23009832|LRL|2025-10-31|3
X,23009922,Our Day Will Come,LRL,2025-12-13,5,USA,CLM,,8.0,F,,1M,D,3,5.0,5.0,2.0,,1.0,1,610.0,260.0,10.0,0.0,0.0,0.0,250.0,250.0,150.0,0.0,300.0,75.0,44,7,45300,0,0,1,8.0,1609.344,1M,0,23009922|LRL|2025-12-13|5
X,23009922,Our Day Will Come,LRL,2025-12-06,6,USA,STK,,7.0,F,,7F,D,9,4.0,5.0,,,8.0,7,360.0,460.0,0.0,0.0,870.0,660.0,100.0,150.0,0.0,0.0,1200.0,50.0,256,9,125000,0,0,1,7.0,1408.176,7F,0,23009922|LRL|2025-12-06|6
X,23009922,Our Day Will Come,LRL,2025-11-21,8,USA,AOC,,5.5,F,,5 1/2F,T,9,8.0,8.0,,,9.0,9,800.0,1000.0,0.0,0.0,1360.0,730.0,200.0,10.0,0.0,0.0,0.0,0.0,432,9,55645,0,0,1,5.5,1106.424,5 1/2F,0,23009922|LRL|2025-11-21|8
X,23009922,Our Day Will Come,LRL,2025-11-02,9,USA,AOC,,8.5,F,,1 1/16M,D,6,2.0,3.0,2.0,,2.0,4,150.0,260.0,250.0,0.0,400.0,550.0,200.0,250.0,300.0,0.0,250.0,1550.0,77,7,50970,0,0,1,8.5,1709.928,1 1/16M,0,23009922|LRL|2025-11-02|9
X,23009978,Hixon,LRL,2025-12-05,5,USA,MSW,,8.0,F,,1M,D,3,4.0,3.0,2.0,,1.0,1,210.0,160.0,150.0,0.0,0.0,0.0,10.0,10.0,10.0,0.0,50.0,300.0,40,7,51730,0,0,1,8.0,1609.344,1M,0,23009978|LRL|2025-12-05|5
X,23009996,Boss Lily,LRL,2025-12-19,6,USA,MCL,,8.5,F,,1 1/16M,D,4,5.0,5.0,5.0,,5.0,4,560.0,510.0,420.0,0.0,650.0,550.0,50.0,100.0,10.0,0.0,10.0,5.0,113,8,25740,0,0,1,8.5,1709.928,1 1/16M,0,23009996|LRL|2025-12-19|6
X,23009996,Boss Lily,LRL,2025-11-28,1,USA,MCL,,8.0,F,,1M,D,4,2.0,2.0,4.0,,6.0,6,10.0,50.0,160.0,0.0,330.0,435.0,50.0,10.0,10.0,0.0,500.0,375.0,45,12,29180,0,0,1,8.0,1609.344,1M,0,23009996|LRL|2025-11-28|1
X,23009996,Boss Lily,LRL,2025-10-25,5,USA,MCL,,5.5,F,,5 1/2F,D,4,10.0,9.0,,,7.0,5,670.0,820.0,0.0,0.0,670.0,375.0,800.0,300.0,0.0,0.0,400.0,100.0,391,11,29760,0,0,1,5.5,1106.424,5 1/2F,0,23009996|LRL|2025-10-25|5
X,23009996,Boss Lily,CNL,2025-07-11,2,USA,MOC,,5.5,F,,5 1/2F,D,5,6.0,6.0,,,8.0,8,660.0,710.0,0.0,0.0,1650.0,2175.0,200.0,50.0,0.0,0.0,100.0,75.0,413,9,55000,0,0,1,5.5,1106.424,5 1/2F,0,23009996|CNL|2025-07-11|2
,23010163,One Hit Wonder,MNR,2025-10-21,1,USA,MSW,,5.0,F,,5F,D,3,2.0,2.0,,,2.0,1,100.0,100.0,0.0,0.0,50.0,0.0,10.0,50.0,0.0,0.0,300.0,50.0,8,4,17000,0,0,0,5.0,1005.84,5F,0,23010163|MNR|2025-10-21|1
X,23010163,One Hit Wonder,LRL,2025-10-03,5,USA,MCL,,6.0,F,,6F,D,9,4.0,4.0,,,4.0,6,600.0,260.0,0.0,0.0,450.0,775.0,50.0,150.0,0.0,0.0,100.0,225.0,133,11,29400,0,0,1,6.0,1207.008,6F,0,23010163|LRL|2025-10-03|5
X,23010163,One Hit Wonder,LRL,2025-09-07,6,USA,MCL,,5.5,F,,5 1/2F,D,6,6.0,6.0,,,6.0,3,660.0,770.0,0.0,0.0,760.0,485.0,10.0,150.0,0.0,0.0,250.0,10.0,65,8,27480,0,0,1,5.5,1106.424,5 1/2F,0,23010163|LRL|2025-09-07|6
,23010240,Wildncrazyguy,PEN,2025-11-26,5,USA,STK,,6.0,F,,6F,D,9,6.0,5.0,,,4.0,4,280.0,500.0,0.0,0.0,320.0,475.0,10.0,200.0,0.0,0.0,10.0,75.0,107,10,50000,0,0,0,6.0,1207.008,6F,0,23010240|PEN|2025-11-26|5
X,23010240,Wildncrazyguy,LRL,2025-11-08,9,USA,STK,,6.0,F,,6F,D,4,8.0,10.0,,,10.0,9,870.0,1210.0,0.0,0.0,980.0,1460.0,100.0,0.0,0.0,0.0,0.0,425.0,383,10,100000,0,0,1,6.0,1207.008,6F,0,23010240|LRL|2025-11-08|9
X,23010240,Wildncrazyguy,CD,2025-09-12,7,USA,ALW,,6.0,F,,6F,D,4,1.0,3.0,,,3.0,4,0.0,60.0,0.0,0.0,310.0,660.0,50.0,200.0,0.0,0.0,200.0,225.0,61,8,127000,0,0,1,6.0,1207.008,6F,0,23010240|CD|2025-09-12|7
X,23010330,Heat Check,LRL,2025-06-28,5,USA,MSW,,5.5,F,,5 1/2F,D,1,1.0,1.0,,,1.0,1,0.0,0.0,0.0,0.0,0.0,0.0,100.0,100.0,0.0,0.0,250.0,50.0,22,6,45000,0,0,1,5.5,1106.424,5 1/2F,0,23010330|LRL|2025-06-28|5
X,23010382,Kittyup,LRL,2025-12-14,3,USA,MCL,,6.0,F,,6F,D,1,1.0,2.0,,,3.0,6,0.0,150.0,0.0,0.0,300.0,825.0,10.0,10.0,0.0,0.0,150.0,950.0,7,8,25700,0,0,1,6.0,1207.008,6F,0,23010382|LRL|2025-12-14|3
X,23010382,Kittyup,LRL,2025-11-22,3,USA,MCL,,6.0,F,,6F,D,2,3.0,3.0,,,4.0,5,210.0,500.0,0.0,0.0,560.0,730.0,100.0,150.0,0.0,0.0,150.0,300.0,85,9,32400,0,0,1,6.0,1207.008,6F,0,23010382|LRL|2025-11-22|3
X,23010382,Kittyup,LRL,2025-11-01,5,USA,MCL,,5.5,F,,5 1/2F,T,9,5.0,4.0,,,4.0,5,260.0,70.0,0.0,0.0,350.0,650.0,200.0,150.0,0.0,0.0,10.0,10.0,19,9,31950,0,0,1,5.5,1106.424,5 1/2F,0,23010382|LRL|2025-11-01|5
X,23010382,Kittyup,LRL,2025-09-13,3,USA,MSW,,5.5,F,,5 1/2F,T,3,2.0,2.0,,,3.0,3,100.0,100.0,0.0,0.0,400.0,585.0,10.0,10.0,0.0,0.0,200.0,10.0,160,7,49615,0,0,1,5.5,1106.424,5 1/2F,0,23010382|LRL|2025-09-13|3
X,23010766,Prince of Darkness,LRL,2025-12-12,4,USA,AOC,,6.0,F,,6F,D,5,3.0,3.0,,,5.0,4,250.0,260.0,0.0,0.0,510.0,850.0,50.0,10.0,0.0,0.0,0.0,425.0,135,5,53165,0,0,1,6.0,1207.008,6F,0,23010766|LRL|2025-12-12|4
X,23010766,Prince of Darkness,LRL,2025-11-21,4,USA,AOC,,6.0,F,,6F,D,2,2.0,2.0,,,4.0,5,10.0,50.0,0.0,0.0,500.0,1000.0,200.0,100.0,0.0,0.0,10.0,5.0,163,7,53910,0,0,1,6.0,1207.008,6F,0,23010766|LRL|2025-11-21|4
X,23010766,Prince of Darkness,LRL,2025-10-19,6,USA,MCL,,6.0,F,,6F,D,5,1.0,1.0,,,1.0,1,0.0,0.0,0.0,0.0,0.0,0.0,100.0,50.0,0.0,0.0,150.0,175.0,136,8,34600,0,0,1,6.0,1207.008,6F,0,23010766|LRL|2025-10-19|6
X,23010766,Prince of Darkness,LRL,2025-09-27,8,USA,MCL,,6.0,F,,6F,D,5,5.0,4.0,,,3.0,3,360.0,160.0,0.0,0.0,450.0,700.0,200.0,150.0,0.0,0.0,10.0,50.0,79,8,34150,0,0,1,6.0,1207.008,6F,0,23010766|LRL|2025-09-27|8
,23010813,Red Zone Runner,PRX,2025-11-26,6,USA,STK,,7.0,F,,7F,D,2,5.0,3.0,,,3.0,3,260.0,250.0,0.0,0.0,400.0,575.0,50.0,10.0,0.0,0.0,700.0,1250.0,51,7,100000,0,0,0,7.0,1408.176,7F,0,23010813|PRX|2025-11-26|6
,23010813,Red Zone Runner,PEN,2025-10-30,4,USA,ALW,,6.0,F,,6F,D,4,4.0,2.0,,,2.0,2,260.0,250.0,0.0,0.0,300.0,175.0,100.0,10.0,0.0,0.0,50.0,400.0,4,6,35000,0,0,0,6.0,1207.008,6F,0,23010813|PEN|2025-10-30|4
,23010813,Red Zone Runner,PRX,2025-09-19,1,USA,MSW,,5.5,F,,5 1/2F,D,2,4.0,4.0,,,1.0,1,360.0,360.0,0.0,0.0,0.0,0.0,150.0,10.0,0.0,0.0,100.0,25.0,12,11,65000,0,0,0,5.5,1106.424,5 1/2F,0,23010813|PRX|2025-09-19|1
,23010927,Entitled Defense,CT,2025-11-26,5,USA,MSW,,4.5,F,,4 1/2F,D,7,4.0,,,,7.0,10,220.0,0.0,0.0,0.0,910.0,1550.0,10.0,0.0,0.0,0.0,200.0,0.0,11,10,30600,0,0,0,4.5,905.2560000000001,4 1/2F,0,23010927|CT|2025-11-26|5
,23010927,Entitled Defense,CT,2025-10-25,5,USA,MSW,,4.5,F,,4 1/2F,D,1,1.0,,,,1.0,4,0.0,0.0,0.0,0.0,0.0,700.0,10.0,0.0,0.0,0.0,10.0,275.0,47,8,30600,0,0,0,4.5,905.2560000000001,4 1/2F,0,23010927|CT|2025-10-25|5
X,23011016,Very Volatile,LRL,2025-11-29,3,USA,MSW,,7.0,F,,7F,D,8,2.0,1.0,,,1.0,1,10.0,0.0,0.0,0.0,0.0,0.0,400.0,100.0,0.0,0.0,500.0,250.0,24,9,48500,0,0,1,7.0,1408.176,7F,0,23011016|LRL|2025-11-29|3
,23011016,Very Volatile,DEL,2025-09-25,7,USA,MCL,,6.0,F,,6F,D,6,1.0,2.0,,,2.0,6,0.0,10.0,0.0,0.0,100.0,565.0,10.0,200.0,0.0,0.0,100.0,1800.0,7,7,28000,0,0,0,6.0,1207.008,6F,0,23011016|DEL|2025-09-25|7
X,23011140,Shenadoah Sunrise,LRL,2025-12-13,9,USA,CLM,,6.0,F,,6F,D,2,6.0,6.0,,,6.0,4,850.0,560.0,0.0,0.0,800.0,1060.0,100.0,400.0,0.0,0.0,300.0,100.0,94,7,34550,0,0,1,6.0,1207.008,6F,0,23011140|LRL|2025-12-13|9
X,23011140,Shenadoah Sunrise,LRL,2025-11-14,3,USA,AOC,,6.0,F,,6F,D,3,4.0,4.0,,,4.0,4,350.0,860.0,0.0,0.0,1250.0,2025.0,0.0,0.0,0.0,0.0,0.0,0.0,161,4,49000,0,0,1,6.0,1207.008,6F,0,23011140|LRL|2025-11-14|3
X,23011140,Shenadoah Sunrise,LRL,2025-10-24,4,USA,MCL,,5.5,F,,5 1/2F,D,5,5.0,4.0,,,4.0,1,320.0,320.0,0.0,0.0,310.0,0.0,500.0,200.0,0.0,0.0,600.0,25.0,357,8,25740,0,0,1,5.5,1106.424,5 1/2F,0,23011140|LRL|2025-10-24|4
,23011598,Coloma,PEN,2025-10-30,4,USA,ALW,,6.0,F,,6F,D,2,3.0,6.0,,,6.0,6,250.0,420.0,0.0,0.0,750.0,1100.0,10.0,0.0,0.0,0.0,0.0,0.0,44,6,35000,0,0,0,6.0,1207.008,6F,0,23011598|PEN|2025-10-30|4
,23011598,Coloma,DEL,2025-09-25,7,USA,MCL,,6.0,F,,6F,D,5,2.0,1.0,,,1.0,1,10.0,0.0,0.0,0.0,0.0,0.0,200.0,10.0,0.0,0.0,100.0,150.0,25,7,28000,0,0,0,6.0,1207.008,6F,0,23011598|DEL|2025-09-25|7
,23011598,Coloma,DEL,2025-08-30,4,USA,MSW,,7.5,F,A,7 1/2F,T,3,5.0,5.0,,,4.0,4,310.0,350.0,0.0,0.0,70.0,375.0,10.0,50.0,0.0,0.0,100.0,300.0,44,8,45000,1,0,0,7.5,1508.76,7 1/2F,0,23011598|DEL|2025-08-30|4
X,23011865,Astrid,LRL,2025-12-07,7,USA,AOC,,8.5,F,,1 1/16M,D,3,2.0,2.0,2.0,,5.0,5,200.0,100.0,200.0,0.0,900.0,2100.0,200.0,150.0,10.0,0.0,1000.0,1925.0,234,6,49735,0,0,1,8.5,1709.928,1 1/16M,0,23011865|LRL|2025-12-07|7
,23011865,Astrid,PRX,2025-10-27,3,USA,MCL,,8.0,F,,1M,D,3,1.0,1.0,1.0,,1.0,1,0.0,0.0,0.0,0.0,0.0,0.0,50.0,150.0,300.0,0.0,500.0,400.0,20,5,19000,0,0,0,8.0,1609.344,1M,0,23011865|PRX|2025-10-27|3
,23011865,Astrid,DEL,2025-09-13,5,USA,MCL,,6.0,F,,6F,D,4,4.0,3.0,,,4.0,4,70.0,300.0,0.0,0.0,200.0,385.0,100.0,100.0,0.0,0.0,200.0,5.0,81,10,30000,0,0,0,6.0,1207.008,6F,0,23011865|DEL|2025-09-13|5
,23011876,Honor Roll,PRX,2025-11-18,8,USA,AOC,,6.0,F,,6F,D,4,1.0,1.0,,,1.0,2,0.0,0.0,0.0,0.0,0.0,25.0,10.0,300.0,0.0,0.0,150.0,75.0,10,4,42000,0,0,0,6.0,1207.008,6F,0,23011876|PRX|2025-11-18|8
,23011876,Honor Roll,PRX,2025-10-15,4,USA,MSW,,5.5,F,,5 1/2F,D,3,1.0,1.0,,,1.0,1,0.0,0.0,0.0,0.0,0.0,0.0,150.0,300.0,0.0,0.0,500.0,275.0,21,6,50000,0,0,0,5.5,1106.424,5 1/2F,0,23011876|PRX|2025-10-15|4
,23011876,Honor Roll,PRX,2025-09-20,3,USA,MSW,,6.5,F,,6 1/2F,D,5,1.0,1.0,,,3.0,4,0.0,0.0,0.0,0.0,200.0,800.0,50.0,100.0,0.0,0.0,600.0,475.0,198,8,100000,0,0,0,6.5,1307.592,6 1/2F,0,23011876|PRX|2025-09-20|3
X,23012012,Knickoletta,LRL,2025-12-05,4,USA,CLM,,5.5,F,,5 1/2F,D,2,3.0,2.0,,,2.0,3,60.0,10.0,0.0,0.0,200.0,375.0,200.0,50.0,0.0,0.0,10.0,1000.0,24,4,41600,0,0,1,5.5,1106.424,5 1/2F,0,23012012|LRL|2025-12-05|4
X,23012012,Knickoletta,LRL,2025-11-22,3,USA,MCL,,6.0,F,,6F,D,1,1.0,1.0,,,1.0,1,0.0,0.0,0.0,0.0,0.0,0.0,200.0,400.0,0.0,0.0,400.0,475.0,60,9,32400,0,0,1,6.0,1207.008,6F,0,23012012|LRL|2025-11-22|3
X,23012012,Knickoletta,LRL,2025-10-24,4,USA,MCL,,5.5,F,,5 1/2F,D,7,4.0,1.0,,,1.0,3,70.0,0.0,0.0,0.0,0.0,200.0,250.0,10.0,0.0,0.0,50.0,400.0,13,8,25740,0,0,1,5.5,1106.424,5 1/2F,0,23012012|LRL|2025-10-24|4
X,23012682,Trendsetter,TP,2026-01-03,6,USA,STK,,6.5,F,,6 1/2F,D,4,5.0,5.0,,,4.0,2,400.0,510.0,0.0,0.0,350.0,125.0,0.0,0.0,0.0,0.0,200.0,25.0,47,5,125000,0,0,1,6.5,1307.592,6 1/2F,0,23012682|TP|2026-01-03|6
X,23012682,Trendsetter,KEE,2025-10-05,8,USA,STK,,5.5,F,,5 1/2F,T,3,8.0,8.0,,,7.0,5,500.0,560.0,0.0,0.0,620.0,355.0,0.0,0.0,0.0,0.0,50.0,125.0,573,8,300000,0,0,1,5.5,1106.424,5 1/2F,0,23012682|KEE|2025-10-05|8
,23012682,Trendsetter,KD,2025-08-31,9,USA,STK,,6.5,F,,6 1/2F,T,10,9.0,10.0,,,9.0,7,670.0,770.0,0.0,0.0,870.0,830.0,10.0,0.0,0.0,0.0,100.0,100.0,285,10,1000000,0,0,0,6.5,1307.592,6 1/2F,0,23012682|KD|2025-08-31|9
X,23012748,Barbados Bulldog,LRL,2025-12-14,6,USA,MCL,,5.5,F,,5 1/2F,D,6,3.0,2.0,,,1.0,1,20.0,10.0,0.0,0.0,0.0,0.0,150.0,10.0,0.0,0.0,200.0,225.0,25,7,33650,0,0,1,5.5,1106.424,5 1/2F,0,23012748|LRL|2025-12-14|6
X,23012748,Barbados Bulldog,LRL,2025-11-22,3,USA,MCL,,6.0,F,,6F,D,9,5.0,4.0,,,3.0,6,410.0,650.0,0.0,0.0,550.0,1030.0,10.0,400.0,0.0,0.0,10.0,250.0,10,9,32400,0,0,1,6.0,1207.008,6F,0,23012748|LRL|2025-11-22|3
X,23012748,Barbados Bulldog,LRL,2025-10-31,5,USA,MSW,,6.0,F,,6F,D,5,4.0,4.0,,,3.0,5,250.0,160.0,0.0,0.0,400.0,1100.0,400.0,550.0,0.0,0.0,150.0,50.0,413,9,50615,0,0,1,6.0,1207.008,6F,0,23012748|LRL|2025-10-31|5
X,23012748,Barbados Bulldog,LRL,2025-10-11,5,USA,STK,,6.0,F,,6F,D,6,3.0,3.0,,,6.0,9,60.0,160.0,0.0,0.0,610.0,1390.0,150.0,10.0,0.0,0.0,50.0,0.0,604,9,101000,0,0,1,6.0,1207.008,6F,0,23012748|LRL|2025-10-11|5
X,23012790,Momaxie,LRL,2025-12-19,7,USA,MCL,,6.0,F,,6F,D,6,1.0,1.0,,,1.0,1,0.0,0.0,0.0,0.0,0.0,0.0,100.0,50.0,0.0,0.0,200.0,425.0,106,7,42730,0,0,1,6.0,1207.008,6F,0,23012790|LRL|2025-12-19|7
X,23012845,Won Ton,LRL,2025-12-27,1,USA,AOC,,5.5,F,,5 1/2F,D,2,3.0,3.0,,,2.0,1,260.0,250.0,0.0,0.0,150.0,0.0,10.0,10.0,0.0,0.0,10.0,50.0,46,7,49500,0,0,1,5.5,1106.424,5 1/2F,0,23012845|LRL|2025-12-27|1
,23012845,Won Ton,CT,2025-10-25,5,USA,MSW,,4.5,F,,4 1/2F,D,6,4.0,,,,2.0,1,260.0,0.0,0.0,0.0,10.0,0.0,200.0,0.0,0.0,0.0,10.0,400.0,15,8,30600,0,0,0,4.5,905.2560000000001,4 1/2F,0,23012845|CT|2025-10-25|5
X,23012905,Last Gift,LRL,2025-12-13,9,USA,CLM,,6.0,F,,6F,D,4,2.0,3.0,,,5.0,7,50.0,60.0,0.0,0.0,550.0,1535.0,150.0,150.0,0.0,0.0,250.0,0.0,59,7,34550,0,0,1,6.0,1207.008,6F,0,23012905|LRL|2025-12-13|9
X,23012905,Last Gift,LRL,2025-11-23,2,USA,CLM,,6.0,F,,6F,D,2,1.0,1.0,,,3.0,5,0.0,0.0,0.0,0.0,110.0,835.0,50.0,10.0,0.0,0.0,150.0,550.0,19,6,34050,0,0,1,6.0,1207.008,6F,0,23012905|LRL|2025-11-23|2
X,23012905,Last Gift,LRL,2025-11-02,5,USA,CLM,,6.0,F,,6F,D,6,2.0,2.0,,,1.0,1,100.0,50.0,0.0,0.0,0.0,0.0,150.0,150.0,0.0,0.0,200.0,375.0,56,6,33600,0,0,1,6.0,1207.008,6F,0,23012905|LRL|2025-11-02|5
,23012905,Last Gift,TIM,2025-08-22,9,USA,MCL,,4.0,F,,4F,D,2,2.0,,,,2.0,1,50.0,0.0,0.0,0.0,10.0,0.0,150.0,0.0,0.0,0.0,300.0,250.0,30,7,32080,0,0,0,4.0,804.672,4F,0,23012905|TIM|2025-08-22|9
X,23013020,Mickeymac,LRL,2025-11-28,1,USA,MCL,,8.0,F,,1M,D,7,7.0,8.0,8.0,,8.0,9,520.0,810.0,980.0,0.0,1630.0,2260.0,50.0,500.0,200.0,0.0,300.0,850.0,43,12,29180,0,0,1,8.0,1609.344,1M,0,23013020|LRL|2025-11-28|1
X,23013020,Mickeymac,LRL,2025-11-02,4,USA,MCL,,8.5,F,,1 1/16M,T,4,3.0,3.0,3.0,,4.0,5,700.0,600.0,650.0,0.0,610.0,725.0,10.0,250.0,250.0,0.0,10.0,150.0,139,10,36050,0,0,1,8.5,1709.928,1 1/16M,0,23013020|LRL|2025-11-02|4
,23013020,Mickeymac,DEL,2025-10-11,6,USA,MSW,,7.5,F,A,7 1/2F,T,1,7.0,8.0,,,7.0,7,430.0,460.0,0.0,0.0,770.0,1045.0,250.0,0.0,0.0,0.0,100.0,350.0,266,8,45000,1,0,0,7.5,1508.76,7 1/2F,0,23013020|DEL|2025-10-11|6
X,23013139,Wild Warrior,LRL,2025-12-14,2,USA,AOC,,8.5,F,,1 1/16M,D,4,2.0,2.0,1.0,,1.0,1,200.0,50.0,0.0,0.0,0.0,0.0,500.0,450.0,10.0,0.0,50.0,275.0,15,4,49000,0,0,1,8.5,1709.928,1 1/16M,0,23013139|LRL|2025-12-14|2
X,23013139,Wild Warrior,LRL,2025-11-23,3,USA,AOC,,8.0,F,,1M,D,4,2.0,2.0,2.0,,3.0,3,100.0,200.0,300.0,0.0,450.0,580.0,150.0,100.0,50.0,0.0,450.0,25.0,107,7,49500,0,0,1,8.0,1609.344,1M,0,23013139|LRL|2025-11-23|3
X,23013139,Wild Warrior,LRL,2025-11-02,9,USA,AOC,,8.5,F,,1 1/16M,D,5,6.0,5.0,4.0,,3.0,3,660.0,520.0,700.0,0.0,650.0,525.0,800.0,50.0,550.0,0.0,10.0,25.0,8,7,50970,0,0,1,8.5,1709.928,1 1/16M,0,23013139|LRL|2025-11-02|9
,23013139,Wild Warrior,DEL,2025-10-18,1,USA,MSW,,8.0,F,,1M,D,1,5.0,5.0,4.0,,1.0,1,220.0,170.0,120.0,0.0,0.0,0.0,100.0,200.0,50.0,0.0,10.0,225.0,17,6,45000,0,0,0,8.0,1609.344,1M,0,23013139|DEL|2025-10-18|1
X,23013198,Honor Thy Cookie,LRL,2025-11-22,5,USA,MSW,,8.0,F,,1M,T,10,5.0,5.0,6.0,,5.0,6,410.0,450.0,610.0,0.0,910.0,675.0,50.0,10.0,200.0,0.0,10.0,500.0,61,12,50000,0,0,1,8.0,1609.344,1M,0,23013198|LRL|2025-11-22|5
X,23013198,Honor Thy Cookie,LRL,2025-11-01,9,USA,MSW,,8.0,F,,1M,D,8,3.0,3.0,2.0,,2.0,2,150.0,250.0,200.0,0.0,300.0,450.0,100.0,10.0,10.0,0.0,200.0,150.0,36,8,48705,0,0,1,8.0,1609.344,1M,0,23013198|LRL|2025-11-01|9
X,23013198,Honor Thy Cookie,LRL,2025-10-10,5,USA,MSW,,5.5,F,,5 1/2F,T,2,7.0,9.0,,,8.0,6,610.0,1060.0,0.0,0.0,1250.0,385.0,10.0,200.0,0.0,0.0,250.0,50.0,131,10,49000,0,0,1,5.5,1106.424,5 1/2F,0,23013198|LRL|2025-10-10|5
X,23013382,Bresha,TP,2025-12-26,1,USA,MSW,,6.0,F,,6F,D,4,1.0,1.0,,,1.0,1,0.0,0.0,0.0,0.0,0.0,0.0,200.0,200.0,0.0,0.0,250.0,175.0,151,12,48000,0,0,1,6.0,1207.008,6F,0,23013382|TP|2025-12-26|1
X,23013445,Peach Tie,LRL,2025-11-14,3,USA,AOC,,6.0,F,,6F,D,4,3.0,2.0,,,1.0,1,200.0,10.0,0.0,0.0,0.0,0.0,150.0,250.0,0.0,0.0,150.0,425.0,1,4,49000,0,0,1,6.0,1207.008,6F,0,23013445|LRL|2025-11-14|3
X,23013445,Peach Tie,KEE,2025-10-19,3,USA,STR,,6.5,F,,6 1/2F,D,7,5.0,4.0,,,1.0,1,320.0,170.0,0.0,0.0,0.0,0.0,50.0,250.0,0.0,0.0,400.0,250.0,27,8,63000,0,0,1,6.5,1307.592,6 1/2F,0,23013445|KEE|2025-10-19|3
,23013445,Peach Tie,PID,2025-09-19,6,USA,STK,,6.5,F,,6 1/2F,D,4,7.0,4.0,,,3.0,3,230.0,160.0,0.0,0.0,150.0,330.0,50.0,10.0,0.0,0.0,10.0,250.0,60,10,100500,0,0,0,6.5,1307.592,6 1/2F,0,23013445|PID|2025-09-19|6
X,23013491,Hollywood Import,LRL,2025-12-27,8,USA,STK,,7.0,F,,7F,D,6,1.0,1.0,,,1.0,1,0.0,0.0,0.0,0.0,0.0,0.0,200.0,250.0,0.0,0.0,400.0,175.0,96,6,100000,0,0,1,7.0,1408.176,7F,0,23013491|LRL|2025-12-27|8
X,23013491,Hollywood Import,LRL,2025-11-23,3,USA,AOC,,8.0,F,,1M,D,2,7.0,7.0,4.0,,4.0,4,700.0,710.0,900.0,0.0,900.0,605.0,0.0,0.0,100.0,0.0,500.0,825.0,10,7,49500,0,0,1,8.0,1609.344,1M,0,23013491|LRL|2025-11-23|3
X,23013491,Hollywood Import,LRL,2025-11-08,9,USA,STK,,6.0,F,,6F,D,8,10.0,7.0,,,8.0,2,1120.0,1050.0,0.0,0.0,730.0,525.0,0.0,100.0,0.0,0.0,100.0,225.0,63,10,100000,0,0,1,6.0,1207.008,6F,0,23013491|LRL|2025-11-08|9
,23013491,Hollywood Import,DEL,2025-10-09,3,USA,MSW,,6.0,F,,6F,D,2,7.0,6.0,,,4.0,1,620.0,180.0,0.0,0.0,170.0,0.0,0.0,200.0,0.0,0.0,150.0,10.0,56,7,45000,0,0,0,6.0,1207.008,6F,0,23013491|DEL|2025-10-09|3
X,23013653,Miss Fulton Gal,LRL,2025-12-07,7,USA,AOC,,8.5,F,,1 1/16M,D,6,6.0,5.0,5.0,,4.0,4,800.0,400.0,710.0,0.0,750.0,1850.0,0.0,100.0,500.0,0.0,150.0,250.0,10,6,49735,0,0,1,8.5,1709.928,1 1/16M,0,23013653|LRL|2025-12-07|7
X,23013653,Miss Fulton Gal,LRL,2025-11-15,5,USA,AOC,,8.0,F,,1M,D,7,4.0,4.0,5.0,,2.0,2,650.0,350.0,270.0,0.0,150.0,300.0,10.0,10.0,150.0,0.0,50.0,150.0,24,8,54410,0,0,1,8.0,1609.344,1M,0,23013653|LRL|2025-11-15|5
,23013653,Miss Fulton Gal,DEL,2025-10-11,7,USA,STK,,8.0,F,,1M,D,2,6.0,7.0,8.0,,8.0,5,270.0,430.0,920.0,0.0,1210.0,1125.0,10.0,100.0,100.0,0.0,200.0,150.0,65,9,100000,0,0,0,8.0,1609.344,1M,0,23013653|DEL|2025-10-11|7
X,23013872,Power Grid,LRL,2025-11-23,3,USA,AOC,,8.0,F,,1M,D,7,4.0,3.0,3.0,,2.0,1,400.0,300.0,350.0,0.0,250.0,0.0,150.0,100.0,550.0,0.0,200.0,5.0,18,7,49500,0,0,1,8.0,1609.344,1M,0,23013872|LRL|2025-11-23|3
X,23013872,Power Grid,LRL,2025-10-17,2,USA,MSW,,7.0,F,,7F,D,1,2.0,1.0,,,1.0,1,10.0,0.0,0.0,0.0,0.0,0.0,100.0,50.0,0.0,0.0,300.0,750.0,23,7,47500,0,0,1,7.0,1408.176,7F,0,23013872|LRL|2025-10-17|2
,23013872,Power Grid,DEL,2025-09-20,2,USA,MSW,,6.0,F,,6F,D,2,4.0,3.0,,,2.0,2,210.0,200.0,0.0,0.0,300.0,550.0,100.0,100.0,0.0,0.0,200.0,525.0,8,6,45000,0,0,0,6.0,1207.008,6F,0,23013872|DEL|2025-09-20|2
X,23013873,Tipmanee,LRL,2025-12-27,1,USA,AOC,,5.5,F,,5 1/2F,D,6,5.0,5.0,,,5.0,5,420.0,510.0,0.0,0.0,760.0,1100.0,250.0,400.0,0.0,0.0,100.0,100.0,74,7,49500,0,0,1,5.5,1106.424,5 1/2F,0,23013873|LRL|2025-12-27|1
X,23013873,Tipmanee,LRL,2025-11-08,8,USA,STK,,6.0,F,,6F,D,5,5.0,5.0,,,5.0,4,710.0,800.0,0.0,0.0,860.0,1000.0,0.0,0.0,0.0,0.0,0.0,25.0,208,5,100000,0,0,1,6.0,1207.008,6F,0,23013873|LRL|2025-11-08|8
X,23013873,Tipmanee,LRL,2025-09-26,10,USA,MCL,,5.5,F,,5 1/2F,D,1,1.0,1.0,,,1.0,1,0.0,0.0,0.0,0.0,0.0,0.0,100.0,10.0,0.0,0.0,10.0,125.0,11,8,43230,0,0,1,5.5,1106.424,5 1/2F,0,23013873|LRL|2025-09-26|10
,23013873,Tipmanee,TIM,2025-08-23,10,USA,MCL,,6.5,F,A,6 1/2F,D,4,1.0,2.0,,,2.0,2,0.0,50.0,0.0,0.0,450.0,625.0,10.0,600.0,0.0,0.0,250.0,125.0,24,6,39780,1,0,0,6.5,1307.592,6 1/2F,0,23013873|TIM|2025-08-23|10
,23013929,Yes Picnic,PRX,2025-11-19,7,USA,MCL,,6.0,F,,6F,D,5,4.0,3.0,,,1.0,1,110.0,110.0,0.0,0.0,0.0,0.0,50.0,50.0,0.0,0.0,10.0,75.0,14,7,32000,0,0,0,6.0,1207.008,6F,0,23013929|PRX|2025-11-19|7
X,23013965,For the Ladies,AQU,2026-01-10,2,USA,AOC,,6.0,F,,6F,D,2,1.0,1.0,,,1.0,3,0.0,0.0,0.0,0.0,0.0,650.0,10.0,50.0,0.0,0.0,50.0,0.0,6,3,83000,0,0,1,6.0,1207.008,6F,0,23013965|AQU|2026-01-10|2
X,23013965,For the Ladies,AQU,2025-11-29,1,USA,MSW,,6.0,F,,6F,D,1,1.0,1.0,,,1.0,1,0.0,0.0,0.0,0.0,0.0,0.0,100.0,250.0,0.0,0.0,600.0,725.0,13,4,85000,0,0,1,6.0,1207.008,6F,0,23013965|AQU|2025-11-29|1
X,23013965,For the Ladies,BAQ,2025-10-05,4,USA,MSW,,6.0,F,,6F,D,1,1.0,1.0,,,1.0,2,0.0,0.0,0.0,0.0,0.0,5.0,50.0,50.0,0.0,0.0,150.0,175.0,18,9,85000,0,0,1,6.0,1207.008,6F,0,23013965|BAQ|2025-10-05|4
X,23013972,Mr. Supreme,LRL,2025-11-21,4,USA,AOC,,6.0,F,,6F,D,7,6.0,4.0,,,3.0,4,410.0,300.0,0.0,0.0,400.0,400.0,50.0,100.0,0.0,0.0,100.0,600.0,29,7,53910,0,0,1,6.0,1207.008,6F,0,23013972|LRL|2025-11-21|4
X,23013972,Mr. Supreme,LRL,2025-10-26,6,USA,AOC,,5.5,F,,5 1/2F,D,4,4.0,4.0,,,3.0,3,450.0,450.0,0.0,0.0,350.0,300.0,300.0,50.0,0.0,0.0,150.0,550.0,81,7,50235,0,0,1,5.5,1106.424,5 1/2F,0,23013972|LRL|2025-10-26|6
X,23013972,Mr. Supreme,LRL,2025-10-11,9,USA,STK,,6.0,F,,6F,D,2,6.0,6.0,,,4.0,5,420.0,560.0,0.0,0.0,210.0,275.0,10.0,10.0,0.0,0.0,150.0,300.0,1050,13,102040,0,0,1,6.0,1207.008,6F,0,23013972|LRL|2025-10-11|9
X,23014027,Babble,LRL,2026-01-09,6,USA,MCL,,6.0,F,,6F,D,5,10.0,10.0,,,7.0,8,1620.0,1620.0,0.0,0.0,480.0,855.0,800.0,300.0,0.0,0.0,400.0,175.0,937,11,24890,0,0,1,6.0,1207.008,6F,0,23014027|LRL|2026-01-09|6
X,23014027,Babble,LRL,2025-12-21,3,USA,MCL,,6.0,F,,6F,D,9,6.0,6.0,,,6.0,7,800.0,660.0,0.0,0.0,1100.0,1925.0,50.0,300.0,0.0,0.0,250.0,500.0,933,9,28400,0,0,1,6.0,1207.008,6F,0,23014027|LRL|2025-12-21|3
,23014027,Babble,DEL,2025-07-16,2,USA,MCL,,5.5,F,,5 1/2F,D,1,5.0,5.0,,,5.0,6,220.0,660.0,0.0,0.0,900.0,2700.0,600.0,400.0,0.0,0.0,200.0,0.0,199,6,28000,0,0,0,5.5,1106.424,5 1/2F,0,23014027|DEL|2025-07-16|2
X,23014050,Celtic Harp,LRL,2025-10-31,5,USA,MSW,,6.0,F,,6F,D,1,9.0,8.0,,,8.0,2,970.0,1160.0,0.0,0.0,960.0,525.0,0.0,250.0,0.0,0.0,1000.0,75.0,47,9,50615,0,0,1,6.0,1207.008,6F,0,23014050|LRL|2025-10-31|5
X,23014053,Top Manipulator,LRL,2025-11-28,3,USA,MSW,,6.0,F,,6F,D,7,2.0,2.0,,,3.0,5,150.0,250.0,0.0,0.0,550.0,1325.0,100.0,200.0,0.0,0.0,150.0,125.0,134,7,45500,0,0,1,6.0,1207.008,6F,0,23014053|LRL|2025-11-28|3
X,23014066,Clearly Sophia,LRL,2025-11-21,1,USA,MSW,,5.5,F,,5 1/2F,T,5,2.0,2.0,,,2.0,2,100.0,100.0,0.0,0.0,50.0,25.0,150.0,50.0,0.0,0.0,100.0,10.0,49,11,49500,0,0,1,5.5,1106.424,5 1/2F,0,23014066|LRL|2025-11-21|1
,23014066,Clearly Sophia,DEL,2025-10-08,1,USA,MSW,,6.0,F,,6F,D,4,2.0,4.0,,,6.0,7,100.0,310.0,0.0,0.0,650.0,805.0,100.0,10.0,0.0,0.0,500.0,650.0,65,8,45000,0,0,0,6.0,1207.008,6F,0,23014066|DEL|2025-10-08|1
X,23014256,Hotmessness,LRL,2025-11-23,2,USA,CLM,,6.0,F,,6F,D,3,4.0,4.0,,,5.0,4,250.0,160.0,0.0,0.0,360.0,535.0,10.0,10.0,0.0,0.0,450.0,300.0,102,6,34050,0,0,1,6.0,1207.008,6F,0,23014256|LRL|2025-11-23|2
X,23014256,Hotmessness,LRL,2025-11-02,5,USA,CLM,,6.0,F,,6F,D,3,4.0,4.0,,,5.0,5,300.0,600.0,0.0,0.0,850.0,500.0,150.0,100.0,0.0,0.0,10.0,150.0,24,6,33600,0,0,1,6.0,1207.008,6F,0,23014256|LRL|2025-11-02|5
,23014256,Hotmessness,DEL,2025-10-15,1,USA,MCL,,6.0,F,,6F,D,5,3.0,4.0,,,3.0,1,110.0,210.0,0.0,0.0,60.0,0.0,10.0,10.0,0.0,0.0,100.0,225.0,34,7,20000,0,0,0,6.0,1207.008,6F,0,23014256|DEL|2025-10-15|1
X,23014262,Hardtoblame,TP,2025-12-27,7,USA,AOC,,8.0,F,,1M,D,9,5.0,5.0,6.0,,8.0,8,360.0,510.0,370.0,0.0,460.0,905.0,150.0,10.0,150.0,0.0,50.0,50.0,249,10,102000,0,0,1,8.0,1609.344,1M,0,23014262|TP|2025-12-27|7
X,23014262,Hardtoblame,CD,2025-11-23,2,USA,MCL,,8.0,F,,1M,D,7,5.0,5.0,2.0,,1.0,1,210.0,500.0,150.0,0.0,0.0,0.0,200.0,10.0,50.0,0.0,100.0,125.0,9,8,57000,0,0,1,8.0,1609.344,1M,0,23014262|CD|2025-11-23|2
X,23014262,Hardtoblame,IND,2025-10-23,2,USA,MSW,,8.0,F,,1M,D,1,4.0,4.0,4.0,,3.0,3,450.0,400.0,300.0,0.0,500.0,775.0,300.0,400.0,450.0,0.0,150.0,200.0,35,7,32000,0,0,1,8.0,1609.344,1M,0,23014262|IND|2025-10-23|2
X,23014465,Master Schemer,LRL,2025-12-13,4,USA,MCL,,8.0,F,,1M,D,6,4.0,4.0,2.0,,4.0,4,400.0,260.0,100.0,0.0,460.0,700.0,100.0,10.0,50.0,0.0,10.0,150.0,128,6,30450,0,0,1,8.0,1609.344,1M,0,23014465|LRL|2025-12-13|4
X,23014465,Master Schemer,LRL,2025-11-28,9,USA,MCL,,6.0,F,,6F,D,3,7.0,7.0,,,4.0,4,1270.0,970.0,0.0,0.0,760.0,925.0,0.0,0.0,0.0,0.0,10.0,650.0,217,7,31850,0,0,1,6.0,1207.008,6F,0,23014465|LRL|2025-11-28|9
X,23014518,Only Maria,LRL,2025-12-14,3,USA,MCL,,6.0,F,,6F,D,6,4.0,1.0,,,1.0,1,260.0,0.0,0.0,0.0,0.0,0.0,50.0,150.0,0.0,0.0,250.0,225.0,83,8,25700,0,0,1,6.0,1207.008,6F,0,23014518|LRL|2025-12-14|3
X,23014518,Only Maria,LRL,2025-11-29,6,USA,MCL,,5.5,F,,5 1/2F,D,6,10.0,7.0,,,10.0,9,1410.0,1180.0,0.0,0.0,1420.0,1620.0,100.0,50.0,0.0,0.0,10.0,50.0,72,12,30260,0,0,1,5.5,1106.424,5 1/2F,0,23014518|LRL|2025-11-29|6
X,23014518,Only Maria,LRL,2025-11-01,5,USA,MCL,,5.5,F,,5 1/2F,T,7,9.0,9.0,,,9.0,8,1120.0,770.0,0.0,0.0,1160.0,1235.0,0.0,0.0,0.0,0.0,0.0,1950.0,443,9,31950,0,0,1,5.5,1106.424,5 1/2F,0,23014518|LRL|2025-11-01|5
X,23014518,Only Maria,LRL,2025-10-12,5,USA,MSW,,8.0,F,,1M,T,4,6.0,6.0,5.0,,6.0,7,410.0,330.0,570.0,0.0,960.0,1425.0,50.0,100.0,250.0,0.0,50.0,125.0,726,10,49000,0,0,1,8.0,1609.344,1M,0,23014518|LRL|2025-10-12|5
X,23014565,Feels So Right,LRL,2025-12-28,5,USA,CLM,,6.0,F,,6F,D,5,2.0,4.0,,,5.0,5,200.0,500.0,0.0,0.0,610.0,1305.0,50.0,150.0,0.0,0.0,400.0,375.0,107,7,44700,0,0,1,6.0,1207.008,6F,0,23014565|LRL|2025-12-28|5
X,23014565,Feels So Right,LRL,2025-12-13,5,USA,CLM,,8.0,F,,1M,D,6,1.0,1.0,1.0,,3.0,4,0.0,0.0,0.0,0.0,500.0,1150.0,50.0,50.0,10.0,0.0,150.0,75.0,35,7,45300,0,0,1,8.0,1609.344,1M,0,23014565|LRL|2025-12-13|5
X,23014565,Feels So Right,LRL,2025-11-09,2,USA,CLM,,6.0,F,,6F,D,5,2.0,2.0,,,2.0,3,200.0,200.0,0.0,0.0,450.0,650.0,200.0,200.0,0.0,0.0,200.0,275.0,31,6,31350,0,0,1,6.0,1207.008,6F,0,23014565|LRL|2025-11-09|2
X,23014565,Feels So Right,LRL,2025-10-11,9,USA,STK,,6.0,F,,6F,D,13,4.0,5.0,,,7.0,11,210.0,360.0,0.0,0.0,610.0,1625.0,10.0,200.0,0.0,0.0,10.0,775.0,555,13,102040,0,0,1,6.0,1207.008,6F,0,23014565|LRL|2025-10-11|9
,23014565,Feels So Right,TIM,2025-08-29,5,USA,MCL,,6.5,F,A,6 1/2F,D,2,1.0,1.0,,,1.0,1,0.0,0.0,0.0,0.0,0.0,0.0,200.0,200.0,0.0,0.0,400.0,500.0,44,6,30940,1,0,0,6.5,1307.592,6 1/2F,0,23014565|TIM|2025-08-29|5
X,23014695,Nothinglesswilldo,LRL,2025-11-01,9,USA,MSW,,8.0,F,,1M,D,5,6.0,4.0,4.0,,3.0,3,550.0,260.0,360.0,0.0,500.0,600.0,200.0,500.0,500.0,0.0,200.0,325.0,28,8,48705,0,0,1,8.0,1609.344,1M,0,23014695|LRL|2025-11-01|9
X,23014695,Nothinglesswilldo,LRL,2025-10-10,6,USA,MSW,,7.0,F,,7F,D,10,12.0,12.0,,,9.0,3,1370.0,1550.0,0.0,0.0,1270.0,1025.0,0.0,0.0,0.0,0.0,200.0,275.0,601,12,50705,0,0,1,7.0,1408.176,7F,0,23014695|LRL|2025-10-10|6
X,23014779,Gurney Halleck,LRL,2025-11-08,9,USA,STK,,6.0,F,,6F,D,2,7.0,8.0,,,7.0,3,820.0,1150.0,0.0,0.0,720.0,750.0,50.0,10.0,0.0,0.0,10.0,10.0,60,10,100000,0,0,1,6.0,1207.008,6F,0,23014779|LRL|2025-11-08|9
,23014779,Gurney Halleck,CT,2025-10-11,4,USA,STK,,6.5,F,,6 1/2F,D,3,3.0,3.0,,,2.0,2,250.0,160.0,0.0,0.0,200.0,300.0,200.0,1200.0,0.0,0.0,400.0,1275.0,3,6,75000,0,0,0,6.5,1307.592,6 1/2F,0,23014779|CT|2025-10-11|4
,23014779,Gurney Halleck,CT,2025-09-20,7,USA,STK,,4.5,F,,4 1/2F,D,2,6.0,,,,5.0,1,560.0,0.0,0.0,0.0,250.0,0.0,100.0,0.0,0.0,0.0,50.0,50.0,20,7,75000,0,0,0,4.5,905.2560000000001,4 1/2F,0,23014779|CT|2025-09-20|7
X,23014780,Turf to Dirt,LRL,2025-12-21,3,USA,MCL,,6.0,F,,6F,D,2,8.0,7.0,,,7.0,6,950.0,960.0,0.0,0.0,1350.0,1825.0,600.0,100.0,0.0,0.0,700.0,100.0,125,9,28400,0,0,1,6.0,1207.008,6F,0,23014780|LRL|2025-12-21|3
X,23014780,Turf to Dirt,LRL,2025-11-23,9,USA,MCL,,8.5,F,,1 1/16M,D,3,9.0,9.0,9.0,,9.0,9,1100.0,1420.0,2260.0,0.0,2620.0,4750.0,0.0,0.0,0.0,0.0,0.0,0.0,530,9,32400,0,0,1,8.5,1709.928,1 1/16M,0,23014780|LRL|2025-11-23|9
X,23014780,Turf to Dirt,LRL,2025-10-17,2,USA,MSW,,7.0,F,,7F,D,5,7.0,7.0,,,7.0,7,660.0,930.0,0.0,0.0,1410.0,2235.0,0.0,0.0,0.0,0.0,0.0,0.0,395,7,47500,0,0,1,7.0,1408.176,7F,0,23014780|LRL|2025-10-17|2
X,23014784,Finny,LRL,2025-12-13,4,USA,MCL,,8.0,F,,1M,D,5,1.0,1.0,1.0,,1.0,3,0.0,0.0,0.0,0.0,0.0,400.0,200.0,150.0,100.0,0.0,10.0,300.0,32,6,30450,0,0,1,8.0,1609.344,1M,0,23014784|LRL|2025-12-13|4
X,23014784,Finny,LRL,2025-11-28,9,USA,MCL,,6.0,F,,6F,D,7,3.0,1.0,,,1.0,2,20.0,0.0,0.0,0.0,0.0,250.0,100.0,200.0,0.0,0.0,10.0,625.0,104,7,31850,0,0,1,6.0,1207.008,6F,0,23014784|LRL|2025-11-28|9
X,23014784,Finny,LRL,2025-11-08,7,USA,MSW,,6.0,F,,6F,D,9,7.0,7.0,,,6.0,6,1010.0,1110.0,0.0,0.0,1110.0,2075.0,50.0,10.0,0.0,0.0,150.0,325.0,637,10,49000,0,0,1,6.0,1207.008,6F,0,23014784|LRL|2025-11-08|7
X,23014784,Finny,LRL,2025-10-25,5,USA,MCL,,5.5,F,,5 1/2F,D,10,8.0,6.0,,,6.0,4,570.0,370.0,0.0,0.0,660.0,350.0,50.0,50.0,0.0,0.0,10.0,25.0,480,11,29760,0,0,1,5.5,1106.424,5 1/2F,0,23014784|LRL|2025-10-25|5
X,23014809,Mose Smokin,LRL,2025-12-28,5,USA,CLM,,6.0,F,,6F,D,7,7.0,7.0,,,6.0,6,850.0,960.0,0.0,0.0,1010.0,1680.0,0.0,0.0,0.0,0.0,200.0,375.0,95,7,44700,0,0,1,6.0,1207.008,6F,0,23014809|LRL|2025-12-28|5
X,23014809,Mose Smokin,LRL,2025-12-05,1,USA,CLM,,7.0,F,,7F,D,4,3.0,3.0,,,2.0,1,550.0,260.0,0.0,0.0,50.0,0.0,50.0,350.0,0.0,0.0,250.0,75.0,50,8,28260,0,0,1,7.0,1408.176,7F,0,23014809|LRL|2025-12-05|1
X,23014809,Mose Smokin,LRL,2025-11-09,2,USA,CLM,,6.0,F,,6F,D,6,3.0,3.0,,,4.0,4,400.0,400.0,0.0,0.0,660.0,925.0,250.0,400.0,0.0,0.0,200.0,550.0,44,6,31350,0,0,1,6.0,1207.008,6F,0,23014809|LRL|2025-11-09|2
X,23014809,Mose Smokin,LRL,2025-10-11,9,USA,STK,,6.0,F,,6F,D,9,7.0,7.0,,,6.0,8,430.0,570.0,0.0,0.0,510.0,1075.0,300.0,250.0,0.0,0.0,100.0,475.0,1559,13,102040,0,0,1,6.0,1207.008,6F,0,23014809|LRL|2025-10-11|9
,23014870,Itty Biddy City,PEN,2025-12-05,1,USA,MSW,,6.0,F,,6F,D,1,1.0,1.0,,,1.0,4,0.0,0.0,0.0,0.0,0.0,150.0,100.0,200.0,0.0,0.0,150.0,150.0,415,10,34000,0,0,0,6.0,1207.008,6F,0,23014870|PEN|2025-12-05|1
X,23014975,Mister Roscoe,LRL,2025-12-13,5,USA,CLM,,8.0,F,,1M,D,5,4.0,4.0,5.0,,6.0,6,600.0,250.0,260.0,0.0,1050.0,2150.0,10.0,10.0,10.0,0.0,400.0,325.0,122,7,45300,0,0,1,8.0,1609.344,1M,0,23014975|LRL|2025-12-13|5
X,23014975,Mister Roscoe,LRL,2025-10-10,2,USA,CLM,,6.0,F,,6F,D,2,3.0,3.0,,,2.0,2,60.0,250.0,0.0,0.0,250.0,225.0,250.0,150.0,0.0,0.0,150.0,525.0,23,4,30000,0,0,1,6.0,1207.008,6F,0,23014975|LRL|2025-10-10|2
X,23014975,Mister Roscoe,LRL,2025-09-27,8,USA,MCL,,6.0,F,,6F,D,7,4.0,2.0,,,1.0,1,160.0,10.0,0.0,0.0,0.0,0.0,200.0,50.0,0.0,0.0,200.0,625.0,19,8,34150,0,0,1,6.0,1207.008,6F,0,23014975|LRL|2025-09-27|8
X,23014975,Mister Roscoe,LRL,2025-09-14,3,USA,MSW,,5.5,F,,5 1/2F,T,4,4.0,4.0,,,6.0,6,250.0,310.0,0.0,0.0,570.0,850.0,100.0,10.0,0.0,0.0,350.0,175.0,106,8,50115,0,0,1,5.5,1106.424,5 1/2F,0,23014975|LRL|2025-09-14|3
X,23015047,Sticktothesystem,LRL,2025-12-28,5,USA,CLM,,6.0,F,,6F,D,2,5.0,6.0,,,7.0,7,600.0,950.0,0.0,0.0,1210.0,2055.0,100.0,10.0,0.0,0.0,0.0,0.0,400,7,44700,0,0,1,6.0,1207.008,6F,0,23015047|LRL|2025-12-28|5
X,23015047,Sticktothesystem,LRL,2025-12-05,1,USA,CLM,,7.0,F,,7F,D,8,1.0,1.0,,,1.0,3,0.0,0.0,0.0,0.0,0.0,325.0,300.0,250.0,0.0,0.0,50.0,10.0,16,8,28260,0,0,1,7.0,1408.176,7F,0,23015047|LRL|2025-12-05|1
X,23015047,Sticktothesystem,LRL,2025-11-08,2,USA,MCL,,8.5,F,,1 1/16M,D,4,1.0,1.0,1.0,,1.0,1,0.0,0.0,0.0,0.0,0.0,0.0,300.0,400.0,300.0,0.0,700.0,1275.0,7,7,27760,0,0,1,8.5,1709.928,1 1/16M,0,23015047|LRL|2025-11-08|2
,23015047,Sticktothesystem,TIM,2025-08-29,5,USA,MCL,,6.5,F,A,6 1/2F,D,1,3.0,4.0,,,5.0,6,300.0,400.0,0.0,0.0,1100.0,1450.0,150.0,50.0,0.0,0.0,50.0,0.0,50,6,30940,1,0,0,6.5,1307.592,6 1/2F,0,23015047|TIM|2025-08-29|5
X,23015077,Sweet Lexi,LRL,2025-11-21,6,USA,MSW,,6.0,F,,6F,D,2,5.0,6.0,,,6.0,6,550.0,900.0,0.0,0.0,1300.0,2160.0,150.0,200.0,0.0,0.0,400.0,550.0,188,8,49410,0,0,1,6.0,1207.008,6F,0,23015077|LRL|2025-11-21|6
X,23015101,Let's Go Lando,LRL,2025-12-14,2,USA,AOC,,8.5,F,,1 1/16M,D,2,4.0,3.0,3.0,,3.0,3,800.0,500.0,310.0,0.0,450.0,325.0,0.0,250.0,400.0,0.0,600.0,1675.0,51,4,49000,0,0,1,8.5,1709.928,1 1/16M,0,23015101|LRL|2025-12-14|2
X,23015101,Let's Go Lando,LRL,2025-11-01,4,USA,MSW,,8.5,F,,1 1/16M,D,8,4.0,2.0,1.0,,1.0,1,410.0,200.0,0.0,0.0,0.0,0.0,50.0,10.0,10.0,0.0,450.0,825.0,8,8,46000,0,0,1,8.5,1709.928,1 1/16M,0,23015101|LRL|2025-11-01|4
,23015101,Let's Go Lando,DEL,2025-10-18,1,USA,MSW,,8.0,F,,1M,D,2,1.0,1.0,3.0,,2.0,2,0.0,0.0,20.0,0.0,10.0,225.0,10.0,10.0,100.0,0.0,50.0,10.0,17,6,45000,0,0,0,8.0,1609.344,1M,0,23015101|DEL|2025-10-18|1
,23015101,Let's Go Lando,DEL,2025-08-30,4,USA,MSW,,7.5,F,A,7 1/2F,T,7,8.0,8.0,,,8.0,7,670.0,1300.0,0.0,0.0,870.0,1125.0,0.0,0.0,0.0,0.0,0.0,100.0,51,8,45000,1,0,0,7.5,1508.76,7 1/2F,0,23015101|DEL|2025-08-30|4
X,23015196,No More Calls,LRL,2026-01-10,5,USA,MCL,,7.0,F,,7F,D,2,6.0,6.0,,,7.0,7,450.0,400.0,0.0,0.0,910.0,2075.0,100.0,150.0,0.0,0.0,400.0,375.0,424,10,44230,0,0,1,7.0,1408.176,7F,0,23015196|LRL|2026-01-10|5
X,23015196,No More Calls,LRL,2025-11-14,10,USA,MCL,,6.0,F,,6F,D,7,4.0,2.0,,,2.0,2,360.0,500.0,0.0,0.0,1000.0,1525.0,200.0,400.0,0.0,0.0,400.0,125.0,24,9,28400,0,0,1,6.0,1207.008,6F,0,23015196|LRL|2025-11-14|10
X,23015196,No More Calls,LRL,2025-10-25,5,USA,MCL,,5.5,F,,5 1/2F,D,7,9.0,8.0,,,2.0,3,620.0,520.0,0.0,0.0,250.0,75.0,50.0,300.0,0.0,0.0,150.0,275.0,118,11,29760,0,0,1,5.5,1106.424,5 1/2F,0,23015196|LRL|2025-10-25|5
X,23015196,No More Calls,LRL,2025-09-13,5,USA,MCL,,5.5,F,,5 1/2F,D,8,5.0,3.0,,,4.0,4,650.0,450.0,0.0,0.0,450.0,600.0,100.0,50.0,0.0,0.0,500.0,600.0,559,10,27100,0,0,1,5.5,1106.424,5 1/2F,0,23015196|LRL|2025-09-13|5
X,23015288,Code of Silence,LRL,2026-01-10,7,USA,AOC,,8.0,F,,1M,D,4,7.0,7.0,7.0,,4.0,3,670.0,770.0,480.0,0.0,450.0,650.0,0.0,0.0,0.0,0.0,100.0,125.0,24,7,55615,0,0,1,8.0,1609.344,1M,0,23015288|LRL|2026-01-10|7
X,23015288,Code of Silence,LRL,2025-12-06,6,USA,STK,,7.0,F,,7F,D,4,9.0,8.0,,,6.0,1,980.0,720.0,0.0,0.0,420.0,0.0,0.0,800.0,0.0,0.0,150.0,25.0,19,9,125000,0,0,1,7.0,1408.176,7F,0,23015288|LRL|2025-12-06|6
X,23015288,Code of Silence,LRL,2025-11-16,2,USA,MSW,,6.0,F,,6F,D,4,6.0,5.0,,,3.0,1,1020.0,850.0,0.0,0.0,360.0,0.0,0.0,50.0,0.0,0.0,50.0,275.0,17,6,45000,0,0,1,6.0,1207.008,6F,0,23015288|LRL|2025-11-16|2
X,23015288,Code of Silence,LRL,2025-10-11,9,USA,STK,,6.0,F,,6F,D,3,13.0,12.0,,,10.0,6,1590.0,1670.0,0.0,0.0,970.0,575.0,0.0,200.0,0.0,0.0,10.0,475.0,182,13,102040,0,0,1,6.0,1207.008,6F,0,23015288|LRL|2025-10-11|9
X,23015322,Twin Lakes,LRL,2025-12-05,5,USA,MSW,,8.0,F,,1M,D,1,3.0,5.0,3.0,,3.0,2,110.0,180.0,160.0,0.0,60.0,300.0,100.0,150.0,10.0,0.0,250.0,100.0,43,7,51730,0,0,1,8.0,1609.344,1M,0,23015322|LRL|2025-12-05|5
X,23015322,Twin Lakes,LRL,2025-10-17,2,USA,MSW,,7.0,F,,7F,D,6,6.0,6.0,,,5.0,5,510.0,530.0,0.0,0.0,660.0,1110.0,150.0,400.0,0.0,0.0,50.0,225.0,272,7,47500,0,0,1,7.0,1408.176,7F,0,23015322|LRL|2025-10-17|2
X,23015374,Grand Hall,LRL,2025-11-28,3,USA,MSW,,6.0,F,,6F,D,5,7.0,4.0,,,4.0,3,550.0,650.0,0.0,0.0,700.0,1100.0,0.0,10.0,0.0,0.0,50.0,25.0,65,7,45500,0,0,1,6.0,1207.008,6F,0,23015374|LRL|2025-11-28|3
X,23015509,Victory Music,OP,2025-12-14,9,USA,STK,,6.0,F,,6F,D,2,7.0,6.0,,,3.0,3,470.0,180.0,0.0,0.0,300.0,500.0,300.0,250.0,0.0,0.0,10.0,250.0,70,9,135000,0,0,1,6.0,1207.008,6F,0,23015509|OP|2025-12-14|9
X,23015509,Victory Music,CD,2025-11-09,8,USA,STR,,6.0,F,,6F,D,5,2.0,2.0,,,1.0,2,100.0,10.0,0.0,0.0,0.0,10.0,200.0,250.0,0.0,0.0,100.0,550.0,77,6,83000,0,0,1,6.0,1207.008,6F,0,23015509|CD|2025-11-09|8
X,23015509,Victory Music,GP,2025-08-09,8,USA,STK,,6.0,F,,6F,D,5,2.0,3.0,,,2.0,4,50.0,60.0,0.0,0.0,200.0,505.0,150.0,150.0,0.0,0.0,50.0,475.0,33,7,75000,0,0,1,6.0,1207.008,6F,0,23015509|GP|2025-08-09|8
X,23015742,Just Philtored,LRL,2025-12-06,8,USA,STK,,7.0,F,,7F,D,5,2.0,2.0,,,1.0,1,100.0,50.0,0.0,0.0,0.0,0.0,150.0,100.0,0.0,0.0,150.0,175.0,20,5,125000,0,0,1,7.0,1408.176,7F,0,23015742|LRL|2025-12-06|8
X,23015742,Just Philtored,LRL,2025-11-08,8,USA,STK,,6.0,F,,6F,D,1,3.0,2.0,,,2.0,3,160.0,150.0,0.0,0.0,250.0,425.0,350.0,200.0,0.0,0.0,10.0,575.0,10,5,100000,0,0,1,6.0,1207.008,6F,0,23015742|LRL|2025-11-08|8
X,23015742,Just Philtored,BAQ,2025-10-02,5,USA,STK,3,6.0,F,,6F,T,2,3.0,4.0,,,3.0,5,200.0,120.0,0.0,0.0,200.0,255.0,50.0,150.0,0.0,0.0,10.0,50.0,66,8,175000,0,1,1,6.0,1207.008,6F,0,23015742|BAQ|2025-10-02|5
X,23015815,Divot Digger,OP,2025-12-27,10,USA,SOC,,8.0,F,,1M,D,5,7.0,7.0,9.0,,10.0,10,430.0,520.0,1170.0,0.0,1560.0,1780.0,100.0,100.0,50.0,0.0,10.0,50.0,439,11,65000,0,0,1,8.0,1609.344,1M,0,23015815|OP|2025-12-27|10
X,23015815,Divot Digger,IND,2025-08-16,6,USA,MCL,,8.32,F,,1M 70Y,D,3,3.0,2.0,4.0,,4.0,1,210.0,100.0,300.0,0.0,260.0,0.0,200.0,50.0,10.0,0.0,500.0,200.0,28,6,20500,0,0,1,8.32,1673.71776,1M 70Y,1,23015815|IND|2025-08-16|6
X,23015815,Divot Digger,IND,2025-07-30,3,USA,MCL,,7.5,F,,7 1/2F,T,8,10.0,10.0,,,9.0,7,1060.0,1200.0,0.0,0.0,900.0,450.0,0.0,0.0,0.0,0.0,10.0,100.0,80,10,29000,0,0,1,7.5,1508.76,7 1/2F,0,23015815|IND|2025-07-30|3
X,23015826,Spring Training,LRL,2025-11-29,6,USA,MCL,,5.5,F,,5 1/2F,D,2,9.0,10.0,,,7.0,2,1360.0,1390.0,0.0,0.0,1160.0,1200.0,50.0,10.0,0.0,0.0,10.0,50.0,71,12,30260,0,0,1,5.5,1106.424,5 1/2F,0,23015826|LRL|2025-11-29|6
X,23015826,Spring Training,LRL,2025-11-09,5,USA,MCL,,6.0,F,,6F,D,3,7.0,6.0,,,4.0,2,860.0,960.0,0.0,0.0,660.0,775.0,0.0,10.0,0.0,0.0,200.0,5.0,109,7,27760,0,0,1,6.0,1207.008,6F,0,23015826|LRL|2025-11-09|5
,23015832,Expresso Bay,PEN,2025-11-26,5,USA,STK,,6.0,F,,6F,D,3,7.0,7.0,,,10.0,9,290.0,750.0,0.0,0.0,840.0,950.0,150.0,100.0,0.0,0.0,0.0,100.0,491,10,50000,0,0,0,6.0,1207.008,6F,0,23015832|PEN|2025-11-26|5
,23015832,Expresso Bay,PEN,2025-10-30,4,USA,ALW,,6.0,F,,6F,D,1,2.0,3.0,,,3.0,3,150.0,260.0,0.0,0.0,350.0,575.0,100.0,100.0,0.0,0.0,300.0,75.0,82,6,35000,0,0,0,6.0,1207.008,6F,0,23015832|PEN|2025-10-30|4
,23015832,Expresso Bay,PID,2025-10-13,6,USA,AOC,,6.0,F,,6F,D,2,3.0,3.0,,,5.0,5,160.0,160.0,0.0,0.0,360.0,1160.0,10.0,10.0,0.0,0.0,0.0,0.0,17,5,38000,0,0,0,6.0,1207.008,6F,0,23015832|PID|2025-10-13|6
X,23015852,G Q Worthy,LRL,2025-12-06,6,USA,STK,,7.0,F,,7F,D,1,8.0,7.0,,,5.0,2,830.0,620.0,0.0,0.0,320.0,25.0,150.0,100.0,0.0,0.0,100.0,50.0,265,9,125000,0,0,1,7.0,1408.176,7F,0,23015852|LRL|2025-12-06|6
X,23015852,G Q Worthy,LRL,2025-11-02,9,USA,AOC,,8.5,F,,1 1/16M,D,3,3.0,2.0,3.0,,5.0,5,350.0,250.0,550.0,0.0,960.0,2100.0,10.0,10.0,150.0,0.0,1500.0,625.0,63,7,50970,0,0,1,8.5,1709.928,1 1/16M,0,23015852|LRL|2025-11-02|9
,23015852,G Q Worthy,DEL,2025-10-11,9,USA,STK,,8.0,F,,1M,D,5,3.0,5.0,2.0,,2.0,2,100.0,170.0,10.0,0.0,300.0,450.0,10.0,100.0,10.0,0.0,300.0,250.0,302,7,100000,0,0,0,8.0,1609.344,1M,0,23015852|DEL|2025-10-11|9
X,23015894,J J Pacheco,LRL,2025-11-29,3,USA,MSW,,7.0,F,,7F,D,1,5.0,3.0,,,5.0,7,610.0,1100.0,0.0,0.0,950.0,1100.0,50.0,10.0,0.0,0.0,50.0,1775.0,327,9,48500,0,0,1,7.0,1408.176,7F,0,23015894|LRL|2025-11-29|3
X,23015894,J J Pacheco,LRL,2025-11-09,1,USA,MSW,,8.5,F,,1 1/16M,T,10,6.0,3.0,5.0,,7.0,9,410.0,200.0,270.0,0.0,820.0,840.0,100.0,10.0,50.0,0.0,10.0,350.0,161,11,51615,0,0,1,8.5,1709.928,1 1/16M,0,23015894|LRL|2025-11-09|1
X,23015894,J J Pacheco,LRL,2025-10-25,9,USA,MSW,,6.0,F,,6F,D,8,7.0,7.0,,,6.0,5,470.0,320.0,0.0,0.0,510.0,525.0,250.0,350.0,0.0,0.0,150.0,350.0,58,9,46500,0,0,1,6.0,1207.008,6F,0,23015894|LRL|2025-10-25|9
,23016039,Oscar Bound,FL,2025-11-10,4,USA,STK,,6.0,F,,6F,D,3,2.0,3.0,,,5.0,4,250.0,700.0,0.0,0.0,1500.0,2300.0,100.0,100.0,0.0,0.0,0.0,0.0,32,5,45000,0,0,0,6.0,1207.008,6F,0,23016039|FL|2025-11-10|4
X,23016039,Oscar Bound,BAQ,2025-10-02,1,USA,MCL,,6.0,F,,6F,D,5,1.0,1.0,,,1.0,1,0.0,0.0,0.0,0.0,0.0,0.0,150.0,500.0,0.0,0.0,1200.0,1100.0,8,5,43000,0,0,1,6.0,1207.008,6F,0,23016039|BAQ|2025-10-02|1
X,23016039,Oscar Bound,BAQ,2025-09-11,1,USA,MSW,,8.5,F,,1 1/16M,T,4,2.0,2.0,2.0,,3.0,6,50.0,50.0,50.0,0.0,160.0,650.0,150.0,100.0,150.0,0.0,50.0,400.0,74,7,85000,0,0,1,8.5,1709.928,1 1/16M,0,23016039|BAQ|2025-09-11|1
X,23016206,Sassy Senorita,LRL,2025-10-03,5,USA,MCL,,6.0,F,,6F,D,11,9.0,9.0,,,10.0,9,1260.0,1010.0,0.0,0.0,1560.0,1530.0,100.0,10.0,0.0,0.0,200.0,150.0,457,11,29400,0,0,1,6.0,1207.008,6F,0,23016206|LRL|2025-10-03|5
X,23016365,Dancing Denae,LRL,2025-12-13,5,USA,CLM,,8.0,F,,1M,D,2,7.0,7.0,7.0,,5.0,5,1260.0,910.0,280.0,0.0,800.0,1225.0,0.0,0.0,0.0,0.0,250.0,925.0,84,7,45300,0,0,1,8.0,1609.344,1M,0,23016365|LRL|2025-12-13|5
X,23016365,Dancing Denae,LRL,2025-11-21,4,USA,AOC,,6.0,F,,6F,D,4,5.0,7.0,,,6.0,6,310.0,600.0,0.0,0.0,910.0,1005.0,100.0,0.0,0.0,0.0,50.0,425.0,578,7,53910,0,0,1,6.0,1207.008,6F,0,23016365|LRL|2025-11-21|4
X,23016365,Dancing Denae,LRL,2025-11-02,9,USA,AOC,,8.5,F,,1 1/16M,D,1,7.0,7.0,5.0,,4.0,2,1460.0,1170.0,1250.0,0.0,660.0,250.0,0.0,0.0,800.0,0.0,300.0,275.0,606,7,50970,0,0,1,8.5,1709.928,1 1/16M,0,23016365|LRL|2025-11-02|9
X,23016365,Dancing Denae,LRL,2025-10-10,2,USA,CLM,,6.0,F,,6F,D,3,4.0,4.0,,,4.0,3,310.0,400.0,0.0,0.0,500.0,750.0,0.0,0.0,0.0,0.0,0.0,275.0,45,4,30000,0,0,1,6.0,1207.008,6F,0,23016365|LRL|2025-10-10|2
X,23016445,Tactics,LRL,2025-11-23,9,USA,MCL,,8.5,F,,1 1/16M,D,4,8.0,8.0,6.0,,5.0,1,850.0,920.0,1060.0,0.0,420.0,0.0,250.0,500.0,250.0,0.0,300.0,25.0,12,9,32400,0,0,1,8.5,1709.928,1 1/16M,0,23016445|LRL|2025-11-23|9
X,23016445,Tactics,BAQ,2025-09-28,4,USA,MOC,,6.0,F,,6F,T,10,8.0,8.0,,,10.0,10,710.0,800.0,0.0,0.0,710.0,935.0,150.0,10.0,0.0,0.0,0.0,0.0,109,10,70000,0,0,1,6.0,1207.008,6F,0,23016445|BAQ|2025-09-28|4
X,23016445,Tactics,SAR,2025-08-08,6,USA,MSW,,6.0,F,,6F,D,8,7.0,5.0,,,5.0,5,850.0,800.0,0.0,0.0,600.0,600.0,1100.0,350.0,0.0,0.0,150.0,575.0,26,8,80000,0,0,1,6.0,1207.008,6F,0,23016445|SAR|2025-08-08|6
X,23016487,She's a Good Girl,LRL,2025-11-22,3,USA,MCL,,6.0,F,,6F,D,7,4.0,2.0,,,2.0,3,310.0,400.0,0.0,0.0,400.0,525.0,100.0,100.0,0.0,0.0,150.0,5.0,81,9,32400,0,0,1,6.0,1207.008,6F,0,23016487|LRL|2025-11-22|3
X,23016487,She's a Good Girl,LRL,2025-10-31,5,USA,MSW,,6.0,F,,6F,D,7,5.0,5.0,,,5.0,4,650.0,710.0,0.0,0.0,700.0,1050.0,100.0,100.0,0.0,0.0,150.0,50.0,330,9,50615,0,0,1,6.0,1207.008,6F,0,23016487|LRL|2025-10-31|5
X,23016656,Let Her Pass By,LRL,2025-11-01,5,USA,MCL,,5.5,F,,5 1/2F,T,2,2.0,2.0,,,1.0,3,150.0,10.0,0.0,0.0,0.0,275.0,10.0,10.0,0.0,0.0,50.0,325.0,22,9,31950,0,0,1,5.5,1106.424,5 1/2F,0,23016656|LRL|2025-11-01|5
X,23016656,Let Her Pass By,LRL,2025-10-10,1,USA,MSW,,5.5,F,,5 1/2F,T,4,7.0,7.0,,,4.0,3,460.0,370.0,0.0,0.0,460.0,400.0,150.0,250.0,0.0,0.0,10.0,175.0,119,10,51115,0,0,1,5.5,1106.424,5 1/2F,0,23016656|LRL|2025-10-10|1
X,23016656,Let Her Pass By,CNL,2025-09-12,8,USA,MOC,,5.5,F,,5 1/2F,T,1,1.0,1.0,,,1.0,3,0.0,0.0,0.0,0.0,0.0,300.0,10.0,10.0,0.0,0.0,10.0,200.0,36,9,55000,0,0,1,5.5,1106.424,5 1/2F,0,23016656|CNL|2025-09-12|8
X,23016735,Runaway Rooster,LRL,2026-01-10,4,USA,MCL,,8.5,F,,1 1/16M,D,5,4.0,3.0,6.0,,6.0,6,70.0,300.0,950.0,0.0,1400.0,3200.0,200.0,10.0,0.0,0.0,0.0,0.0,32,6,24700,0,0,1,8.5,1709.928,1 1/16M,0,23016735|LRL|2026-01-10|4
X,23016735,Runaway Rooster,LRL,2025-12-19,6,USA,MCL,,8.5,F,,1 1/16M,D,8,7.0,7.0,6.0,,4.0,5,660.0,620.0,430.0,0.0,550.0,555.0,10.0,50.0,700.0,0.0,100.0,425.0,204,8,25740,0,0,1,8.5,1709.928,1 1/16M,0,23016735|LRL|2025-12-19|6
X,23016735,Runaway Rooster,LRL,2025-11-28,1,USA,MCL,,8.0,F,,1M,D,12,3.0,3.0,3.0,,5.0,5,60.0,60.0,110.0,0.0,230.0,425.0,200.0,150.0,50.0,0.0,100.0,10.0,211,12,29180,0,0,1,8.0,1609.344,1M,0,23016735|LRL|2025-11-28|1
X,23016735,Runaway Rooster,LRL,2025-11-14,10,USA,MCL,,6.0,F,,6F,D,3,2.0,3.0,,,3.0,5,50.0,900.0,0.0,0.0,1400.0,1975.0,300.0,150.0,0.0,0.0,150.0,150.0,301,9,28400,0,0,1,6.0,1207.008,6F,0,23016735|LRL|2025-11-14|10
X,23016735,Runaway Rooster,LRL,2025-10-04,6,USA,MCL,,6.0,F,,6F,D,4,6.0,7.0,,,8.0,8,560.0,860.0,0.0,0.0,1600.0,1805.0,200.0,50.0,0.0,0.0,200.0,50.0,341,10,28180,0,0,1,6.0,1207.008,6F,0,23016735|LRL|2025-10-04|6
X,23016859,Kiss Me Mo,LRL,2025-11-21,6,USA,MSW,,6.0,F,,6F,D,4,3.0,4.0,,,4.0,3,350.0,500.0,0.0,0.0,650.0,1075.0,150.0,250.0,0.0,0.0,300.0,10.0,93,8,49410,0,0,1,6.0,1207.008,6F,0,23016859|LRL|2025-11-21|6
X,23016859,Kiss Me Mo,LRL,2025-10-31,5,USA,MSW,,6.0,F,,6F,D,9,6.0,6.0,,,7.0,8,750.0,810.0,0.0,0.0,950.0,1550.0,10.0,100.0,0.0,0.0,10.0,3150.0,23,9,50615,0,0,1,6.0,1207.008,6F,0,23016859|LRL|2025-10-31|5
X,23016859,Kiss Me Mo,LRL,2025-10-10,6,USA,MSW,,7.0,F,,7F,D,1,2.0,4.0,,,2.0,2,100.0,170.0,0.0,0.0,500.0,925.0,10.0,10.0,0.0,0.0,250.0,100.0,70,12,50705,0,0,1,7.0,1408.176,7F,0,23016859|LRL|2025-10-10|6
X,23016910,Shoulda Known,LRL,2025-12-07,8,USA,MCL,,8.5,F,,1 1/16M,D,3,5.0,6.0,6.0,,7.0,7,260.0,610.0,1460.0,0.0,1910.0,5625.0,300.0,200.0,150.0,0.0,0.0,0.0,118,7,42115,0,0,1,8.5,1709.928,1 1/16M,0,23016910|LRL|2025-12-07|8
,23016910,Shoulda Known,PEN,2025-11-12,3,USA,MCL,,5.5,F,,5 1/2F,D,8,8.0,8.0,,,6.0,5,1160.0,1110.0,0.0,0.0,670.0,250.0,150.0,200.0,0.0,0.0,100.0,250.0,811,10,21000,0,0,0,5.5,1106.424,5 1/2F,0,23016910|PEN|2025-11-12|3
X,23017137,El Papacito,LRL,2025-11-30,5,USA,MCL,,5.5,F,,5 1/2F,D,6,1.0,1.0,,,3.0,6,0.0,0.0,0.0,0.0,400.0,1610.0,100.0,100.0,0.0,0.0,400.0,200.0,59,7,27400,0,0,1,5.5,1106.424,5 1/2F,0,23017137|LRL|2025-11-30|5
X,23017137,El Papacito,LRL,2025-10-25,5,USA,MCL,,5.5,F,,5 1/2F,D,2,2.0,2.0,,,9.0,10,10.0,100.0,0.0,0.0,1570.0,1485.0,200.0,100.0,0.0,0.0,100.0,75.0,71,11,29760,0,0,1,5.5,1106.424,5 1/2F,0,23017137|LRL|2025-10-25|5
X,23017137,El Papacito,LRL,2025-09-28,2,USA,MCL,,8.0,F,,1M,D,2,1.0,1.0,3.0,,7.0,7,0.0,0.0,650.0,0.0,2500.0,5125.0,150.0,150.0,10.0,0.0,0.0,0.0,173,7,47035,0,0,1,8.0,1609.344,1M,0,23017137|LRL|2025-09-28|2
,23017176,Elusive Sionna,DEL,2025-09-25,5,USA,MCL,,8.0,F,,1M,D,2,3.0,3.0,1.0,,1.0,1,110.0,110.0,0.0,0.0,0.0,0.0,100.0,300.0,400.0,0.0,400.0,150.0,7,5,18000,0,0,0,8.0,1609.344,1M,0,23017176|DEL|2025-09-25|5
X,23017181,Rio Del Valle,LRL,2026-01-09,6,USA,MCL,,6.0,F,,6F,D,11,8.0,6.0,,,8.0,6,1020.0,520.0,0.0,0.0,880.0,355.0,350.0,150.0,0.0,0.0,50.0,300.0,293,11,24890,0,0,1,6.0,1207.008,6F,0,23017181|LRL|2026-01-09|6
X,23017237,Virginia Gentry,LRL,2025-12-05,5,USA,MSW,,8.0,F,,1M,D,7,7.0,6.0,5.0,,5.0,5,820.0,330.0,180.0,0.0,320.0,710.0,0.0,10.0,100.0,0.0,500.0,1000.0,66,7,51730,0,0,1,8.0,1609.344,1M,0,23017237|LRL|2025-12-05|5
X,23017289,Close the Gate,LRL,2026-01-10,5,USA,MCL,,7.0,F,,7F,D,9,5.0,2.0,,,1.0,1,250.0,100.0,0.0,0.0,0.0,0.0,200.0,50.0,0.0,0.0,350.0,975.0,54,10,44230,0,0,1,7.0,1408.176,7F,0,23017289|LRL|2026-01-10|5
X,23017289,Close the Gate,LRL,2025-12-19,1,USA,MCL,,5.5,F,,5 1/2F,D,4,7.0,7.0,,,7.0,2,1430.0,1570.0,0.0,0.0,1060.0,650.0,0.0,0.0,0.0,0.0,0.0,75.0,135,7,30950,0,0,1,5.5,1106.424,5 1/2F,0,23017289|LRL|2025-12-19|1
,23017313,Springhawk,MVR,2025-12-10,4,USA,ALW,,6.0,F,,6F,D,1,3.0,3.0,,,2.0,2,450.0,750.0,0.0,0.0,500.0,475.0,900.0,1000.0,0.0,0.0,350.0,425.0,4,4,25900,0,0,0,6.0,1207.008,6F,0,23017313|MVR|2025-12-10|4
X,23017313,Springhawk,LRL,2025-11-08,9,USA,STK,,6.0,F,,6F,D,10,4.0,4.0,,,5.0,10,210.0,300.0,0.0,0.0,610.0,1885.0,50.0,100.0,0.0,0.0,100.0,0.0,240,10,100000,0,0,1,6.0,1207.008,6F,0,23017313|LRL|2025-11-08|9
X,23017313,Springhawk,KEE,2025-10-15,5,USA,MCL,,6.0,F,,6F,D,11,2.0,1.0,,,1.0,1,50.0,0.0,0.0,0.0,0.0,0.0,200.0,100.0,0.0,0.0,400.0,475.0,77,12,53000,0,0,1,6.0,1207.008,6F,0,23017313|KEE|2025-10-15|5
X,23017670,Boss Mode,LRL,2025-12-14,2,USA,AOC,,8.5,F,,1 1/16M,D,3,3.0,4.0,4.0,,4.0,4,700.0,750.0,710.0,0.0,1050.0,2000.0,100.0,0.0,0.0,0.0,0.0,0.0,113,4,49000,0,0,1,8.5,1709.928,1 1/16M,0,23017670|LRL|2025-12-14|2
X,23017670,Boss Mode,LRL,2025-12-05,1,USA,CLM,,7.0,F,,7F,D,1,8.0,7.0,,,4.0,2,1510.0,1060.0,0.0,0.0,550.0,75.0,0.0,800.0,0.0,0.0,50.0,250.0,19,8,28260,0,0,1,7.0,1408.176,7F,0,23017670|LRL|2025-12-05|1
X,23017670,Boss Mode,LRL,2025-10-03,2,USA,MCL,,8.0,F,,1M,D,6,1.0,1.0,1.0,,1.0,1,0.0,0.0,0.0,0.0,0.0,0.0,50.0,200.0,300.0,0.0,400.0,225.0,16,6,27260,0,0,1,8.0,1609.344,1M,0,23017670|LRL|2025-10-03|2
X,23017670,Boss Mode,CNL,2025-08-02,1,USA,MOC,,8.0,F,,1M,T,5,10.0,10.0,10.0,,10.0,9,1010.0,820.0,890.0,0.0,1370.0,2000.0,100.0,300.0,500.0,0.0,350.0,5.0,56,12,55000,0,0,1,8.0,1609.344,1M,0,23017670|CNL|2025-08-02|1
X,23017715,Lino's Fire,LRL,2025-11-23,9,USA,MCL,,8.5,F,,1 1/16M,D,9,5.0,5.0,5.0,,4.0,3,400.0,570.0,960.0,0.0,370.0,100.0,100.0,150.0,100.0,0.0,50.0,175.0,134,9,32400,0,0,1,8.5,1709.928,1 1/16M,0,23017715|LRL|2025-11-23|9
X,23017715,Lino's Fire,LRL,2025-10-17,2,USA,MSW,,7.0,F,,7F,D,2,5.0,5.0,,,6.0,6,360.0,520.0,0.0,0.0,710.0,1335.0,150.0,10.0,0.0,0.0,700.0,900.0,255,7,47500,0,0,1,7.0,1408.176,7F,0,23017715|LRL|2025-10-17|2
X,23017715,Lino's Fire,LRL,2025-10-04,6,USA,MCL,,6.0,F,,6F,D,6,9.0,6.0,,,5.0,2,920.0,710.0,0.0,0.0,550.0,5.0,1200.0,150.0,0.0,0.0,700.0,25.0,179,10,28180,0,0,1,6.0,1207.008,6F,0,23017715|LRL|2025-10-04|6
X,23017809,Biker Baley,LRL,2025-11-14,10,USA,MCL,,6.0,F,,6F,D,4,1.0,1.0,,,1.0,1,0.0,0.0,0.0,0.0,0.0,0.0,50.0,500.0,0.0,0.0,1000.0,1525.0,16,9,28400,0,0,1,6.0,1207.008,6F,0,23017809|LRL|2025-11-14|10
X,23017895,Poney Island,LRL,2025-11-29,6,USA,MCL,,5.5,F,,5 1/2F,D,11,3.0,4.0,,,3.0,5,700.0,620.0,0.0,0.0,650.0,1270.0,50.0,200.0,0.0,0.0,10.0,75.0,334,12,30260,0,0,1,5.5,1106.424,5 1/2F,0,23017895|LRL|2025-11-29|6
X,23017895,Poney Island,LRL,2025-11-02,7,USA,MCL,,6.0,F,,6F,D,1,1.0,4.0,,,8.0,8,0.0,260.0,0.0,0.0,1000.0,2950.0,50.0,150.0,0.0,0.0,0.0,0.0,202,8,33700,0,0,1,6.0,1207.008,6F,0,23017895|LRL|2025-11-02|7
X,23017975,God I Need a Favor,LRL,2025-12-07,7,USA,AOC,,8.5,F,,1 1/16M,D,4,3.0,4.0,3.0,,3.0,3,400.0,300.0,210.0,0.0,550.0,1550.0,50.0,100.0,100.0,0.0,200.0,300.0,72,6,49735,0,0,1,8.5,1709.928,1 1/16M,0,23017975|LRL|2025-12-07|7
X,23017975,God I Need a Favor,LRL,2025-11-23,2,USA,CLM,,6.0,F,,6F,D,1,5.0,5.0,,,4.0,2,260.0,170.0,0.0,0.0,260.0,10.0,150.0,100.0,0.0,0.0,100.0,325.0,72,6,34050,0,0,1,6.0,1207.008,6F,0,23017975|LRL|2025-11-23|2
X,23017975,God I Need a Favor,LRL,2025-10-31,3,USA,MCL,,8.0,F,,1M,D,6,5.0,4.0,1.0,,1.0,1,260.0,260.0,0.0,0.0,0.0,0.0,200.0,100.0,50.0,0.0,350.0,75.0,74,8,33700,0,0,1,8.0,1609.344,1M,0,23017975|LRL|2025-10-31|3
X,23017976,Tug,LRL,2026-01-10,4,USA,MCL,,8.5,F,,1 1/16M,D,1,2.0,5.0,5.0,,5.0,5,10.0,410.0,850.0,0.0,1050.0,2025.0,10.0,450.0,100.0,0.0,350.0,1175.0,145,6,24700,0,0,1,8.5,1709.928,1 1/16M,0,23017976|LRL|2026-01-10|4
X,23017976,Tug,LRL,2025-12-19,6,USA,MCL,,8.5,F,,1 1/16M,D,3,2.0,4.0,8.0,,8.0,8,300.0,410.0,1280.0,0.0,1510.0,2630.0,50.0,100.0,0.0,0.0,0.0,0.0,74,8,25740,0,0,1,8.5,1709.928,1 1/16M,0,23017976|LRL|2025-12-19|6
X,23017976,Tug,LRL,2025-11-28,1,USA,MCL,,8.0,F,,1M,D,1,1.0,1.0,2.0,,2.0,3,0.0,0.0,10.0,0.0,10.0,0.0,10.0,50.0,100.0,0.0,10.0,25.0,183,12,29180,0,0,1,8.0,1609.344,1M,0,23017976|LRL|2025-11-28|1
X,23017976,Tug,LRL,2025-11-08,2,USA,MCL,,8.5,F,,1 1/16M,D,2,7.0,6.0,6.0,,5.0,4,1620.0,1610.0,1700.0,0.0,1310.0,1650.0,0.0,50.0,1500.0,0.0,250.0,500.0,78,7,27760,0,0,1,8.5,1709.928,1 1/16M,0,23017976|LRL|2025-11-08|2
,23017976,Tug,DEL,2025-10-11,1,USA,MCL,,6.0,F,,6F,D,8,7.0,5.0,,,5.0,3,270.0,270.0,0.0,0.0,470.0,775.0,50.0,10.0,0.0,0.0,200.0,500.0,63,8,18000,0,0,0,6.0,1207.008,6F,0,23017976|DEL|2025-10-11|1
X,23018283,Triathelon,LRL,2025-12-19,6,USA,MCL,,8.5,F,,1 1/16M,D,1,6.0,8.0,4.0,,6.0,6,610.0,670.0,410.0,0.0,660.0,980.0,50.0,0.0,10.0,0.0,800.0,1000.0,28,8,25740,0,0,1,8.5,1709.928,1 1/16M,0,23018283|LRL|2025-12-19|6
X,23018283,Triathelon,LRL,2025-11-28,1,USA,MCL,,8.0,F,,1M,D,11,11.0,7.0,6.0,,3.0,2,880.0,410.0,180.0,0.0,20.0,125.0,800.0,400.0,300.0,0.0,200.0,275.0,34,12,29180,0,0,1,8.0,1609.344,1M,0,23018283|LRL|2025-11-28|1
X,23018283,Triathelon,LRL,2025-11-09,1,USA,MSW,,8.5,F,,1 1/16M,T,8,9.0,9.0,9.0,,8.0,8,760.0,570.0,530.0,0.0,830.0,765.0,200.0,10.0,200.0,0.0,10.0,75.0,791,11,51615,0,0,1,8.5,1709.928,1 1/16M,0,23018283|LRL|2025-11-09|1
X,23018283,Triathelon,LRL,2025-10-18,1,USA,MSW,,8.0,F,,1M,T,2,8.0,8.0,8.0,,10.0,9,770.0,760.0,810.0,0.0,1460.0,1510.0,200.0,100.0,200.0,0.0,0.0,25.0,184,10,53935,0,0,1,8.0,1609.344,1M,0,23018283|LRL|2025-10-18|1
X,23018806,Bonsai Warrior,LRL,2025-11-21,4,USA,AOC,,6.0,F,,6F,D,6,3.0,3.0,,,2.0,3,210.0,150.0,0.0,0.0,250.0,325.0,50.0,150.0,0.0,0.0,150.0,75.0,124,7,53910,0,0,1,6.0,1207.008,6F,0,23018806|LRL|2025-11-21|4
X,23018806,Bonsai Warrior,LRL,2025-10-26,6,USA,AOC,,5.5,F,,5 1/2F,D,6,3.0,3.0,,,5.0,7,400.0,400.0,0.0,0.0,1000.0,1535.0,50.0,50.0,0.0,0.0,150.0,0.0,47,7,50235,0,0,1,5.5,1106.424,5 1/2F,0,23018806|LRL|2025-10-26|6
X,23018806,Bonsai Warrior,MTH,2025-07-13,4,USA,MSW,,5.0,F,,5F,D,4,4.0,3.0,,,3.0,1,160.0,210.0,0.0,0.0,110.0,0.0,500.0,50.0,0.0,0.0,300.0,5.0,60,7,52500,0,0,1,5.0,1005.84,5F,0,23018806|MTH|2025-07-13|4
X,23019191,Palacios,LRL,2025-12-13,5,USA,CLM,,8.0,F,,1M,D,4,6.0,6.0,6.0,,4.0,3,860.0,510.0,270.0,0.0,650.0,700.0,400.0,400.0,10.0,0.0,150.0,450.0,55,7,45300,0,0,1,8.0,1609.344,1M,0,23019191|LRL|2025-12-13|5
X,23019191,Palacios,LRL,2025-11-28,9,USA,MCL,,6.0,F,,6F,D,1,6.0,3.0,,,2.0,1,570.0,210.0,0.0,0.0,10.0,0.0,700.0,300.0,0.0,0.0,150.0,250.0,25,7,31850,0,0,1,6.0,1207.008,6F,0,23019191|LRL|2025-11-28|9
X,23019191,Palacios,LRL,2025-11-07,10,USA,MCL,,5.5,F,,5 1/2F,T,2,11.0,9.0,,,8.0,8,1270.0,1530.0,0.0,0.0,980.0,850.0,700.0,10.0,0.0,0.0,450.0,400.0,13,12,37050,0,0,1,5.5,1106.424,5 1/2F,0,23019191|LRL|2025-11-07|10
X,23019191,Palacios,LRL,2025-10-19,6,USA,MCL,,6.0,F,,6F,D,6,2.0,2.0,,,2.0,3,100.0,50.0,0.0,0.0,150.0,450.0,150.0,250.0,0.0,0.0,250.0,200.0,34,8,34600,0,0,1,6.0,1207.008,6F,0,23019191|LRL|2025-10-19|6
X,23019680,Matthew's Ticket,LRL,2025-12-20,3,USA,MSW,,7.0,F,,7F,D,4,4.0,5.0,,,3.0,3,800.0,660.0,0.0,0.0,250.0,575.0,100.0,400.0,0.0,0.0,150.0,75.0,71,7,47500,0,0,1,7.0,1408.176,7F,0,23019680|LRL|2025-12-20|3
X,23019724,Swift Attraction,WO,2025-12-05,1,CAN,MOC,,5.0,F,,5F,D,2,1.0,1.0,,,1.0,1,0.0,0.0,0.0,0.0,0.0,0.0,50.0,50.0,0.0,0.0,150.0,50.0,32,6,35250,0,0,1,5.0,1005.84,5F,0,23019724|WO|2025-12-05|1
X,23019724,Swift Attraction,WO,2025-10-13,3,CAN,MOC,,5.5,F,,5 1/2F,D,6,4.0,2.0,,,4.0,6,160.0,100.0,0.0,0.0,500.0,1060.0,300.0,10.0,0.0,0.0,10.0,0.0,85,6,46949,0,0,1,5.5,1106.424,5 1/2F,0,23019724|WO|2025-10-13|3
X,23019724,Swift Attraction,WO,2025-09-21,5,CAN,MOC,,5.0,F,,5F,D,4,2.0,2.0,,,3.0,5,50.0,50.0,0.0,0.0,150.0,635.0,200.0,150.0,0.0,0.0,350.0,300.0,47,6,47647,0,0,1,5.0,1005.84,5F,0,23019724|WO|2025-09-21|5
,F0046453,Southern Horse (ARG),CT,2025-12-03,8,USA,SOC,,6.5,F,,6 1/2F,D,2,7.0,7.0,,,7.0,7,1200.0,1300.0,0.0,0.0,1060.0,2150.0,0.0,0.0,0.0,0.0,0.0,0.0,165,7,22700,0,0,0,6.5,1307.592,6 1/2F,0,F0046453|CT|2025-12-03|8
X,F0046453,Southern Horse (ARG),LRL,2025-11-16,10,USA,CLM,,8.0,F,,1M,D,6,6.0,6.0,5.0,,6.0,6,1100.0,600.0,610.0,0.0,1160.0,1650.0,100.0,700.0,50.0,0.0,200.0,200.0,66,8,21030,0,0,1,8.0,1609.344,1M,0,F0046453|LRL|2025-11-16|10
X,F0046453,Southern Horse (ARG),LRL,2025-11-09,6,USA,SOC,,8.0,F,,1M,T,9,10.0,9.0,8.0,,5.0,5,920.0,950.0,670.0,0.0,230.0,575.0,50.0,10.0,50.0,0.0,150.0,125.0,634,12,32000,0,0,1,8.0,1609.344,1M,0,F0046453|LRL|2025-11-09|6
X,F0047121,Masen (GB),LRL,2025-11-22,2,USA,SOC,,8.0,F,,1M,T,6,1.0,1.0,1.0,,1.0,6,0.0,0.0,0.0,0.0,0.0,275.0,150.0,200.0,100.0,0.0,50.0,350.0,58,11,26520,0,0,1,8.0,1609.344,1M,0,F0047121|LRL|2025-11-22|2
X,F0047121,Masen (GB),LRL,2025-10-25,12,USA,SOC,,5.5,F,,5 1/2F,T,4,2.0,3.0,,,10.0,10,100.0,100.0,0.0,0.0,780.0,1795.0,50.0,10.0,0.0,0.0,0.0,0.0,385,10,40110,0,0,1,5.5,1106.424,5 1/2F,0,F0047121|LRL|2025-10-25|12
,F0047121,Masen (GB),DEL,2025-10-08,5,USA,SOC,,6.0,F,,6F,D,1,1.0,2.0,,,5.0,7,0.0,100.0,0.0,0.0,210.0,1125.0,50.0,10.0,0.0,0.0,10.0,0.0,292,7,32000,0,0,0,6.0,1207.008,6F,0,F0047121|DEL|2025-10-08|5
X,F0047810,Borletti (IRE),LRL,2025-11-21,5,USA,SOC,,5.5,F,,5 1/2F,T,8,9.0,9.0,,,7.0,6,1110.0,870.0,0.0,0.0,570.0,655.0,100.0,150.0,0.0,0.0,10.0,25.0,435,12,27380,0,0,1,5.5,1106.424,5 1/2F,0,F0047810|LRL|2025-11-21|5
X,F0047810,Borletti (IRE),LRL,2025-11-01,8,USA,SOC,,5.5,F,,5 1/2F,T,4,7.0,7.0,,,8.0,8,560.0,750.0,0.0,0.0,780.0,495.0,50.0,10.0,0.0,0.0,10.0,50.0,392,11,26520,0,0,1,5.5,1106.424,5 1/2F,0,F0047810|LRL|2025-11-01|8
X,F0047810,Borletti (IRE),LRL,2025-10-12,3,USA,SOC,,5.5,F,,5 1/2F,T,6,8.0,6.0,,,6.0,5,450.0,460.0,0.0,0.0,330.0,315.0,100.0,50.0,0.0,0.0,10.0,150.0,191,10,26380,0,0,1,5.5,1106.424,5 1/2F,0,F0047810|LRL|2025-10-12|3
